time,weather_temp,weather_rhum
2026-03-28 11:25:00+00:00,25.40833333333333,91.08333333333333
2026-03-28 11:30:00+00:00,25.35,91.5
2026-03-28 11:35:00+00:00,25.291666666666668,91.91666666666667
2026-03-28 11:40:00+00:00,25.233333333333334,92.33333333333333
2026-03-28 11:45:00+00:00,25.175,92.75
2026-03-28 11:50:00+00:00,25.116666666666667,93.16666666666667
2026-03-28 11:55:00+00:00,25.058333333333334,93.58333333333333
2026-03-28 12:00:00+00:00,25.0,94.0
2026-03-28 12:05:00+00:00,24.983333333333334,94.08333333333333
2026-03-28 12:10:00+00:00,24.96666666666667,94.16666666666667
2026-03-28 12:15:00+00:00,24.95,94.25
2026-03-28 12:20:00+00:00,24.933333333333334,94.33333333333333
2026-03-28 12:25:00+00:00,24.916666666666668,94.41666666666667
2026-03-28 12:30:00+00:00,24.9,94.5
2026-03-28 12:35:00+00:00,24.883333333333333,94.58333333333333
2026-03-28 12:40:00+00:00,24.866666666666667,94.66666666666667
2026-03-28 12:45:00+00:00,24.85,94.75
2026-03-28 12:50:00+00:00,24.833333333333336,94.83333333333333
2026-03-28 12:55:00+00:00,24.816666666666666,94.91666666666667
2026-03-28 13:00:00+00:00,24.8,95.0
2026-03-28 13:05:00+00:00,24.783333333333335,95.08333333333333
2026-03-28 13:10:00+00:00,24.766666666666666,95.16666666666667
2026-03-28 13:15:00+00:00,24.75,95.25
2026-03-28 13:20:00+00:00,24.733333333333334,95.33333333333333
2026-03-28 13:25:00+00:00,24.71666666666667,95.41666666666667
2026-03-28 13:30:00+00:00,24.700000000000003,95.5
2026-03-28 13:35:00+00:00,24.683333333333334,95.58333333333333
2026-03-28 13:40:00+00:00,24.666666666666668,95.66666666666667
2026-03-28 13:45:00+00:00,24.650000000000002,95.75
2026-03-28 13:50:00+00:00,24.633333333333333,95.83333333333333
2026-03-28 13:55:00+00:00,24.616666666666667,95.91666666666667
2026-03-28 14:00:00+00:00,24.6,96.0
2026-03-28 14:05:00+00:00,24.575000000000003,96.16666666666667
2026-03-28 14:10:00+00:00,24.55,96.33333333333333
2026-03-28 14:15:00+00:00,24.525000000000002,96.5
2026-03-28 14:20:00+00:00,24.5,96.66666666666667
2026-03-28 14:25:00+00:00,24.475,96.83333333333333
2026-03-28 14:30:00+00:00,24.450000000000003,97.0
2026-03-28 14:35:00+00:00,24.425,97.16666666666667
2026-03-28 14:40:00+00:00,24.400000000000002,97.33333333333333
2026-03-28 14:45:00+00:00,24.375,97.5
2026-03-28 14:50:00+00:00,24.35,97.66666666666667
2026-03-28 14:55:00+00:00,24.325,97.83333333333333
2026-03-28 15:00:00+00:00,24.3,98.0
2026-03-28 15:05:00+00:00,24.291666666666668,98.0
2026-03-28 15:10:00+00:00,24.283333333333335,98.0
2026-03-28 15:15:00+00:00,24.275,98.0
2026-03-28 15:20:00+00:00,24.266666666666666,98.0
2026-03-28 15:25:00+00:00,24.258333333333333,98.0
2026-03-28 15:30:00+00:00,24.25,98.0
2026-03-28 15:35:00+00:00,24.241666666666667,98.0
2026-03-28 15:40:00+00:00,24.233333333333334,98.0
2026-03-28 15:45:00+00:00,24.225,98.0
2026-03-28 15:50:00+00:00,24.216666666666665,98.0
2026-03-28 15:55:00+00:00,24.208333333333332,98.0
2026-03-28 16:00:00+00:00,24.2,98.0
2026-03-28 16:05:00+00:00,24.183333333333334,98.08333333333333
2026-03-28 16:10:00+00:00,24.166666666666664,98.16666666666667
2026-03-28 16:15:00+00:00,24.15,98.25
2026-03-28 16:20:00+00:00,24.133333333333333,98.33333333333333
2026-03-28 16:25:00+00:00,24.116666666666667,98.41666666666667
2026-03-28 16:30:00+00:00,24.1,98.5
2026-03-28 16:35:00+00:00,24.083333333333332,98.58333333333333
2026-03-28 16:40:00+00:00,24.066666666666666,98.66666666666667
2026-03-28 16:45:00+00:00,24.05,98.75
2026-03-28 16:50:00+00:00,24.03333333333333,98.83333333333333
2026-03-28 16:55:00+00:00,24.016666666666666,98.91666666666667
2026-03-28 17:00:00+00:00,24.0,99.0
2026-03-28 17:05:00+00:00,23.983333333333334,99.0
2026-03-28 17:10:00+00:00,23.96666666666667,99.0
2026-03-28 17:15:00+00:00,23.95,99.0
2026-03-28 17:20:00+00:00,23.933333333333334,99.0
2026-03-28 17:25:00+00:00,23.916666666666668,99.0
2026-03-28 17:30:00+00:00,23.9,99.0
2026-03-28 17:35:00+00:00,23.883333333333333,99.0
2026-03-28 17:40:00+00:00,23.866666666666667,99.0
2026-03-28 17:45:00+00:00,23.85,99.0
2026-03-28 17:50:00+00:00,23.833333333333336,99.0
2026-03-28 17:55:00+00:00,23.816666666666666,99.0
2026-03-28 18:00:00+00:00,23.8,99.0
2026-03-28 18:05:00+00:00,23.791666666666668,99.08333333333333
2026-03-28 18:10:00+00:00,23.783333333333335,99.16666666666667
2026-03-28 18:15:00+00:00,23.775,99.25
2026-03-28 18:20:00+00:00,23.766666666666666,99.33333333333333
2026-03-28 18:25:00+00:00,23.758333333333333,99.41666666666667
2026-03-28 18:30:00+00:00,23.75,99.5
2026-03-28 18:35:00+00:00,23.741666666666667,99.58333333333333
2026-03-28 18:40:00+00:00,23.733333333333334,99.66666666666667
2026-03-28 18:45:00+00:00,23.725,99.75
2026-03-28 18:50:00+00:00,23.716666666666665,99.83333333333333
2026-03-28 18:55:00+00:00,23.708333333333332,99.91666666666667
2026-03-28 19:00:00+00:00,23.7,100.0
2026-03-28 19:05:00+00:00,23.683333333333334,100.0
2026-03-28 19:10:00+00:00,23.666666666666664,100.0
2026-03-28 19:15:00+00:00,23.65,100.0
2026-03-28 19:20:00+00:00,23.633333333333333,100.0
2026-03-28 19:25:00+00:00,23.616666666666667,100.0
2026-03-28 19:30:00+00:00,23.6,100.0
2026-03-28 19:35:00+00:00,23.583333333333332,100.0
2026-03-28 19:40:00+00:00,23.566666666666666,100.0
2026-03-28 19:45:00+00:00,23.55,100.0
2026-03-28 19:50:00+00:00,23.53333333333333,100.0
2026-03-28 19:55:00+00:00,23.516666666666666,100.0
2026-03-28 20:00:00+00:00,23.5,100.0
2026-03-28 20:05:00+00:00,23.491666666666667,100.0
2026-03-28 20:10:00+00:00,23.483333333333334,100.0
2026-03-28 20:15:00+00:00,23.475,100.0
2026-03-28 20:20:00+00:00,23.466666666666665,100.0
2026-03-28 20:25:00+00:00,23.458333333333332,100.0
2026-03-28 20:30:00+00:00,23.45,100.0
2026-03-28 20:35:00+00:00,23.441666666666666,100.0
2026-03-28 20:40:00+00:00,23.433333333333334,100.0
2026-03-28 20:45:00+00:00,23.424999999999997,100.0
2026-03-28 20:50:00+00:00,23.416666666666664,100.0
2026-03-28 20:55:00+00:00,23.40833333333333,100.0
2026-03-28 21:00:00+00:00,23.4,100.0
2026-03-28 21:05:00+00:00,23.40833333333333,99.83333333333333
2026-03-28 21:10:00+00:00,23.416666666666664,99.66666666666667
2026-03-28 21:15:00+00:00,23.424999999999997,99.5
2026-03-28 21:20:00+00:00,23.433333333333334,99.33333333333333
2026-03-28 21:25:00+00:00,23.441666666666666,99.16666666666667
2026-03-28 21:30:00+00:00,23.45,99.0
2026-03-28 21:35:00+00:00,23.458333333333332,98.83333333333333
2026-03-28 21:40:00+00:00,23.466666666666665,98.66666666666667
2026-03-28 21:45:00+00:00,23.475,98.5
2026-03-28 21:50:00+00:00,23.483333333333334,98.33333333333333
2026-03-28 21:55:00+00:00,23.491666666666667,98.16666666666667
2026-03-28 22:00:00+00:00,23.5,98.0
2026-03-28 22:05:00+00:00,23.5,98.0
2026-03-28 22:10:00+00:00,23.5,98.0
2026-03-28 22:15:00+00:00,23.5,98.0
2026-03-28 22:20:00+00:00,23.5,98.0
2026-03-28 22:25:00+00:00,23.5,98.0
2026-03-28 22:30:00+00:00,23.5,98.0
2026-03-28 22:35:00+00:00,23.5,98.0
2026-03-28 22:40:00+00:00,23.5,98.0
2026-03-28 22:45:00+00:00,23.5,98.0
2026-03-28 22:50:00+00:00,23.5,98.0
2026-03-28 22:55:00+00:00,23.5,98.0
2026-03-28 23:00:00+00:00,23.5,98.0
2026-03-28 23:05:00+00:00,23.616666666666667,97.5
2026-03-28 23:10:00+00:00,23.733333333333334,97.0
2026-03-28 23:15:00+00:00,23.85,96.5
2026-03-28 23:20:00+00:00,23.966666666666665,96.0
2026-03-28 23:25:00+00:00,24.083333333333332,95.5
2026-03-28 23:30:00+00:00,24.2,95.0
2026-03-28 23:35:00+00:00,24.316666666666666,94.5
2026-03-28 23:40:00+00:00,24.433333333333334,94.0
2026-03-28 23:45:00+00:00,24.549999999999997,93.5
2026-03-28 23:50:00+00:00,24.666666666666664,93.0
2026-03-28 23:55:00+00:00,24.78333333333333,92.5
2026-03-29 00:00:00+00:00,24.9,92.0
2026-03-29 00:05:00+00:00,25.016666666666666,91.33333333333333
2026-03-29 00:10:00+00:00,25.133333333333333,90.66666666666667
2026-03-29 00:15:00+00:00,25.25,90.0
2026-03-29 00:20:00+00:00,25.366666666666667,89.33333333333333
2026-03-29 00:25:00+00:00,25.483333333333334,88.66666666666667
2026-03-29 00:30:00+00:00,25.6,88.0
2026-03-29 00:35:00+00:00,25.716666666666665,87.33333333333333
2026-03-29 00:40:00+00:00,25.833333333333332,86.66666666666667
2026-03-29 00:45:00+00:00,25.95,86.0
2026-03-29 00:50:00+00:00,26.066666666666666,85.33333333333333
2026-03-29 00:55:00+00:00,26.183333333333334,84.66666666666667
2026-03-29 01:00:00+00:00,26.3,84.0
2026-03-29 01:05:00+00:00,26.391666666666666,83.66666666666667
2026-03-29 01:10:00+00:00,26.483333333333334,83.33333333333333
2026-03-29 01:15:00+00:00,26.575,83.0
2026-03-29 01:20:00+00:00,26.666666666666668,82.66666666666667
2026-03-29 01:25:00+00:00,26.758333333333333,82.33333333333333
2026-03-29 01:30:00+00:00,26.85,82.0
2026-03-29 01:35:00+00:00,26.941666666666666,81.66666666666667
2026-03-29 01:40:00+00:00,27.03333333333333,81.33333333333333
2026-03-29 01:45:00+00:00,27.125,81.0
2026-03-29 01:50:00+00:00,27.216666666666665,80.66666666666667
2026-03-29 01:55:00+00:00,27.308333333333334,80.33333333333333
2026-03-29 02:00:00+00:00,27.4,80.0
2026-03-29 02:05:00+00:00,27.491666666666667,79.75
2026-03-29 02:10:00+00:00,27.583333333333332,79.5
2026-03-29 02:15:00+00:00,27.674999999999997,79.25
2026-03-29 02:20:00+00:00,27.766666666666666,79.0
2026-03-29 02:25:00+00:00,27.85833333333333,78.75
2026-03-29 02:30:00+00:00,27.95,78.5
2026-03-29 02:35:00+00:00,28.041666666666664,78.25
2026-03-29 02:40:00+00:00,28.133333333333333,78.0
2026-03-29 02:45:00+00:00,28.225,77.75
2026-03-29 02:50:00+00:00,28.316666666666666,77.5
2026-03-29 02:55:00+00:00,28.40833333333333,77.25
2026-03-29 03:00:00+00:00,28.5,77.0
2026-03-29 03:05:00+00:00,28.6,76.66666666666667
2026-03-29 03:10:00+00:00,28.7,76.33333333333333
2026-03-29 03:15:00+00:00,28.8,76.0
2026-03-29 03:20:00+00:00,28.9,75.66666666666667
2026-03-29 03:25:00+00:00,29.0,75.33333333333333
2026-03-29 03:30:00+00:00,29.1,75.0
2026-03-29 03:35:00+00:00,29.2,74.66666666666667
2026-03-29 03:40:00+00:00,29.3,74.33333333333333
2026-03-29 03:45:00+00:00,29.4,74.0
2026-03-29 03:50:00+00:00,29.5,73.66666666666667
2026-03-29 03:55:00+00:00,29.599999999999998,73.33333333333333
2026-03-29 04:00:00+00:00,29.7,73.0
2026-03-29 04:05:00+00:00,29.691666666666666,73.08333333333333
2026-03-29 04:10:00+00:00,29.683333333333334,73.16666666666667
2026-03-29 04:15:00+00:00,29.675,73.25
2026-03-29 04:20:00+00:00,29.666666666666668,73.33333333333333
2026-03-29 04:25:00+00:00,29.658333333333335,73.41666666666667
2026-03-29 04:30:00+00:00,29.65,73.5
2026-03-29 04:35:00+00:00,29.641666666666666,73.58333333333333
2026-03-29 04:40:00+00:00,29.633333333333333,73.66666666666667
2026-03-29 04:45:00+00:00,29.625,73.75
2026-03-29 04:50:00+00:00,29.616666666666667,73.83333333333333
2026-03-29 04:55:00+00:00,29.608333333333334,73.91666666666667
2026-03-29 05:00:00+00:00,29.6,74.0
2026-03-29 05:05:00+00:00,29.583333333333336,74.08333333333333
2026-03-29 05:10:00+00:00,29.566666666666666,74.16666666666667
2026-03-29 05:15:00+00:00,29.55,74.25
2026-03-29 05:20:00+00:00,29.533333333333335,74.33333333333333
2026-03-29 05:25:00+00:00,29.516666666666666,74.41666666666667
2026-03-29 05:30:00+00:00,29.5,74.5
2026-03-29 05:35:00+00:00,29.483333333333334,74.58333333333333
2026-03-29 05:40:00+00:00,29.466666666666665,74.66666666666667
2026-03-29 05:45:00+00:00,29.45,74.75
2026-03-29 05:50:00+00:00,29.433333333333334,74.83333333333333
2026-03-29 05:55:00+00:00,29.416666666666664,74.91666666666667
2026-03-29 06:00:00+00:00,29.4,75.0
2026-03-29 06:05:00+00:00,29.316666666666666,75.33333333333333
2026-03-29 06:10:00+00:00,29.23333333333333,75.66666666666667
2026-03-29 06:15:00+00:00,29.15,76.0
2026-03-29 06:20:00+00:00,29.066666666666666,76.33333333333333
2026-03-29 06:25:00+00:00,28.98333333333333,76.66666666666667
2026-03-29 06:30:00+00:00,28.9,77.0
2026-03-29 06:35:00+00:00,28.816666666666666,77.33333333333333
2026-03-29 06:40:00+00:00,28.73333333333333,77.66666666666667
2026-03-29 06:45:00+00:00,28.65,78.0
2026-03-29 06:50:00+00:00,28.566666666666666,78.33333333333333
2026-03-29 06:55:00+00:00,28.48333333333333,78.66666666666667
2026-03-29 07:00:00+00:00,28.4,79.0
2026-03-29 07:05:00+00:00,28.40833333333333,79.0
2026-03-29 07:10:00+00:00,28.416666666666664,79.0
2026-03-29 07:15:00+00:00,28.424999999999997,79.0
2026-03-29 07:20:00+00:00,28.433333333333334,79.0
2026-03-29 07:25:00+00:00,28.441666666666666,79.0
2026-03-29 07:30:00+00:00,28.45,79.0
2026-03-29 07:35:00+00:00,28.458333333333332,79.0
2026-03-29 07:40:00+00:00,28.466666666666665,79.0
2026-03-29 07:45:00+00:00,28.475,79.0
2026-03-29 07:50:00+00:00,28.483333333333334,79.0
2026-03-29 07:55:00+00:00,28.491666666666667,79.0
2026-03-29 08:00:00+00:00,28.5,79.0
2026-03-29 08:05:00+00:00,28.475,79.0
2026-03-29 08:10:00+00:00,28.45,79.0
2026-03-29 08:15:00+00:00,28.425,79.0
2026-03-29 08:20:00+00:00,28.4,79.0
2026-03-29 08:25:00+00:00,28.375,79.0
2026-03-29 08:30:00+00:00,28.35,79.0
2026-03-29 08:35:00+00:00,28.325,79.0
2026-03-29 08:40:00+00:00,28.3,79.0
2026-03-29 08:45:00+00:00,28.275,79.0
2026-03-29 08:50:00+00:00,28.25,79.0
2026-03-29 08:55:00+00:00,28.224999999999998,79.0
2026-03-29 09:00:00+00:00,28.2,79.0
2026-03-29 09:05:00+00:00,28.108333333333334,79.41666666666667
2026-03-29 09:10:00+00:00,28.016666666666666,79.83333333333333
2026-03-29 09:15:00+00:00,27.925,80.25
2026-03-29 09:20:00+00:00,27.833333333333332,80.66666666666667
2026-03-29 09:25:00+00:00,27.741666666666667,81.08333333333333
2026-03-29 09:30:00+00:00,27.65,81.5
2026-03-29 09:35:00+00:00,27.558333333333334,81.91666666666667
2026-03-29 09:40:00+00:00,27.46666666666667,82.33333333333333
2026-03-29 09:45:00+00:00,27.375,82.75
2026-03-29 09:50:00+00:00,27.283333333333335,83.16666666666667
2026-03-29 09:55:00+00:00,27.191666666666666,83.58333333333333
2026-03-29 10:00:00+00:00,27.1,84.0
2026-03-29 10:05:00+00:00,26.983333333333334,84.5
2026-03-29 10:10:00+00:00,26.866666666666667,85.0
2026-03-29 10:15:00+00:00,26.75,85.5
2026-03-29 10:20:00+00:00,26.633333333333333,86.0
2026-03-29 10:25:00+00:00,26.516666666666666,86.5
2026-03-29 10:30:00+00:00,26.4,87.0
2026-03-29 10:35:00+00:00,26.283333333333335,87.5
2026-03-29 10:40:00+00:00,26.166666666666668,88.0
2026-03-29 10:45:00+00:00,26.05,88.5
2026-03-29 10:50:00+00:00,25.933333333333334,89.0
2026-03-29 10:55:00+00:00,25.816666666666666,89.5
2026-03-29 11:00:00+00:00,25.7,90.0
2026-03-29 11:05:00+00:00,25.633333333333333,90.41666666666667
2026-03-29 11:10:00+00:00,25.566666666666666,90.83333333333333
2026-03-29 11:15:00+00:00,25.5,91.25
2026-03-29 11:20:00+00:00,25.433333333333334,91.66666666666667
2026-03-29 11:25:00+00:00,25.366666666666667,92.08333333333333
2026-03-29 11:30:00+00:00,25.299999999999997,92.5
2026-03-29 11:35:00+00:00,25.23333333333333,92.91666666666667
2026-03-29 11:40:00+00:00,25.166666666666664,93.33333333333333
2026-03-29 11:45:00+00:00,25.099999999999998,93.75
2026-03-29 11:50:00+00:00,25.03333333333333,94.16666666666667
2026-03-29 11:55:00+00:00,24.966666666666665,94.58333333333333
2026-03-29 12:00:00+00:00,24.9,95.0
2026-03-29 12:05:00+00:00,24.883333333333333,95.08333333333333
2026-03-29 12:10:00+00:00,24.866666666666667,95.16666666666667
2026-03-29 12:15:00+00:00,24.849999999999998,95.25
2026-03-29 12:20:00+00:00,24.833333333333332,95.33333333333333
2026-03-29 12:25:00+00:00,24.816666666666666,95.41666666666667
2026-03-29 12:30:00+00:00,24.799999999999997,95.5
2026-03-29 12:35:00+00:00,24.78333333333333,95.58333333333333
2026-03-29 12:40:00+00:00,24.766666666666666,95.66666666666667
2026-03-29 12:45:00+00:00,24.75,95.75
2026-03-29 12:50:00+00:00,24.733333333333334,95.83333333333333
2026-03-29 12:55:00+00:00,24.716666666666665,95.91666666666667
2026-03-29 13:00:00+00:00,24.7,96.0
2026-03-29 13:05:00+00:00,24.7,96.0
2026-03-29 13:10:00+00:00,24.7,96.0
2026-03-29 13:15:00+00:00,24.7,96.0
2026-03-29 13:20:00+00:00,24.7,96.0
2026-03-29 13:25:00+00:00,24.7,96.0
2026-03-29 13:30:00+00:00,24.7,96.0
2026-03-29 13:35:00+00:00,24.7,96.0
2026-03-29 13:40:00+00:00,24.7,96.0
2026-03-29 13:45:00+00:00,24.7,96.0
2026-03-29 13:50:00+00:00,24.7,96.0
2026-03-29 13:55:00+00:00,24.7,96.0
2026-03-29 14:00:00+00:00,24.7,96.0
2026-03-29 14:05:00+00:00,24.683333333333334,96.08333333333333
2026-03-29 14:10:00+00:00,24.666666666666664,96.16666666666667
2026-03-29 14:15:00+00:00,24.65,96.25
2026-03-29 14:20:00+00:00,24.633333333333333,96.33333333333333
2026-03-29 14:25:00+00:00,24.616666666666667,96.41666666666667
2026-03-29 14:30:00+00:00,24.6,96.5
2026-03-29 14:35:00+00:00,24.583333333333332,96.58333333333333
2026-03-29 14:40:00+00:00,24.566666666666666,96.66666666666667
2026-03-29 14:45:00+00:00,24.55,96.75
2026-03-29 14:50:00+00:00,24.53333333333333,96.83333333333333
2026-03-29 14:55:00+00:00,24.516666666666666,96.91666666666667
2026-03-29 15:00:00+00:00,24.5,97.0
2026-03-29 15:05:00+00:00,24.483333333333334,97.0
2026-03-29 15:10:00+00:00,24.46666666666667,97.0
2026-03-29 15:15:00+00:00,24.45,97.0
2026-03-29 15:20:00+00:00,24.433333333333334,97.0
2026-03-29 15:25:00+00:00,24.416666666666668,97.0
2026-03-29 15:30:00+00:00,24.4,97.0
2026-03-29 15:35:00+00:00,24.383333333333333,97.0
2026-03-29 15:40:00+00:00,24.366666666666667,97.0
2026-03-29 15:45:00+00:00,24.35,97.0
2026-03-29 15:50:00+00:00,24.333333333333336,97.0
2026-03-29 15:55:00+00:00,24.316666666666666,97.0
2026-03-29 16:00:00+00:00,24.3,97.0
2026-03-29 16:05:00+00:00,24.283333333333335,97.0
2026-03-29 16:10:00+00:00,24.266666666666666,97.0
2026-03-29 16:15:00+00:00,24.25,97.0
2026-03-29 16:20:00+00:00,24.233333333333334,97.0
2026-03-29 16:25:00+00:00,24.21666666666667,97.0
2026-03-29 16:30:00+00:00,24.200000000000003,97.0
2026-03-29 16:35:00+00:00,24.183333333333334,97.0
2026-03-29 16:40:00+00:00,24.166666666666668,97.0
2026-03-29 16:45:00+00:00,24.150000000000002,97.0
2026-03-29 16:50:00+00:00,24.133333333333333,97.0
2026-03-29 16:55:00+00:00,24.116666666666667,97.0
2026-03-29 17:00:00+00:00,24.1,97.0
2026-03-29 17:05:00+00:00,24.09166666666667,97.0
2026-03-29 17:10:00+00:00,24.083333333333336,97.0
2026-03-29 17:15:00+00:00,24.075000000000003,97.0
2026-03-29 17:20:00+00:00,24.066666666666666,97.0
2026-03-29 17:25:00+00:00,24.058333333333334,97.0
2026-03-29 17:30:00+00:00,24.05,97.0
2026-03-29 17:35:00+00:00,24.041666666666668,97.0
2026-03-29 17:40:00+00:00,24.033333333333335,97.0
2026-03-29 17:45:00+00:00,24.025,97.0
2026-03-29 17:50:00+00:00,24.016666666666666,97.0
2026-03-29 17:55:00+00:00,24.008333333333333,97.0
2026-03-29 18:00:00+00:00,24.0,97.0
2026-03-29 18:05:00+00:00,23.991666666666667,96.91666666666667
2026-03-29 18:10:00+00:00,23.983333333333334,96.83333333333333
2026-03-29 18:15:00+00:00,23.975,96.75
2026-03-29 18:20:00+00:00,23.966666666666665,96.66666666666667
2026-03-29 18:25:00+00:00,23.958333333333332,96.58333333333333
2026-03-29 18:30:00+00:00,23.95,96.5
2026-03-29 18:35:00+00:00,23.941666666666666,96.41666666666667
2026-03-29 18:40:00+00:00,23.933333333333334,96.33333333333333
2026-03-29 18:45:00+00:00,23.924999999999997,96.25
2026-03-29 18:50:00+00:00,23.916666666666664,96.16666666666667
2026-03-29 18:55:00+00:00,23.90833333333333,96.08333333333333
2026-03-29 19:00:00+00:00,23.9,96.0
2026-03-29 19:05:00+00:00,23.891666666666666,96.0
2026-03-29 19:10:00+00:00,23.883333333333333,96.0
2026-03-29 19:15:00+00:00,23.875,96.0
2026-03-29 19:20:00+00:00,23.866666666666667,96.0
2026-03-29 19:25:00+00:00,23.858333333333334,96.0
2026-03-29 19:30:00+00:00,23.85,96.0
2026-03-29 19:35:00+00:00,23.841666666666665,96.0
2026-03-29 19:40:00+00:00,23.833333333333332,96.0
2026-03-29 19:45:00+00:00,23.825,96.0
2026-03-29 19:50:00+00:00,23.816666666666666,96.0
2026-03-29 19:55:00+00:00,23.808333333333334,96.0
2026-03-29 20:00:00+00:00,23.8,96.0
2026-03-29 20:05:00+00:00,23.791666666666668,96.0
2026-03-29 20:10:00+00:00,23.783333333333335,96.0
2026-03-29 20:15:00+00:00,23.775,96.0
2026-03-29 20:20:00+00:00,23.766666666666666,96.0
2026-03-29 20:25:00+00:00,23.758333333333333,96.0
2026-03-29 20:30:00+00:00,23.75,96.0
2026-03-29 20:35:00+00:00,23.741666666666667,96.0
2026-03-29 20:40:00+00:00,23.733333333333334,96.0
2026-03-29 20:45:00+00:00,23.725,96.0
2026-03-29 20:50:00+00:00,23.716666666666665,96.0
2026-03-29 20:55:00+00:00,23.708333333333332,96.0
2026-03-29 21:00:00+00:00,23.7,96.0
2026-03-29 21:05:00+00:00,23.691666666666666,96.0
2026-03-29 21:10:00+00:00,23.683333333333334,96.0
2026-03-29 21:15:00+00:00,23.675,96.0
2026-03-29 21:20:00+00:00,23.666666666666668,96.0
2026-03-29 21:25:00+00:00,23.658333333333335,96.0
2026-03-29 21:30:00+00:00,23.65,96.0
2026-03-29 21:35:00+00:00,23.641666666666666,96.0
2026-03-29 21:40:00+00:00,23.633333333333333,96.0
2026-03-29 21:45:00+00:00,23.625,96.0
2026-03-29 21:50:00+00:00,23.616666666666667,96.0
2026-03-29 21:55:00+00:00,23.608333333333334,96.0
2026-03-29 22:00:00+00:00,23.6,96.0
2026-03-29 22:05:00+00:00,23.59166666666667,96.0
2026-03-29 22:10:00+00:00,23.583333333333336,96.0
2026-03-29 22:15:00+00:00,23.575000000000003,96.0
2026-03-29 22:20:00+00:00,23.566666666666666,96.0
2026-03-29 22:25:00+00:00,23.558333333333334,96.0
2026-03-29 22:30:00+00:00,23.55,96.0
2026-03-29 22:35:00+00:00,23.541666666666668,96.0
2026-03-29 22:40:00+00:00,23.533333333333335,96.0
2026-03-29 22:45:00+00:00,23.525,96.0
2026-03-29 22:50:00+00:00,23.516666666666666,96.0
2026-03-29 22:55:00+00:00,23.508333333333333,96.0
2026-03-29 23:00:00+00:00,23.5,96.0
2026-03-29 23:05:00+00:00,23.575,95.83333333333333
2026-03-29 23:10:00+00:00,23.65,95.66666666666667
2026-03-29 23:15:00+00:00,23.725,95.5
2026-03-29 23:20:00+00:00,23.8,95.33333333333333
2026-03-29 23:25:00+00:00,23.875,95.16666666666667
2026-03-29 23:30:00+00:00,23.95,95.0
2026-03-29 23:35:00+00:00,24.025,94.83333333333333
2026-03-29 23:40:00+00:00,24.099999999999998,94.66666666666667
2026-03-29 23:45:00+00:00,24.174999999999997,94.5
2026-03-29 23:50:00+00:00,24.25,94.33333333333333
2026-03-29 23:55:00+00:00,24.325,94.16666666666667
2026-03-30 00:00:00+00:00,24.4,94.0
2026-03-30 00:05:00+00:00,24.549999999999997,93.33333333333333
2026-03-30 00:10:00+00:00,24.7,92.66666666666667
2026-03-30 00:15:00+00:00,24.849999999999998,92.0
2026-03-30 00:20:00+00:00,25.0,91.33333333333333
2026-03-30 00:25:00+00:00,25.15,90.66666666666667
2026-03-30 00:30:00+00:00,25.3,90.0
2026-03-30 00:35:00+00:00,25.45,89.33333333333333
2026-03-30 00:40:00+00:00,25.599999999999998,88.66666666666667
2026-03-30 00:45:00+00:00,25.75,88.0
2026-03-30 00:50:00+00:00,25.9,87.33333333333333
2026-03-30 00:55:00+00:00,26.05,86.66666666666667
2026-03-30 01:00:00+00:00,26.2,86.0
2026-03-30 01:05:00+00:00,26.358333333333334,85.33333333333333
2026-03-30 01:10:00+00:00,26.516666666666666,84.66666666666667
2026-03-30 01:15:00+00:00,26.675,84.0
2026-03-30 01:20:00+00:00,26.833333333333332,83.33333333333333
2026-03-30 01:25:00+00:00,26.991666666666667,82.66666666666667
2026-03-30 01:30:00+00:00,27.150000000000002,82.0
2026-03-30 01:35:00+00:00,27.308333333333334,81.33333333333333
2026-03-30 01:40:00+00:00,27.46666666666667,80.66666666666667
2026-03-30 01:45:00+00:00,27.625,80.0
2026-03-30 01:50:00+00:00,27.783333333333335,79.33333333333333
2026-03-30 01:55:00+00:00,27.941666666666666,78.66666666666667
2026-03-30 02:00:00+00:00,28.1,78.0
2026-03-30 02:05:00+00:00,28.291666666666668,77.33333333333333
2026-03-30 02:10:00+00:00,28.483333333333334,76.66666666666667
2026-03-30 02:15:00+00:00,28.675,76.0
2026-03-30 02:20:00+00:00,28.866666666666667,75.33333333333333
2026-03-30 02:25:00+00:00,29.058333333333334,74.66666666666667
2026-03-30 02:30:00+00:00,29.25,74.0
2026-03-30 02:35:00+00:00,29.441666666666666,73.33333333333333
2026-03-30 02:40:00+00:00,29.633333333333333,72.66666666666667
2026-03-30 02:45:00+00:00,29.825,72.0
2026-03-30 02:50:00+00:00,30.016666666666666,71.33333333333333
2026-03-30 02:55:00+00:00,30.208333333333332,70.66666666666667
2026-03-30 03:00:00+00:00,30.4,70.0
2026-03-30 03:05:00+00:00,30.55833333333333,69.5
2026-03-30 03:10:00+00:00,30.716666666666665,69.0
2026-03-30 03:15:00+00:00,30.875,68.5
2026-03-30 03:20:00+00:00,31.03333333333333,68.0
2026-03-30 03:25:00+00:00,31.191666666666663,67.5
2026-03-30 03:30:00+00:00,31.349999999999998,67.0
2026-03-30 03:35:00+00:00,31.508333333333333,66.5
2026-03-30 03:40:00+00:00,31.666666666666664,66.0
2026-03-30 03:45:00+00:00,31.824999999999996,65.5
2026-03-30 03:50:00+00:00,31.98333333333333,65.0
2026-03-30 03:55:00+00:00,32.141666666666666,64.5
2026-03-30 04:00:00+00:00,32.3,64.0
2026-03-30 04:05:00+00:00,32.291666666666664,64.16666666666667
2026-03-30 04:10:00+00:00,32.28333333333333,64.33333333333333
2026-03-30 04:15:00+00:00,32.275,64.5
2026-03-30 04:20:00+00:00,32.266666666666666,64.66666666666667
2026-03-30 04:25:00+00:00,32.25833333333333,64.83333333333333
2026-03-30 04:30:00+00:00,32.25,65.0
2026-03-30 04:35:00+00:00,32.24166666666667,65.16666666666667
2026-03-30 04:40:00+00:00,32.233333333333334,65.33333333333333
2026-03-30 04:45:00+00:00,32.225,65.5
2026-03-30 04:50:00+00:00,32.21666666666667,65.66666666666667
2026-03-30 04:55:00+00:00,32.208333333333336,65.83333333333333
2026-03-30 05:00:00+00:00,32.2,66.0
2026-03-30 05:05:00+00:00,32.15833333333334,66.25
2026-03-30 05:10:00+00:00,32.11666666666667,66.5
2026-03-30 05:15:00+00:00,32.075,66.75
2026-03-30 05:20:00+00:00,32.03333333333333,67.0
2026-03-30 05:25:00+00:00,31.991666666666667,67.25
2026-03-30 05:30:00+00:00,31.950000000000003,67.5
2026-03-30 05:35:00+00:00,31.908333333333335,67.75
2026-03-30 05:40:00+00:00,31.866666666666667,68.0
2026-03-30 05:45:00+00:00,31.825,68.25
2026-03-30 05:50:00+00:00,31.783333333333335,68.5
2026-03-30 05:55:00+00:00,31.741666666666667,68.75
2026-03-30 06:00:00+00:00,31.7,69.0
2026-03-30 06:05:00+00:00,31.591666666666665,68.91666666666667
2026-03-30 06:10:00+00:00,31.483333333333334,68.83333333333333
2026-03-30 06:15:00+00:00,31.375,68.75
2026-03-30 06:20:00+00:00,31.266666666666666,68.66666666666667
2026-03-30 06:25:00+00:00,31.15833333333333,68.58333333333333
2026-03-30 06:30:00+00:00,31.049999999999997,68.5
2026-03-30 06:35:00+00:00,30.941666666666666,68.41666666666667
2026-03-30 06:40:00+00:00,30.833333333333332,68.33333333333333
2026-03-30 06:45:00+00:00,30.724999999999998,68.25
2026-03-30 06:50:00+00:00,30.616666666666667,68.16666666666667
2026-03-30 06:55:00+00:00,30.508333333333333,68.08333333333333
2026-03-30 07:00:00+00:00,30.4,68.0
2026-03-30 07:05:00+00:00,30.349999999999998,67.91666666666667
2026-03-30 07:10:00+00:00,30.299999999999997,67.83333333333333
2026-03-30 07:15:00+00:00,30.25,67.75
2026-03-30 07:20:00+00:00,30.2,67.66666666666667
2026-03-30 07:25:00+00:00,30.15,67.58333333333333
2026-03-30 07:30:00+00:00,30.1,67.5
2026-03-30 07:35:00+00:00,30.05,67.41666666666667
2026-03-30 07:40:00+00:00,30.0,67.33333333333333
2026-03-30 07:45:00+00:00,29.95,67.25
2026-03-30 07:50:00+00:00,29.900000000000002,67.16666666666667
2026-03-30 07:55:00+00:00,29.85,67.08333333333333
2026-03-30 08:00:00+00:00,29.8,67.0
2026-03-30 08:05:00+00:00,29.775000000000002,67.16666666666667
2026-03-30 08:10:00+00:00,29.75,67.33333333333333
2026-03-30 08:15:00+00:00,29.725,67.5
2026-03-30 08:20:00+00:00,29.7,67.66666666666667
2026-03-30 08:25:00+00:00,29.675,67.83333333333333
2026-03-30 08:30:00+00:00,29.65,68.0
2026-03-30 08:35:00+00:00,29.625,68.16666666666667
2026-03-30 08:40:00+00:00,29.6,68.33333333333333
2026-03-30 08:45:00+00:00,29.575,68.5
2026-03-30 08:50:00+00:00,29.55,68.66666666666667
2026-03-30 08:55:00+00:00,29.525,68.83333333333333
2026-03-30 09:00:00+00:00,29.5,69.0
2026-03-30 09:05:00+00:00,29.416666666666668,69.41666666666667
2026-03-30 09:10:00+00:00,29.333333333333332,69.83333333333333
2026-03-30 09:15:00+00:00,29.25,70.25
2026-03-30 09:20:00+00:00,29.166666666666668,70.66666666666667
2026-03-30 09:25:00+00:00,29.083333333333332,71.08333333333333
2026-03-30 09:30:00+00:00,29.0,71.5
2026-03-30 09:35:00+00:00,28.916666666666668,71.91666666666667
2026-03-30 09:40:00+00:00,28.833333333333332,72.33333333333333
2026-03-30 09:45:00+00:00,28.75,72.75
2026-03-30 09:50:00+00:00,28.666666666666668,73.16666666666667
2026-03-30 09:55:00+00:00,28.583333333333332,73.58333333333333
2026-03-30 10:00:00+00:00,28.5,74.0
2026-03-30 10:05:00+00:00,28.4,74.16666666666667
2026-03-30 10:10:00+00:00,28.3,74.33333333333333
2026-03-30 10:15:00+00:00,28.2,74.5
2026-03-30 10:20:00+00:00,28.1,74.66666666666667
2026-03-30 10:25:00+00:00,28.0,74.83333333333333
2026-03-30 10:30:00+00:00,27.9,75.0
2026-03-30 10:35:00+00:00,27.8,75.16666666666667
2026-03-30 10:40:00+00:00,27.7,75.33333333333333
2026-03-30 10:45:00+00:00,27.6,75.5
2026-03-30 10:50:00+00:00,27.5,75.66666666666667
2026-03-30 10:55:00+00:00,27.400000000000002,75.83333333333333
2026-03-30 11:00:00+00:00,27.3,76.0
2026-03-30 11:05:00+00:00,27.283333333333335,75.91666666666667
2026-03-30 11:10:00+00:00,27.266666666666666,75.83333333333333
2026-03-30 11:15:00+00:00,27.25,75.75
2026-03-30 11:20:00+00:00,27.233333333333334,75.66666666666667
2026-03-30 11:25:00+00:00,27.21666666666667,75.58333333333333
2026-03-30 11:30:00+00:00,27.200000000000003,75.5
2026-03-30 11:35:00+00:00,27.183333333333334,75.41666666666667
2026-03-30 11:40:00+00:00,27.166666666666668,75.33333333333333
2026-03-30 11:45:00+00:00,27.150000000000002,75.25
2026-03-30 11:50:00+00:00,27.133333333333333,75.16666666666667
2026-03-30 11:55:00+00:00,27.116666666666667,75.08333333333333
2026-03-30 12:00:00+00:00,27.1,75.0
2026-03-30 12:05:00+00:00,27.05,75.33333333333333
2026-03-30 12:10:00+00:00,27.0,75.66666666666667
2026-03-30 12:15:00+00:00,26.950000000000003,76.0
2026-03-30 12:20:00+00:00,26.900000000000002,76.33333333333333
2026-03-30 12:25:00+00:00,26.85,76.66666666666667
2026-03-30 12:30:00+00:00,26.8,77.0
2026-03-30 12:35:00+00:00,26.75,77.33333333333333
2026-03-30 12:40:00+00:00,26.7,77.66666666666667
2026-03-30 12:45:00+00:00,26.65,78.0
2026-03-30 12:50:00+00:00,26.6,78.33333333333333
2026-03-30 12:55:00+00:00,26.55,78.66666666666667
2026-03-30 13:00:00+00:00,26.5,79.0
2026-03-30 13:05:00+00:00,26.475,79.08333333333333
2026-03-30 13:10:00+00:00,26.45,79.16666666666667
2026-03-30 13:15:00+00:00,26.425,79.25
2026-03-30 13:20:00+00:00,26.4,79.33333333333333
2026-03-30 13:25:00+00:00,26.375,79.41666666666667
2026-03-30 13:30:00+00:00,26.35,79.5
2026-03-30 13:35:00+00:00,26.325,79.58333333333333
2026-03-30 13:40:00+00:00,26.3,79.66666666666667
2026-03-30 13:45:00+00:00,26.275,79.75
2026-03-30 13:50:00+00:00,26.25,79.83333333333333
2026-03-30 13:55:00+00:00,26.224999999999998,79.91666666666667
2026-03-30 14:00:00+00:00,26.2,80.0
2026-03-30 14:05:00+00:00,26.183333333333334,80.08333333333333
2026-03-30 14:10:00+00:00,26.166666666666664,80.16666666666667
2026-03-30 14:15:00+00:00,26.15,80.25
2026-03-30 14:20:00+00:00,26.133333333333333,80.33333333333333
2026-03-30 14:25:00+00:00,26.116666666666667,80.41666666666667
2026-03-30 14:30:00+00:00,26.1,80.5
2026-03-30 14:35:00+00:00,26.083333333333332,80.58333333333333
2026-03-30 14:40:00+00:00,26.066666666666666,80.66666666666667
2026-03-30 14:45:00+00:00,26.05,80.75
2026-03-30 14:50:00+00:00,26.03333333333333,80.83333333333333
2026-03-30 14:55:00+00:00,26.016666666666666,80.91666666666667
2026-03-30 15:00:00+00:00,26.0,81.0
2026-03-30 15:05:00+00:00,25.975,81.16666666666667
2026-03-30 15:10:00+00:00,25.95,81.33333333333333
2026-03-30 15:15:00+00:00,25.925,81.5
2026-03-30 15:20:00+00:00,25.9,81.66666666666667
2026-03-30 15:25:00+00:00,25.875,81.83333333333333
2026-03-30 15:30:00+00:00,25.85,82.0
2026-03-30 15:35:00+00:00,25.825,82.16666666666667
2026-03-30 15:40:00+00:00,25.8,82.33333333333333
2026-03-30 15:45:00+00:00,25.775,82.5
2026-03-30 15:50:00+00:00,25.75,82.66666666666667
2026-03-30 15:55:00+00:00,25.724999999999998,82.83333333333333
2026-03-30 16:00:00+00:00,25.7,83.0
2026-03-30 16:05:00+00:00,25.666666666666664,83.25
2026-03-30 16:10:00+00:00,25.633333333333333,83.5
2026-03-30 16:15:00+00:00,25.6,83.75
2026-03-30 16:20:00+00:00,25.566666666666666,84.0
2026-03-30 16:25:00+00:00,25.53333333333333,84.25
2026-03-30 16:30:00+00:00,25.5,84.5
2026-03-30 16:35:00+00:00,25.46666666666667,84.75
2026-03-30 16:40:00+00:00,25.433333333333334,85.0
2026-03-30 16:45:00+00:00,25.4,85.25
2026-03-30 16:50:00+00:00,25.366666666666667,85.5
2026-03-30 16:55:00+00:00,25.333333333333336,85.75
2026-03-30 17:00:00+00:00,25.3,86.0
2026-03-30 17:05:00+00:00,25.258333333333333,86.08333333333333
2026-03-30 17:10:00+00:00,25.21666666666667,86.16666666666667
2026-03-30 17:15:00+00:00,25.175,86.25
2026-03-30 17:20:00+00:00,25.133333333333333,86.33333333333333
2026-03-30 17:25:00+00:00,25.09166666666667,86.41666666666667
2026-03-30 17:30:00+00:00,25.05,86.5
2026-03-30 17:35:00+00:00,25.008333333333333,86.58333333333333
2026-03-30 17:40:00+00:00,24.96666666666667,86.66666666666667
2026-03-30 17:45:00+00:00,24.925,86.75
2026-03-30 17:50:00+00:00,24.883333333333333,86.83333333333333
2026-03-30 17:55:00+00:00,24.84166666666667,86.91666666666667
2026-03-30 18:00:00+00:00,24.8,87.0
2026-03-30 18:05:00+00:00,24.783333333333335,87.08333333333333
2026-03-30 18:10:00+00:00,24.766666666666666,87.16666666666667
2026-03-30 18:15:00+00:00,24.75,87.25
2026-03-30 18:20:00+00:00,24.733333333333334,87.33333333333333
2026-03-30 18:25:00+00:00,24.71666666666667,87.41666666666667
2026-03-30 18:30:00+00:00,24.700000000000003,87.5
2026-03-30 18:35:00+00:00,24.683333333333334,87.58333333333333
2026-03-30 18:40:00+00:00,24.666666666666668,87.66666666666667
2026-03-30 18:45:00+00:00,24.650000000000002,87.75
2026-03-30 18:50:00+00:00,24.633333333333333,87.83333333333333
2026-03-30 18:55:00+00:00,24.616666666666667,87.91666666666667
2026-03-30 19:00:00+00:00,24.6,88.0
2026-03-30 19:05:00+00:00,24.583333333333336,88.08333333333333
2026-03-30 19:10:00+00:00,24.566666666666666,88.16666666666667
2026-03-30 19:15:00+00:00,24.55,88.25
2026-03-30 19:20:00+00:00,24.533333333333335,88.33333333333333
2026-03-30 19:25:00+00:00,24.516666666666666,88.41666666666667
2026-03-30 19:30:00+00:00,24.5,88.5
2026-03-30 19:35:00+00:00,24.483333333333334,88.58333333333333
2026-03-30 19:40:00+00:00,24.466666666666665,88.66666666666667
2026-03-30 19:45:00+00:00,24.45,88.75
2026-03-30 19:50:00+00:00,24.433333333333334,88.83333333333333
2026-03-30 19:55:00+00:00,24.416666666666664,88.91666666666667
2026-03-30 20:00:00+00:00,24.4,89.0
2026-03-30 20:05:00+00:00,24.383333333333333,89.0
2026-03-30 20:10:00+00:00,24.366666666666667,89.0
2026-03-30 20:15:00+00:00,24.349999999999998,89.0
2026-03-30 20:20:00+00:00,24.333333333333332,89.0
2026-03-30 20:25:00+00:00,24.316666666666666,89.0
2026-03-30 20:30:00+00:00,24.299999999999997,89.0
2026-03-30 20:35:00+00:00,24.28333333333333,89.0
2026-03-30 20:40:00+00:00,24.266666666666666,89.0
2026-03-30 20:45:00+00:00,24.25,89.0
2026-03-30 20:50:00+00:00,24.233333333333334,89.0
2026-03-30 20:55:00+00:00,24.216666666666665,89.0
2026-03-30 21:00:00+00:00,24.2,89.0
2026-03-30 21:05:00+00:00,24.191666666666666,88.91666666666667
2026-03-30 21:10:00+00:00,24.183333333333334,88.83333333333333
2026-03-30 21:15:00+00:00,24.175,88.75
2026-03-30 21:20:00+00:00,24.166666666666668,88.66666666666667
2026-03-30 21:25:00+00:00,24.158333333333335,88.58333333333333
2026-03-30 21:30:00+00:00,24.15,88.5
2026-03-30 21:35:00+00:00,24.141666666666666,88.41666666666667
2026-03-30 21:40:00+00:00,24.133333333333333,88.33333333333333
2026-03-30 21:45:00+00:00,24.125,88.25
2026-03-30 21:50:00+00:00,24.116666666666667,88.16666666666667
2026-03-30 21:55:00+00:00,24.108333333333334,88.08333333333333
2026-03-30 22:00:00+00:00,24.1,88.0
2026-03-30 22:05:00+00:00,24.09166666666667,87.66666666666667
2026-03-30 22:10:00+00:00,24.083333333333336,87.33333333333333
2026-03-30 22:15:00+00:00,24.075000000000003,87.0
2026-03-30 22:20:00+00:00,24.066666666666666,86.66666666666667
2026-03-30 22:25:00+00:00,24.058333333333334,86.33333333333333
2026-03-30 22:30:00+00:00,24.05,86.0
2026-03-30 22:35:00+00:00,24.041666666666668,85.66666666666667
2026-03-30 22:40:00+00:00,24.033333333333335,85.33333333333333
2026-03-30 22:45:00+00:00,24.025,85.0
2026-03-30 22:50:00+00:00,24.016666666666666,84.66666666666667
2026-03-30 22:55:00+00:00,24.008333333333333,84.33333333333333
2026-03-30 23:00:00+00:00,24.0,84.0
2026-03-30 23:05:00+00:00,24.15,83.08333333333333
2026-03-30 23:10:00+00:00,24.3,82.16666666666667
2026-03-30 23:15:00+00:00,24.45,81.25
2026-03-30 23:20:00+00:00,24.6,80.33333333333333
2026-03-30 23:25:00+00:00,24.75,79.41666666666667
2026-03-30 23:30:00+00:00,24.900000000000002,78.5
2026-03-30 23:35:00+00:00,25.05,77.58333333333333
2026-03-30 23:40:00+00:00,25.2,76.66666666666667
2026-03-30 23:45:00+00:00,25.35,75.75
2026-03-30 23:50:00+00:00,25.5,74.83333333333333
2026-03-30 23:55:00+00:00,25.650000000000002,73.91666666666667
2026-03-31 00:00:00+00:00,25.8,73.0
2026-03-31 00:05:00+00:00,26.033333333333335,72.33333333333333
2026-03-31 00:10:00+00:00,26.266666666666666,71.66666666666667
2026-03-31 00:15:00+00:00,26.5,71.0
2026-03-31 00:20:00+00:00,26.733333333333334,70.33333333333333
2026-03-31 00:25:00+00:00,26.96666666666667,69.66666666666667
2026-03-31 00:30:00+00:00,27.200000000000003,69.0
2026-03-31 00:35:00+00:00,27.433333333333334,68.33333333333333
2026-03-31 00:40:00+00:00,27.666666666666668,67.66666666666667
2026-03-31 00:45:00+00:00,27.900000000000002,67.0
2026-03-31 00:50:00+00:00,28.133333333333333,66.33333333333333
2026-03-31 00:55:00+00:00,28.366666666666667,65.66666666666667
2026-03-31 01:00:00+00:00,28.6,65.0
2026-03-31 01:05:00+00:00,28.825000000000003,64.25
2026-03-31 01:10:00+00:00,29.05,63.5
2026-03-31 01:15:00+00:00,29.275000000000002,62.75
2026-03-31 01:20:00+00:00,29.5,62.0
2026-03-31 01:25:00+00:00,29.725,61.25
2026-03-31 01:30:00+00:00,29.950000000000003,60.5
2026-03-31 01:35:00+00:00,30.175,59.75
2026-03-31 01:40:00+00:00,30.400000000000002,59.0
2026-03-31 01:45:00+00:00,30.625,58.25
2026-03-31 01:50:00+00:00,30.85,57.5
2026-03-31 01:55:00+00:00,31.075,56.75
2026-03-31 02:00:00+00:00,31.3,56.0
2026-03-31 02:05:00+00:00,31.5,55.5
2026-03-31 02:10:00+00:00,31.700000000000003,55.0
2026-03-31 02:15:00+00:00,31.900000000000002,54.5
2026-03-31 02:20:00+00:00,32.1,54.0
2026-03-31 02:25:00+00:00,32.300000000000004,53.5
2026-03-31 02:30:00+00:00,32.5,53.0
2026-03-31 02:35:00+00:00,32.7,52.5
2026-03-31 02:40:00+00:00,32.900000000000006,52.0
2026-03-31 02:45:00+00:00,33.1,51.5
2026-03-31 02:50:00+00:00,33.300000000000004,51.0
2026-03-31 02:55:00+00:00,33.5,50.5
2026-03-31 03:00:00+00:00,33.7,50.0
2026-03-31 03:05:00+00:00,33.81666666666667,49.583333333333336
2026-03-31 03:10:00+00:00,33.93333333333334,49.166666666666664
2026-03-31 03:15:00+00:00,34.050000000000004,48.75
2026-03-31 03:20:00+00:00,34.16666666666667,48.333333333333336
2026-03-31 03:25:00+00:00,34.28333333333334,47.916666666666664
2026-03-31 03:30:00+00:00,34.400000000000006,47.5
2026-03-31 03:35:00+00:00,34.516666666666666,47.083333333333336
2026-03-31 03:40:00+00:00,34.63333333333333,46.666666666666664
2026-03-31 03:45:00+00:00,34.75,46.25
2026-03-31 03:50:00+00:00,34.86666666666667,45.833333333333336
2026-03-31 03:55:00+00:00,34.983333333333334,45.416666666666664
2026-03-31 04:00:00+00:00,35.1,45.0
2026-03-31 04:05:00+00:00,35.175000000000004,44.916666666666664
2026-03-31 04:10:00+00:00,35.25,44.833333333333336
2026-03-31 04:15:00+00:00,35.325,44.75
2026-03-31 04:20:00+00:00,35.4,44.666666666666664
2026-03-31 04:25:00+00:00,35.475,44.583333333333336
2026-03-31 04:30:00+00:00,35.55,44.5
2026-03-31 04:35:00+00:00,35.625,44.416666666666664
2026-03-31 04:40:00+00:00,35.7,44.333333333333336
2026-03-31 04:45:00+00:00,35.775,44.25
2026-03-31 04:50:00+00:00,35.85,44.166666666666664
2026-03-31 04:55:00+00:00,35.925,44.083333333333336
2026-03-31 05:00:00+00:00,36.0,44.0
2026-03-31 05:05:00+00:00,36.03333333333333,43.833333333333336
2026-03-31 05:10:00+00:00,36.06666666666666,43.666666666666664
2026-03-31 05:15:00+00:00,36.1,43.5
2026-03-31 05:20:00+00:00,36.13333333333333,43.333333333333336
2026-03-31 05:25:00+00:00,36.166666666666664,43.166666666666664
2026-03-31 05:30:00+00:00,36.2,43.0
2026-03-31 05:35:00+00:00,36.233333333333334,42.833333333333336
2026-03-31 05:40:00+00:00,36.266666666666666,42.666666666666664
2026-03-31 05:45:00+00:00,36.3,42.5
2026-03-31 05:50:00+00:00,36.33333333333333,42.333333333333336
2026-03-31 05:55:00+00:00,36.36666666666667,42.166666666666664
2026-03-31 06:00:00+00:00,36.4,42.0
2026-03-31 06:05:00+00:00,36.358333333333334,42.666666666666664
2026-03-31 06:10:00+00:00,36.31666666666666,43.333333333333336
2026-03-31 06:15:00+00:00,36.275,44.0
2026-03-31 06:20:00+00:00,36.233333333333334,44.666666666666664
2026-03-31 06:25:00+00:00,36.19166666666666,45.333333333333336
2026-03-31 06:30:00+00:00,36.15,46.0
2026-03-31 06:35:00+00:00,36.108333333333334,46.666666666666664
2026-03-31 06:40:00+00:00,36.06666666666666,47.333333333333336
2026-03-31 06:45:00+00:00,36.025,48.0
2026-03-31 06:50:00+00:00,35.983333333333334,48.666666666666664
2026-03-31 06:55:00+00:00,35.94166666666666,49.333333333333336
2026-03-31 07:00:00+00:00,35.9,50.0
2026-03-31 07:05:00+00:00,35.85,50.416666666666664
2026-03-31 07:10:00+00:00,35.8,50.833333333333336
2026-03-31 07:15:00+00:00,35.75,51.25
2026-03-31 07:20:00+00:00,35.699999999999996,51.666666666666664
2026-03-31 07:25:00+00:00,35.65,52.083333333333336
2026-03-31 07:30:00+00:00,35.599999999999994,52.5
2026-03-31 07:35:00+00:00,35.55,52.916666666666664
2026-03-31 07:40:00+00:00,35.5,53.333333333333336
2026-03-31 07:45:00+00:00,35.449999999999996,53.75
2026-03-31 07:50:00+00:00,35.4,54.166666666666664
2026-03-31 07:55:00+00:00,35.349999999999994,54.583333333333336
2026-03-31 08:00:00+00:00,35.3,55.0
2026-03-31 08:05:00+00:00,35.25,55.25
2026-03-31 08:10:00+00:00,35.199999999999996,55.5
2026-03-31 08:15:00+00:00,35.15,55.75
2026-03-31 08:20:00+00:00,35.1,56.0
2026-03-31 08:25:00+00:00,35.05,56.25
2026-03-31 08:30:00+00:00,35.0,56.5
2026-03-31 08:35:00+00:00,34.95,56.75
2026-03-31 08:40:00+00:00,34.9,57.0
2026-03-31 08:45:00+00:00,34.85,57.25
2026-03-31 08:50:00+00:00,34.800000000000004,57.5
2026-03-31 08:55:00+00:00,34.75,57.75
2026-03-31 09:00:00+00:00,34.7,58.0
2026-03-31 09:05:00+00:00,34.583333333333336,58.166666666666664
2026-03-31 09:10:00+00:00,34.46666666666667,58.333333333333336
2026-03-31 09:15:00+00:00,34.35,58.5
2026-03-31 09:20:00+00:00,34.233333333333334,58.666666666666664
2026-03-31 09:25:00+00:00,34.11666666666667,58.833333333333336
2026-03-31 09:30:00+00:00,34.0,59.0
2026-03-31 09:35:00+00:00,33.88333333333333,59.166666666666664
2026-03-31 09:40:00+00:00,33.766666666666666,59.333333333333336
2026-03-31 09:45:00+00:00,33.65,59.5
2026-03-31 09:50:00+00:00,33.53333333333333,59.666666666666664
2026-03-31 09:55:00+00:00,33.416666666666664,59.833333333333336
2026-03-31 10:00:00+00:00,33.3,60.0
2026-03-31 10:05:00+00:00,33.074999999999996,60.583333333333336
2026-03-31 10:10:00+00:00,32.849999999999994,61.166666666666664
2026-03-31 10:15:00+00:00,32.625,61.75
2026-03-31 10:20:00+00:00,32.4,62.333333333333336
2026-03-31 10:25:00+00:00,32.175,62.916666666666664
2026-03-31 10:30:00+00:00,31.95,63.5
2026-03-31 10:35:00+00:00,31.725,64.08333333333333
2026-03-31 10:40:00+00:00,31.5,64.66666666666667
2026-03-31 10:45:00+00:00,31.275,65.25
2026-03-31 10:50:00+00:00,31.05,65.83333333333333
2026-03-31 10:55:00+00:00,30.825000000000003,66.41666666666667
2026-03-31 11:00:00+00:00,30.6,67.0
2026-03-31 11:05:00+00:00,30.46666666666667,67.25
2026-03-31 11:10:00+00:00,30.333333333333336,67.5
2026-03-31 11:15:00+00:00,30.200000000000003,67.75
2026-03-31 11:20:00+00:00,30.066666666666666,68.0
2026-03-31 11:25:00+00:00,29.933333333333334,68.25
2026-03-31 11:30:00+00:00,29.8,68.5
2026-03-31 11:35:00+00:00,29.666666666666668,68.75
2026-03-31 11:40:00+00:00,29.533333333333335,69.0
2026-03-31 11:45:00+00:00,29.4,69.25
2026-03-31 11:50:00+00:00,29.266666666666666,69.5
2026-03-31 11:55:00+00:00,29.133333333333333,69.75
2026-03-31 12:00:00+00:00,29.0,70.0
2026-03-31 12:05:00+00:00,28.891666666666666,70.41666666666667
2026-03-31 12:10:00+00:00,28.78333333333333,70.83333333333333
2026-03-31 12:15:00+00:00,28.675,71.25
2026-03-31 12:20:00+00:00,28.566666666666666,71.66666666666667
2026-03-31 12:25:00+00:00,28.458333333333332,72.08333333333333
2026-03-31 12:30:00+00:00,28.35,72.5
2026-03-31 12:35:00+00:00,28.241666666666667,72.91666666666667
2026-03-31 12:40:00+00:00,28.133333333333333,73.33333333333333
2026-03-31 12:45:00+00:00,28.025,73.75
2026-03-31 12:50:00+00:00,27.916666666666664,74.16666666666667
2026-03-31 12:55:00+00:00,27.808333333333334,74.58333333333333
2026-03-31 13:00:00+00:00,27.7,75.0
2026-03-31 13:05:00+00:00,27.608333333333334,75.5
2026-03-31 13:10:00+00:00,27.516666666666666,76.0
2026-03-31 13:15:00+00:00,27.425,76.5
2026-03-31 13:20:00+00:00,27.333333333333332,77.0
2026-03-31 13:25:00+00:00,27.241666666666667,77.5
2026-03-31 13:30:00+00:00,27.15,78.0
2026-03-31 13:35:00+00:00,27.058333333333334,78.5
2026-03-31 13:40:00+00:00,26.96666666666667,79.0
2026-03-31 13:45:00+00:00,26.875,79.5
2026-03-31 13:50:00+00:00,26.783333333333335,80.0
2026-03-31 13:55:00+00:00,26.691666666666666,80.5
2026-03-31 14:00:00+00:00,26.6,81.0
2026-03-31 14:05:00+00:00,26.575000000000003,80.58333333333333
2026-03-31 14:10:00+00:00,26.55,80.16666666666667
2026-03-31 14:15:00+00:00,26.525000000000002,79.75
2026-03-31 14:20:00+00:00,26.5,79.33333333333333
2026-03-31 14:25:00+00:00,26.475,78.91666666666667
2026-03-31 14:30:00+00:00,26.450000000000003,78.5
2026-03-31 14:35:00+00:00,26.425,78.08333333333333
2026-03-31 14:40:00+00:00,26.400000000000002,77.66666666666667
2026-03-31 14:45:00+00:00,26.375,77.25
2026-03-31 14:50:00+00:00,26.35,76.83333333333333
2026-03-31 14:55:00+00:00,26.325,76.41666666666667
2026-03-31 15:00:00+00:00,26.3,76.0
2026-03-31 15:05:00+00:00,26.208333333333336,76.66666666666667
2026-03-31 15:10:00+00:00,26.116666666666667,77.33333333333333
2026-03-31 15:15:00+00:00,26.025,78.0
2026-03-31 15:20:00+00:00,25.933333333333334,78.66666666666667
2026-03-31 15:25:00+00:00,25.84166666666667,79.33333333333333
2026-03-31 15:30:00+00:00,25.75,80.0
2026-03-31 15:35:00+00:00,25.65833333333333,80.66666666666667
2026-03-31 15:40:00+00:00,25.566666666666666,81.33333333333333
2026-03-31 15:45:00+00:00,25.475,82.0
2026-03-31 15:50:00+00:00,25.383333333333333,82.66666666666667
2026-03-31 15:55:00+00:00,25.291666666666664,83.33333333333333
2026-03-31 16:00:00+00:00,25.2,84.0
2026-03-31 16:05:00+00:00,25.15833333333333,84.33333333333333
2026-03-31 16:10:00+00:00,25.116666666666667,84.66666666666667
2026-03-31 16:15:00+00:00,25.075,85.0
2026-03-31 16:20:00+00:00,25.03333333333333,85.33333333333333
2026-03-31 16:25:00+00:00,24.991666666666667,85.66666666666667
2026-03-31 16:30:00+00:00,24.95,86.0
2026-03-31 16:35:00+00:00,24.90833333333333,86.33333333333333
2026-03-31 16:40:00+00:00,24.866666666666667,86.66666666666667
2026-03-31 16:45:00+00:00,24.825,87.0
2026-03-31 16:50:00+00:00,24.78333333333333,87.33333333333333
2026-03-31 16:55:00+00:00,24.741666666666667,87.66666666666667
2026-03-31 17:00:00+00:00,24.7,88.0
2026-03-31 17:05:00+00:00,24.666666666666664,88.16666666666667
2026-03-31 17:10:00+00:00,24.633333333333333,88.33333333333333
2026-03-31 17:15:00+00:00,24.6,88.5
2026-03-31 17:20:00+00:00,24.566666666666666,88.66666666666667
2026-03-31 17:25:00+00:00,24.53333333333333,88.83333333333333
2026-03-31 17:30:00+00:00,24.5,89.0
2026-03-31 17:35:00+00:00,24.46666666666667,89.16666666666667
2026-03-31 17:40:00+00:00,24.433333333333334,89.33333333333333
2026-03-31 17:45:00+00:00,24.4,89.5
2026-03-31 17:50:00+00:00,24.366666666666667,89.66666666666667
2026-03-31 17:55:00+00:00,24.333333333333336,89.83333333333333
2026-03-31 18:00:00+00:00,24.3,90.0
2026-03-31 18:05:00+00:00,24.283333333333335,89.66666666666667
2026-03-31 18:10:00+00:00,24.266666666666666,89.33333333333333
2026-03-31 18:15:00+00:00,24.25,89.0
2026-03-31 18:20:00+00:00,24.233333333333334,88.66666666666667
2026-03-31 18:25:00+00:00,24.21666666666667,88.33333333333333
2026-03-31 18:30:00+00:00,24.200000000000003,88.0
2026-03-31 18:35:00+00:00,24.183333333333334,87.66666666666667
2026-03-31 18:40:00+00:00,24.166666666666668,87.33333333333333
2026-03-31 18:45:00+00:00,24.150000000000002,87.0
2026-03-31 18:50:00+00:00,24.133333333333333,86.66666666666667
2026-03-31 18:55:00+00:00,24.116666666666667,86.33333333333333
2026-03-31 19:00:00+00:00,24.1,86.0
2026-03-31 19:05:00+00:00,24.108333333333334,85.16666666666667
2026-03-31 19:10:00+00:00,24.116666666666667,84.33333333333333
2026-03-31 19:15:00+00:00,24.125,83.5
2026-03-31 19:20:00+00:00,24.133333333333333,82.66666666666667
2026-03-31 19:25:00+00:00,24.141666666666666,81.83333333333333
2026-03-31 19:30:00+00:00,24.15,81.0
2026-03-31 19:35:00+00:00,24.158333333333335,80.16666666666667
2026-03-31 19:40:00+00:00,24.166666666666668,79.33333333333333
2026-03-31 19:45:00+00:00,24.175,78.5
2026-03-31 19:50:00+00:00,24.183333333333334,77.66666666666667
2026-03-31 19:55:00+00:00,24.191666666666666,76.83333333333333
2026-03-31 20:00:00+00:00,24.2,76.0
2026-03-31 20:05:00+00:00,24.175,75.75
2026-03-31 20:10:00+00:00,24.15,75.5
2026-03-31 20:15:00+00:00,24.125,75.25
2026-03-31 20:20:00+00:00,24.099999999999998,75.0
2026-03-31 20:25:00+00:00,24.075,74.75
2026-03-31 20:30:00+00:00,24.049999999999997,74.5
2026-03-31 20:35:00+00:00,24.025,74.25
2026-03-31 20:40:00+00:00,24.0,74.0
2026-03-31 20:45:00+00:00,23.974999999999998,73.75
2026-03-31 20:50:00+00:00,23.95,73.5
2026-03-31 20:55:00+00:00,23.924999999999997,73.25
2026-03-31 21:00:00+00:00,23.9,73.0
2026-03-31 21:05:00+00:00,23.9,72.83333333333333
2026-03-31 21:10:00+00:00,23.9,72.66666666666667
2026-03-31 21:15:00+00:00,23.9,72.5
2026-03-31 21:20:00+00:00,23.9,72.33333333333333
2026-03-31 21:25:00+00:00,23.9,72.16666666666667
2026-03-31 21:30:00+00:00,23.9,72.0
2026-03-31 21:35:00+00:00,23.9,71.83333333333333
2026-03-31 21:40:00+00:00,23.9,71.66666666666667
2026-03-31 21:45:00+00:00,23.9,71.5
2026-03-31 21:50:00+00:00,23.9,71.33333333333333
2026-03-31 21:55:00+00:00,23.9,71.16666666666667
2026-03-31 22:00:00+00:00,23.9,71.0
2026-03-31 22:05:00+00:00,23.9,70.91666666666667
2026-03-31 22:10:00+00:00,23.9,70.83333333333333
2026-03-31 22:15:00+00:00,23.9,70.75
2026-03-31 22:20:00+00:00,23.9,70.66666666666667
2026-03-31 22:25:00+00:00,23.9,70.58333333333333
2026-03-31 22:30:00+00:00,23.9,70.5
2026-03-31 22:35:00+00:00,23.9,70.41666666666667
2026-03-31 22:40:00+00:00,23.9,70.33333333333333
2026-03-31 22:45:00+00:00,23.9,70.25
2026-03-31 22:50:00+00:00,23.9,70.16666666666667
2026-03-31 22:55:00+00:00,23.9,70.08333333333333
2026-03-31 23:00:00+00:00,23.9,70.0
2026-03-31 23:05:00+00:00,23.916666666666664,70.0
2026-03-31 23:10:00+00:00,23.933333333333334,70.0
2026-03-31 23:15:00+00:00,23.95,70.0
2026-03-31 23:20:00+00:00,23.966666666666665,70.0
2026-03-31 23:25:00+00:00,23.983333333333334,70.0
2026-03-31 23:30:00+00:00,24.0,70.0
2026-03-31 23:35:00+00:00,24.016666666666666,70.0
2026-03-31 23:40:00+00:00,24.033333333333335,70.0
2026-03-31 23:45:00+00:00,24.05,70.0
2026-03-31 23:50:00+00:00,24.066666666666666,70.0
2026-03-31 23:55:00+00:00,24.083333333333336,70.0
2026-04-01 00:00:00+00:00,24.1,70.0
2026-04-01 00:05:00+00:00,24.150000000000002,69.91666666666667
2026-04-01 00:10:00+00:00,24.200000000000003,69.83333333333333
2026-04-01 00:15:00+00:00,24.25,69.75
2026-04-01 00:20:00+00:00,24.3,69.66666666666667
2026-04-01 00:25:00+00:00,24.35,69.58333333333333
2026-04-01 00:30:00+00:00,24.4,69.5
2026-04-01 00:35:00+00:00,24.45,69.41666666666667
2026-04-01 00:40:00+00:00,24.5,69.33333333333333
2026-04-01 00:45:00+00:00,24.55,69.25
2026-04-01 00:50:00+00:00,24.599999999999998,69.16666666666667
2026-04-01 00:55:00+00:00,24.65,69.08333333333333
2026-04-01 01:00:00+00:00,24.7,69.0
2026-04-01 01:05:00+00:00,24.741666666666667,68.83333333333333
2026-04-01 01:10:00+00:00,24.78333333333333,68.66666666666667
2026-04-01 01:15:00+00:00,24.825,68.5
2026-04-01 01:20:00+00:00,24.866666666666667,68.33333333333333
2026-04-01 01:25:00+00:00,24.90833333333333,68.16666666666667
2026-04-01 01:30:00+00:00,24.95,68.0
2026-04-01 01:35:00+00:00,24.991666666666667,67.83333333333333
2026-04-01 01:40:00+00:00,25.03333333333333,67.66666666666667
2026-04-01 01:45:00+00:00,25.075,67.5
2026-04-01 01:50:00+00:00,25.116666666666667,67.33333333333333
2026-04-01 01:55:00+00:00,25.15833333333333,67.16666666666667
2026-04-01 02:00:00+00:00,25.2,67.0
2026-04-01 02:05:00+00:00,25.258333333333333,66.83333333333333
2026-04-01 02:10:00+00:00,25.316666666666666,66.66666666666667
2026-04-01 02:15:00+00:00,25.375,66.5
2026-04-01 02:20:00+00:00,25.433333333333334,66.33333333333333
2026-04-01 02:25:00+00:00,25.491666666666667,66.16666666666667
2026-04-01 02:30:00+00:00,25.549999999999997,66.0
2026-04-01 02:35:00+00:00,25.60833333333333,65.83333333333333
2026-04-01 02:40:00+00:00,25.666666666666664,65.66666666666667
2026-04-01 02:45:00+00:00,25.724999999999998,65.5
2026-04-01 02:50:00+00:00,25.78333333333333,65.33333333333333
2026-04-01 02:55:00+00:00,25.841666666666665,65.16666666666667
2026-04-01 03:00:00+00:00,25.9,65.0
2026-04-01 03:05:00+00:00,25.916666666666664,65.0
2026-04-01 03:10:00+00:00,25.933333333333334,65.0
2026-04-01 03:15:00+00:00,25.95,65.0
2026-04-01 03:20:00+00:00,25.966666666666665,65.0
2026-04-01 03:25:00+00:00,25.983333333333334,65.0
2026-04-01 03:30:00+00:00,26.0,65.0
2026-04-01 03:35:00+00:00,26.016666666666666,65.0
2026-04-01 03:40:00+00:00,26.033333333333335,65.0
2026-04-01 03:45:00+00:00,26.05,65.0
2026-04-01 03:50:00+00:00,26.066666666666666,65.0
2026-04-01 03:55:00+00:00,26.083333333333336,65.0
2026-04-01 04:00:00+00:00,26.1,65.0
2026-04-01 04:05:00+00:00,26.125,65.08333333333333
2026-04-01 04:10:00+00:00,26.150000000000002,65.16666666666667
2026-04-01 04:15:00+00:00,26.175,65.25
2026-04-01 04:20:00+00:00,26.2,65.33333333333333
2026-04-01 04:25:00+00:00,26.225,65.41666666666667
2026-04-01 04:30:00+00:00,26.25,65.5
2026-04-01 04:35:00+00:00,26.275,65.58333333333333
2026-04-01 04:40:00+00:00,26.3,65.66666666666667
2026-04-01 04:45:00+00:00,26.325,65.75
2026-04-01 04:50:00+00:00,26.349999999999998,65.83333333333333
2026-04-01 04:55:00+00:00,26.375,65.91666666666667
2026-04-01 05:00:00+00:00,26.4,66.0
2026-04-01 05:05:00+00:00,26.40833333333333,66.0
2026-04-01 05:10:00+00:00,26.416666666666664,66.0
2026-04-01 05:15:00+00:00,26.424999999999997,66.0
2026-04-01 05:20:00+00:00,26.433333333333334,66.0
2026-04-01 05:25:00+00:00,26.441666666666666,66.0
2026-04-01 05:30:00+00:00,26.45,66.0
2026-04-01 05:35:00+00:00,26.458333333333332,66.0
2026-04-01 05:40:00+00:00,26.466666666666665,66.0
2026-04-01 05:45:00+00:00,26.475,66.0
2026-04-01 05:50:00+00:00,26.483333333333334,66.0
2026-04-01 05:55:00+00:00,26.491666666666667,66.0
2026-04-01 06:00:00+00:00,26.5,66.0
2026-04-01 06:05:00+00:00,26.525,66.0
2026-04-01 06:10:00+00:00,26.55,66.0
2026-04-01 06:15:00+00:00,26.575,66.0
2026-04-01 06:20:00+00:00,26.6,66.0
2026-04-01 06:25:00+00:00,26.625,66.0
2026-04-01 06:30:00+00:00,26.65,66.0
2026-04-01 06:35:00+00:00,26.675,66.0
2026-04-01 06:40:00+00:00,26.7,66.0
2026-04-01 06:45:00+00:00,26.725,66.0
2026-04-01 06:50:00+00:00,26.75,66.0
2026-04-01 06:55:00+00:00,26.775000000000002,66.0
2026-04-01 07:00:00+00:00,26.8,66.0
2026-04-01 07:05:00+00:00,26.775000000000002,66.16666666666667
2026-04-01 07:10:00+00:00,26.75,66.33333333333333
2026-04-01 07:15:00+00:00,26.725,66.5
2026-04-01 07:20:00+00:00,26.7,66.66666666666667
2026-04-01 07:25:00+00:00,26.675,66.83333333333333
2026-04-01 07:30:00+00:00,26.65,67.0
2026-04-01 07:35:00+00:00,26.625,67.16666666666667
2026-04-01 07:40:00+00:00,26.6,67.33333333333333
2026-04-01 07:45:00+00:00,26.575,67.5
2026-04-01 07:50:00+00:00,26.55,67.66666666666667
2026-04-01 07:55:00+00:00,26.525,67.83333333333333
2026-04-01 08:00:00+00:00,26.5,68.0
2026-04-01 08:05:00+00:00,26.45,68.33333333333333
2026-04-01 08:10:00+00:00,26.4,68.66666666666667
2026-04-01 08:15:00+00:00,26.35,69.0
2026-04-01 08:20:00+00:00,26.3,69.33333333333333
2026-04-01 08:25:00+00:00,26.25,69.66666666666667
2026-04-01 08:30:00+00:00,26.2,70.0
2026-04-01 08:35:00+00:00,26.15,70.33333333333333
2026-04-01 08:40:00+00:00,26.099999999999998,70.66666666666667
2026-04-01 08:45:00+00:00,26.049999999999997,71.0
2026-04-01 08:50:00+00:00,26.0,71.33333333333333
2026-04-01 08:55:00+00:00,25.95,71.66666666666667
2026-04-01 09:00:00+00:00,25.9,72.0
2026-04-01 09:05:00+00:00,25.825,72.33333333333333
2026-04-01 09:10:00+00:00,25.75,72.66666666666667
2026-04-01 09:15:00+00:00,25.674999999999997,73.0
2026-04-01 09:20:00+00:00,25.599999999999998,73.33333333333333
2026-04-01 09:25:00+00:00,25.525,73.66666666666667
2026-04-01 09:30:00+00:00,25.45,74.0
2026-04-01 09:35:00+00:00,25.375,74.33333333333333
2026-04-01 09:40:00+00:00,25.3,74.66666666666667
2026-04-01 09:45:00+00:00,25.225,75.0
2026-04-01 09:50:00+00:00,25.15,75.33333333333333
2026-04-01 09:55:00+00:00,25.075,75.66666666666667
2026-04-01 10:00:00+00:00,25.0,76.0
2026-04-01 10:05:00+00:00,24.916666666666668,76.33333333333333
2026-04-01 10:10:00+00:00,24.833333333333332,76.66666666666667
2026-04-01 10:15:00+00:00,24.75,77.0
2026-04-01 10:20:00+00:00,24.666666666666668,77.33333333333333
2026-04-01 10:25:00+00:00,24.583333333333332,77.66666666666667
2026-04-01 10:30:00+00:00,24.5,78.0
2026-04-01 10:35:00+00:00,24.416666666666668,78.33333333333333
2026-04-01 10:40:00+00:00,24.333333333333332,78.66666666666667
2026-04-01 10:45:00+00:00,24.25,79.0
2026-04-01 10:50:00+00:00,24.166666666666668,79.33333333333333
2026-04-01 10:55:00+00:00,24.083333333333332,79.66666666666667
2026-04-01 11:00:00+00:00,24.0,80.0
2026-04-01 11:05:00+00:00,23.958333333333332,80.33333333333333
2026-04-01 11:10:00+00:00,23.916666666666668,80.66666666666667
2026-04-01 11:15:00+00:00,23.875,81.0
2026-04-01 11:20:00+00:00,23.833333333333332,81.33333333333333
2026-04-01 11:25:00+00:00,23.791666666666668,81.66666666666667
2026-04-01 11:30:00+00:00,23.75,82.0
2026-04-01 11:35:00+00:00,23.708333333333332,82.33333333333333
2026-04-01 11:40:00+00:00,23.666666666666668,82.66666666666667
2026-04-01 11:45:00+00:00,23.625,83.0
2026-04-01 11:50:00+00:00,23.583333333333332,83.33333333333333
2026-04-01 11:55:00+00:00,23.541666666666668,83.66666666666667
2026-04-01 12:00:00+00:00,23.5,84.0
2026-04-01 12:05:00+00:00,23.475,84.25
2026-04-01 12:10:00+00:00,23.45,84.5
2026-04-01 12:15:00+00:00,23.425,84.75
2026-04-01 12:20:00+00:00,23.4,85.0
2026-04-01 12:25:00+00:00,23.375,85.25
2026-04-01 12:30:00+00:00,23.35,85.5
2026-04-01 12:35:00+00:00,23.325,85.75
2026-04-01 12:40:00+00:00,23.3,86.0
2026-04-01 12:45:00+00:00,23.275,86.25
2026-04-01 12:50:00+00:00,23.25,86.5
2026-04-01 12:55:00+00:00,23.224999999999998,86.75
2026-04-01 13:00:00+00:00,23.2,87.0
2026-04-01 13:05:00+00:00,23.183333333333334,87.25
2026-04-01 13:10:00+00:00,23.166666666666664,87.5
2026-04-01 13:15:00+00:00,23.15,87.75
2026-04-01 13:20:00+00:00,23.133333333333333,88.0
2026-04-01 13:25:00+00:00,23.116666666666667,88.25
2026-04-01 13:30:00+00:00,23.1,88.5
2026-04-01 13:35:00+00:00,23.083333333333332,88.75
2026-04-01 13:40:00+00:00,23.066666666666666,89.0
2026-04-01 13:45:00+00:00,23.05,89.25
2026-04-01 13:50:00+00:00,23.03333333333333,89.5
2026-04-01 13:55:00+00:00,23.016666666666666,89.75
2026-04-01 14:00:00+00:00,23.0,90.0
2026-04-01 14:05:00+00:00,22.983333333333334,90.25
2026-04-01 14:10:00+00:00,22.96666666666667,90.5
2026-04-01 14:15:00+00:00,22.95,90.75
2026-04-01 14:20:00+00:00,22.933333333333334,91.0
2026-04-01 14:25:00+00:00,22.916666666666668,91.25
2026-04-01 14:30:00+00:00,22.9,91.5
2026-04-01 14:35:00+00:00,22.883333333333333,91.75
2026-04-01 14:40:00+00:00,22.866666666666667,92.0
2026-04-01 14:45:00+00:00,22.85,92.25
2026-04-01 14:50:00+00:00,22.833333333333336,92.5
2026-04-01 14:55:00+00:00,22.816666666666666,92.75
2026-04-01 15:00:00+00:00,22.8,93.0
2026-04-01 15:05:00+00:00,22.783333333333335,93.08333333333333
2026-04-01 15:10:00+00:00,22.766666666666666,93.16666666666667
2026-04-01 15:15:00+00:00,22.75,93.25
2026-04-01 15:20:00+00:00,22.733333333333334,93.33333333333333
2026-04-01 15:25:00+00:00,22.71666666666667,93.41666666666667
2026-04-01 15:30:00+00:00,22.700000000000003,93.5
2026-04-01 15:35:00+00:00,22.683333333333334,93.58333333333333
2026-04-01 15:40:00+00:00,22.666666666666668,93.66666666666667
2026-04-01 15:45:00+00:00,22.650000000000002,93.75
2026-04-01 15:50:00+00:00,22.633333333333333,93.83333333333333
2026-04-01 15:55:00+00:00,22.616666666666667,93.91666666666667
2026-04-01 16:00:00+00:00,22.6,94.0
2026-04-01 16:05:00+00:00,22.575000000000003,94.16666666666667
2026-04-01 16:10:00+00:00,22.55,94.33333333333333
2026-04-01 16:15:00+00:00,22.525000000000002,94.5
2026-04-01 16:20:00+00:00,22.5,94.66666666666667
2026-04-01 16:25:00+00:00,22.475,94.83333333333333
2026-04-01 16:30:00+00:00,22.450000000000003,95.0
2026-04-01 16:35:00+00:00,22.425,95.16666666666667
2026-04-01 16:40:00+00:00,22.400000000000002,95.33333333333333
2026-04-01 16:45:00+00:00,22.375,95.5
2026-04-01 16:50:00+00:00,22.35,95.66666666666667
2026-04-01 16:55:00+00:00,22.325,95.83333333333333
2026-04-01 17:00:00+00:00,22.3,96.0
2026-04-01 17:05:00+00:00,22.266666666666666,96.16666666666667
2026-04-01 17:10:00+00:00,22.233333333333334,96.33333333333333
2026-04-01 17:15:00+00:00,22.2,96.5
2026-04-01 17:20:00+00:00,22.166666666666668,96.66666666666667
2026-04-01 17:25:00+00:00,22.133333333333333,96.83333333333333
2026-04-01 17:30:00+00:00,22.1,97.0
2026-04-01 17:35:00+00:00,22.066666666666666,97.16666666666667
2026-04-01 17:40:00+00:00,22.03333333333333,97.33333333333333
2026-04-01 17:45:00+00:00,22.0,97.5
2026-04-01 17:50:00+00:00,21.966666666666665,97.66666666666667
2026-04-01 17:55:00+00:00,21.933333333333334,97.83333333333333
2026-04-01 18:00:00+00:00,21.9,98.0
2026-04-01 18:05:00+00:00,21.875,98.16666666666667
2026-04-01 18:10:00+00:00,21.849999999999998,98.33333333333333
2026-04-01 18:15:00+00:00,21.825,98.5
2026-04-01 18:20:00+00:00,21.8,98.66666666666667
2026-04-01 18:25:00+00:00,21.775,98.83333333333333
2026-04-01 18:30:00+00:00,21.75,99.0
2026-04-01 18:35:00+00:00,21.725,99.16666666666667
2026-04-01 18:40:00+00:00,21.7,99.33333333333333
2026-04-01 18:45:00+00:00,21.675,99.5
2026-04-01 18:50:00+00:00,21.650000000000002,99.66666666666667
2026-04-01 18:55:00+00:00,21.625,99.83333333333333
2026-04-01 19:00:00+00:00,21.6,100.0
2026-04-01 19:05:00+00:00,21.608333333333334,100.0
2026-04-01 19:10:00+00:00,21.616666666666667,100.0
2026-04-01 19:15:00+00:00,21.625,100.0
2026-04-01 19:20:00+00:00,21.633333333333333,100.0
2026-04-01 19:25:00+00:00,21.641666666666666,100.0
2026-04-01 19:30:00+00:00,21.65,100.0
2026-04-01 19:35:00+00:00,21.658333333333335,100.0
2026-04-01 19:40:00+00:00,21.666666666666668,100.0
2026-04-01 19:45:00+00:00,21.675,100.0
2026-04-01 19:50:00+00:00,21.683333333333334,100.0
2026-04-01 19:55:00+00:00,21.691666666666666,100.0
2026-04-01 20:00:00+00:00,21.7,100.0
2026-04-01 20:05:00+00:00,21.7,100.0
2026-04-01 20:10:00+00:00,21.7,100.0
2026-04-01 20:15:00+00:00,21.7,100.0
2026-04-01 20:20:00+00:00,21.7,100.0
2026-04-01 20:25:00+00:00,21.7,100.0
2026-04-01 20:30:00+00:00,21.7,100.0
2026-04-01 20:35:00+00:00,21.7,100.0
2026-04-01 20:40:00+00:00,21.7,100.0
2026-04-01 20:45:00+00:00,21.7,100.0
2026-04-01 20:50:00+00:00,21.7,100.0
2026-04-01 20:55:00+00:00,21.7,100.0
2026-04-01 21:00:00+00:00,21.7,100.0
2026-04-01 21:05:00+00:00,21.724999999999998,99.83333333333333
2026-04-01 21:10:00+00:00,21.75,99.66666666666667
2026-04-01 21:15:00+00:00,21.775,99.5
2026-04-01 21:20:00+00:00,21.8,99.33333333333333
2026-04-01 21:25:00+00:00,21.825,99.16666666666667
2026-04-01 21:30:00+00:00,21.85,99.0
2026-04-01 21:35:00+00:00,21.875,98.83333333333333
2026-04-01 21:40:00+00:00,21.9,98.66666666666667
2026-04-01 21:45:00+00:00,21.925,98.5
2026-04-01 21:50:00+00:00,21.95,98.33333333333333
2026-04-01 21:55:00+00:00,21.975,98.16666666666667
2026-04-01 22:00:00+00:00,22.0,98.0
2026-04-01 22:05:00+00:00,22.008333333333333,98.0
2026-04-01 22:10:00+00:00,22.016666666666666,98.0
2026-04-01 22:15:00+00:00,22.025,98.0
2026-04-01 22:20:00+00:00,22.033333333333335,98.0
2026-04-01 22:25:00+00:00,22.041666666666668,98.0
2026-04-01 22:30:00+00:00,22.05,98.0
2026-04-01 22:35:00+00:00,22.058333333333334,98.0
2026-04-01 22:40:00+00:00,22.066666666666666,98.0
2026-04-01 22:45:00+00:00,22.075000000000003,98.0
2026-04-01 22:50:00+00:00,22.083333333333336,98.0
2026-04-01 22:55:00+00:00,22.09166666666667,98.0
2026-04-01 23:00:00+00:00,22.1,98.0
2026-04-01 23:05:00+00:00,22.3,97.41666666666667
2026-04-01 23:10:00+00:00,22.5,96.83333333333333
2026-04-01 23:15:00+00:00,22.700000000000003,96.25
2026-04-01 23:20:00+00:00,22.900000000000002,95.66666666666667
2026-04-01 23:25:00+00:00,23.1,95.08333333333333
2026-04-01 23:30:00+00:00,23.3,94.5
2026-04-01 23:35:00+00:00,23.5,93.91666666666667
2026-04-01 23:40:00+00:00,23.7,93.33333333333333
2026-04-01 23:45:00+00:00,23.9,92.75
2026-04-01 23:50:00+00:00,24.1,92.16666666666667
2026-04-01 23:55:00+00:00,24.3,91.58333333333333
2026-04-02 00:00:00+00:00,24.5,91.0
2026-04-02 00:05:00+00:00,24.6,90.5
2026-04-02 00:10:00+00:00,24.7,90.0
2026-04-02 00:15:00+00:00,24.8,89.5
2026-04-02 00:20:00+00:00,24.9,89.0
2026-04-02 00:25:00+00:00,25.0,88.5
2026-04-02 00:30:00+00:00,25.1,88.0
2026-04-02 00:35:00+00:00,25.2,87.5
2026-04-02 00:40:00+00:00,25.3,87.0
2026-04-02 00:45:00+00:00,25.4,86.5
2026-04-02 00:50:00+00:00,25.5,86.0
2026-04-02 00:55:00+00:00,25.599999999999998,85.5
2026-04-02 01:00:00+00:00,25.7,85.0
2026-04-02 01:05:00+00:00,25.833333333333332,84.25
2026-04-02 01:10:00+00:00,25.966666666666665,83.5
2026-04-02 01:15:00+00:00,26.1,82.75
2026-04-02 01:20:00+00:00,26.233333333333334,82.0
2026-04-02 01:25:00+00:00,26.366666666666667,81.25
2026-04-02 01:30:00+00:00,26.5,80.5
2026-04-02 01:35:00+00:00,26.633333333333333,79.75
2026-04-02 01:40:00+00:00,26.766666666666666,79.0
2026-04-02 01:45:00+00:00,26.9,78.25
2026-04-02 01:50:00+00:00,27.033333333333335,77.5
2026-04-02 01:55:00+00:00,27.166666666666668,76.75
2026-04-02 02:00:00+00:00,27.3,76.0
2026-04-02 02:05:00+00:00,27.416666666666668,75.58333333333333
2026-04-02 02:10:00+00:00,27.533333333333335,75.16666666666667
2026-04-02 02:15:00+00:00,27.65,74.75
2026-04-02 02:20:00+00:00,27.766666666666666,74.33333333333333
2026-04-02 02:25:00+00:00,27.883333333333333,73.91666666666667
2026-04-02 02:30:00+00:00,28.0,73.5
2026-04-02 02:35:00+00:00,28.116666666666667,73.08333333333333
2026-04-02 02:40:00+00:00,28.233333333333334,72.66666666666667
2026-04-02 02:45:00+00:00,28.35,72.25
2026-04-02 02:50:00+00:00,28.466666666666665,71.83333333333333
2026-04-02 02:55:00+00:00,28.583333333333332,71.41666666666667
2026-04-02 03:00:00+00:00,28.7,71.0
2026-04-02 03:05:00+00:00,28.775,70.91666666666667
2026-04-02 03:10:00+00:00,28.85,70.83333333333333
2026-04-02 03:15:00+00:00,28.925,70.75
2026-04-02 03:20:00+00:00,29.0,70.66666666666667
2026-04-02 03:25:00+00:00,29.075,70.58333333333333
2026-04-02 03:30:00+00:00,29.15,70.5
2026-04-02 03:35:00+00:00,29.225,70.41666666666667
2026-04-02 03:40:00+00:00,29.3,70.33333333333333
2026-04-02 03:45:00+00:00,29.375,70.25
2026-04-02 03:50:00+00:00,29.450000000000003,70.16666666666667
2026-04-02 03:55:00+00:00,29.525000000000002,70.08333333333333
2026-04-02 04:00:00+00:00,29.6,70.0
2026-04-02 04:05:00+00:00,29.566666666666666,70.25
2026-04-02 04:10:00+00:00,29.533333333333335,70.5
2026-04-02 04:15:00+00:00,29.5,70.75
2026-04-02 04:20:00+00:00,29.46666666666667,71.0
2026-04-02 04:25:00+00:00,29.433333333333334,71.25
2026-04-02 04:30:00+00:00,29.4,71.5
2026-04-02 04:35:00+00:00,29.366666666666667,71.75
2026-04-02 04:40:00+00:00,29.333333333333332,72.0
2026-04-02 04:45:00+00:00,29.3,72.25
2026-04-02 04:50:00+00:00,29.266666666666666,72.5
2026-04-02 04:55:00+00:00,29.233333333333334,72.75
2026-04-02 05:00:00+00:00,29.2,73.0
2026-04-02 05:05:00+00:00,29.175,72.91666666666667
2026-04-02 05:10:00+00:00,29.15,72.83333333333333
2026-04-02 05:15:00+00:00,29.125,72.75
2026-04-02 05:20:00+00:00,29.099999999999998,72.66666666666667
2026-04-02 05:25:00+00:00,29.075,72.58333333333333
2026-04-02 05:30:00+00:00,29.049999999999997,72.5
2026-04-02 05:35:00+00:00,29.025,72.41666666666667
2026-04-02 05:40:00+00:00,29.0,72.33333333333333
2026-04-02 05:45:00+00:00,28.974999999999998,72.25
2026-04-02 05:50:00+00:00,28.95,72.16666666666667
2026-04-02 05:55:00+00:00,28.924999999999997,72.08333333333333
2026-04-02 06:00:00+00:00,28.9,72.0
2026-04-02 06:05:00+00:00,28.849999999999998,72.33333333333333
2026-04-02 06:10:00+00:00,28.799999999999997,72.66666666666667
2026-04-02 06:15:00+00:00,28.75,73.0
2026-04-02 06:20:00+00:00,28.7,73.33333333333333
2026-04-02 06:25:00+00:00,28.65,73.66666666666667
2026-04-02 06:30:00+00:00,28.6,74.0
2026-04-02 06:35:00+00:00,28.55,74.33333333333333
2026-04-02 06:40:00+00:00,28.5,74.66666666666667
2026-04-02 06:45:00+00:00,28.45,75.0
2026-04-02 06:50:00+00:00,28.400000000000002,75.33333333333333
2026-04-02 06:55:00+00:00,28.35,75.66666666666667
2026-04-02 07:00:00+00:00,28.3,76.0
2026-04-02 07:05:00+00:00,28.266666666666666,76.08333333333333
2026-04-02 07:10:00+00:00,28.233333333333334,76.16666666666667
2026-04-02 07:15:00+00:00,28.2,76.25
2026-04-02 07:20:00+00:00,28.166666666666668,76.33333333333333
2026-04-02 07:25:00+00:00,28.133333333333333,76.41666666666667
2026-04-02 07:30:00+00:00,28.1,76.5
2026-04-02 07:35:00+00:00,28.066666666666666,76.58333333333333
2026-04-02 07:40:00+00:00,28.03333333333333,76.66666666666667
2026-04-02 07:45:00+00:00,28.0,76.75
2026-04-02 07:50:00+00:00,27.966666666666665,76.83333333333333
2026-04-02 07:55:00+00:00,27.933333333333334,76.91666666666667
2026-04-02 08:00:00+00:00,27.9,77.0
2026-04-02 08:05:00+00:00,27.849999999999998,77.25
2026-04-02 08:10:00+00:00,27.799999999999997,77.5
2026-04-02 08:15:00+00:00,27.75,77.75
2026-04-02 08:20:00+00:00,27.7,78.0
2026-04-02 08:25:00+00:00,27.65,78.25
2026-04-02 08:30:00+00:00,27.6,78.5
2026-04-02 08:35:00+00:00,27.55,78.75
2026-04-02 08:40:00+00:00,27.5,79.0
2026-04-02 08:45:00+00:00,27.45,79.25
2026-04-02 08:50:00+00:00,27.400000000000002,79.5
2026-04-02 08:55:00+00:00,27.35,79.75
2026-04-02 09:00:00+00:00,27.3,80.0
2026-04-02 09:05:00+00:00,27.241666666666667,80.33333333333333
2026-04-02 09:10:00+00:00,27.183333333333334,80.66666666666667
2026-04-02 09:15:00+00:00,27.125,81.0
2026-04-02 09:20:00+00:00,27.066666666666666,81.33333333333333
2026-04-02 09:25:00+00:00,27.008333333333333,81.66666666666667
2026-04-02 09:30:00+00:00,26.950000000000003,82.0
2026-04-02 09:35:00+00:00,26.89166666666667,82.33333333333333
2026-04-02 09:40:00+00:00,26.833333333333336,82.66666666666667
2026-04-02 09:45:00+00:00,26.775000000000002,83.0
2026-04-02 09:50:00+00:00,26.71666666666667,83.33333333333333
2026-04-02 09:55:00+00:00,26.658333333333335,83.66666666666667
2026-04-02 10:00:00+00:00,26.6,84.0
2026-04-02 10:05:00+00:00,26.533333333333335,84.33333333333333
2026-04-02 10:10:00+00:00,26.46666666666667,84.66666666666667
2026-04-02 10:15:00+00:00,26.400000000000002,85.0
2026-04-02 10:20:00+00:00,26.333333333333336,85.33333333333333
2026-04-02 10:25:00+00:00,26.26666666666667,85.66666666666667
2026-04-02 10:30:00+00:00,26.200000000000003,86.0
2026-04-02 10:35:00+00:00,26.133333333333333,86.33333333333333
2026-04-02 10:40:00+00:00,26.066666666666666,86.66666666666667
2026-04-02 10:45:00+00:00,26.0,87.0
2026-04-02 10:50:00+00:00,25.933333333333334,87.33333333333333
2026-04-02 10:55:00+00:00,25.866666666666667,87.66666666666667
2026-04-02 11:00:00+00:00,25.8,88.0
2026-04-02 11:05:00+00:00,25.766666666666666,88.25
2026-04-02 11:10:00+00:00,25.733333333333334,88.5
2026-04-02 11:15:00+00:00,25.7,88.75
2026-04-02 11:20:00+00:00,25.666666666666668,89.0
2026-04-02 11:25:00+00:00,25.633333333333333,89.25
2026-04-02 11:30:00+00:00,25.6,89.5
2026-04-02 11:35:00+00:00,25.566666666666666,89.75
2026-04-02 11:40:00+00:00,25.53333333333333,90.0
2026-04-02 11:45:00+00:00,25.5,90.25
2026-04-02 11:50:00+00:00,25.466666666666665,90.5
2026-04-02 11:55:00+00:00,25.433333333333334,90.75
2026-04-02 12:00:00+00:00,25.4,91.0
2026-04-02 12:05:00+00:00,25.391666666666666,90.91666666666667
2026-04-02 12:10:00+00:00,25.383333333333333,90.83333333333333
2026-04-02 12:15:00+00:00,25.375,90.75
2026-04-02 12:20:00+00:00,25.366666666666667,90.66666666666667
2026-04-02 12:25:00+00:00,25.358333333333334,90.58333333333333
2026-04-02 12:30:00+00:00,25.35,90.5
2026-04-02 12:35:00+00:00,25.341666666666665,90.41666666666667
2026-04-02 12:40:00+00:00,25.333333333333332,90.33333333333333
2026-04-02 12:45:00+00:00,25.325,90.25
2026-04-02 12:50:00+00:00,25.316666666666666,90.16666666666667
2026-04-02 12:55:00+00:00,25.308333333333334,90.08333333333333
2026-04-02 13:00:00+00:00,25.3,90.0
2026-04-02 13:05:00+00:00,25.291666666666668,90.0
2026-04-02 13:10:00+00:00,25.283333333333335,90.0
2026-04-02 13:15:00+00:00,25.275,90.0
2026-04-02 13:20:00+00:00,25.266666666666666,90.0
2026-04-02 13:25:00+00:00,25.258333333333333,90.0
2026-04-02 13:30:00+00:00,25.25,90.0
2026-04-02 13:35:00+00:00,25.241666666666667,90.0
2026-04-02 13:40:00+00:00,25.233333333333334,90.0
2026-04-02 13:45:00+00:00,25.225,90.0
2026-04-02 13:50:00+00:00,25.216666666666665,90.0
2026-04-02 13:55:00+00:00,25.208333333333332,90.0
2026-04-02 14:00:00+00:00,25.2,90.0
2026-04-02 14:05:00+00:00,25.183333333333334,90.0
2026-04-02 14:10:00+00:00,25.166666666666664,90.0
2026-04-02 14:15:00+00:00,25.15,90.0
2026-04-02 14:20:00+00:00,25.133333333333333,90.0
2026-04-02 14:25:00+00:00,25.116666666666667,90.0
2026-04-02 14:30:00+00:00,25.1,90.0
2026-04-02 14:35:00+00:00,25.083333333333332,90.0
2026-04-02 14:40:00+00:00,25.066666666666666,90.0
2026-04-02 14:45:00+00:00,25.05,90.0
2026-04-02 14:50:00+00:00,25.03333333333333,90.0
2026-04-02 14:55:00+00:00,25.016666666666666,90.0
2026-04-02 15:00:00+00:00,25.0,90.0
2026-04-02 15:05:00+00:00,25.0,90.0
2026-04-02 15:10:00+00:00,25.0,90.0
2026-04-02 15:15:00+00:00,25.0,90.0
2026-04-02 15:20:00+00:00,25.0,90.0
2026-04-02 15:25:00+00:00,25.0,90.0
2026-04-02 15:30:00+00:00,25.0,90.0
2026-04-02 15:35:00+00:00,25.0,90.0
2026-04-02 15:40:00+00:00,25.0,90.0
2026-04-02 15:45:00+00:00,25.0,90.0
2026-04-02 15:50:00+00:00,25.0,90.0
2026-04-02 15:55:00+00:00,25.0,90.0
2026-04-02 16:00:00+00:00,25.0,90.0
2026-04-02 16:05:00+00:00,24.983333333333334,90.08333333333333
2026-04-02 16:10:00+00:00,24.96666666666667,90.16666666666667
2026-04-02 16:15:00+00:00,24.95,90.25
2026-04-02 16:20:00+00:00,24.933333333333334,90.33333333333333
2026-04-02 16:25:00+00:00,24.916666666666668,90.41666666666667
2026-04-02 16:30:00+00:00,24.9,90.5
2026-04-02 16:35:00+00:00,24.883333333333333,90.58333333333333
2026-04-02 16:40:00+00:00,24.866666666666667,90.66666666666667
2026-04-02 16:45:00+00:00,24.85,90.75
2026-04-02 16:50:00+00:00,24.833333333333336,90.83333333333333
2026-04-02 16:55:00+00:00,24.816666666666666,90.91666666666667
2026-04-02 17:00:00+00:00,24.8,91.0
2026-04-02 17:05:00+00:00,24.783333333333335,91.16666666666667
2026-04-02 17:10:00+00:00,24.766666666666666,91.33333333333333
2026-04-02 17:15:00+00:00,24.75,91.5
2026-04-02 17:20:00+00:00,24.733333333333334,91.66666666666667
2026-04-02 17:25:00+00:00,24.71666666666667,91.83333333333333
2026-04-02 17:30:00+00:00,24.700000000000003,92.0
2026-04-02 17:35:00+00:00,24.683333333333334,92.16666666666667
2026-04-02 17:40:00+00:00,24.666666666666668,92.33333333333333
2026-04-02 17:45:00+00:00,24.650000000000002,92.5
2026-04-02 17:50:00+00:00,24.633333333333333,92.66666666666667
2026-04-02 17:55:00+00:00,24.616666666666667,92.83333333333333
2026-04-02 18:00:00+00:00,24.6,93.0
2026-04-02 18:05:00+00:00,24.583333333333336,93.08333333333333
2026-04-02 18:10:00+00:00,24.566666666666666,93.16666666666667
2026-04-02 18:15:00+00:00,24.55,93.25
2026-04-02 18:20:00+00:00,24.533333333333335,93.33333333333333
2026-04-02 18:25:00+00:00,24.516666666666666,93.41666666666667
2026-04-02 18:30:00+00:00,24.5,93.5
2026-04-02 18:35:00+00:00,24.483333333333334,93.58333333333333
2026-04-02 18:40:00+00:00,24.466666666666665,93.66666666666667
2026-04-02 18:45:00+00:00,24.45,93.75
2026-04-02 18:50:00+00:00,24.433333333333334,93.83333333333333
2026-04-02 18:55:00+00:00,24.416666666666664,93.91666666666667
2026-04-02 19:00:00+00:00,24.4,94.0
2026-04-02 19:05:00+00:00,24.391666666666666,94.08333333333333
2026-04-02 19:10:00+00:00,24.383333333333333,94.16666666666667
2026-04-02 19:15:00+00:00,24.375,94.25
2026-04-02 19:20:00+00:00,24.366666666666667,94.33333333333333
2026-04-02 19:25:00+00:00,24.358333333333334,94.41666666666667
2026-04-02 19:30:00+00:00,24.35,94.5
2026-04-02 19:35:00+00:00,24.341666666666665,94.58333333333333
2026-04-02 19:40:00+00:00,24.333333333333332,94.66666666666667
2026-04-02 19:45:00+00:00,24.325,94.75
2026-04-02 19:50:00+00:00,24.316666666666666,94.83333333333333
2026-04-02 19:55:00+00:00,24.308333333333334,94.91666666666667
2026-04-02 20:00:00+00:00,24.3,95.0
2026-04-02 20:05:00+00:00,24.283333333333335,95.08333333333333
2026-04-02 20:10:00+00:00,24.266666666666666,95.16666666666667
2026-04-02 20:15:00+00:00,24.25,95.25
2026-04-02 20:20:00+00:00,24.233333333333334,95.33333333333333
2026-04-02 20:25:00+00:00,24.21666666666667,95.41666666666667
2026-04-02 20:30:00+00:00,24.200000000000003,95.5
2026-04-02 20:35:00+00:00,24.183333333333334,95.58333333333333
2026-04-02 20:40:00+00:00,24.166666666666668,95.66666666666667
2026-04-02 20:45:00+00:00,24.150000000000002,95.75
2026-04-02 20:50:00+00:00,24.133333333333333,95.83333333333333
2026-04-02 20:55:00+00:00,24.116666666666667,95.91666666666667
2026-04-02 21:00:00+00:00,24.1,96.0
2026-04-02 21:05:00+00:00,24.09166666666667,96.08333333333333
2026-04-02 21:10:00+00:00,24.083333333333336,96.16666666666667
2026-04-02 21:15:00+00:00,24.075000000000003,96.25
2026-04-02 21:20:00+00:00,24.066666666666666,96.33333333333333
2026-04-02 21:25:00+00:00,24.058333333333334,96.41666666666667
2026-04-02 21:30:00+00:00,24.05,96.5
2026-04-02 21:35:00+00:00,24.041666666666668,96.58333333333333
2026-04-02 21:40:00+00:00,24.033333333333335,96.66666666666667
2026-04-02 21:45:00+00:00,24.025,96.75
2026-04-02 21:50:00+00:00,24.016666666666666,96.83333333333333
2026-04-02 21:55:00+00:00,24.008333333333333,96.91666666666667
2026-04-02 22:00:00+00:00,24.0,97.0
2026-04-02 22:05:00+00:00,23.991666666666667,97.08333333333333
2026-04-02 22:10:00+00:00,23.983333333333334,97.16666666666667
2026-04-02 22:15:00+00:00,23.975,97.25
2026-04-02 22:20:00+00:00,23.966666666666665,97.33333333333333
2026-04-02 22:25:00+00:00,23.958333333333332,97.41666666666667
2026-04-02 22:30:00+00:00,23.95,97.5
2026-04-02 22:35:00+00:00,23.941666666666666,97.58333333333333
2026-04-02 22:40:00+00:00,23.933333333333334,97.66666666666667
2026-04-02 22:45:00+00:00,23.924999999999997,97.75
2026-04-02 22:50:00+00:00,23.916666666666664,97.83333333333333
2026-04-02 22:55:00+00:00,23.90833333333333,97.91666666666667
2026-04-02 23:00:00+00:00,23.9,98.0
2026-04-02 23:05:00+00:00,23.966666666666665,97.75
2026-04-02 23:10:00+00:00,24.03333333333333,97.5
2026-04-02 23:15:00+00:00,24.099999999999998,97.25
2026-04-02 23:20:00+00:00,24.166666666666664,97.0
2026-04-02 23:25:00+00:00,24.23333333333333,96.75
2026-04-02 23:30:00+00:00,24.299999999999997,96.5
2026-04-02 23:35:00+00:00,24.366666666666667,96.25
2026-04-02 23:40:00+00:00,24.433333333333334,96.0
2026-04-02 23:45:00+00:00,24.5,95.75
2026-04-02 23:50:00+00:00,24.566666666666666,95.5
2026-04-02 23:55:00+00:00,24.633333333333333,95.25
2026-04-03 00:00:00+00:00,24.7,95.0
2026-04-03 00:05:00+00:00,24.849999999999998,94.33333333333333
2026-04-03 00:10:00+00:00,25.0,93.66666666666667
2026-04-03 00:15:00+00:00,25.15,93.0
2026-04-03 00:20:00+00:00,25.3,92.33333333333333
2026-04-03 00:25:00+00:00,25.45,91.66666666666667
2026-04-03 00:30:00+00:00,25.6,91.0
2026-04-03 00:35:00+00:00,25.75,90.33333333333333
2026-04-03 00:40:00+00:00,25.9,89.66666666666667
2026-04-03 00:45:00+00:00,26.05,89.0
2026-04-03 00:50:00+00:00,26.2,88.33333333333333
2026-04-03 00:55:00+00:00,26.35,87.66666666666667
2026-04-03 01:00:00+00:00,26.5,87.0
2026-04-03 01:05:00+00:00,26.666666666666668,86.41666666666667
2026-04-03 01:10:00+00:00,26.833333333333332,85.83333333333333
2026-04-03 01:15:00+00:00,27.0,85.25
2026-04-03 01:20:00+00:00,27.166666666666668,84.66666666666667
2026-04-03 01:25:00+00:00,27.333333333333332,84.08333333333333
2026-04-03 01:30:00+00:00,27.5,83.5
2026-04-03 01:35:00+00:00,27.666666666666668,82.91666666666667
2026-04-03 01:40:00+00:00,27.833333333333332,82.33333333333333
2026-04-03 01:45:00+00:00,28.0,81.75
2026-04-03 01:50:00+00:00,28.166666666666668,81.16666666666667
2026-04-03 01:55:00+00:00,28.333333333333332,80.58333333333333
2026-04-03 02:00:00+00:00,28.5,80.0
2026-04-03 02:05:00+00:00,28.666666666666668,79.33333333333333
2026-04-03 02:10:00+00:00,28.833333333333332,78.66666666666667
2026-04-03 02:15:00+00:00,29.0,78.0
2026-04-03 02:20:00+00:00,29.166666666666668,77.33333333333333
2026-04-03 02:25:00+00:00,29.333333333333332,76.66666666666667
2026-04-03 02:30:00+00:00,29.5,76.0
2026-04-03 02:35:00+00:00,29.666666666666668,75.33333333333333
2026-04-03 02:40:00+00:00,29.833333333333332,74.66666666666667
2026-04-03 02:45:00+00:00,30.0,74.0
2026-04-03 02:50:00+00:00,30.166666666666668,73.33333333333333
2026-04-03 02:55:00+00:00,30.333333333333332,72.66666666666667
2026-04-03 03:00:00+00:00,30.5,72.0
2026-04-03 03:05:00+00:00,30.633333333333333,71.58333333333333
2026-04-03 03:10:00+00:00,30.766666666666666,71.16666666666667
2026-04-03 03:15:00+00:00,30.9,70.75
2026-04-03 03:20:00+00:00,31.033333333333335,70.33333333333333
2026-04-03 03:25:00+00:00,31.166666666666668,69.91666666666667
2026-04-03 03:30:00+00:00,31.3,69.5
2026-04-03 03:35:00+00:00,31.433333333333334,69.08333333333333
2026-04-03 03:40:00+00:00,31.566666666666666,68.66666666666667
2026-04-03 03:45:00+00:00,31.700000000000003,68.25
2026-04-03 03:50:00+00:00,31.833333333333336,67.83333333333333
2026-04-03 03:55:00+00:00,31.96666666666667,67.41666666666667
2026-04-03 04:00:00+00:00,32.1,67.0
2026-04-03 04:05:00+00:00,32.2,66.83333333333333
2026-04-03 04:10:00+00:00,32.3,66.66666666666667
2026-04-03 04:15:00+00:00,32.4,66.5
2026-04-03 04:20:00+00:00,32.5,66.33333333333333
2026-04-03 04:25:00+00:00,32.6,66.16666666666667
2026-04-03 04:30:00+00:00,32.7,66.0
2026-04-03 04:35:00+00:00,32.8,65.83333333333333
2026-04-03 04:40:00+00:00,32.9,65.66666666666667
2026-04-03 04:45:00+00:00,33.0,65.5
2026-04-03 04:50:00+00:00,33.099999999999994,65.33333333333333
2026-04-03 04:55:00+00:00,33.199999999999996,65.16666666666667
2026-04-03 05:00:00+00:00,33.3,65.0
2026-04-03 05:05:00+00:00,33.358333333333334,65.0
2026-04-03 05:10:00+00:00,33.416666666666664,65.0
2026-04-03 05:15:00+00:00,33.474999999999994,65.0
2026-04-03 05:20:00+00:00,33.53333333333333,65.0
2026-04-03 05:25:00+00:00,33.59166666666667,65.0
2026-04-03 05:30:00+00:00,33.65,65.0
2026-04-03 05:35:00+00:00,33.70833333333333,65.0
2026-04-03 05:40:00+00:00,33.766666666666666,65.0
2026-04-03 05:45:00+00:00,33.825,65.0
2026-04-03 05:50:00+00:00,33.88333333333333,65.0
2026-04-03 05:55:00+00:00,33.94166666666666,65.0
2026-04-03 06:00:00+00:00,34.0,65.0
2026-04-03 06:05:00+00:00,34.0,65.08333333333333
2026-04-03 06:10:00+00:00,34.0,65.16666666666667
2026-04-03 06:15:00+00:00,34.0,65.25
2026-04-03 06:20:00+00:00,34.0,65.33333333333333
2026-04-03 06:25:00+00:00,34.0,65.41666666666667
2026-04-03 06:30:00+00:00,34.0,65.5
2026-04-03 06:35:00+00:00,34.0,65.58333333333333
2026-04-03 06:40:00+00:00,34.0,65.66666666666667
2026-04-03 06:45:00+00:00,34.0,65.75
2026-04-03 06:50:00+00:00,34.0,65.83333333333333
2026-04-03 06:55:00+00:00,34.0,65.91666666666667
2026-04-03 07:00:00+00:00,34.0,66.0
2026-04-03 07:05:00+00:00,33.93333333333334,66.08333333333333
2026-04-03 07:10:00+00:00,33.86666666666667,66.16666666666667
2026-04-03 07:15:00+00:00,33.8,66.25
2026-04-03 07:20:00+00:00,33.733333333333334,66.33333333333333
2026-04-03 07:25:00+00:00,33.66666666666667,66.41666666666667
2026-04-03 07:30:00+00:00,33.6,66.5
2026-04-03 07:35:00+00:00,33.53333333333333,66.58333333333333
2026-04-03 07:40:00+00:00,33.46666666666667,66.66666666666667
2026-04-03 07:45:00+00:00,33.400000000000006,66.75
2026-04-03 07:50:00+00:00,33.333333333333336,66.83333333333333
2026-04-03 07:55:00+00:00,33.266666666666666,66.91666666666667
2026-04-03 08:00:00+00:00,33.2,67.0
2026-04-03 08:05:00+00:00,33.04166666666667,67.25
2026-04-03 08:10:00+00:00,32.88333333333333,67.5
2026-04-03 08:15:00+00:00,32.725,67.75
2026-04-03 08:20:00+00:00,32.56666666666667,68.0
2026-04-03 08:25:00+00:00,32.40833333333334,68.25
2026-04-03 08:30:00+00:00,32.25,68.5
2026-04-03 08:35:00+00:00,32.09166666666667,68.75
2026-04-03 08:40:00+00:00,31.933333333333334,69.0
2026-04-03 08:45:00+00:00,31.775000000000002,69.25
2026-04-03 08:50:00+00:00,31.616666666666667,69.5
2026-04-03 08:55:00+00:00,31.458333333333336,69.75
2026-04-03 09:00:00+00:00,31.3,70.0
2026-04-03 09:05:00+00:00,31.158333333333335,70.5
2026-04-03 09:10:00+00:00,31.016666666666666,71.0
2026-04-03 09:15:00+00:00,30.875,71.5
2026-04-03 09:20:00+00:00,30.733333333333334,72.0
2026-04-03 09:25:00+00:00,30.59166666666667,72.5
2026-04-03 09:30:00+00:00,30.45,73.0
2026-04-03 09:35:00+00:00,30.308333333333334,73.5
2026-04-03 09:40:00+00:00,30.166666666666668,74.0
2026-04-03 09:45:00+00:00,30.025000000000002,74.5
2026-04-03 09:50:00+00:00,29.883333333333333,75.0
2026-04-03 09:55:00+00:00,29.741666666666667,75.5
2026-04-03 10:00:00+00:00,29.6,76.0
2026-04-03 10:05:00+00:00,29.525000000000002,75.66666666666667
2026-04-03 10:10:00+00:00,29.450000000000003,75.33333333333333
2026-04-03 10:15:00+00:00,29.375,75.0
2026-04-03 10:20:00+00:00,29.3,74.66666666666667
2026-04-03 10:25:00+00:00,29.225,74.33333333333333
2026-04-03 10:30:00+00:00,29.15,74.0
2026-04-03 10:35:00+00:00,29.075,73.66666666666667
2026-04-03 10:40:00+00:00,29.0,73.33333333333333
2026-04-03 10:45:00+00:00,28.925,73.0
2026-04-03 10:50:00+00:00,28.85,72.66666666666667
2026-04-03 10:55:00+00:00,28.775,72.33333333333333
2026-04-03 11:00:00+00:00,28.7,72.0
2026-04-03 11:05:00+00:00,28.641666666666666,72.16666666666667
2026-04-03 11:10:00+00:00,28.583333333333332,72.33333333333333
2026-04-03 11:15:00+00:00,28.525,72.5
2026-04-03 11:20:00+00:00,28.466666666666665,72.66666666666667
2026-04-03 11:25:00+00:00,28.40833333333333,72.83333333333333
2026-04-03 11:30:00+00:00,28.35,73.0
2026-04-03 11:35:00+00:00,28.291666666666668,73.16666666666667
2026-04-03 11:40:00+00:00,28.233333333333334,73.33333333333333
2026-04-03 11:45:00+00:00,28.175,73.5
2026-04-03 11:50:00+00:00,28.116666666666667,73.66666666666667
2026-04-03 11:55:00+00:00,28.058333333333334,73.83333333333333
2026-04-03 12:00:00+00:00,28.0,74.0
2026-04-03 12:05:00+00:00,27.96666666666667,74.25
2026-04-03 12:10:00+00:00,27.933333333333334,74.5
2026-04-03 12:15:00+00:00,27.9,74.75
2026-04-03 12:20:00+00:00,27.866666666666667,75.0
2026-04-03 12:25:00+00:00,27.833333333333336,75.25
2026-04-03 12:30:00+00:00,27.8,75.5
2026-04-03 12:35:00+00:00,27.766666666666666,75.75
2026-04-03 12:40:00+00:00,27.733333333333334,76.0
2026-04-03 12:45:00+00:00,27.700000000000003,76.25
2026-04-03 12:50:00+00:00,27.666666666666668,76.5
2026-04-03 12:55:00+00:00,27.633333333333333,76.75
2026-04-03 13:00:00+00:00,27.6,77.0
2026-04-03 13:05:00+00:00,27.541666666666668,77.25
2026-04-03 13:10:00+00:00,27.483333333333334,77.5
2026-04-03 13:15:00+00:00,27.425,77.75
2026-04-03 13:20:00+00:00,27.366666666666667,78.0
2026-04-03 13:25:00+00:00,27.308333333333334,78.25
2026-04-03 13:30:00+00:00,27.25,78.5
2026-04-03 13:35:00+00:00,27.191666666666666,78.75
2026-04-03 13:40:00+00:00,27.133333333333333,79.0
2026-04-03 13:45:00+00:00,27.075,79.25
2026-04-03 13:50:00+00:00,27.016666666666666,79.5
2026-04-03 13:55:00+00:00,26.958333333333332,79.75
2026-04-03 14:00:00+00:00,26.9,80.0
2026-04-03 14:05:00+00:00,26.90833333333333,79.75
2026-04-03 14:10:00+00:00,26.916666666666664,79.5
2026-04-03 14:15:00+00:00,26.924999999999997,79.25
2026-04-03 14:20:00+00:00,26.933333333333334,79.0
2026-04-03 14:25:00+00:00,26.941666666666666,78.75
2026-04-03 14:30:00+00:00,26.95,78.5
2026-04-03 14:35:00+00:00,26.958333333333332,78.25
2026-04-03 14:40:00+00:00,26.966666666666665,78.0
2026-04-03 14:45:00+00:00,26.975,77.75
2026-04-03 14:50:00+00:00,26.983333333333334,77.5
2026-04-03 14:55:00+00:00,26.991666666666667,77.25
2026-04-03 15:00:00+00:00,27.0,77.0
2026-04-03 15:05:00+00:00,27.0,76.5
2026-04-03 15:10:00+00:00,27.0,76.0
2026-04-03 15:15:00+00:00,27.0,75.5
2026-04-03 15:20:00+00:00,27.0,75.0
2026-04-03 15:25:00+00:00,27.0,74.5
2026-04-03 15:30:00+00:00,27.0,74.0
2026-04-03 15:35:00+00:00,27.0,73.5
2026-04-03 15:40:00+00:00,27.0,73.0
2026-04-03 15:45:00+00:00,27.0,72.5
2026-04-03 15:50:00+00:00,27.0,72.0
2026-04-03 15:55:00+00:00,27.0,71.5
2026-04-03 16:00:00+00:00,27.0,71.0
2026-04-03 16:05:00+00:00,26.883333333333333,71.33333333333333
2026-04-03 16:10:00+00:00,26.766666666666666,71.66666666666667
2026-04-03 16:15:00+00:00,26.65,72.0
2026-04-03 16:20:00+00:00,26.533333333333335,72.33333333333333
2026-04-03 16:25:00+00:00,26.416666666666668,72.66666666666667
2026-04-03 16:30:00+00:00,26.3,73.0
2026-04-03 16:35:00+00:00,26.183333333333334,73.33333333333333
2026-04-03 16:40:00+00:00,26.066666666666666,73.66666666666667
2026-04-03 16:45:00+00:00,25.950000000000003,74.0
2026-04-03 16:50:00+00:00,25.833333333333336,74.33333333333333
2026-04-03 16:55:00+00:00,25.71666666666667,74.66666666666667
2026-04-03 17:00:00+00:00,25.6,75.0
2026-04-03 17:05:00+00:00,25.475,76.08333333333333
2026-04-03 17:10:00+00:00,25.35,77.16666666666667
2026-04-03 17:15:00+00:00,25.225,78.25
2026-04-03 17:20:00+00:00,25.1,79.33333333333333
2026-04-03 17:25:00+00:00,24.975,80.41666666666667
2026-04-03 17:30:00+00:00,24.85,81.5
2026-04-03 17:35:00+00:00,24.725,82.58333333333333
2026-04-03 17:40:00+00:00,24.6,83.66666666666667
2026-04-03 17:45:00+00:00,24.475,84.75
2026-04-03 17:50:00+00:00,24.35,85.83333333333333
2026-04-03 17:55:00+00:00,24.225,86.91666666666667
2026-04-03 18:00:00+00:00,24.1,88.0
2026-04-03 18:05:00+00:00,24.066666666666666,88.41666666666667
2026-04-03 18:10:00+00:00,24.033333333333335,88.83333333333333
2026-04-03 18:15:00+00:00,24.0,89.25
2026-04-03 18:20:00+00:00,23.96666666666667,89.66666666666667
2026-04-03 18:25:00+00:00,23.933333333333334,90.08333333333333
2026-04-03 18:30:00+00:00,23.9,90.5
2026-04-03 18:35:00+00:00,23.866666666666667,90.91666666666667
2026-04-03 18:40:00+00:00,23.833333333333332,91.33333333333333
2026-04-03 18:45:00+00:00,23.8,91.75
2026-04-03 18:50:00+00:00,23.766666666666666,92.16666666666667
2026-04-03 18:55:00+00:00,23.733333333333334,92.58333333333333
2026-04-03 19:00:00+00:00,23.7,93.0
2026-04-03 19:05:00+00:00,23.675,93.33333333333333
2026-04-03 19:10:00+00:00,23.65,93.66666666666667
2026-04-03 19:15:00+00:00,23.625,94.0
2026-04-03 19:20:00+00:00,23.599999999999998,94.33333333333333
2026-04-03 19:25:00+00:00,23.575,94.66666666666667
2026-04-03 19:30:00+00:00,23.549999999999997,95.0
2026-04-03 19:35:00+00:00,23.525,95.33333333333333
2026-04-03 19:40:00+00:00,23.5,95.66666666666667
2026-04-03 19:45:00+00:00,23.474999999999998,96.0
2026-04-03 19:50:00+00:00,23.45,96.33333333333333
2026-04-03 19:55:00+00:00,23.424999999999997,96.66666666666667
2026-04-03 20:00:00+00:00,23.4,97.0
2026-04-03 20:05:00+00:00,23.383333333333333,97.08333333333333
2026-04-03 20:10:00+00:00,23.366666666666667,97.16666666666667
2026-04-03 20:15:00+00:00,23.349999999999998,97.25
2026-04-03 20:20:00+00:00,23.333333333333332,97.33333333333333
2026-04-03 20:25:00+00:00,23.316666666666666,97.41666666666667
2026-04-03 20:30:00+00:00,23.299999999999997,97.5
2026-04-03 20:35:00+00:00,23.28333333333333,97.58333333333333
2026-04-03 20:40:00+00:00,23.266666666666666,97.66666666666667
2026-04-03 20:45:00+00:00,23.25,97.75
2026-04-03 20:50:00+00:00,23.233333333333334,97.83333333333333
2026-04-03 20:55:00+00:00,23.216666666666665,97.91666666666667
2026-04-03 21:00:00+00:00,23.2,98.0
2026-04-03 21:05:00+00:00,23.241666666666667,97.91666666666667
2026-04-03 21:10:00+00:00,23.28333333333333,97.83333333333333
2026-04-03 21:15:00+00:00,23.325,97.75
2026-04-03 21:20:00+00:00,23.366666666666667,97.66666666666667
2026-04-03 21:25:00+00:00,23.40833333333333,97.58333333333333
2026-04-03 21:30:00+00:00,23.45,97.5
2026-04-03 21:35:00+00:00,23.491666666666667,97.41666666666667
2026-04-03 21:40:00+00:00,23.53333333333333,97.33333333333333
2026-04-03 21:45:00+00:00,23.575,97.25
2026-04-03 21:50:00+00:00,23.616666666666667,97.16666666666667
2026-04-03 21:55:00+00:00,23.65833333333333,97.08333333333333
2026-04-03 22:00:00+00:00,23.7,97.0
2026-04-03 22:05:00+00:00,23.691666666666666,96.91666666666667
2026-04-03 22:10:00+00:00,23.683333333333334,96.83333333333333
2026-04-03 22:15:00+00:00,23.675,96.75
2026-04-03 22:20:00+00:00,23.666666666666668,96.66666666666667
2026-04-03 22:25:00+00:00,23.658333333333335,96.58333333333333
2026-04-03 22:30:00+00:00,23.65,96.5
2026-04-03 22:35:00+00:00,23.641666666666666,96.41666666666667
2026-04-03 22:40:00+00:00,23.633333333333333,96.33333333333333
2026-04-03 22:45:00+00:00,23.625,96.25
2026-04-03 22:50:00+00:00,23.616666666666667,96.16666666666667
2026-04-03 22:55:00+00:00,23.608333333333334,96.08333333333333
2026-04-03 23:00:00+00:00,23.6,96.0
2026-04-03 23:05:00+00:00,23.691666666666666,95.66666666666667
2026-04-03 23:10:00+00:00,23.783333333333335,95.33333333333333
2026-04-03 23:15:00+00:00,23.875,95.0
2026-04-03 23:20:00+00:00,23.96666666666667,94.66666666666667
2026-04-03 23:25:00+00:00,24.058333333333334,94.33333333333333
2026-04-03 23:30:00+00:00,24.15,94.0
2026-04-03 23:35:00+00:00,24.241666666666667,93.66666666666667
2026-04-03 23:40:00+00:00,24.333333333333332,93.33333333333333
2026-04-03 23:45:00+00:00,24.425,93.0
2026-04-03 23:50:00+00:00,24.516666666666666,92.66666666666667
2026-04-03 23:55:00+00:00,24.608333333333334,92.33333333333333
2026-04-04 00:00:00+00:00,24.7,92.0
2026-04-04 00:05:00+00:00,24.816666666666666,91.41666666666667
2026-04-04 00:10:00+00:00,24.933333333333334,90.83333333333333
2026-04-04 00:15:00+00:00,25.05,90.25
2026-04-04 00:20:00+00:00,25.166666666666668,89.66666666666667
2026-04-04 00:25:00+00:00,25.283333333333335,89.08333333333333
2026-04-04 00:30:00+00:00,25.4,88.5
2026-04-04 00:35:00+00:00,25.516666666666666,87.91666666666667
2026-04-04 00:40:00+00:00,25.633333333333333,87.33333333333333
2026-04-04 00:45:00+00:00,25.75,86.75
2026-04-04 00:50:00+00:00,25.866666666666667,86.16666666666667
2026-04-04 00:55:00+00:00,25.983333333333334,85.58333333333333
2026-04-04 01:00:00+00:00,26.1,85.0
2026-04-04 01:05:00+00:00,26.21666666666667,84.41666666666667
2026-04-04 01:10:00+00:00,26.333333333333336,83.83333333333333
2026-04-04 01:15:00+00:00,26.450000000000003,83.25
2026-04-04 01:20:00+00:00,26.566666666666666,82.66666666666667
2026-04-04 01:25:00+00:00,26.683333333333334,82.08333333333333
2026-04-04 01:30:00+00:00,26.8,81.5
2026-04-04 01:35:00+00:00,26.916666666666668,80.91666666666667
2026-04-04 01:40:00+00:00,27.033333333333335,80.33333333333333
2026-04-04 01:45:00+00:00,27.15,79.75
2026-04-04 01:50:00+00:00,27.266666666666666,79.16666666666667
2026-04-04 01:55:00+00:00,27.383333333333333,78.58333333333333
2026-04-04 02:00:00+00:00,27.5,78.0
2026-04-04 02:05:00+00:00,27.583333333333332,77.58333333333333
2026-04-04 02:10:00+00:00,27.666666666666668,77.16666666666667
2026-04-04 02:15:00+00:00,27.75,76.75
2026-04-04 02:20:00+00:00,27.833333333333332,76.33333333333333
2026-04-04 02:25:00+00:00,27.916666666666668,75.91666666666667
2026-04-04 02:30:00+00:00,28.0,75.5
2026-04-04 02:35:00+00:00,28.083333333333332,75.08333333333333
2026-04-04 02:40:00+00:00,28.166666666666668,74.66666666666667
2026-04-04 02:45:00+00:00,28.25,74.25
2026-04-04 02:50:00+00:00,28.333333333333332,73.83333333333333
2026-04-04 02:55:00+00:00,28.416666666666668,73.41666666666667
2026-04-04 03:00:00+00:00,28.5,73.0
2026-04-04 03:05:00+00:00,28.6,72.66666666666667
2026-04-04 03:10:00+00:00,28.7,72.33333333333333
2026-04-04 03:15:00+00:00,28.8,72.0
2026-04-04 03:20:00+00:00,28.9,71.66666666666667
2026-04-04 03:25:00+00:00,29.0,71.33333333333333
2026-04-04 03:30:00+00:00,29.1,71.0
2026-04-04 03:35:00+00:00,29.2,70.66666666666667
2026-04-04 03:40:00+00:00,29.3,70.33333333333333
2026-04-04 03:45:00+00:00,29.4,70.0
2026-04-04 03:50:00+00:00,29.5,69.66666666666667
2026-04-04 03:55:00+00:00,29.599999999999998,69.33333333333333
2026-04-04 04:00:00+00:00,29.7,69.0
2026-04-04 04:05:00+00:00,29.741666666666667,68.75
2026-04-04 04:10:00+00:00,29.78333333333333,68.5
2026-04-04 04:15:00+00:00,29.825,68.25
2026-04-04 04:20:00+00:00,29.866666666666667,68.0
2026-04-04 04:25:00+00:00,29.90833333333333,67.75
2026-04-04 04:30:00+00:00,29.95,67.5
2026-04-04 04:35:00+00:00,29.991666666666667,67.25
2026-04-04 04:40:00+00:00,30.03333333333333,67.0
2026-04-04 04:45:00+00:00,30.075,66.75
2026-04-04 04:50:00+00:00,30.116666666666667,66.5
2026-04-04 04:55:00+00:00,30.15833333333333,66.25
2026-04-04 05:00:00+00:00,30.2,66.0
2026-04-04 05:05:00+00:00,30.141666666666666,66.58333333333333
2026-04-04 05:10:00+00:00,30.083333333333332,67.16666666666667
2026-04-04 05:15:00+00:00,30.025,67.75
2026-04-04 05:20:00+00:00,29.966666666666665,68.33333333333333
2026-04-04 05:25:00+00:00,29.90833333333333,68.91666666666667
2026-04-04 05:30:00+00:00,29.85,69.5
2026-04-04 05:35:00+00:00,29.791666666666668,70.08333333333333
2026-04-04 05:40:00+00:00,29.733333333333334,70.66666666666667
2026-04-04 05:45:00+00:00,29.675,71.25
2026-04-04 05:50:00+00:00,29.616666666666667,71.83333333333333
2026-04-04 05:55:00+00:00,29.558333333333334,72.41666666666667
2026-04-04 06:00:00+00:00,29.5,73.0
2026-04-04 06:05:00+00:00,29.416666666666668,73.25
2026-04-04 06:10:00+00:00,29.333333333333332,73.5
2026-04-04 06:15:00+00:00,29.25,73.75
2026-04-04 06:20:00+00:00,29.166666666666668,74.0
2026-04-04 06:25:00+00:00,29.083333333333332,74.25
2026-04-04 06:30:00+00:00,29.0,74.5
2026-04-04 06:35:00+00:00,28.916666666666668,74.75
2026-04-04 06:40:00+00:00,28.833333333333332,75.0
2026-04-04 06:45:00+00:00,28.75,75.25
2026-04-04 06:50:00+00:00,28.666666666666668,75.5
2026-04-04 06:55:00+00:00,28.583333333333332,75.75
2026-04-04 07:00:00+00:00,28.5,76.0
2026-04-04 07:05:00+00:00,28.433333333333334,76.08333333333333
2026-04-04 07:10:00+00:00,28.366666666666667,76.16666666666667
2026-04-04 07:15:00+00:00,28.3,76.25
2026-04-04 07:20:00+00:00,28.233333333333334,76.33333333333333
2026-04-04 07:25:00+00:00,28.166666666666668,76.41666666666667
2026-04-04 07:30:00+00:00,28.1,76.5
2026-04-04 07:35:00+00:00,28.03333333333333,76.58333333333333
2026-04-04 07:40:00+00:00,27.966666666666665,76.66666666666667
2026-04-04 07:45:00+00:00,27.9,76.75
2026-04-04 07:50:00+00:00,27.833333333333332,76.83333333333333
2026-04-04 07:55:00+00:00,27.766666666666666,76.91666666666667
2026-04-04 08:00:00+00:00,27.7,77.0
2026-04-04 08:05:00+00:00,27.65833333333333,77.08333333333333
2026-04-04 08:10:00+00:00,27.616666666666667,77.16666666666667
2026-04-04 08:15:00+00:00,27.575,77.25
2026-04-04 08:20:00+00:00,27.53333333333333,77.33333333333333
2026-04-04 08:25:00+00:00,27.491666666666667,77.41666666666667
2026-04-04 08:30:00+00:00,27.45,77.5
2026-04-04 08:35:00+00:00,27.40833333333333,77.58333333333333
2026-04-04 08:40:00+00:00,27.366666666666667,77.66666666666667
2026-04-04 08:45:00+00:00,27.325,77.75
2026-04-04 08:50:00+00:00,27.28333333333333,77.83333333333333
2026-04-04 08:55:00+00:00,27.241666666666667,77.91666666666667
2026-04-04 09:00:00+00:00,27.2,78.0
2026-04-04 09:05:00+00:00,27.141666666666666,78.25
2026-04-04 09:10:00+00:00,27.083333333333332,78.5
2026-04-04 09:15:00+00:00,27.025,78.75
2026-04-04 09:20:00+00:00,26.966666666666665,79.0
2026-04-04 09:25:00+00:00,26.90833333333333,79.25
2026-04-04 09:30:00+00:00,26.85,79.5
2026-04-04 09:35:00+00:00,26.791666666666668,79.75
2026-04-04 09:40:00+00:00,26.733333333333334,80.0
2026-04-04 09:45:00+00:00,26.675,80.25
2026-04-04 09:50:00+00:00,26.616666666666667,80.5
2026-04-04 09:55:00+00:00,26.558333333333334,80.75
2026-04-04 10:00:00+00:00,26.5,81.0
2026-04-04 10:05:00+00:00,26.4,81.58333333333333
2026-04-04 10:10:00+00:00,26.3,82.16666666666667
2026-04-04 10:15:00+00:00,26.2,82.75
2026-04-04 10:20:00+00:00,26.1,83.33333333333333
2026-04-04 10:25:00+00:00,26.0,83.91666666666667
2026-04-04 10:30:00+00:00,25.9,84.5
2026-04-04 10:35:00+00:00,25.8,85.08333333333333
2026-04-04 10:40:00+00:00,25.7,85.66666666666667
2026-04-04 10:45:00+00:00,25.6,86.25
2026-04-04 10:50:00+00:00,25.5,86.83333333333333
2026-04-04 10:55:00+00:00,25.400000000000002,87.41666666666667
2026-04-04 11:00:00+00:00,25.3,88.0
2026-04-04 11:05:00+00:00,25.241666666666667,88.25
2026-04-04 11:10:00+00:00,25.183333333333334,88.5
2026-04-04 11:15:00+00:00,25.125,88.75
2026-04-04 11:20:00+00:00,25.066666666666666,89.0
2026-04-04 11:25:00+00:00,25.008333333333333,89.25
2026-04-04 11:30:00+00:00,24.950000000000003,89.5
2026-04-04 11:35:00+00:00,24.89166666666667,89.75
2026-04-04 11:40:00+00:00,24.833333333333336,90.0
2026-04-04 11:45:00+00:00,24.775000000000002,90.25
2026-04-04 11:50:00+00:00,24.71666666666667,90.5
2026-04-04 11:55:00+00:00,24.658333333333335,90.75
2026-04-04 12:00:00+00:00,24.6,91.0
2026-04-04 12:05:00+00:00,24.575000000000003,91.16666666666667
2026-04-04 12:10:00+00:00,24.55,91.33333333333333
2026-04-04 12:15:00+00:00,24.525000000000002,91.5
2026-04-04 12:20:00+00:00,24.5,91.66666666666667
2026-04-04 12:25:00+00:00,24.475,91.83333333333333
2026-04-04 12:30:00+00:00,24.450000000000003,92.0
2026-04-04 12:35:00+00:00,24.425,92.16666666666667
2026-04-04 12:40:00+00:00,24.400000000000002,92.33333333333333
2026-04-04 12:45:00+00:00,24.375,92.5
2026-04-04 12:50:00+00:00,24.35,92.66666666666667
2026-04-04 12:55:00+00:00,24.325,92.83333333333333
2026-04-04 13:00:00+00:00,24.3,93.0
2026-04-04 13:05:00+00:00,24.275000000000002,93.16666666666667
2026-04-04 13:10:00+00:00,24.25,93.33333333333333
2026-04-04 13:15:00+00:00,24.225,93.5
2026-04-04 13:20:00+00:00,24.2,93.66666666666667
2026-04-04 13:25:00+00:00,24.175,93.83333333333333
2026-04-04 13:30:00+00:00,24.15,94.0
2026-04-04 13:35:00+00:00,24.125,94.16666666666667
2026-04-04 13:40:00+00:00,24.1,94.33333333333333
2026-04-04 13:45:00+00:00,24.075,94.5
2026-04-04 13:50:00+00:00,24.05,94.66666666666667
2026-04-04 13:55:00+00:00,24.025,94.83333333333333
2026-04-04 14:00:00+00:00,24.0,95.0
2026-04-04 14:05:00+00:00,23.983333333333334,95.08333333333333
2026-04-04 14:10:00+00:00,23.96666666666667,95.16666666666667
2026-04-04 14:15:00+00:00,23.95,95.25
2026-04-04 14:20:00+00:00,23.933333333333334,95.33333333333333
2026-04-04 14:25:00+00:00,23.916666666666668,95.41666666666667
2026-04-04 14:30:00+00:00,23.9,95.5
2026-04-04 14:35:00+00:00,23.883333333333333,95.58333333333333
2026-04-04 14:40:00+00:00,23.866666666666667,95.66666666666667
2026-04-04 14:45:00+00:00,23.85,95.75
2026-04-04 14:50:00+00:00,23.833333333333336,95.83333333333333
2026-04-04 14:55:00+00:00,23.816666666666666,95.91666666666667
2026-04-04 15:00:00+00:00,23.8,96.0
2026-04-04 15:05:00+00:00,23.783333333333335,96.08333333333333
2026-04-04 15:10:00+00:00,23.766666666666666,96.16666666666667
2026-04-04 15:15:00+00:00,23.75,96.25
2026-04-04 15:20:00+00:00,23.733333333333334,96.33333333333333
2026-04-04 15:25:00+00:00,23.71666666666667,96.41666666666667
2026-04-04 15:30:00+00:00,23.700000000000003,96.5
2026-04-04 15:35:00+00:00,23.683333333333334,96.58333333333333
2026-04-04 15:40:00+00:00,23.666666666666668,96.66666666666667
2026-04-04 15:45:00+00:00,23.650000000000002,96.75
2026-04-04 15:50:00+00:00,23.633333333333333,96.83333333333333
2026-04-04 15:55:00+00:00,23.616666666666667,96.91666666666667
2026-04-04 16:00:00+00:00,23.6,97.0
2026-04-04 16:05:00+00:00,23.558333333333334,97.25
2026-04-04 16:10:00+00:00,23.51666666666667,97.5
2026-04-04 16:15:00+00:00,23.475,97.75
2026-04-04 16:20:00+00:00,23.433333333333334,98.0
2026-04-04 16:25:00+00:00,23.39166666666667,98.25
2026-04-04 16:30:00+00:00,23.35,98.5
2026-04-04 16:35:00+00:00,23.308333333333334,98.75
2026-04-04 16:40:00+00:00,23.26666666666667,99.0
2026-04-04 16:45:00+00:00,23.225,99.25
2026-04-04 16:50:00+00:00,23.183333333333334,99.5
2026-04-04 16:55:00+00:00,23.14166666666667,99.75
2026-04-04 17:00:00+00:00,23.1,100.0
2026-04-04 17:05:00+00:00,23.125,99.83333333333333
2026-04-04 17:10:00+00:00,23.150000000000002,99.66666666666667
2026-04-04 17:15:00+00:00,23.175,99.5
2026-04-04 17:20:00+00:00,23.2,99.33333333333333
2026-04-04 17:25:00+00:00,23.225,99.16666666666667
2026-04-04 17:30:00+00:00,23.25,99.0
2026-04-04 17:35:00+00:00,23.275,98.83333333333333
2026-04-04 17:40:00+00:00,23.3,98.66666666666667
2026-04-04 17:45:00+00:00,23.325,98.5
2026-04-04 17:50:00+00:00,23.349999999999998,98.33333333333333
2026-04-04 17:55:00+00:00,23.375,98.16666666666667
2026-04-04 18:00:00+00:00,23.4,98.0
2026-04-04 18:05:00+00:00,23.40833333333333,98.0
2026-04-04 18:10:00+00:00,23.416666666666664,98.0
2026-04-04 18:15:00+00:00,23.424999999999997,98.0
2026-04-04 18:20:00+00:00,23.433333333333334,98.0
2026-04-04 18:25:00+00:00,23.441666666666666,98.0
2026-04-04 18:30:00+00:00,23.45,98.0
2026-04-04 18:35:00+00:00,23.458333333333332,98.0
2026-04-04 18:40:00+00:00,23.466666666666665,98.0
2026-04-04 18:45:00+00:00,23.475,98.0
2026-04-04 18:50:00+00:00,23.483333333333334,98.0
2026-04-04 18:55:00+00:00,23.491666666666667,98.0
2026-04-04 19:00:00+00:00,23.5,98.0
2026-04-04 19:05:00+00:00,23.5,98.0
2026-04-04 19:10:00+00:00,23.5,98.0
2026-04-04 19:15:00+00:00,23.5,98.0
2026-04-04 19:20:00+00:00,23.5,98.0
2026-04-04 19:25:00+00:00,23.5,98.0
2026-04-04 19:30:00+00:00,23.5,98.0
2026-04-04 19:35:00+00:00,23.5,98.0
2026-04-04 19:40:00+00:00,23.5,98.0
2026-04-04 19:45:00+00:00,23.5,98.0
2026-04-04 19:50:00+00:00,23.5,98.0
2026-04-04 19:55:00+00:00,23.5,98.0
2026-04-04 20:00:00+00:00,23.5,98.0
2026-04-04 20:05:00+00:00,23.491666666666667,98.0
2026-04-04 20:10:00+00:00,23.483333333333334,98.0
2026-04-04 20:15:00+00:00,23.475,98.0
2026-04-04 20:20:00+00:00,23.466666666666665,98.0
2026-04-04 20:25:00+00:00,23.458333333333332,98.0
2026-04-04 20:30:00+00:00,23.45,98.0
2026-04-04 20:35:00+00:00,23.441666666666666,98.0
2026-04-04 20:40:00+00:00,23.433333333333334,98.0
2026-04-04 20:45:00+00:00,23.424999999999997,98.0
2026-04-04 20:50:00+00:00,23.416666666666664,98.0
2026-04-04 20:55:00+00:00,23.40833333333333,98.0
2026-04-04 21:00:00+00:00,23.4,98.0
2026-04-04 21:05:00+00:00,23.375,98.08333333333333
2026-04-04 21:10:00+00:00,23.349999999999998,98.16666666666667
2026-04-04 21:15:00+00:00,23.325,98.25
2026-04-04 21:20:00+00:00,23.3,98.33333333333333
2026-04-04 21:25:00+00:00,23.275,98.41666666666667
2026-04-04 21:30:00+00:00,23.25,98.5
2026-04-04 21:35:00+00:00,23.225,98.58333333333333
2026-04-04 21:40:00+00:00,23.2,98.66666666666667
2026-04-04 21:45:00+00:00,23.175,98.75
2026-04-04 21:50:00+00:00,23.150000000000002,98.83333333333333
2026-04-04 21:55:00+00:00,23.125,98.91666666666667
2026-04-04 22:00:00+00:00,23.1,99.0
2026-04-04 22:05:00+00:00,23.083333333333336,99.08333333333333
2026-04-04 22:10:00+00:00,23.066666666666666,99.16666666666667
2026-04-04 22:15:00+00:00,23.05,99.25
2026-04-04 22:20:00+00:00,23.033333333333335,99.33333333333333
2026-04-04 22:25:00+00:00,23.016666666666666,99.41666666666667
2026-04-04 22:30:00+00:00,23.0,99.5
2026-04-04 22:35:00+00:00,22.983333333333334,99.58333333333333
2026-04-04 22:40:00+00:00,22.966666666666665,99.66666666666667
2026-04-04 22:45:00+00:00,22.95,99.75
2026-04-04 22:50:00+00:00,22.933333333333334,99.83333333333333
2026-04-04 22:55:00+00:00,22.916666666666664,99.91666666666667
2026-04-04 23:00:00+00:00,22.9,100.0
2026-04-04 23:05:00+00:00,23.0,99.75
2026-04-04 23:10:00+00:00,23.099999999999998,99.5
2026-04-04 23:15:00+00:00,23.2,99.25
2026-04-04 23:20:00+00:00,23.3,99.0
2026-04-04 23:25:00+00:00,23.4,98.75
2026-04-04 23:30:00+00:00,23.5,98.5
2026-04-04 23:35:00+00:00,23.6,98.25
2026-04-04 23:40:00+00:00,23.7,98.0
2026-04-04 23:45:00+00:00,23.8,97.75
2026-04-04 23:50:00+00:00,23.900000000000002,97.5
2026-04-04 23:55:00+00:00,24.0,97.25
2026-04-05 00:00:00+00:00,24.1,97.0
2026-04-05 00:05:00+00:00,24.258333333333333,96.25
2026-04-05 00:10:00+00:00,24.416666666666668,95.5
2026-04-05 00:15:00+00:00,24.575000000000003,94.75
2026-04-05 00:20:00+00:00,24.733333333333334,94.0
2026-04-05 00:25:00+00:00,24.891666666666666,93.25
2026-04-05 00:30:00+00:00,25.05,92.5
2026-04-05 00:35:00+00:00,25.208333333333336,91.75
2026-04-05 00:40:00+00:00,25.366666666666667,91.0
2026-04-05 00:45:00+00:00,25.525,90.25
2026-04-05 00:50:00+00:00,25.683333333333334,89.5
2026-04-05 00:55:00+00:00,25.84166666666667,88.75
2026-04-05 01:00:00+00:00,26.0,88.0
2026-04-05 01:05:00+00:00,26.175,87.41666666666667
2026-04-05 01:10:00+00:00,26.35,86.83333333333333
2026-04-05 01:15:00+00:00,26.525,86.25
2026-04-05 01:20:00+00:00,26.7,85.66666666666667
2026-04-05 01:25:00+00:00,26.875,85.08333333333333
2026-04-05 01:30:00+00:00,27.05,84.5
2026-04-05 01:35:00+00:00,27.225,83.91666666666667
2026-04-05 01:40:00+00:00,27.400000000000002,83.33333333333333
2026-04-05 01:45:00+00:00,27.575000000000003,82.75
2026-04-05 01:50:00+00:00,27.75,82.16666666666667
2026-04-05 01:55:00+00:00,27.925,81.58333333333333
2026-04-05 02:00:00+00:00,28.1,81.0
2026-04-05 02:05:00+00:00,28.275000000000002,80.5
2026-04-05 02:10:00+00:00,28.450000000000003,80.0
2026-04-05 02:15:00+00:00,28.625,79.5
2026-04-05 02:20:00+00:00,28.8,79.0
2026-04-05 02:25:00+00:00,28.975,78.5
2026-04-05 02:30:00+00:00,29.15,78.0
2026-04-05 02:35:00+00:00,29.325,77.5
2026-04-05 02:40:00+00:00,29.5,77.0
2026-04-05 02:45:00+00:00,29.675,76.5
2026-04-05 02:50:00+00:00,29.85,76.0
2026-04-05 02:55:00+00:00,30.025,75.5
2026-04-05 03:00:00+00:00,30.2,75.0
2026-04-05 03:05:00+00:00,30.349999999999998,74.58333333333333
2026-04-05 03:10:00+00:00,30.5,74.16666666666667
2026-04-05 03:15:00+00:00,30.65,73.75
2026-04-05 03:20:00+00:00,30.8,73.33333333333333
2026-04-05 03:25:00+00:00,30.95,72.91666666666667
2026-04-05 03:30:00+00:00,31.1,72.5
2026-04-05 03:35:00+00:00,31.25,72.08333333333333
2026-04-05 03:40:00+00:00,31.4,71.66666666666667
2026-04-05 03:45:00+00:00,31.55,71.25
2026-04-05 03:50:00+00:00,31.7,70.83333333333333
2026-04-05 03:55:00+00:00,31.85,70.41666666666667
2026-04-05 04:00:00+00:00,32.0,70.0
2026-04-05 04:05:00+00:00,32.11666666666667,69.75
2026-04-05 04:10:00+00:00,32.233333333333334,69.5
2026-04-05 04:15:00+00:00,32.35,69.25
2026-04-05 04:20:00+00:00,32.46666666666667,69.0
2026-04-05 04:25:00+00:00,32.583333333333336,68.75
2026-04-05 04:30:00+00:00,32.7,68.5
2026-04-05 04:35:00+00:00,32.81666666666666,68.25
2026-04-05 04:40:00+00:00,32.93333333333333,68.0
2026-04-05 04:45:00+00:00,33.05,67.75
2026-04-05 04:50:00+00:00,33.166666666666664,67.5
2026-04-05 04:55:00+00:00,33.28333333333333,67.25
2026-04-05 05:00:00+00:00,33.4,67.0
2026-04-05 05:05:00+00:00,33.50833333333333,66.83333333333333
2026-04-05 05:10:00+00:00,33.61666666666667,66.66666666666667
2026-04-05 05:15:00+00:00,33.725,66.5
2026-04-05 05:20:00+00:00,33.833333333333336,66.33333333333333
2026-04-05 05:25:00+00:00,33.94166666666667,66.16666666666667
2026-04-05 05:30:00+00:00,34.05,66.0
2026-04-05 05:35:00+00:00,34.15833333333333,65.83333333333333
2026-04-05 05:40:00+00:00,34.266666666666666,65.66666666666667
2026-04-05 05:45:00+00:00,34.375,65.5
2026-04-05 05:50:00+00:00,34.483333333333334,65.33333333333333
2026-04-05 05:55:00+00:00,34.59166666666667,65.16666666666667
2026-04-05 06:00:00+00:00,34.7,65.0
2026-04-05 06:05:00+00:00,34.766666666666666,64.58333333333333
2026-04-05 06:10:00+00:00,34.833333333333336,64.16666666666667
2026-04-05 06:15:00+00:00,34.900000000000006,63.75
2026-04-05 06:20:00+00:00,34.96666666666667,63.333333333333336
2026-04-05 06:25:00+00:00,35.03333333333333,62.916666666666664
2026-04-05 06:30:00+00:00,35.1,62.5
2026-04-05 06:35:00+00:00,35.16666666666667,62.083333333333336
2026-04-05 06:40:00+00:00,35.233333333333334,61.666666666666664
2026-04-05 06:45:00+00:00,35.3,61.25
2026-04-05 06:50:00+00:00,35.36666666666667,60.833333333333336
2026-04-05 06:55:00+00:00,35.43333333333334,60.416666666666664
2026-04-05 07:00:00+00:00,35.5,60.0
2026-04-05 07:05:00+00:00,35.45,60.25
2026-04-05 07:10:00+00:00,35.4,60.5
2026-04-05 07:15:00+00:00,35.35,60.75
2026-04-05 07:20:00+00:00,35.3,61.0
2026-04-05 07:25:00+00:00,35.25,61.25
2026-04-05 07:30:00+00:00,35.2,61.5
2026-04-05 07:35:00+00:00,35.15,61.75
2026-04-05 07:40:00+00:00,35.1,62.0
2026-04-05 07:45:00+00:00,35.05,62.25
2026-04-05 07:50:00+00:00,35.0,62.5
2026-04-05 07:55:00+00:00,34.949999999999996,62.75
2026-04-05 08:00:00+00:00,34.9,63.0
2026-04-05 08:05:00+00:00,34.81666666666666,63.583333333333336
2026-04-05 08:10:00+00:00,34.733333333333334,64.16666666666667
2026-04-05 08:15:00+00:00,34.65,64.75
2026-04-05 08:20:00+00:00,34.56666666666666,65.33333333333333
2026-04-05 08:25:00+00:00,34.483333333333334,65.91666666666667
2026-04-05 08:30:00+00:00,34.4,66.5
2026-04-05 08:35:00+00:00,34.31666666666666,67.08333333333333
2026-04-05 08:40:00+00:00,34.233333333333334,67.66666666666667
2026-04-05 08:45:00+00:00,34.15,68.25
2026-04-05 08:50:00+00:00,34.06666666666666,68.83333333333333
2026-04-05 08:55:00+00:00,33.983333333333334,69.41666666666667
2026-04-05 09:00:00+00:00,33.9,70.0
2026-04-05 09:05:00+00:00,33.725,70.5
2026-04-05 09:10:00+00:00,33.55,71.0
2026-04-05 09:15:00+00:00,33.375,71.5
2026-04-05 09:20:00+00:00,33.2,72.0
2026-04-05 09:25:00+00:00,33.025,72.5
2026-04-05 09:30:00+00:00,32.85,73.0
2026-04-05 09:35:00+00:00,32.675,73.5
2026-04-05 09:40:00+00:00,32.5,74.0
2026-04-05 09:45:00+00:00,32.325,74.5
2026-04-05 09:50:00+00:00,32.15,75.0
2026-04-05 09:55:00+00:00,31.975,75.5
2026-04-05 10:00:00+00:00,31.8,76.0
2026-04-05 10:05:00+00:00,31.691666666666666,75.66666666666667
2026-04-05 10:10:00+00:00,31.583333333333336,75.33333333333333
2026-04-05 10:15:00+00:00,31.475,75.0
2026-04-05 10:20:00+00:00,31.366666666666667,74.66666666666667
2026-04-05 10:25:00+00:00,31.258333333333333,74.33333333333333
2026-04-05 10:30:00+00:00,31.15,74.0
2026-04-05 10:35:00+00:00,31.041666666666668,73.66666666666667
2026-04-05 10:40:00+00:00,30.933333333333334,73.33333333333333
2026-04-05 10:45:00+00:00,30.825,73.0
2026-04-05 10:50:00+00:00,30.71666666666667,72.66666666666667
2026-04-05 10:55:00+00:00,30.608333333333334,72.33333333333333
2026-04-05 11:00:00+00:00,30.5,72.0
2026-04-05 11:05:00+00:00,30.566666666666666,71.33333333333333
2026-04-05 11:10:00+00:00,30.633333333333333,70.66666666666667
2026-04-05 11:15:00+00:00,30.7,70.0
2026-04-05 11:20:00+00:00,30.766666666666666,69.33333333333333
2026-04-05 11:25:00+00:00,30.833333333333332,68.66666666666667
2026-04-05 11:30:00+00:00,30.9,68.0
2026-04-05 11:35:00+00:00,30.96666666666667,67.33333333333333
2026-04-05 11:40:00+00:00,31.033333333333335,66.66666666666667
2026-04-05 11:45:00+00:00,31.1,66.0
2026-04-05 11:50:00+00:00,31.166666666666668,65.33333333333333
2026-04-05 11:55:00+00:00,31.233333333333334,64.66666666666667
2026-04-05 12:00:00+00:00,31.3,64.0
2026-04-05 12:05:00+00:00,31.391666666666666,62.5
2026-04-05 12:10:00+00:00,31.483333333333334,61.0
2026-04-05 12:15:00+00:00,31.575,59.5
2026-04-05 12:20:00+00:00,31.666666666666668,58.0
2026-04-05 12:25:00+00:00,31.758333333333333,56.5
2026-04-05 12:30:00+00:00,31.85,55.0
2026-04-05 12:35:00+00:00,31.941666666666666,53.5
2026-04-05 12:40:00+00:00,32.03333333333333,52.0
2026-04-05 12:45:00+00:00,32.125,50.5
2026-04-05 12:50:00+00:00,32.21666666666667,49.0
2026-04-05 12:55:00+00:00,32.30833333333333,47.5
2026-04-05 13:00:00+00:00,32.4,46.0
2026-04-05 13:05:00+00:00,32.40833333333333,45.833333333333336
2026-04-05 13:10:00+00:00,32.416666666666664,45.666666666666664
2026-04-05 13:15:00+00:00,32.425,45.5
2026-04-05 13:20:00+00:00,32.43333333333333,45.333333333333336
2026-04-05 13:25:00+00:00,32.44166666666666,45.166666666666664
2026-04-05 13:30:00+00:00,32.45,45.0
2026-04-05 13:35:00+00:00,32.458333333333336,44.833333333333336
2026-04-05 13:40:00+00:00,32.46666666666667,44.666666666666664
2026-04-05 13:45:00+00:00,32.475,44.5
2026-04-05 13:50:00+00:00,32.483333333333334,44.333333333333336
2026-04-05 13:55:00+00:00,32.49166666666667,44.166666666666664
2026-04-05 14:00:00+00:00,32.5,44.0
2026-04-05 14:05:00+00:00,32.475,44.166666666666664
2026-04-05 14:10:00+00:00,32.45,44.333333333333336
2026-04-05 14:15:00+00:00,32.425,44.5
2026-04-05 14:20:00+00:00,32.4,44.666666666666664
2026-04-05 14:25:00+00:00,32.375,44.833333333333336
2026-04-05 14:30:00+00:00,32.35,45.0
2026-04-05 14:35:00+00:00,32.325,45.166666666666664
2026-04-05 14:40:00+00:00,32.300000000000004,45.333333333333336
2026-04-05 14:45:00+00:00,32.275000000000006,45.5
2026-04-05 14:50:00+00:00,32.25,45.666666666666664
2026-04-05 14:55:00+00:00,32.225,45.833333333333336
2026-04-05 15:00:00+00:00,32.2,46.0
2026-04-05 15:05:00+00:00,31.925000000000004,47.583333333333336
2026-04-05 15:10:00+00:00,31.650000000000002,49.166666666666664
2026-04-05 15:15:00+00:00,31.375,50.75
2026-04-05 15:20:00+00:00,31.1,52.333333333333336
2026-04-05 15:25:00+00:00,30.825000000000003,53.916666666666664
2026-04-05 15:30:00+00:00,30.55,55.5
2026-04-05 15:35:00+00:00,30.275,57.08333333333333
2026-04-05 15:40:00+00:00,30.0,58.666666666666664
2026-04-05 15:45:00+00:00,29.725,60.25
2026-04-05 15:50:00+00:00,29.45,61.83333333333333
2026-04-05 15:55:00+00:00,29.174999999999997,63.41666666666667
2026-04-05 16:00:00+00:00,28.9,65.0
2026-04-05 16:05:00+00:00,28.883333333333333,64.75
2026-04-05 16:10:00+00:00,28.866666666666667,64.5
2026-04-05 16:15:00+00:00,28.849999999999998,64.25
2026-04-05 16:20:00+00:00,28.833333333333332,64.0
2026-04-05 16:25:00+00:00,28.816666666666666,63.75
2026-04-05 16:30:00+00:00,28.799999999999997,63.5
2026-04-05 16:35:00+00:00,28.78333333333333,63.25
2026-04-05 16:40:00+00:00,28.766666666666666,63.0
2026-04-05 16:45:00+00:00,28.75,62.75
2026-04-05 16:50:00+00:00,28.733333333333334,62.5
2026-04-05 16:55:00+00:00,28.716666666666665,62.25
2026-04-05 17:00:00+00:00,28.7,62.0
2026-04-05 17:05:00+00:00,28.675,61.833333333333336
2026-04-05 17:10:00+00:00,28.65,61.666666666666664
2026-04-05 17:15:00+00:00,28.625,61.5
2026-04-05 17:20:00+00:00,28.599999999999998,61.333333333333336
2026-04-05 17:25:00+00:00,28.575,61.166666666666664
2026-04-05 17:30:00+00:00,28.549999999999997,61.0
2026-04-05 17:35:00+00:00,28.525,60.833333333333336
2026-04-05 17:40:00+00:00,28.5,60.666666666666664
2026-04-05 17:45:00+00:00,28.474999999999998,60.5
2026-04-05 17:50:00+00:00,28.45,60.333333333333336
2026-04-05 17:55:00+00:00,28.424999999999997,60.166666666666664
2026-04-05 18:00:00+00:00,28.4,60.0
2026-04-05 18:05:00+00:00,28.375,60.0
2026-04-05 18:10:00+00:00,28.349999999999998,60.0
2026-04-05 18:15:00+00:00,28.325,60.0
2026-04-05 18:20:00+00:00,28.3,60.0
2026-04-05 18:25:00+00:00,28.275,60.0
2026-04-05 18:30:00+00:00,28.25,60.0
2026-04-05 18:35:00+00:00,28.225,60.0
2026-04-05 18:40:00+00:00,28.2,60.0
2026-04-05 18:45:00+00:00,28.175,60.0
2026-04-05 18:50:00+00:00,28.150000000000002,60.0
2026-04-05 18:55:00+00:00,28.125,60.0
2026-04-05 19:00:00+00:00,28.1,60.0
2026-04-05 19:05:00+00:00,28.09166666666667,59.916666666666664
2026-04-05 19:10:00+00:00,28.083333333333336,59.833333333333336
2026-04-05 19:15:00+00:00,28.075000000000003,59.75
2026-04-05 19:20:00+00:00,28.066666666666666,59.666666666666664
2026-04-05 19:25:00+00:00,28.058333333333334,59.583333333333336
2026-04-05 19:30:00+00:00,28.05,59.5
2026-04-05 19:35:00+00:00,28.041666666666668,59.416666666666664
2026-04-05 19:40:00+00:00,28.033333333333335,59.333333333333336
2026-04-05 19:45:00+00:00,28.025,59.25
2026-04-05 19:50:00+00:00,28.016666666666666,59.166666666666664
2026-04-05 19:55:00+00:00,28.008333333333333,59.083333333333336
2026-04-05 20:00:00+00:00,28.0,59.0
2026-04-05 20:05:00+00:00,28.0,59.0
2026-04-05 20:10:00+00:00,28.0,59.0
2026-04-05 20:15:00+00:00,28.0,59.0
2026-04-05 20:20:00+00:00,28.0,59.0
2026-04-05 20:25:00+00:00,28.0,59.0
2026-04-05 20:30:00+00:00,28.0,59.0
2026-04-05 20:35:00+00:00,28.0,59.0
2026-04-05 20:40:00+00:00,28.0,59.0
2026-04-05 20:45:00+00:00,28.0,59.0
2026-04-05 20:50:00+00:00,28.0,59.0
2026-04-05 20:55:00+00:00,28.0,59.0
2026-04-05 21:00:00+00:00,28.0,59.0
2026-04-05 21:05:00+00:00,27.975,59.083333333333336
2026-04-05 21:10:00+00:00,27.95,59.166666666666664
2026-04-05 21:15:00+00:00,27.925,59.25
2026-04-05 21:20:00+00:00,27.9,59.333333333333336
2026-04-05 21:25:00+00:00,27.875,59.416666666666664
2026-04-05 21:30:00+00:00,27.85,59.5
2026-04-05 21:35:00+00:00,27.825,59.583333333333336
2026-04-05 21:40:00+00:00,27.8,59.666666666666664
2026-04-05 21:45:00+00:00,27.775,59.75
2026-04-05 21:50:00+00:00,27.75,59.833333333333336
2026-04-05 21:55:00+00:00,27.724999999999998,59.916666666666664
2026-04-05 22:00:00+00:00,27.7,60.0
2026-04-05 22:05:00+00:00,27.691666666666666,60.0
2026-04-05 22:10:00+00:00,27.683333333333334,60.0
2026-04-05 22:15:00+00:00,27.675,60.0
2026-04-05 22:20:00+00:00,27.666666666666668,60.0
2026-04-05 22:25:00+00:00,27.658333333333335,60.0
2026-04-05 22:30:00+00:00,27.65,60.0
2026-04-05 22:35:00+00:00,27.641666666666666,60.0
2026-04-05 22:40:00+00:00,27.633333333333333,60.0
2026-04-05 22:45:00+00:00,27.625,60.0
2026-04-05 22:50:00+00:00,27.616666666666667,60.0
2026-04-05 22:55:00+00:00,27.608333333333334,60.0
2026-04-05 23:00:00+00:00,27.6,60.0
2026-04-05 23:05:00+00:00,27.675,60.0
2026-04-05 23:10:00+00:00,27.75,60.0
2026-04-05 23:15:00+00:00,27.825000000000003,60.0
2026-04-05 23:20:00+00:00,27.900000000000002,60.0
2026-04-05 23:25:00+00:00,27.975,60.0
2026-04-05 23:30:00+00:00,28.05,60.0
2026-04-05 23:35:00+00:00,28.125,60.0
2026-04-05 23:40:00+00:00,28.2,60.0
2026-04-05 23:45:00+00:00,28.275,60.0
2026-04-05 23:50:00+00:00,28.35,60.0
2026-04-05 23:55:00+00:00,28.425,60.0
2026-04-06 00:00:00+00:00,28.5,60.0
2026-04-06 00:05:00+00:00,28.683333333333334,59.833333333333336
2026-04-06 00:10:00+00:00,28.866666666666667,59.666666666666664
2026-04-06 00:15:00+00:00,29.05,59.5
2026-04-06 00:20:00+00:00,29.233333333333334,59.333333333333336
2026-04-06 00:25:00+00:00,29.416666666666668,59.166666666666664
2026-04-06 00:30:00+00:00,29.6,59.0
2026-04-06 00:35:00+00:00,29.78333333333333,58.833333333333336
2026-04-06 00:40:00+00:00,29.966666666666665,58.666666666666664
2026-04-06 00:45:00+00:00,30.15,58.5
2026-04-06 00:50:00+00:00,30.333333333333332,58.333333333333336
2026-04-06 00:55:00+00:00,30.516666666666666,58.166666666666664
2026-04-06 01:00:00+00:00,30.7,58.0
2026-04-06 01:05:00+00:00,30.891666666666666,57.666666666666664
2026-04-06 01:10:00+00:00,31.083333333333332,57.333333333333336
2026-04-06 01:15:00+00:00,31.275,57.0
2026-04-06 01:20:00+00:00,31.466666666666665,56.666666666666664
2026-04-06 01:25:00+00:00,31.65833333333333,56.333333333333336
2026-04-06 01:30:00+00:00,31.85,56.0
2026-04-06 01:35:00+00:00,32.041666666666664,55.666666666666664
2026-04-06 01:40:00+00:00,32.233333333333334,55.333333333333336
2026-04-06 01:45:00+00:00,32.425,55.0
2026-04-06 01:50:00+00:00,32.61666666666667,54.666666666666664
2026-04-06 01:55:00+00:00,32.80833333333333,54.333333333333336
2026-04-06 02:00:00+00:00,33.0,54.0
2026-04-06 02:05:00+00:00,33.141666666666666,53.583333333333336
2026-04-06 02:10:00+00:00,33.28333333333333,53.166666666666664
2026-04-06 02:15:00+00:00,33.425,52.75
2026-04-06 02:20:00+00:00,33.56666666666667,52.333333333333336
2026-04-06 02:25:00+00:00,33.708333333333336,51.916666666666664
2026-04-06 02:30:00+00:00,33.85,51.5
2026-04-06 02:35:00+00:00,33.99166666666667,51.083333333333336
2026-04-06 02:40:00+00:00,34.13333333333333,50.666666666666664
2026-04-06 02:45:00+00:00,34.275000000000006,50.25
2026-04-06 02:50:00+00:00,34.41666666666667,49.833333333333336
2026-04-06 02:55:00+00:00,34.55833333333334,49.416666666666664
2026-04-06 03:00:00+00:00,34.7,49.0
2026-04-06 03:05:00+00:00,34.79166666666667,48.833333333333336
2026-04-06 03:10:00+00:00,34.88333333333333,48.666666666666664
2026-04-06 03:15:00+00:00,34.975,48.5
2026-04-06 03:20:00+00:00,35.06666666666667,48.333333333333336
2026-04-06 03:25:00+00:00,35.15833333333333,48.166666666666664
2026-04-06 03:30:00+00:00,35.25,48.0
2026-04-06 03:35:00+00:00,35.34166666666667,47.833333333333336
2026-04-06 03:40:00+00:00,35.43333333333333,47.666666666666664
2026-04-06 03:45:00+00:00,35.525,47.5
2026-04-06 03:50:00+00:00,35.61666666666667,47.333333333333336
2026-04-06 03:55:00+00:00,35.70833333333333,47.166666666666664
2026-04-06 04:00:00+00:00,35.8,47.0
2026-04-06 04:05:00+00:00,35.9,46.583333333333336
2026-04-06 04:10:00+00:00,36.0,46.166666666666664
2026-04-06 04:15:00+00:00,36.099999999999994,45.75
2026-04-06 04:20:00+00:00,36.199999999999996,45.333333333333336
2026-04-06 04:25:00+00:00,36.3,44.916666666666664
2026-04-06 04:30:00+00:00,36.4,44.5
2026-04-06 04:35:00+00:00,36.5,44.083333333333336
2026-04-06 04:40:00+00:00,36.6,43.666666666666664
2026-04-06 04:45:00+00:00,36.7,43.25
2026-04-06 04:50:00+00:00,36.8,42.833333333333336
2026-04-06 04:55:00+00:00,36.9,42.416666666666664
2026-04-06 05:00:00+00:00,37.0,42.0
2026-04-06 05:05:00+00:00,37.05833333333334,41.75
2026-04-06 05:10:00+00:00,37.11666666666667,41.5
2026-04-06 05:15:00+00:00,37.175,41.25
2026-04-06 05:20:00+00:00,37.233333333333334,41.0
2026-04-06 05:25:00+00:00,37.29166666666667,40.75
2026-04-06 05:30:00+00:00,37.35,40.5
2026-04-06 05:35:00+00:00,37.40833333333333,40.25
2026-04-06 05:40:00+00:00,37.46666666666667,40.0
2026-04-06 05:45:00+00:00,37.525000000000006,39.75
2026-04-06 05:50:00+00:00,37.583333333333336,39.5
2026-04-06 05:55:00+00:00,37.641666666666666,39.25
2026-04-06 06:00:00+00:00,37.7,39.0
2026-04-06 06:05:00+00:00,37.71666666666667,39.0
2026-04-06 06:10:00+00:00,37.733333333333334,39.0
2026-04-06 06:15:00+00:00,37.75,39.0
2026-04-06 06:20:00+00:00,37.766666666666666,39.0
2026-04-06 06:25:00+00:00,37.78333333333333,39.0
2026-04-06 06:30:00+00:00,37.8,39.0
2026-04-06 06:35:00+00:00,37.81666666666667,39.0
2026-04-06 06:40:00+00:00,37.833333333333336,39.0
2026-04-06 06:45:00+00:00,37.85,39.0
2026-04-06 06:50:00+00:00,37.86666666666667,39.0
2026-04-06 06:55:00+00:00,37.88333333333333,39.0
2026-04-06 07:00:00+00:00,37.9,39.0
2026-04-06 07:05:00+00:00,37.875,38.916666666666664
2026-04-06 07:10:00+00:00,37.85,38.833333333333336
2026-04-06 07:15:00+00:00,37.825,38.75
2026-04-06 07:20:00+00:00,37.8,38.666666666666664
2026-04-06 07:25:00+00:00,37.775,38.583333333333336
2026-04-06 07:30:00+00:00,37.75,38.5
2026-04-06 07:35:00+00:00,37.725,38.416666666666664
2026-04-06 07:40:00+00:00,37.7,38.333333333333336
2026-04-06 07:45:00+00:00,37.675,38.25
2026-04-06 07:50:00+00:00,37.65,38.166666666666664
2026-04-06 07:55:00+00:00,37.625,38.083333333333336
2026-04-06 08:00:00+00:00,37.6,38.0
2026-04-06 08:05:00+00:00,37.50833333333333,38.25
2026-04-06 08:10:00+00:00,37.41666666666667,38.5
2026-04-06 08:15:00+00:00,37.325,38.75
2026-04-06 08:20:00+00:00,37.233333333333334,39.0
2026-04-06 08:25:00+00:00,37.141666666666666,39.25
2026-04-06 08:30:00+00:00,37.05,39.5
2026-04-06 08:35:00+00:00,36.958333333333336,39.75
2026-04-06 08:40:00+00:00,36.86666666666667,40.0
2026-04-06 08:45:00+00:00,36.775,40.25
2026-04-06 08:50:00+00:00,36.68333333333334,40.5
2026-04-06 08:55:00+00:00,36.59166666666667,40.75
2026-04-06 09:00:00+00:00,36.5,41.0
2026-04-06 09:05:00+00:00,36.4,41.0
2026-04-06 09:10:00+00:00,36.3,41.0
2026-04-06 09:15:00+00:00,36.2,41.0
2026-04-06 09:20:00+00:00,36.1,41.0
2026-04-06 09:25:00+00:00,36.0,41.0
2026-04-06 09:30:00+00:00,35.9,41.0
2026-04-06 09:35:00+00:00,35.8,41.0
2026-04-06 09:40:00+00:00,35.699999999999996,41.0
2026-04-06 09:45:00+00:00,35.599999999999994,41.0
2026-04-06 09:50:00+00:00,35.5,41.0
2026-04-06 09:55:00+00:00,35.4,41.0
2026-04-06 10:00:00+00:00,35.3,41.0
2026-04-06 10:05:00+00:00,35.24166666666667,40.833333333333336
2026-04-06 10:10:00+00:00,35.18333333333333,40.666666666666664
2026-04-06 10:15:00+00:00,35.125,40.5
2026-04-06 10:20:00+00:00,35.06666666666666,40.333333333333336
2026-04-06 10:25:00+00:00,35.00833333333333,40.166666666666664
2026-04-06 10:30:00+00:00,34.95,40.0
2026-04-06 10:35:00+00:00,34.891666666666666,39.833333333333336
2026-04-06 10:40:00+00:00,34.833333333333336,39.666666666666664
2026-04-06 10:45:00+00:00,34.775,39.5
2026-04-06 10:50:00+00:00,34.71666666666667,39.333333333333336
2026-04-06 10:55:00+00:00,34.65833333333333,39.166666666666664
2026-04-06 11:00:00+00:00,34.6,39.0
2026-04-06 11:05:00+00:00,34.550000000000004,39.083333333333336
2026-04-06 11:10:00+00:00,34.5,39.166666666666664
2026-04-06 11:15:00+00:00,34.45,39.25
2026-04-06 11:20:00+00:00,34.4,39.333333333333336
2026-04-06 11:25:00+00:00,34.35,39.416666666666664
2026-04-06 11:30:00+00:00,34.3,39.5
2026-04-06 11:35:00+00:00,34.25,39.583333333333336
2026-04-06 11:40:00+00:00,34.2,39.666666666666664
2026-04-06 11:45:00+00:00,34.15,39.75
2026-04-06 11:50:00+00:00,34.1,39.833333333333336
2026-04-06 11:55:00+00:00,34.05,39.916666666666664
2026-04-06 12:00:00+00:00,34.0,40.0
2026-04-06 12:05:00+00:00,33.94166666666666,40.083333333333336
2026-04-06 12:10:00+00:00,33.88333333333333,40.166666666666664
2026-04-06 12:15:00+00:00,33.825,40.25
2026-04-06 12:20:00+00:00,33.766666666666666,40.333333333333336
2026-04-06 12:25:00+00:00,33.70833333333333,40.416666666666664
2026-04-06 12:30:00+00:00,33.65,40.5
2026-04-06 12:35:00+00:00,33.59166666666667,40.583333333333336
2026-04-06 12:40:00+00:00,33.53333333333333,40.666666666666664
2026-04-06 12:45:00+00:00,33.474999999999994,40.75
2026-04-06 12:50:00+00:00,33.416666666666664,40.833333333333336
2026-04-06 12:55:00+00:00,33.358333333333334,40.916666666666664
2026-04-06 13:00:00+00:00,33.3,41.0
2026-04-06 13:05:00+00:00,33.25,41.0
2026-04-06 13:10:00+00:00,33.199999999999996,41.0
2026-04-06 13:15:00+00:00,33.15,41.0
2026-04-06 13:20:00+00:00,33.1,41.0
2026-04-06 13:25:00+00:00,33.05,41.0
2026-04-06 13:30:00+00:00,33.0,41.0
2026-04-06 13:35:00+00:00,32.95,41.0
2026-04-06 13:40:00+00:00,32.9,41.0
2026-04-06 13:45:00+00:00,32.85,41.0
2026-04-06 13:50:00+00:00,32.800000000000004,41.0
2026-04-06 13:55:00+00:00,32.75,41.0
2026-04-06 14:00:00+00:00,32.7,41.0
2026-04-06 14:05:00+00:00,32.61666666666667,41.25
2026-04-06 14:10:00+00:00,32.53333333333334,41.5
2026-04-06 14:15:00+00:00,32.45,41.75
2026-04-06 14:20:00+00:00,32.36666666666667,42.0
2026-04-06 14:25:00+00:00,32.28333333333333,42.25
2026-04-06 14:30:00+00:00,32.2,42.5
2026-04-06 14:35:00+00:00,32.11666666666667,42.75
2026-04-06 14:40:00+00:00,32.03333333333333,43.0
2026-04-06 14:45:00+00:00,31.95,43.25
2026-04-06 14:50:00+00:00,31.866666666666667,43.5
2026-04-06 14:55:00+00:00,31.78333333333333,43.75
2026-04-06 15:00:00+00:00,31.7,44.0
2026-04-06 15:05:00+00:00,31.599999999999998,44.333333333333336
2026-04-06 15:10:00+00:00,31.5,44.666666666666664
2026-04-06 15:15:00+00:00,31.4,45.0
2026-04-06 15:20:00+00:00,31.3,45.333333333333336
2026-04-06 15:25:00+00:00,31.2,45.666666666666664
2026-04-06 15:30:00+00:00,31.1,46.0
2026-04-06 15:35:00+00:00,31.0,46.333333333333336
2026-04-06 15:40:00+00:00,30.9,46.666666666666664
2026-04-06 15:45:00+00:00,30.8,47.0
2026-04-06 15:50:00+00:00,30.7,47.333333333333336
2026-04-06 15:55:00+00:00,30.6,47.666666666666664
2026-04-06 16:00:00+00:00,30.5,48.0
2026-04-06 16:05:00+00:00,30.416666666666668,48.25
2026-04-06 16:10:00+00:00,30.333333333333332,48.5
2026-04-06 16:15:00+00:00,30.25,48.75
2026-04-06 16:20:00+00:00,30.166666666666668,49.0
2026-04-06 16:25:00+00:00,30.083333333333332,49.25
2026-04-06 16:30:00+00:00,30.0,49.5
2026-04-06 16:35:00+00:00,29.916666666666668,49.75
2026-04-06 16:40:00+00:00,29.833333333333332,50.0
2026-04-06 16:45:00+00:00,29.75,50.25
2026-04-06 16:50:00+00:00,29.666666666666668,50.5
2026-04-06 16:55:00+00:00,29.583333333333332,50.75
2026-04-06 17:00:00+00:00,29.5,51.0
2026-04-06 17:05:00+00:00,29.441666666666666,51.166666666666664
2026-04-06 17:10:00+00:00,29.383333333333333,51.333333333333336
2026-04-06 17:15:00+00:00,29.325,51.5
2026-04-06 17:20:00+00:00,29.266666666666666,51.666666666666664
2026-04-06 17:25:00+00:00,29.208333333333332,51.833333333333336
2026-04-06 17:30:00+00:00,29.15,52.0
2026-04-06 17:35:00+00:00,29.09166666666667,52.166666666666664
2026-04-06 17:40:00+00:00,29.033333333333335,52.333333333333336
2026-04-06 17:45:00+00:00,28.975,52.5
2026-04-06 17:50:00+00:00,28.916666666666668,52.666666666666664
2026-04-06 17:55:00+00:00,28.858333333333334,52.833333333333336
2026-04-06 18:00:00+00:00,28.8,53.0
2026-04-06 18:05:00+00:00,28.758333333333333,53.083333333333336
2026-04-06 18:10:00+00:00,28.71666666666667,53.166666666666664
2026-04-06 18:15:00+00:00,28.675,53.25
2026-04-06 18:20:00+00:00,28.633333333333333,53.333333333333336
2026-04-06 18:25:00+00:00,28.59166666666667,53.416666666666664
2026-04-06 18:30:00+00:00,28.55,53.5
2026-04-06 18:35:00+00:00,28.508333333333333,53.583333333333336
2026-04-06 18:40:00+00:00,28.46666666666667,53.666666666666664
2026-04-06 18:45:00+00:00,28.425,53.75
2026-04-06 18:50:00+00:00,28.383333333333333,53.833333333333336
2026-04-06 18:55:00+00:00,28.34166666666667,53.916666666666664
2026-04-06 19:00:00+00:00,28.3,54.0
2026-04-06 19:05:00+00:00,28.25,54.166666666666664
2026-04-06 19:10:00+00:00,28.2,54.333333333333336
2026-04-06 19:15:00+00:00,28.15,54.5
2026-04-06 19:20:00+00:00,28.1,54.666666666666664
2026-04-06 19:25:00+00:00,28.05,54.833333333333336
2026-04-06 19:30:00+00:00,28.0,55.0
2026-04-06 19:35:00+00:00,27.95,55.166666666666664
2026-04-06 19:40:00+00:00,27.9,55.333333333333336
2026-04-06 19:45:00+00:00,27.849999999999998,55.5
2026-04-06 19:50:00+00:00,27.8,55.666666666666664
2026-04-06 19:55:00+00:00,27.75,55.833333333333336
2026-04-06 20:00:00+00:00,27.7,56.0
2026-04-06 20:05:00+00:00,27.641666666666666,56.25
2026-04-06 20:10:00+00:00,27.583333333333332,56.5
2026-04-06 20:15:00+00:00,27.525,56.75
2026-04-06 20:20:00+00:00,27.466666666666665,57.0
2026-04-06 20:25:00+00:00,27.40833333333333,57.25
2026-04-06 20:30:00+00:00,27.35,57.5
2026-04-06 20:35:00+00:00,27.291666666666668,57.75
2026-04-06 20:40:00+00:00,27.233333333333334,58.0
2026-04-06 20:45:00+00:00,27.175,58.25
2026-04-06 20:50:00+00:00,27.116666666666667,58.5
2026-04-06 20:55:00+00:00,27.058333333333334,58.75
2026-04-06 21:00:00+00:00,27.0,59.0
2026-04-06 21:05:00+00:00,26.991666666666667,59.0
2026-04-06 21:10:00+00:00,26.983333333333334,59.0
2026-04-06 21:15:00+00:00,26.975,59.0
2026-04-06 21:20:00+00:00,26.966666666666665,59.0
2026-04-06 21:25:00+00:00,26.958333333333332,59.0
2026-04-06 21:30:00+00:00,26.95,59.0
2026-04-06 21:35:00+00:00,26.941666666666666,59.0
2026-04-06 21:40:00+00:00,26.933333333333334,59.0
2026-04-06 21:45:00+00:00,26.924999999999997,59.0
2026-04-06 21:50:00+00:00,26.916666666666664,59.0
2026-04-06 21:55:00+00:00,26.90833333333333,59.0
2026-04-06 22:00:00+00:00,26.9,59.0
2026-04-06 22:05:00+00:00,26.90833333333333,59.0
2026-04-06 22:10:00+00:00,26.916666666666664,59.0
2026-04-06 22:15:00+00:00,26.924999999999997,59.0
2026-04-06 22:20:00+00:00,26.933333333333334,59.0
2026-04-06 22:25:00+00:00,26.941666666666666,59.0
2026-04-06 22:30:00+00:00,26.95,59.0
2026-04-06 22:35:00+00:00,26.958333333333332,59.0
2026-04-06 22:40:00+00:00,26.966666666666665,59.0
2026-04-06 22:45:00+00:00,26.975,59.0
2026-04-06 22:50:00+00:00,26.983333333333334,59.0
2026-04-06 22:55:00+00:00,26.991666666666667,59.0
2026-04-06 23:00:00+00:00,27.0,59.0
2026-04-06 23:05:00+00:00,27.09166666666667,59.083333333333336
2026-04-06 23:10:00+00:00,27.183333333333334,59.166666666666664
2026-04-06 23:15:00+00:00,27.275,59.25
2026-04-06 23:20:00+00:00,27.366666666666667,59.333333333333336
2026-04-06 23:25:00+00:00,27.458333333333332,59.416666666666664
2026-04-06 23:30:00+00:00,27.55,59.5
2026-04-06 23:35:00+00:00,27.641666666666666,59.583333333333336
2026-04-06 23:40:00+00:00,27.733333333333334,59.666666666666664
2026-04-06 23:45:00+00:00,27.825000000000003,59.75
2026-04-06 23:50:00+00:00,27.916666666666668,59.833333333333336
2026-04-06 23:55:00+00:00,28.008333333333333,59.916666666666664
2026-04-07 00:00:00+00:00,28.1,60.0
2026-04-07 00:05:00+00:00,28.3,60.0
2026-04-07 00:10:00+00:00,28.5,60.0
2026-04-07 00:15:00+00:00,28.700000000000003,60.0
2026-04-07 00:20:00+00:00,28.900000000000002,60.0
2026-04-07 00:25:00+00:00,29.1,60.0
2026-04-07 00:30:00+00:00,29.3,60.0
2026-04-07 00:35:00+00:00,29.5,60.0
2026-04-07 00:40:00+00:00,29.7,60.0
2026-04-07 00:45:00+00:00,29.9,60.0
2026-04-07 00:50:00+00:00,30.1,60.0
2026-04-07 00:55:00+00:00,30.3,60.0
2026-04-07 01:00:00+00:00,30.5,60.0
2026-04-07 01:05:00+00:00,30.7,59.666666666666664
2026-04-07 01:10:00+00:00,30.9,59.333333333333336
2026-04-07 01:15:00+00:00,31.1,59.0
2026-04-07 01:20:00+00:00,31.3,58.666666666666664
2026-04-07 01:25:00+00:00,31.5,58.333333333333336
2026-04-07 01:30:00+00:00,31.7,58.0
2026-04-07 01:35:00+00:00,31.9,57.666666666666664
2026-04-07 01:40:00+00:00,32.1,57.333333333333336
2026-04-07 01:45:00+00:00,32.3,57.0
2026-04-07 01:50:00+00:00,32.5,56.666666666666664
2026-04-07 01:55:00+00:00,32.699999999999996,56.333333333333336
2026-04-07 02:00:00+00:00,32.9,56.0
2026-04-07 02:05:00+00:00,33.05,55.666666666666664
2026-04-07 02:10:00+00:00,33.2,55.333333333333336
2026-04-07 02:15:00+00:00,33.35,55.0
2026-04-07 02:20:00+00:00,33.5,54.666666666666664
2026-04-07 02:25:00+00:00,33.65,54.333333333333336
2026-04-07 02:30:00+00:00,33.8,54.0
2026-04-07 02:35:00+00:00,33.95,53.666666666666664
2026-04-07 02:40:00+00:00,34.1,53.333333333333336
2026-04-07 02:45:00+00:00,34.25,53.0
2026-04-07 02:50:00+00:00,34.400000000000006,52.666666666666664
2026-04-07 02:55:00+00:00,34.550000000000004,52.333333333333336
2026-04-07 03:00:00+00:00,34.7,52.0
2026-04-07 03:05:00+00:00,34.800000000000004,51.583333333333336
2026-04-07 03:10:00+00:00,34.900000000000006,51.166666666666664
2026-04-07 03:15:00+00:00,35.0,50.75
2026-04-07 03:20:00+00:00,35.1,50.333333333333336
2026-04-07 03:25:00+00:00,35.2,49.916666666666664
2026-04-07 03:30:00+00:00,35.3,49.5
2026-04-07 03:35:00+00:00,35.4,49.083333333333336
2026-04-07 03:40:00+00:00,35.5,48.666666666666664
2026-04-07 03:45:00+00:00,35.6,48.25
2026-04-07 03:50:00+00:00,35.699999999999996,47.833333333333336
2026-04-07 03:55:00+00:00,35.8,47.416666666666664
2026-04-07 04:00:00+00:00,35.9,47.0
2026-04-07 04:05:00+00:00,35.99166666666667,46.75
2026-04-07 04:10:00+00:00,36.08333333333333,46.5
2026-04-07 04:15:00+00:00,36.175,46.25
2026-04-07 04:20:00+00:00,36.266666666666666,46.0
2026-04-07 04:25:00+00:00,36.358333333333334,45.75
2026-04-07 04:30:00+00:00,36.45,45.5
2026-04-07 04:35:00+00:00,36.541666666666664,45.25
2026-04-07 04:40:00+00:00,36.63333333333333,45.0
2026-04-07 04:45:00+00:00,36.725,44.75
2026-04-07 04:50:00+00:00,36.81666666666666,44.5
2026-04-07 04:55:00+00:00,36.90833333333333,44.25
2026-04-07 05:00:00+00:00,37.0,44.0
2026-04-07 05:05:00+00:00,37.06666666666666,43.75
2026-04-07 05:10:00+00:00,37.13333333333333,43.5
2026-04-07 05:15:00+00:00,37.2,43.25
2026-04-07 05:20:00+00:00,37.266666666666666,43.0
2026-04-07 05:25:00+00:00,37.33333333333333,42.75
2026-04-07 05:30:00+00:00,37.4,42.5
2026-04-07 05:35:00+00:00,37.46666666666667,42.25
2026-04-07 05:40:00+00:00,37.53333333333333,42.0
2026-04-07 05:45:00+00:00,37.599999999999994,41.75
2026-04-07 05:50:00+00:00,37.666666666666664,41.5
2026-04-07 05:55:00+00:00,37.733333333333334,41.25
2026-04-07 06:00:00+00:00,37.8,41.0
2026-04-07 06:05:00+00:00,37.83333333333333,40.916666666666664
2026-04-07 06:10:00+00:00,37.86666666666667,40.833333333333336
2026-04-07 06:15:00+00:00,37.9,40.75
2026-04-07 06:20:00+00:00,37.93333333333333,40.666666666666664
2026-04-07 06:25:00+00:00,37.96666666666667,40.583333333333336
2026-04-07 06:30:00+00:00,38.0,40.5
2026-04-07 06:35:00+00:00,38.03333333333333,40.416666666666664
2026-04-07 06:40:00+00:00,38.06666666666667,40.333333333333336
2026-04-07 06:45:00+00:00,38.1,40.25
2026-04-07 06:50:00+00:00,38.13333333333333,40.166666666666664
2026-04-07 06:55:00+00:00,38.16666666666667,40.083333333333336
2026-04-07 07:00:00+00:00,38.2,40.0
2026-04-07 07:05:00+00:00,38.15833333333334,40.166666666666664
2026-04-07 07:10:00+00:00,38.11666666666667,40.333333333333336
2026-04-07 07:15:00+00:00,38.075,40.5
2026-04-07 07:20:00+00:00,38.03333333333334,40.666666666666664
2026-04-07 07:25:00+00:00,37.99166666666667,40.833333333333336
2026-04-07 07:30:00+00:00,37.95,41.0
2026-04-07 07:35:00+00:00,37.90833333333334,41.166666666666664
2026-04-07 07:40:00+00:00,37.86666666666667,41.333333333333336
2026-04-07 07:45:00+00:00,37.825,41.5
2026-04-07 07:50:00+00:00,37.78333333333334,41.666666666666664
2026-04-07 07:55:00+00:00,37.74166666666667,41.833333333333336
2026-04-07 08:00:00+00:00,37.7,42.0
2026-04-07 08:05:00+00:00,37.550000000000004,42.583333333333336
2026-04-07 08:10:00+00:00,37.400000000000006,43.166666666666664
2026-04-07 08:15:00+00:00,37.25,43.75
2026-04-07 08:20:00+00:00,37.1,44.333333333333336
2026-04-07 08:25:00+00:00,36.95,44.916666666666664
2026-04-07 08:30:00+00:00,36.8,45.5
2026-04-07 08:35:00+00:00,36.65,46.083333333333336
2026-04-07 08:40:00+00:00,36.5,46.666666666666664
2026-04-07 08:45:00+00:00,36.35,47.25
2026-04-07 08:50:00+00:00,36.2,47.833333333333336
2026-04-07 08:55:00+00:00,36.05,48.416666666666664
2026-04-07 09:00:00+00:00,35.9,49.0
2026-04-07 09:05:00+00:00,35.61666666666667,50.083333333333336
2026-04-07 09:10:00+00:00,35.33333333333333,51.166666666666664
2026-04-07 09:15:00+00:00,35.05,52.25
2026-04-07 09:20:00+00:00,34.766666666666666,53.333333333333336
2026-04-07 09:25:00+00:00,34.483333333333334,54.416666666666664
2026-04-07 09:30:00+00:00,34.199999999999996,55.5
2026-04-07 09:35:00+00:00,33.916666666666664,56.583333333333336
2026-04-07 09:40:00+00:00,33.63333333333333,57.666666666666664
2026-04-07 09:45:00+00:00,33.35,58.75
2026-04-07 09:50:00+00:00,33.06666666666666,59.83333333333333
2026-04-07 09:55:00+00:00,32.78333333333333,60.916666666666664
2026-04-07 10:00:00+00:00,32.5,62.0
2026-04-07 10:05:00+00:00,32.358333333333334,62.083333333333336
2026-04-07 10:10:00+00:00,32.21666666666667,62.166666666666664
2026-04-07 10:15:00+00:00,32.075,62.25
2026-04-07 10:20:00+00:00,31.933333333333334,62.333333333333336
2026-04-07 10:25:00+00:00,31.791666666666668,62.416666666666664
2026-04-07 10:30:00+00:00,31.65,62.5
2026-04-07 10:35:00+00:00,31.508333333333333,62.583333333333336
2026-04-07 10:40:00+00:00,31.366666666666667,62.666666666666664
2026-04-07 10:45:00+00:00,31.225,62.75
2026-04-07 10:50:00+00:00,31.083333333333332,62.833333333333336
2026-04-07 10:55:00+00:00,30.941666666666666,62.916666666666664
2026-04-07 11:00:00+00:00,30.8,63.0
2026-04-07 11:05:00+00:00,30.775000000000002,63.5
2026-04-07 11:10:00+00:00,30.75,64.0
2026-04-07 11:15:00+00:00,30.725,64.5
2026-04-07 11:20:00+00:00,30.7,65.0
2026-04-07 11:25:00+00:00,30.675,65.5
2026-04-07 11:30:00+00:00,30.65,66.0
2026-04-07 11:35:00+00:00,30.625,66.5
2026-04-07 11:40:00+00:00,30.6,67.0
2026-04-07 11:45:00+00:00,30.575,67.5
2026-04-07 11:50:00+00:00,30.55,68.0
2026-04-07 11:55:00+00:00,30.525,68.5
2026-04-07 12:00:00+00:00,30.5,69.0
2026-04-07 12:05:00+00:00,30.475,68.66666666666667
2026-04-07 12:10:00+00:00,30.45,68.33333333333333
2026-04-07 12:15:00+00:00,30.425,68.0
2026-04-07 12:20:00+00:00,30.4,67.66666666666667
2026-04-07 12:25:00+00:00,30.375,67.33333333333333
2026-04-07 12:30:00+00:00,30.35,67.0
2026-04-07 12:35:00+00:00,30.325,66.66666666666667
2026-04-07 12:40:00+00:00,30.3,66.33333333333333
2026-04-07 12:45:00+00:00,30.275,66.0
2026-04-07 12:50:00+00:00,30.25,65.66666666666667
2026-04-07 12:55:00+00:00,30.224999999999998,65.33333333333333
2026-04-07 13:00:00+00:00,30.2,65.0
2026-04-07 13:05:00+00:00,30.275,63.5
2026-04-07 13:10:00+00:00,30.35,62.0
2026-04-07 13:15:00+00:00,30.425,60.5
2026-04-07 13:20:00+00:00,30.5,59.0
2026-04-07 13:25:00+00:00,30.575,57.5
2026-04-07 13:30:00+00:00,30.65,56.0
2026-04-07 13:35:00+00:00,30.725,54.5
2026-04-07 13:40:00+00:00,30.8,53.0
2026-04-07 13:45:00+00:00,30.875,51.5
2026-04-07 13:50:00+00:00,30.950000000000003,50.0
2026-04-07 13:55:00+00:00,31.025000000000002,48.5
2026-04-07 14:00:00+00:00,31.1,47.0
2026-04-07 14:05:00+00:00,31.05,47.166666666666664
2026-04-07 14:10:00+00:00,31.0,47.333333333333336
2026-04-07 14:15:00+00:00,30.950000000000003,47.5
2026-04-07 14:20:00+00:00,30.900000000000002,47.666666666666664
2026-04-07 14:25:00+00:00,30.85,47.833333333333336
2026-04-07 14:30:00+00:00,30.8,48.0
2026-04-07 14:35:00+00:00,30.75,48.166666666666664
2026-04-07 14:40:00+00:00,30.7,48.333333333333336
2026-04-07 14:45:00+00:00,30.65,48.5
2026-04-07 14:50:00+00:00,30.6,48.666666666666664
2026-04-07 14:55:00+00:00,30.55,48.833333333333336
2026-04-07 15:00:00+00:00,30.5,49.0
2026-04-07 15:05:00+00:00,30.441666666666666,49.166666666666664
2026-04-07 15:10:00+00:00,30.383333333333333,49.333333333333336
2026-04-07 15:15:00+00:00,30.325,49.5
2026-04-07 15:20:00+00:00,30.266666666666666,49.666666666666664
2026-04-07 15:25:00+00:00,30.208333333333332,49.833333333333336
2026-04-07 15:30:00+00:00,30.15,50.0
2026-04-07 15:35:00+00:00,30.09166666666667,50.166666666666664
2026-04-07 15:40:00+00:00,30.033333333333335,50.333333333333336
2026-04-07 15:45:00+00:00,29.975,50.5
2026-04-07 15:50:00+00:00,29.916666666666668,50.666666666666664
2026-04-07 15:55:00+00:00,29.858333333333334,50.833333333333336
2026-04-07 16:00:00+00:00,29.8,51.0
2026-04-07 16:05:00+00:00,29.7,51.333333333333336
2026-04-07 16:10:00+00:00,29.6,51.666666666666664
2026-04-07 16:15:00+00:00,29.5,52.0
2026-04-07 16:20:00+00:00,29.400000000000002,52.333333333333336
2026-04-07 16:25:00+00:00,29.3,52.666666666666664
2026-04-07 16:30:00+00:00,29.200000000000003,53.0
2026-04-07 16:35:00+00:00,29.1,53.333333333333336
2026-04-07 16:40:00+00:00,29.0,53.666666666666664
2026-04-07 16:45:00+00:00,28.900000000000002,54.0
2026-04-07 16:50:00+00:00,28.8,54.333333333333336
2026-04-07 16:55:00+00:00,28.700000000000003,54.666666666666664
2026-04-07 17:00:00+00:00,28.6,55.0
2026-04-07 17:05:00+00:00,28.483333333333334,55.583333333333336
2026-04-07 17:10:00+00:00,28.366666666666667,56.166666666666664
2026-04-07 17:15:00+00:00,28.25,56.75
2026-04-07 17:20:00+00:00,28.133333333333333,57.333333333333336
2026-04-07 17:25:00+00:00,28.016666666666666,57.916666666666664
2026-04-07 17:30:00+00:00,27.9,58.5
2026-04-07 17:35:00+00:00,27.783333333333335,59.083333333333336
2026-04-07 17:40:00+00:00,27.666666666666668,59.666666666666664
2026-04-07 17:45:00+00:00,27.55,60.25
2026-04-07 17:50:00+00:00,27.433333333333334,60.833333333333336
2026-04-07 17:55:00+00:00,27.316666666666666,61.416666666666664
2026-04-07 18:00:00+00:00,27.2,62.0
2026-04-07 18:05:00+00:00,27.15833333333333,62.25
2026-04-07 18:10:00+00:00,27.116666666666667,62.5
2026-04-07 18:15:00+00:00,27.075,62.75
2026-04-07 18:20:00+00:00,27.03333333333333,63.0
2026-04-07 18:25:00+00:00,26.991666666666667,63.25
2026-04-07 18:30:00+00:00,26.95,63.5
2026-04-07 18:35:00+00:00,26.90833333333333,63.75
2026-04-07 18:40:00+00:00,26.866666666666667,64.0
2026-04-07 18:45:00+00:00,26.825,64.25
2026-04-07 18:50:00+00:00,26.78333333333333,64.5
2026-04-07 18:55:00+00:00,26.741666666666667,64.75
2026-04-07 19:00:00+00:00,26.7,65.0
2026-04-07 19:05:00+00:00,26.65833333333333,65.0
2026-04-07 19:10:00+00:00,26.616666666666667,65.0
2026-04-07 19:15:00+00:00,26.575,65.0
2026-04-07 19:20:00+00:00,26.53333333333333,65.0
2026-04-07 19:25:00+00:00,26.491666666666667,65.0
2026-04-07 19:30:00+00:00,26.45,65.0
2026-04-07 19:35:00+00:00,26.40833333333333,65.0
2026-04-07 19:40:00+00:00,26.366666666666667,65.0
2026-04-07 19:45:00+00:00,26.325,65.0
2026-04-07 19:50:00+00:00,26.28333333333333,65.0
2026-04-07 19:55:00+00:00,26.241666666666667,65.0
2026-04-07 20:00:00+00:00,26.2,65.0
2026-04-07 20:05:00+00:00,26.2,65.25
2026-04-07 20:10:00+00:00,26.2,65.5
2026-04-07 20:15:00+00:00,26.2,65.75
2026-04-07 20:20:00+00:00,26.2,66.0
2026-04-07 20:25:00+00:00,26.2,66.25
2026-04-07 20:30:00+00:00,26.2,66.5
2026-04-07 20:35:00+00:00,26.2,66.75
2026-04-07 20:40:00+00:00,26.2,67.0
2026-04-07 20:45:00+00:00,26.2,67.25
2026-04-07 20:50:00+00:00,26.2,67.5
2026-04-07 20:55:00+00:00,26.2,67.75
2026-04-07 21:00:00+00:00,26.2,68.0
2026-04-07 21:05:00+00:00,26.15833333333333,68.41666666666667
2026-04-07 21:10:00+00:00,26.116666666666667,68.83333333333333
2026-04-07 21:15:00+00:00,26.075,69.25
2026-04-07 21:20:00+00:00,26.03333333333333,69.66666666666667
2026-04-07 21:25:00+00:00,25.991666666666667,70.08333333333333
2026-04-07 21:30:00+00:00,25.95,70.5
2026-04-07 21:35:00+00:00,25.90833333333333,70.91666666666667
2026-04-07 21:40:00+00:00,25.866666666666667,71.33333333333333
2026-04-07 21:45:00+00:00,25.825,71.75
2026-04-07 21:50:00+00:00,25.78333333333333,72.16666666666667
2026-04-07 21:55:00+00:00,25.741666666666667,72.58333333333333
2026-04-07 22:00:00+00:00,25.7,73.0
2026-04-07 22:05:00+00:00,25.666666666666664,73.16666666666667
2026-04-07 22:10:00+00:00,25.633333333333333,73.33333333333333
2026-04-07 22:15:00+00:00,25.6,73.5
2026-04-07 22:20:00+00:00,25.566666666666666,73.66666666666667
2026-04-07 22:25:00+00:00,25.53333333333333,73.83333333333333
2026-04-07 22:30:00+00:00,25.5,74.0
2026-04-07 22:35:00+00:00,25.46666666666667,74.16666666666667
2026-04-07 22:40:00+00:00,25.433333333333334,74.33333333333333
2026-04-07 22:45:00+00:00,25.4,74.5
2026-04-07 22:50:00+00:00,25.366666666666667,74.66666666666667
2026-04-07 22:55:00+00:00,25.333333333333336,74.83333333333333
2026-04-07 23:00:00+00:00,25.3,75.0
2026-04-07 23:05:00+00:00,25.416666666666668,74.66666666666667
2026-04-07 23:10:00+00:00,25.533333333333335,74.33333333333333
2026-04-07 23:15:00+00:00,25.65,74.0
2026-04-07 23:20:00+00:00,25.766666666666666,73.66666666666667
2026-04-07 23:25:00+00:00,25.883333333333333,73.33333333333333
2026-04-07 23:30:00+00:00,26.0,73.0
2026-04-07 23:35:00+00:00,26.116666666666667,72.66666666666667
2026-04-07 23:40:00+00:00,26.233333333333334,72.33333333333333
2026-04-07 23:45:00+00:00,26.35,72.0
2026-04-07 23:50:00+00:00,26.466666666666665,71.66666666666667
2026-04-07 23:55:00+00:00,26.583333333333332,71.33333333333333
2026-04-08 00:00:00+00:00,26.7,71.0
2026-04-08 00:05:00+00:00,26.883333333333333,70.75
2026-04-08 00:10:00+00:00,27.066666666666666,70.5
2026-04-08 00:15:00+00:00,27.25,70.25
2026-04-08 00:20:00+00:00,27.433333333333334,70.0
2026-04-08 00:25:00+00:00,27.616666666666667,69.75
2026-04-08 00:30:00+00:00,27.799999999999997,69.5
2026-04-08 00:35:00+00:00,27.98333333333333,69.25
2026-04-08 00:40:00+00:00,28.166666666666664,69.0
2026-04-08 00:45:00+00:00,28.349999999999998,68.75
2026-04-08 00:50:00+00:00,28.53333333333333,68.5
2026-04-08 00:55:00+00:00,28.716666666666665,68.25
2026-04-08 01:00:00+00:00,28.9,68.0
2026-04-08 01:05:00+00:00,29.10833333333333,67.5
2026-04-08 01:10:00+00:00,29.316666666666666,67.0
2026-04-08 01:15:00+00:00,29.525,66.5
2026-04-08 01:20:00+00:00,29.73333333333333,66.0
2026-04-08 01:25:00+00:00,29.941666666666666,65.5
2026-04-08 01:30:00+00:00,30.15,65.0
2026-04-08 01:35:00+00:00,30.35833333333333,64.5
2026-04-08 01:40:00+00:00,30.566666666666666,64.0
2026-04-08 01:45:00+00:00,30.775,63.5
2026-04-08 01:50:00+00:00,30.98333333333333,63.0
2026-04-08 01:55:00+00:00,31.191666666666666,62.5
2026-04-08 02:00:00+00:00,31.4,62.0
2026-04-08 02:05:00+00:00,31.616666666666667,61.5
2026-04-08 02:10:00+00:00,31.833333333333332,61.0
2026-04-08 02:15:00+00:00,32.05,60.5
2026-04-08 02:20:00+00:00,32.266666666666666,60.0
2026-04-08 02:25:00+00:00,32.483333333333334,59.5
2026-04-08 02:30:00+00:00,32.7,59.0
2026-04-08 02:35:00+00:00,32.916666666666664,58.5
2026-04-08 02:40:00+00:00,33.13333333333333,58.0
2026-04-08 02:45:00+00:00,33.35,57.5
2026-04-08 02:50:00+00:00,33.56666666666666,57.0
2026-04-08 02:55:00+00:00,33.78333333333333,56.5
2026-04-08 03:00:00+00:00,34.0,56.0
2026-04-08 03:05:00+00:00,34.125,55.5
2026-04-08 03:10:00+00:00,34.25,55.0
2026-04-08 03:15:00+00:00,34.375,54.5
2026-04-08 03:20:00+00:00,34.5,54.0
2026-04-08 03:25:00+00:00,34.625,53.5
2026-04-08 03:30:00+00:00,34.75,53.0
2026-04-08 03:35:00+00:00,34.875,52.5
2026-04-08 03:40:00+00:00,35.0,52.0
2026-04-08 03:45:00+00:00,35.125,51.5
2026-04-08 03:50:00+00:00,35.25,51.0
2026-04-08 03:55:00+00:00,35.375,50.5
2026-04-08 04:00:00+00:00,35.5,50.0
2026-04-08 04:05:00+00:00,35.516666666666666,49.916666666666664
2026-04-08 04:10:00+00:00,35.53333333333333,49.833333333333336
2026-04-08 04:15:00+00:00,35.55,49.75
2026-04-08 04:20:00+00:00,35.56666666666667,49.666666666666664
2026-04-08 04:25:00+00:00,35.583333333333336,49.583333333333336
2026-04-08 04:30:00+00:00,35.6,49.5
2026-04-08 04:35:00+00:00,35.61666666666667,49.416666666666664
2026-04-08 04:40:00+00:00,35.63333333333333,49.333333333333336
2026-04-08 04:45:00+00:00,35.650000000000006,49.25
2026-04-08 04:50:00+00:00,35.66666666666667,49.166666666666664
2026-04-08 04:55:00+00:00,35.68333333333334,49.083333333333336
2026-04-08 05:00:00+00:00,35.7,49.0
2026-04-08 05:05:00+00:00,35.650000000000006,49.5
2026-04-08 05:10:00+00:00,35.6,50.0
2026-04-08 05:15:00+00:00,35.550000000000004,50.5
2026-04-08 05:20:00+00:00,35.5,51.0
2026-04-08 05:25:00+00:00,35.45,51.5
2026-04-08 05:30:00+00:00,35.400000000000006,52.0
2026-04-08 05:35:00+00:00,35.35,52.5
2026-04-08 05:40:00+00:00,35.300000000000004,53.0
2026-04-08 05:45:00+00:00,35.25,53.5
2026-04-08 05:50:00+00:00,35.2,54.0
2026-04-08 05:55:00+00:00,35.15,54.5
2026-04-08 06:00:00+00:00,35.1,55.0
2026-04-08 06:05:00+00:00,35.05833333333334,55.083333333333336
2026-04-08 06:10:00+00:00,35.016666666666666,55.166666666666664
2026-04-08 06:15:00+00:00,34.975,55.25
2026-04-08 06:20:00+00:00,34.93333333333334,55.333333333333336
2026-04-08 06:25:00+00:00,34.891666666666666,55.416666666666664
2026-04-08 06:30:00+00:00,34.85,55.5
2026-04-08 06:35:00+00:00,34.80833333333334,55.583333333333336
2026-04-08 06:40:00+00:00,34.766666666666666,55.666666666666664
2026-04-08 06:45:00+00:00,34.725,55.75
2026-04-08 06:50:00+00:00,34.68333333333334,55.833333333333336
2026-04-08 06:55:00+00:00,34.641666666666666,55.916666666666664
2026-04-08 07:00:00+00:00,34.6,56.0
2026-04-08 07:05:00+00:00,34.53333333333333,55.916666666666664
2026-04-08 07:10:00+00:00,34.46666666666667,55.833333333333336
2026-04-08 07:15:00+00:00,34.4,55.75
2026-04-08 07:20:00+00:00,34.333333333333336,55.666666666666664
2026-04-08 07:25:00+00:00,34.266666666666666,55.583333333333336
2026-04-08 07:30:00+00:00,34.2,55.5
2026-04-08 07:35:00+00:00,34.13333333333333,55.416666666666664
2026-04-08 07:40:00+00:00,34.06666666666666,55.333333333333336
2026-04-08 07:45:00+00:00,34.0,55.25
2026-04-08 07:50:00+00:00,33.93333333333333,55.166666666666664
2026-04-08 07:55:00+00:00,33.86666666666667,55.083333333333336
2026-04-08 08:00:00+00:00,33.8,55.0
2026-04-08 08:05:00+00:00,33.68333333333333,55.25
2026-04-08 08:10:00+00:00,33.56666666666666,55.5
2026-04-08 08:15:00+00:00,33.449999999999996,55.75
2026-04-08 08:20:00+00:00,33.33333333333333,56.0
2026-04-08 08:25:00+00:00,33.21666666666666,56.25
2026-04-08 08:30:00+00:00,33.099999999999994,56.5
2026-04-08 08:35:00+00:00,32.983333333333334,56.75
2026-04-08 08:40:00+00:00,32.86666666666667,57.0
2026-04-08 08:45:00+00:00,32.75,57.25
2026-04-08 08:50:00+00:00,32.63333333333333,57.5
2026-04-08 08:55:00+00:00,32.516666666666666,57.75
2026-04-08 09:00:00+00:00,32.4,58.0
2026-04-08 09:05:00+00:00,32.21666666666667,59.166666666666664
2026-04-08 09:10:00+00:00,32.03333333333333,60.333333333333336
2026-04-08 09:15:00+00:00,31.849999999999998,61.5
2026-04-08 09:20:00+00:00,31.666666666666664,62.666666666666664
2026-04-08 09:25:00+00:00,31.48333333333333,63.833333333333336
2026-04-08 09:30:00+00:00,31.299999999999997,65.0
2026-04-08 09:35:00+00:00,31.116666666666667,66.16666666666667
2026-04-08 09:40:00+00:00,30.933333333333334,67.33333333333333
2026-04-08 09:45:00+00:00,30.75,68.5
2026-04-08 09:50:00+00:00,30.566666666666666,69.66666666666667
2026-04-08 09:55:00+00:00,30.383333333333333,70.83333333333333
2026-04-08 10:00:00+00:00,30.2,72.0
2026-04-08 10:05:00+00:00,30.091666666666665,72.08333333333333
2026-04-08 10:10:00+00:00,29.983333333333334,72.16666666666667
2026-04-08 10:15:00+00:00,29.875,72.25
2026-04-08 10:20:00+00:00,29.766666666666666,72.33333333333333
2026-04-08 10:25:00+00:00,29.65833333333333,72.41666666666667
2026-04-08 10:30:00+00:00,29.549999999999997,72.5
2026-04-08 10:35:00+00:00,29.441666666666666,72.58333333333333
2026-04-08 10:40:00+00:00,29.333333333333332,72.66666666666667
2026-04-08 10:45:00+00:00,29.224999999999998,72.75
2026-04-08 10:50:00+00:00,29.116666666666667,72.83333333333333
2026-04-08 10:55:00+00:00,29.008333333333333,72.91666666666667
2026-04-08 11:00:00+00:00,28.9,73.0
2026-04-08 11:05:00+00:00,28.85833333333333,73.16666666666667
2026-04-08 11:10:00+00:00,28.816666666666666,73.33333333333333
2026-04-08 11:15:00+00:00,28.775,73.5
2026-04-08 11:20:00+00:00,28.73333333333333,73.66666666666667
2026-04-08 11:25:00+00:00,28.691666666666666,73.83333333333333
2026-04-08 11:30:00+00:00,28.65,74.0
2026-04-08 11:35:00+00:00,28.60833333333333,74.16666666666667
2026-04-08 11:40:00+00:00,28.566666666666666,74.33333333333333
2026-04-08 11:45:00+00:00,28.525,74.5
2026-04-08 11:50:00+00:00,28.48333333333333,74.66666666666667
2026-04-08 11:55:00+00:00,28.441666666666666,74.83333333333333
2026-04-08 12:00:00+00:00,28.4,75.0
2026-04-08 12:05:00+00:00,28.4,75.0
2026-04-08 12:10:00+00:00,28.4,75.0
2026-04-08 12:15:00+00:00,28.4,75.0
2026-04-08 12:20:00+00:00,28.4,75.0
2026-04-08 12:25:00+00:00,28.4,75.0
2026-04-08 12:30:00+00:00,28.4,75.0
2026-04-08 12:35:00+00:00,28.4,75.0
2026-04-08 12:40:00+00:00,28.4,75.0
2026-04-08 12:45:00+00:00,28.4,75.0
2026-04-08 12:50:00+00:00,28.4,75.0
2026-04-08 12:55:00+00:00,28.4,75.0
2026-04-08 13:00:00+00:00,28.4,75.0
2026-04-08 13:05:00+00:00,28.375,75.08333333333333
2026-04-08 13:10:00+00:00,28.349999999999998,75.16666666666667
2026-04-08 13:15:00+00:00,28.325,75.25
2026-04-08 13:20:00+00:00,28.3,75.33333333333333
2026-04-08 13:25:00+00:00,28.275,75.41666666666667
2026-04-08 13:30:00+00:00,28.25,75.5
2026-04-08 13:35:00+00:00,28.225,75.58333333333333
2026-04-08 13:40:00+00:00,28.2,75.66666666666667
2026-04-08 13:45:00+00:00,28.175,75.75
2026-04-08 13:50:00+00:00,28.150000000000002,75.83333333333333
2026-04-08 13:55:00+00:00,28.125,75.91666666666667
2026-04-08 14:00:00+00:00,28.1,76.0
2026-04-08 14:05:00+00:00,28.041666666666668,76.33333333333333
2026-04-08 14:10:00+00:00,27.983333333333334,76.66666666666667
2026-04-08 14:15:00+00:00,27.925,77.0
2026-04-08 14:20:00+00:00,27.866666666666667,77.33333333333333
2026-04-08 14:25:00+00:00,27.808333333333334,77.66666666666667
2026-04-08 14:30:00+00:00,27.75,78.0
2026-04-08 14:35:00+00:00,27.691666666666666,78.33333333333333
2026-04-08 14:40:00+00:00,27.633333333333333,78.66666666666667
2026-04-08 14:45:00+00:00,27.575,79.0
2026-04-08 14:50:00+00:00,27.516666666666666,79.33333333333333
2026-04-08 14:55:00+00:00,27.458333333333332,79.66666666666667
2026-04-08 15:00:00+00:00,27.4,80.0
2026-04-08 15:05:00+00:00,27.375,80.16666666666667
2026-04-08 15:10:00+00:00,27.349999999999998,80.33333333333333
2026-04-08 15:15:00+00:00,27.325,80.5
2026-04-08 15:20:00+00:00,27.3,80.66666666666667
2026-04-08 15:25:00+00:00,27.275,80.83333333333333
2026-04-08 15:30:00+00:00,27.25,81.0
2026-04-08 15:35:00+00:00,27.225,81.16666666666667
2026-04-08 15:40:00+00:00,27.2,81.33333333333333
2026-04-08 15:45:00+00:00,27.175,81.5
2026-04-08 15:50:00+00:00,27.150000000000002,81.66666666666667
2026-04-08 15:55:00+00:00,27.125,81.83333333333333
2026-04-08 16:00:00+00:00,27.1,82.0
2026-04-08 16:05:00+00:00,27.075000000000003,82.25
2026-04-08 16:10:00+00:00,27.05,82.5
2026-04-08 16:15:00+00:00,27.025000000000002,82.75
2026-04-08 16:20:00+00:00,27.0,83.0
2026-04-08 16:25:00+00:00,26.975,83.25
2026-04-08 16:30:00+00:00,26.950000000000003,83.5
2026-04-08 16:35:00+00:00,26.925,83.75
2026-04-08 16:40:00+00:00,26.900000000000002,84.0
2026-04-08 16:45:00+00:00,26.875,84.25
2026-04-08 16:50:00+00:00,26.85,84.5
2026-04-08 16:55:00+00:00,26.825,84.75
2026-04-08 17:00:00+00:00,26.8,85.0
2026-04-08 17:05:00+00:00,26.766666666666666,85.08333333333333
2026-04-08 17:10:00+00:00,26.733333333333334,85.16666666666667
2026-04-08 17:15:00+00:00,26.7,85.25
2026-04-08 17:20:00+00:00,26.666666666666668,85.33333333333333
2026-04-08 17:25:00+00:00,26.633333333333333,85.41666666666667
2026-04-08 17:30:00+00:00,26.6,85.5
2026-04-08 17:35:00+00:00,26.566666666666666,85.58333333333333
2026-04-08 17:40:00+00:00,26.53333333333333,85.66666666666667
2026-04-08 17:45:00+00:00,26.5,85.75
2026-04-08 17:50:00+00:00,26.466666666666665,85.83333333333333
2026-04-08 17:55:00+00:00,26.433333333333334,85.91666666666667
2026-04-08 18:00:00+00:00,26.4,86.0
2026-04-08 18:05:00+00:00,26.366666666666667,86.25
2026-04-08 18:10:00+00:00,26.333333333333332,86.5
2026-04-08 18:15:00+00:00,26.299999999999997,86.75
2026-04-08 18:20:00+00:00,26.266666666666666,87.0
2026-04-08 18:25:00+00:00,26.233333333333334,87.25
2026-04-08 18:30:00+00:00,26.2,87.5
2026-04-08 18:35:00+00:00,26.166666666666664,87.75
2026-04-08 18:40:00+00:00,26.133333333333333,88.0
2026-04-08 18:45:00+00:00,26.1,88.25
2026-04-08 18:50:00+00:00,26.066666666666666,88.5
2026-04-08 18:55:00+00:00,26.03333333333333,88.75
2026-04-08 19:00:00+00:00,26.0,89.0
2026-04-08 19:05:00+00:00,25.975,89.16666666666667
2026-04-08 19:10:00+00:00,25.95,89.33333333333333
2026-04-08 19:15:00+00:00,25.925,89.5
2026-04-08 19:20:00+00:00,25.9,89.66666666666667
2026-04-08 19:25:00+00:00,25.875,89.83333333333333
2026-04-08 19:30:00+00:00,25.85,90.0
2026-04-08 19:35:00+00:00,25.825,90.16666666666667
2026-04-08 19:40:00+00:00,25.8,90.33333333333333
2026-04-08 19:45:00+00:00,25.775,90.5
2026-04-08 19:50:00+00:00,25.75,90.66666666666667
2026-04-08 19:55:00+00:00,25.724999999999998,90.83333333333333
2026-04-08 20:00:00+00:00,25.7,91.0
2026-04-08 20:05:00+00:00,25.675,91.08333333333333
2026-04-08 20:10:00+00:00,25.65,91.16666666666667
2026-04-08 20:15:00+00:00,25.625,91.25
2026-04-08 20:20:00+00:00,25.599999999999998,91.33333333333333
2026-04-08 20:25:00+00:00,25.575,91.41666666666667
2026-04-08 20:30:00+00:00,25.549999999999997,91.5
2026-04-08 20:35:00+00:00,25.525,91.58333333333333
2026-04-08 20:40:00+00:00,25.5,91.66666666666667
2026-04-08 20:45:00+00:00,25.474999999999998,91.75
2026-04-08 20:50:00+00:00,25.45,91.83333333333333
2026-04-08 20:55:00+00:00,25.424999999999997,91.91666666666667
2026-04-08 21:00:00+00:00,25.4,92.0
2026-04-08 21:05:00+00:00,25.375,92.08333333333333
2026-04-08 21:10:00+00:00,25.349999999999998,92.16666666666667
2026-04-08 21:15:00+00:00,25.325,92.25
2026-04-08 21:20:00+00:00,25.3,92.33333333333333
2026-04-08 21:25:00+00:00,25.275,92.41666666666667
2026-04-08 21:30:00+00:00,25.25,92.5
2026-04-08 21:35:00+00:00,25.225,92.58333333333333
2026-04-08 21:40:00+00:00,25.2,92.66666666666667
2026-04-08 21:45:00+00:00,25.175,92.75
2026-04-08 21:50:00+00:00,25.150000000000002,92.83333333333333
2026-04-08 21:55:00+00:00,25.125,92.91666666666667
2026-04-08 22:00:00+00:00,25.1,93.0
2026-04-08 22:05:00+00:00,25.075000000000003,93.08333333333333
2026-04-08 22:10:00+00:00,25.05,93.16666666666667
2026-04-08 22:15:00+00:00,25.025000000000002,93.25
2026-04-08 22:20:00+00:00,25.0,93.33333333333333
2026-04-08 22:25:00+00:00,24.975,93.41666666666667
2026-04-08 22:30:00+00:00,24.950000000000003,93.5
2026-04-08 22:35:00+00:00,24.925,93.58333333333333
2026-04-08 22:40:00+00:00,24.900000000000002,93.66666666666667
2026-04-08 22:45:00+00:00,24.875,93.75
2026-04-08 22:50:00+00:00,24.85,93.83333333333333
2026-04-08 22:55:00+00:00,24.825,93.91666666666667
2026-04-08 23:00:00+00:00,24.8,94.0
2026-04-08 23:05:00+00:00,24.916666666666668,93.58333333333333
2026-04-08 23:10:00+00:00,25.033333333333335,93.16666666666667
2026-04-08 23:15:00+00:00,25.15,92.75
2026-04-08 23:20:00+00:00,25.266666666666666,92.33333333333333
2026-04-08 23:25:00+00:00,25.383333333333333,91.91666666666667
2026-04-08 23:30:00+00:00,25.5,91.5
2026-04-08 23:35:00+00:00,25.616666666666667,91.08333333333333
2026-04-08 23:40:00+00:00,25.733333333333334,90.66666666666667
2026-04-08 23:45:00+00:00,25.85,90.25
2026-04-08 23:50:00+00:00,25.966666666666665,89.83333333333333
2026-04-08 23:55:00+00:00,26.083333333333332,89.41666666666667
2026-04-09 00:00:00+00:00,26.2,89.0
2026-04-09 00:05:00+00:00,26.366666666666667,88.25
2026-04-09 00:10:00+00:00,26.53333333333333,87.5
2026-04-09 00:15:00+00:00,26.7,86.75
2026-04-09 00:20:00+00:00,26.866666666666667,86.0
2026-04-09 00:25:00+00:00,27.03333333333333,85.25
2026-04-09 00:30:00+00:00,27.2,84.5
2026-04-09 00:35:00+00:00,27.366666666666667,83.75
2026-04-09 00:40:00+00:00,27.53333333333333,83.0
2026-04-09 00:45:00+00:00,27.7,82.25
2026-04-09 00:50:00+00:00,27.866666666666667,81.5
2026-04-09 00:55:00+00:00,28.03333333333333,80.75
2026-04-09 01:00:00+00:00,28.2,80.0
2026-04-09 01:05:00+00:00,28.383333333333333,79.16666666666667
2026-04-09 01:10:00+00:00,28.566666666666666,78.33333333333333
2026-04-09 01:15:00+00:00,28.75,77.5
2026-04-09 01:20:00+00:00,28.933333333333334,76.66666666666667
2026-04-09 01:25:00+00:00,29.116666666666667,75.83333333333333
2026-04-09 01:30:00+00:00,29.299999999999997,75.0
2026-04-09 01:35:00+00:00,29.48333333333333,74.16666666666667
2026-04-09 01:40:00+00:00,29.666666666666664,73.33333333333333
2026-04-09 01:45:00+00:00,29.849999999999998,72.5
2026-04-09 01:50:00+00:00,30.03333333333333,71.66666666666667
2026-04-09 01:55:00+00:00,30.216666666666665,70.83333333333333
2026-04-09 02:00:00+00:00,30.4,70.0
2026-04-09 02:05:00+00:00,30.591666666666665,69.25
2026-04-09 02:10:00+00:00,30.78333333333333,68.5
2026-04-09 02:15:00+00:00,30.975,67.75
2026-04-09 02:20:00+00:00,31.166666666666668,67.0
2026-04-09 02:25:00+00:00,31.358333333333334,66.25
2026-04-09 02:30:00+00:00,31.55,65.5
2026-04-09 02:35:00+00:00,31.741666666666667,64.75
2026-04-09 02:40:00+00:00,31.933333333333334,64.0
2026-04-09 02:45:00+00:00,32.125,63.25
2026-04-09 02:50:00+00:00,32.31666666666667,62.5
2026-04-09 02:55:00+00:00,32.50833333333333,61.75
2026-04-09 03:00:00+00:00,32.7,61.0
2026-04-09 03:05:00+00:00,32.825,60.583333333333336
2026-04-09 03:10:00+00:00,32.95,60.166666666666664
2026-04-09 03:15:00+00:00,33.075,59.75
2026-04-09 03:20:00+00:00,33.2,59.333333333333336
2026-04-09 03:25:00+00:00,33.325,58.916666666666664
2026-04-09 03:30:00+00:00,33.45,58.5
2026-04-09 03:35:00+00:00,33.575,58.083333333333336
2026-04-09 03:40:00+00:00,33.7,57.666666666666664
2026-04-09 03:45:00+00:00,33.825,57.25
2026-04-09 03:50:00+00:00,33.95,56.833333333333336
2026-04-09 03:55:00+00:00,34.075,56.416666666666664
2026-04-09 04:00:00+00:00,34.2,56.0
2026-04-09 04:05:00+00:00,34.29166666666667,55.583333333333336
2026-04-09 04:10:00+00:00,34.38333333333333,55.166666666666664
2026-04-09 04:15:00+00:00,34.475,54.75
2026-04-09 04:20:00+00:00,34.56666666666667,54.333333333333336
2026-04-09 04:25:00+00:00,34.65833333333333,53.916666666666664
2026-04-09 04:30:00+00:00,34.75,53.5
2026-04-09 04:35:00+00:00,34.84166666666667,53.083333333333336
2026-04-09 04:40:00+00:00,34.93333333333333,52.666666666666664
2026-04-09 04:45:00+00:00,35.025,52.25
2026-04-09 04:50:00+00:00,35.11666666666667,51.833333333333336
2026-04-09 04:55:00+00:00,35.20833333333333,51.416666666666664
2026-04-09 05:00:00+00:00,35.3,51.0
2026-04-09 05:05:00+00:00,35.30833333333333,51.25
2026-04-09 05:10:00+00:00,35.31666666666666,51.5
2026-04-09 05:15:00+00:00,35.324999999999996,51.75
2026-04-09 05:20:00+00:00,35.33333333333333,52.0
2026-04-09 05:25:00+00:00,35.34166666666666,52.25
2026-04-09 05:30:00+00:00,35.349999999999994,52.5
2026-04-09 05:35:00+00:00,35.358333333333334,52.75
2026-04-09 05:40:00+00:00,35.36666666666667,53.0
2026-04-09 05:45:00+00:00,35.375,53.25
2026-04-09 05:50:00+00:00,35.38333333333333,53.5
2026-04-09 05:55:00+00:00,35.391666666666666,53.75
2026-04-09 06:00:00+00:00,35.4,54.0
2026-04-09 06:05:00+00:00,35.35,54.5
2026-04-09 06:10:00+00:00,35.3,55.0
2026-04-09 06:15:00+00:00,35.25,55.5
2026-04-09 06:20:00+00:00,35.199999999999996,56.0
2026-04-09 06:25:00+00:00,35.15,56.5
2026-04-09 06:30:00+00:00,35.099999999999994,57.0
2026-04-09 06:35:00+00:00,35.05,57.5
2026-04-09 06:40:00+00:00,35.0,58.0
2026-04-09 06:45:00+00:00,34.949999999999996,58.5
2026-04-09 06:50:00+00:00,34.9,59.0
2026-04-09 06:55:00+00:00,34.849999999999994,59.5
2026-04-09 07:00:00+00:00,34.8,60.0
2026-04-09 07:05:00+00:00,34.608333333333334,60.333333333333336
2026-04-09 07:10:00+00:00,34.416666666666664,60.666666666666664
2026-04-09 07:15:00+00:00,34.224999999999994,61.0
2026-04-09 07:20:00+00:00,34.03333333333333,61.333333333333336
2026-04-09 07:25:00+00:00,33.84166666666667,61.666666666666664
2026-04-09 07:30:00+00:00,33.65,62.0
2026-04-09 07:35:00+00:00,33.45833333333333,62.333333333333336
2026-04-09 07:40:00+00:00,33.266666666666666,62.666666666666664
2026-04-09 07:45:00+00:00,33.075,63.0
2026-04-09 07:50:00+00:00,32.88333333333333,63.333333333333336
2026-04-09 07:55:00+00:00,32.69166666666666,63.666666666666664
2026-04-09 08:00:00+00:00,32.5,64.0
2026-04-09 08:05:00+00:00,32.44166666666667,64.5
2026-04-09 08:10:00+00:00,32.38333333333333,65.0
2026-04-09 08:15:00+00:00,32.325,65.5
2026-04-09 08:20:00+00:00,32.266666666666666,66.0
2026-04-09 08:25:00+00:00,32.208333333333336,66.5
2026-04-09 08:30:00+00:00,32.15,67.0
2026-04-09 08:35:00+00:00,32.09166666666667,67.5
2026-04-09 08:40:00+00:00,32.03333333333333,68.0
2026-04-09 08:45:00+00:00,31.975,68.5
2026-04-09 08:50:00+00:00,31.916666666666668,69.0
2026-04-09 08:55:00+00:00,31.858333333333334,69.5
2026-04-09 09:00:00+00:00,31.8,70.0
2026-04-09 09:05:00+00:00,31.733333333333334,69.66666666666667
2026-04-09 09:10:00+00:00,31.666666666666668,69.33333333333333
2026-04-09 09:15:00+00:00,31.6,69.0
2026-04-09 09:20:00+00:00,31.533333333333335,68.66666666666667
2026-04-09 09:25:00+00:00,31.46666666666667,68.33333333333333
2026-04-09 09:30:00+00:00,31.4,68.0
2026-04-09 09:35:00+00:00,31.333333333333332,67.66666666666667
2026-04-09 09:40:00+00:00,31.266666666666666,67.33333333333333
2026-04-09 09:45:00+00:00,31.2,67.0
2026-04-09 09:50:00+00:00,31.133333333333333,66.66666666666667
2026-04-09 09:55:00+00:00,31.066666666666666,66.33333333333333
2026-04-09 10:00:00+00:00,31.0,66.0
2026-04-09 10:05:00+00:00,30.84166666666667,66.33333333333333
2026-04-09 10:10:00+00:00,30.683333333333334,66.66666666666667
2026-04-09 10:15:00+00:00,30.525,67.0
2026-04-09 10:20:00+00:00,30.366666666666667,67.33333333333333
2026-04-09 10:25:00+00:00,30.208333333333336,67.66666666666667
2026-04-09 10:30:00+00:00,30.05,68.0
2026-04-09 10:35:00+00:00,29.891666666666666,68.33333333333333
2026-04-09 10:40:00+00:00,29.733333333333334,68.66666666666667
2026-04-09 10:45:00+00:00,29.575000000000003,69.0
2026-04-09 10:50:00+00:00,29.416666666666668,69.33333333333333
2026-04-09 10:55:00+00:00,29.258333333333333,69.66666666666667
2026-04-09 11:00:00+00:00,29.1,70.0
2026-04-09 11:05:00+00:00,29.05,70.25
2026-04-09 11:10:00+00:00,29.0,70.5
2026-04-09 11:15:00+00:00,28.950000000000003,70.75
2026-04-09 11:20:00+00:00,28.900000000000002,71.0
2026-04-09 11:25:00+00:00,28.85,71.25
2026-04-09 11:30:00+00:00,28.8,71.5
2026-04-09 11:35:00+00:00,28.75,71.75
2026-04-09 11:40:00+00:00,28.7,72.0
2026-04-09 11:45:00+00:00,28.65,72.25
2026-04-09 11:50:00+00:00,28.6,72.5
2026-04-09 11:55:00+00:00,28.55,72.75
2026-04-09 12:00:00+00:00,28.5,73.0
2026-04-09 12:05:00+00:00,28.483333333333334,73.0
2026-04-09 12:10:00+00:00,28.46666666666667,73.0
2026-04-09 12:15:00+00:00,28.45,73.0
2026-04-09 12:20:00+00:00,28.433333333333334,73.0
2026-04-09 12:25:00+00:00,28.416666666666668,73.0
2026-04-09 12:30:00+00:00,28.4,73.0
2026-04-09 12:35:00+00:00,28.383333333333333,73.0
2026-04-09 12:40:00+00:00,28.366666666666667,73.0
2026-04-09 12:45:00+00:00,28.35,73.0
2026-04-09 12:50:00+00:00,28.333333333333336,73.0
2026-04-09 12:55:00+00:00,28.316666666666666,73.0
2026-04-09 13:00:00+00:00,28.3,73.0
2026-04-09 13:05:00+00:00,28.258333333333333,72.91666666666667
2026-04-09 13:10:00+00:00,28.21666666666667,72.83333333333333
2026-04-09 13:15:00+00:00,28.175,72.75
2026-04-09 13:20:00+00:00,28.133333333333333,72.66666666666667
2026-04-09 13:25:00+00:00,28.09166666666667,72.58333333333333
2026-04-09 13:30:00+00:00,28.05,72.5
2026-04-09 13:35:00+00:00,28.008333333333333,72.41666666666667
2026-04-09 13:40:00+00:00,27.96666666666667,72.33333333333333
2026-04-09 13:45:00+00:00,27.925,72.25
2026-04-09 13:50:00+00:00,27.883333333333333,72.16666666666667
2026-04-09 13:55:00+00:00,27.84166666666667,72.08333333333333
2026-04-09 14:00:00+00:00,27.8,72.0
2026-04-09 14:05:00+00:00,27.791666666666668,71.16666666666667
2026-04-09 14:10:00+00:00,27.783333333333335,70.33333333333333
2026-04-09 14:15:00+00:00,27.775,69.5
2026-04-09 14:20:00+00:00,27.766666666666666,68.66666666666667
2026-04-09 14:25:00+00:00,27.758333333333333,67.83333333333333
2026-04-09 14:30:00+00:00,27.75,67.0
2026-04-09 14:35:00+00:00,27.741666666666667,66.16666666666667
2026-04-09 14:40:00+00:00,27.733333333333334,65.33333333333333
2026-04-09 14:45:00+00:00,27.725,64.5
2026-04-09 14:50:00+00:00,27.716666666666665,63.666666666666664
2026-04-09 14:55:00+00:00,27.708333333333332,62.83333333333333
2026-04-09 15:00:00+00:00,27.7,62.0
2026-04-09 15:05:00+00:00,27.7,61.416666666666664
2026-04-09 15:10:00+00:00,27.7,60.833333333333336
2026-04-09 15:15:00+00:00,27.7,60.25
2026-04-09 15:20:00+00:00,27.7,59.666666666666664
2026-04-09 15:25:00+00:00,27.7,59.083333333333336
2026-04-09 15:30:00+00:00,27.7,58.5
2026-04-09 15:35:00+00:00,27.7,57.916666666666664
2026-04-09 15:40:00+00:00,27.7,57.333333333333336
2026-04-09 15:45:00+00:00,27.7,56.75
2026-04-09 15:50:00+00:00,27.7,56.166666666666664
2026-04-09 15:55:00+00:00,27.7,55.583333333333336
2026-04-09 16:00:00+00:00,27.7,55.0
2026-04-09 16:05:00+00:00,27.608333333333334,55.333333333333336
2026-04-09 16:10:00+00:00,27.516666666666666,55.666666666666664
2026-04-09 16:15:00+00:00,27.425,56.0
2026-04-09 16:20:00+00:00,27.333333333333332,56.333333333333336
2026-04-09 16:25:00+00:00,27.241666666666667,56.666666666666664
2026-04-09 16:30:00+00:00,27.15,57.0
2026-04-09 16:35:00+00:00,27.058333333333334,57.333333333333336
2026-04-09 16:40:00+00:00,26.96666666666667,57.666666666666664
2026-04-09 16:45:00+00:00,26.875,58.0
2026-04-09 16:50:00+00:00,26.783333333333335,58.333333333333336
2026-04-09 16:55:00+00:00,26.691666666666666,58.666666666666664
2026-04-09 17:00:00+00:00,26.6,59.0
2026-04-09 17:05:00+00:00,26.55,59.25
2026-04-09 17:10:00+00:00,26.5,59.5
2026-04-09 17:15:00+00:00,26.450000000000003,59.75
2026-04-09 17:20:00+00:00,26.400000000000002,60.0
2026-04-09 17:25:00+00:00,26.35,60.25
2026-04-09 17:30:00+00:00,26.3,60.5
2026-04-09 17:35:00+00:00,26.25,60.75
2026-04-09 17:40:00+00:00,26.2,61.0
2026-04-09 17:45:00+00:00,26.15,61.25
2026-04-09 17:50:00+00:00,26.1,61.5
2026-04-09 17:55:00+00:00,26.05,61.75
2026-04-09 18:00:00+00:00,26.0,62.0
2026-04-09 18:05:00+00:00,25.941666666666666,62.25
2026-04-09 18:10:00+00:00,25.883333333333333,62.5
2026-04-09 18:15:00+00:00,25.825,62.75
2026-04-09 18:20:00+00:00,25.766666666666666,63.0
2026-04-09 18:25:00+00:00,25.708333333333332,63.25
2026-04-09 18:30:00+00:00,25.65,63.5
2026-04-09 18:35:00+00:00,25.59166666666667,63.75
2026-04-09 18:40:00+00:00,25.533333333333335,64.0
2026-04-09 18:45:00+00:00,25.475,64.25
2026-04-09 18:50:00+00:00,25.416666666666668,64.5
2026-04-09 18:55:00+00:00,25.358333333333334,64.75
2026-04-09 19:00:00+00:00,25.3,65.0
2026-04-09 19:05:00+00:00,25.25,65.08333333333333
2026-04-09 19:10:00+00:00,25.2,65.16666666666667
2026-04-09 19:15:00+00:00,25.15,65.25
2026-04-09 19:20:00+00:00,25.1,65.33333333333333
2026-04-09 19:25:00+00:00,25.05,65.41666666666667
2026-04-09 19:30:00+00:00,25.0,65.5
2026-04-09 19:35:00+00:00,24.95,65.58333333333333
2026-04-09 19:40:00+00:00,24.9,65.66666666666667
2026-04-09 19:45:00+00:00,24.849999999999998,65.75
2026-04-09 19:50:00+00:00,24.8,65.83333333333333
2026-04-09 19:55:00+00:00,24.75,65.91666666666667
2026-04-09 20:00:00+00:00,24.7,66.0
2026-04-09 20:05:00+00:00,24.724999999999998,65.83333333333333
2026-04-09 20:10:00+00:00,24.75,65.66666666666667
2026-04-09 20:15:00+00:00,24.775,65.5
2026-04-09 20:20:00+00:00,24.8,65.33333333333333
2026-04-09 20:25:00+00:00,24.825,65.16666666666667
2026-04-09 20:30:00+00:00,24.85,65.0
2026-04-09 20:35:00+00:00,24.875,64.83333333333333
2026-04-09 20:40:00+00:00,24.9,64.66666666666667
2026-04-09 20:45:00+00:00,24.925,64.5
2026-04-09 20:50:00+00:00,24.95,64.33333333333333
2026-04-09 20:55:00+00:00,24.975,64.16666666666667
2026-04-09 21:00:00+00:00,25.0,64.0
2026-04-09 21:05:00+00:00,24.96666666666667,64.08333333333333
2026-04-09 21:10:00+00:00,24.933333333333334,64.16666666666667
2026-04-09 21:15:00+00:00,24.9,64.25
2026-04-09 21:20:00+00:00,24.866666666666667,64.33333333333333
2026-04-09 21:25:00+00:00,24.833333333333336,64.41666666666667
2026-04-09 21:30:00+00:00,24.8,64.5
2026-04-09 21:35:00+00:00,24.766666666666666,64.58333333333333
2026-04-09 21:40:00+00:00,24.733333333333334,64.66666666666667
2026-04-09 21:45:00+00:00,24.700000000000003,64.75
2026-04-09 21:50:00+00:00,24.666666666666668,64.83333333333333
2026-04-09 21:55:00+00:00,24.633333333333333,64.91666666666667
2026-04-09 22:00:00+00:00,24.6,65.0
2026-04-09 22:05:00+00:00,24.558333333333334,65.33333333333333
2026-04-09 22:10:00+00:00,24.51666666666667,65.66666666666667
2026-04-09 22:15:00+00:00,24.475,66.0
2026-04-09 22:20:00+00:00,24.433333333333334,66.33333333333333
2026-04-09 22:25:00+00:00,24.39166666666667,66.66666666666667
2026-04-09 22:30:00+00:00,24.35,67.0
2026-04-09 22:35:00+00:00,24.308333333333334,67.33333333333333
2026-04-09 22:40:00+00:00,24.26666666666667,67.66666666666667
2026-04-09 22:45:00+00:00,24.225,68.0
2026-04-09 22:50:00+00:00,24.183333333333334,68.33333333333333
2026-04-09 22:55:00+00:00,24.14166666666667,68.66666666666667
2026-04-09 23:00:00+00:00,24.1,69.0
2026-04-09 23:05:00+00:00,24.258333333333333,68.75
2026-04-09 23:10:00+00:00,24.416666666666668,68.5
2026-04-09 23:15:00+00:00,24.575000000000003,68.25
2026-04-09 23:20:00+00:00,24.733333333333334,68.0
2026-04-09 23:25:00+00:00,24.891666666666666,67.75
2026-04-09 23:30:00+00:00,25.05,67.5
2026-04-09 23:35:00+00:00,25.208333333333336,67.25
2026-04-09 23:40:00+00:00,25.366666666666667,67.0
2026-04-09 23:45:00+00:00,25.525,66.75
2026-04-09 23:50:00+00:00,25.683333333333334,66.5
2026-04-09 23:55:00+00:00,25.84166666666667,66.25
2026-04-10 00:00:00+00:00,26.0,66.0
2026-04-10 00:05:00+00:00,26.241666666666667,65.83333333333333
2026-04-10 00:10:00+00:00,26.483333333333334,65.66666666666667
2026-04-10 00:15:00+00:00,26.725,65.5
2026-04-10 00:20:00+00:00,26.966666666666665,65.33333333333333
2026-04-10 00:25:00+00:00,27.208333333333332,65.16666666666667
2026-04-10 00:30:00+00:00,27.45,65.0
2026-04-10 00:35:00+00:00,27.691666666666666,64.83333333333333
2026-04-10 00:40:00+00:00,27.933333333333334,64.66666666666667
2026-04-10 00:45:00+00:00,28.174999999999997,64.5
2026-04-10 00:50:00+00:00,28.416666666666664,64.33333333333333
2026-04-10 00:55:00+00:00,28.65833333333333,64.16666666666667
2026-04-10 01:00:00+00:00,28.9,64.0
2026-04-10 01:05:00+00:00,29.125,63.5
2026-04-10 01:10:00+00:00,29.349999999999998,63.0
2026-04-10 01:15:00+00:00,29.575,62.5
2026-04-10 01:20:00+00:00,29.8,62.0
2026-04-10 01:25:00+00:00,30.025,61.5
2026-04-10 01:30:00+00:00,30.25,61.0
2026-04-10 01:35:00+00:00,30.475,60.5
2026-04-10 01:40:00+00:00,30.7,60.0
2026-04-10 01:45:00+00:00,30.925,59.5
2026-04-10 01:50:00+00:00,31.150000000000002,59.0
2026-04-10 01:55:00+00:00,31.375,58.5
2026-04-10 02:00:00+00:00,31.6,58.0
2026-04-10 02:05:00+00:00,31.783333333333335,57.666666666666664
2026-04-10 02:10:00+00:00,31.96666666666667,57.333333333333336
2026-04-10 02:15:00+00:00,32.15,57.0
2026-04-10 02:20:00+00:00,32.333333333333336,56.666666666666664
2026-04-10 02:25:00+00:00,32.516666666666666,56.333333333333336
2026-04-10 02:30:00+00:00,32.7,56.0
2026-04-10 02:35:00+00:00,32.88333333333333,55.666666666666664
2026-04-10 02:40:00+00:00,33.06666666666666,55.333333333333336
2026-04-10 02:45:00+00:00,33.25,55.0
2026-04-10 02:50:00+00:00,33.43333333333333,54.666666666666664
2026-04-10 02:55:00+00:00,33.61666666666667,54.333333333333336
2026-04-10 03:00:00+00:00,33.8,54.0
2026-04-10 03:05:00+00:00,33.95833333333333,53.5
2026-04-10 03:10:00+00:00,34.11666666666667,53.0
2026-04-10 03:15:00+00:00,34.275,52.5
2026-04-10 03:20:00+00:00,34.43333333333333,52.0
2026-04-10 03:25:00+00:00,34.59166666666667,51.5
2026-04-10 03:30:00+00:00,34.75,51.0
2026-04-10 03:35:00+00:00,34.90833333333333,50.5
2026-04-10 03:40:00+00:00,35.06666666666667,50.0
2026-04-10 03:45:00+00:00,35.225,49.5
2026-04-10 03:50:00+00:00,35.38333333333333,49.0
2026-04-10 03:55:00+00:00,35.54166666666667,48.5
2026-04-10 04:00:00+00:00,35.7,48.0
2026-04-10 04:05:00+00:00,35.81666666666667,47.333333333333336
2026-04-10 04:10:00+00:00,35.93333333333334,46.666666666666664
2026-04-10 04:15:00+00:00,36.050000000000004,46.0
2026-04-10 04:20:00+00:00,36.16666666666667,45.333333333333336
2026-04-10 04:25:00+00:00,36.28333333333334,44.666666666666664
2026-04-10 04:30:00+00:00,36.400000000000006,44.0
2026-04-10 04:35:00+00:00,36.516666666666666,43.333333333333336
2026-04-10 04:40:00+00:00,36.63333333333333,42.666666666666664
2026-04-10 04:45:00+00:00,36.75,42.0
2026-04-10 04:50:00+00:00,36.86666666666667,41.333333333333336
2026-04-10 04:55:00+00:00,36.983333333333334,40.666666666666664
2026-04-10 05:00:00+00:00,37.1,40.0
2026-04-10 05:05:00+00:00,37.15,39.833333333333336
2026-04-10 05:10:00+00:00,37.2,39.666666666666664
2026-04-10 05:15:00+00:00,37.25,39.5
2026-04-10 05:20:00+00:00,37.300000000000004,39.333333333333336
2026-04-10 05:25:00+00:00,37.35,39.166666666666664
2026-04-10 05:30:00+00:00,37.400000000000006,39.0
2026-04-10 05:35:00+00:00,37.45,38.833333333333336
2026-04-10 05:40:00+00:00,37.5,38.666666666666664
2026-04-10 05:45:00+00:00,37.550000000000004,38.5
2026-04-10 05:50:00+00:00,37.6,38.333333333333336
2026-04-10 05:55:00+00:00,37.650000000000006,38.166666666666664
2026-04-10 06:00:00+00:00,37.7,38.0
2026-04-10 06:05:00+00:00,37.7,37.833333333333336
2026-04-10 06:10:00+00:00,37.7,37.666666666666664
2026-04-10 06:15:00+00:00,37.7,37.5
2026-04-10 06:20:00+00:00,37.7,37.333333333333336
2026-04-10 06:25:00+00:00,37.7,37.166666666666664
2026-04-10 06:30:00+00:00,37.7,37.0
2026-04-10 06:35:00+00:00,37.7,36.833333333333336
2026-04-10 06:40:00+00:00,37.7,36.666666666666664
2026-04-10 06:45:00+00:00,37.7,36.5
2026-04-10 06:50:00+00:00,37.7,36.333333333333336
2026-04-10 06:55:00+00:00,37.7,36.166666666666664
2026-04-10 07:00:00+00:00,37.7,36.0
2026-04-10 07:05:00+00:00,37.641666666666666,36.0
2026-04-10 07:10:00+00:00,37.583333333333336,36.0
2026-04-10 07:15:00+00:00,37.525000000000006,36.0
2026-04-10 07:20:00+00:00,37.46666666666667,36.0
2026-04-10 07:25:00+00:00,37.40833333333333,36.0
2026-04-10 07:30:00+00:00,37.35,36.0
2026-04-10 07:35:00+00:00,37.29166666666667,36.0
2026-04-10 07:40:00+00:00,37.233333333333334,36.0
2026-04-10 07:45:00+00:00,37.175,36.0
2026-04-10 07:50:00+00:00,37.11666666666667,36.0
2026-04-10 07:55:00+00:00,37.05833333333334,36.0
2026-04-10 08:00:00+00:00,37.0,36.0
2026-04-10 08:05:00+00:00,36.78333333333333,36.916666666666664
2026-04-10 08:10:00+00:00,36.56666666666666,37.833333333333336
2026-04-10 08:15:00+00:00,36.35,38.75
2026-04-10 08:20:00+00:00,36.13333333333333,39.666666666666664
2026-04-10 08:25:00+00:00,35.916666666666664,40.583333333333336
2026-04-10 08:30:00+00:00,35.7,41.5
2026-04-10 08:35:00+00:00,35.483333333333334,42.416666666666664
2026-04-10 08:40:00+00:00,35.266666666666666,43.333333333333336
2026-04-10 08:45:00+00:00,35.05,44.25
2026-04-10 08:50:00+00:00,34.83333333333333,45.166666666666664
2026-04-10 08:55:00+00:00,34.61666666666667,46.083333333333336
2026-04-10 09:00:00+00:00,34.4,47.0
2026-04-10 09:05:00+00:00,34.225,47.916666666666664
2026-04-10 09:10:00+00:00,34.05,48.833333333333336
2026-04-10 09:15:00+00:00,33.875,49.75
2026-04-10 09:20:00+00:00,33.699999999999996,50.666666666666664
2026-04-10 09:25:00+00:00,33.525,51.583333333333336
2026-04-10 09:30:00+00:00,33.349999999999994,52.5
2026-04-10 09:35:00+00:00,33.175,53.416666666666664
2026-04-10 09:40:00+00:00,33.0,54.333333333333336
2026-04-10 09:45:00+00:00,32.824999999999996,55.25
2026-04-10 09:50:00+00:00,32.65,56.166666666666664
2026-04-10 09:55:00+00:00,32.474999999999994,57.083333333333336
2026-04-10 10:00:00+00:00,32.3,58.0
2026-04-10 10:05:00+00:00,32.324999999999996,56.416666666666664
2026-04-10 10:10:00+00:00,32.349999999999994,54.833333333333336
2026-04-10 10:15:00+00:00,32.375,53.25
2026-04-10 10:20:00+00:00,32.4,51.666666666666664
2026-04-10 10:25:00+00:00,32.425,50.083333333333336
2026-04-10 10:30:00+00:00,32.45,48.5
2026-04-10 10:35:00+00:00,32.475,46.91666666666667
2026-04-10 10:40:00+00:00,32.5,45.333333333333336
2026-04-10 10:45:00+00:00,32.525,43.75
2026-04-10 10:50:00+00:00,32.55,42.16666666666667
2026-04-10 10:55:00+00:00,32.575,40.58333333333333
2026-04-10 11:00:00+00:00,32.6,39.0
2026-04-10 11:05:00+00:00,32.63333333333333,38.5
2026-04-10 11:10:00+00:00,32.66666666666667,38.0
2026-04-10 11:15:00+00:00,32.7,37.5
2026-04-10 11:20:00+00:00,32.733333333333334,37.0
2026-04-10 11:25:00+00:00,32.766666666666666,36.5
2026-04-10 11:30:00+00:00,32.8,36.0
2026-04-10 11:35:00+00:00,32.833333333333336,35.5
2026-04-10 11:40:00+00:00,32.86666666666667,35.0
2026-04-10 11:45:00+00:00,32.9,34.5
2026-04-10 11:50:00+00:00,32.93333333333334,34.0
2026-04-10 11:55:00+00:00,32.96666666666667,33.5
2026-04-10 12:00:00+00:00,33.0,33.0
2026-04-10 12:05:00+00:00,32.95,33.083333333333336
2026-04-10 12:10:00+00:00,32.9,33.166666666666664
2026-04-10 12:15:00+00:00,32.85,33.25
2026-04-10 12:20:00+00:00,32.8,33.333333333333336
2026-04-10 12:25:00+00:00,32.75,33.416666666666664
2026-04-10 12:30:00+00:00,32.7,33.5
2026-04-10 12:35:00+00:00,32.65,33.583333333333336
2026-04-10 12:40:00+00:00,32.6,33.666666666666664
2026-04-10 12:45:00+00:00,32.55,33.75
2026-04-10 12:50:00+00:00,32.5,33.833333333333336
2026-04-10 12:55:00+00:00,32.449999999999996,33.916666666666664
2026-04-10 13:00:00+00:00,32.4,34.0
2026-04-10 13:05:00+00:00,32.35,34.083333333333336
2026-04-10 13:10:00+00:00,32.3,34.166666666666664
2026-04-10 13:15:00+00:00,32.25,34.25
2026-04-10 13:20:00+00:00,32.2,34.333333333333336
2026-04-10 13:25:00+00:00,32.15,34.416666666666664
2026-04-10 13:30:00+00:00,32.1,34.5
2026-04-10 13:35:00+00:00,32.05,34.583333333333336
2026-04-10 13:40:00+00:00,32.0,34.666666666666664
2026-04-10 13:45:00+00:00,31.95,34.75
2026-04-10 13:50:00+00:00,31.900000000000002,34.833333333333336
2026-04-10 13:55:00+00:00,31.85,34.916666666666664
2026-04-10 14:00:00+00:00,31.8,35.0
2026-04-10 14:05:00+00:00,31.733333333333334,35.25
2026-04-10 14:10:00+00:00,31.666666666666668,35.5
2026-04-10 14:15:00+00:00,31.6,35.75
2026-04-10 14:20:00+00:00,31.533333333333335,36.0
2026-04-10 14:25:00+00:00,31.46666666666667,36.25
2026-04-10 14:30:00+00:00,31.4,36.5
2026-04-10 14:35:00+00:00,31.333333333333332,36.75
2026-04-10 14:40:00+00:00,31.266666666666666,37.0
2026-04-10 14:45:00+00:00,31.2,37.25
2026-04-10 14:50:00+00:00,31.133333333333333,37.5
2026-04-10 14:55:00+00:00,31.066666666666666,37.75
2026-04-10 15:00:00+00:00,31.0,38.0
2026-04-10 15:05:00+00:00,30.958333333333332,38.25
2026-04-10 15:10:00+00:00,30.916666666666668,38.5
2026-04-10 15:15:00+00:00,30.875,38.75
2026-04-10 15:20:00+00:00,30.833333333333332,39.0
2026-04-10 15:25:00+00:00,30.791666666666668,39.25
2026-04-10 15:30:00+00:00,30.75,39.5
2026-04-10 15:35:00+00:00,30.708333333333332,39.75
2026-04-10 15:40:00+00:00,30.666666666666668,40.0
2026-04-10 15:45:00+00:00,30.625,40.25
2026-04-10 15:50:00+00:00,30.583333333333332,40.5
2026-04-10 15:55:00+00:00,30.541666666666668,40.75
2026-04-10 16:00:00+00:00,30.5,41.0
2026-04-10 16:05:00+00:00,30.441666666666666,41.25
2026-04-10 16:10:00+00:00,30.383333333333333,41.5
2026-04-10 16:15:00+00:00,30.325,41.75
2026-04-10 16:20:00+00:00,30.266666666666666,42.0
2026-04-10 16:25:00+00:00,30.208333333333332,42.25
2026-04-10 16:30:00+00:00,30.15,42.5
2026-04-10 16:35:00+00:00,30.09166666666667,42.75
2026-04-10 16:40:00+00:00,30.033333333333335,43.0
2026-04-10 16:45:00+00:00,29.975,43.25
2026-04-10 16:50:00+00:00,29.916666666666668,43.5
2026-04-10 16:55:00+00:00,29.858333333333334,43.75
2026-04-10 17:00:00+00:00,29.8,44.0
2026-04-10 17:05:00+00:00,29.666666666666668,44.5
2026-04-10 17:10:00+00:00,29.533333333333335,45.0
2026-04-10 17:15:00+00:00,29.4,45.5
2026-04-10 17:20:00+00:00,29.266666666666666,46.0
2026-04-10 17:25:00+00:00,29.133333333333333,46.5
2026-04-10 17:30:00+00:00,29.0,47.0
2026-04-10 17:35:00+00:00,28.866666666666667,47.5
2026-04-10 17:40:00+00:00,28.733333333333334,48.0
2026-04-10 17:45:00+00:00,28.6,48.5
2026-04-10 17:50:00+00:00,28.466666666666665,49.0
2026-04-10 17:55:00+00:00,28.333333333333332,49.5
2026-04-10 18:00:00+00:00,28.2,50.0
2026-04-10 18:05:00+00:00,28.116666666666667,50.333333333333336
2026-04-10 18:10:00+00:00,28.03333333333333,50.666666666666664
2026-04-10 18:15:00+00:00,27.95,51.0
2026-04-10 18:20:00+00:00,27.866666666666667,51.333333333333336
2026-04-10 18:25:00+00:00,27.78333333333333,51.666666666666664
2026-04-10 18:30:00+00:00,27.7,52.0
2026-04-10 18:35:00+00:00,27.616666666666667,52.333333333333336
2026-04-10 18:40:00+00:00,27.53333333333333,52.666666666666664
2026-04-10 18:45:00+00:00,27.45,53.0
2026-04-10 18:50:00+00:00,27.366666666666667,53.333333333333336
2026-04-10 18:55:00+00:00,27.28333333333333,53.666666666666664
2026-04-10 19:00:00+00:00,27.2,54.0
2026-04-10 19:05:00+00:00,27.175,54.166666666666664
2026-04-10 19:10:00+00:00,27.15,54.333333333333336
2026-04-10 19:15:00+00:00,27.125,54.5
2026-04-10 19:20:00+00:00,27.099999999999998,54.666666666666664
2026-04-10 19:25:00+00:00,27.075,54.833333333333336
2026-04-10 19:30:00+00:00,27.049999999999997,55.0
2026-04-10 19:35:00+00:00,27.025,55.166666666666664
2026-04-10 19:40:00+00:00,27.0,55.333333333333336
2026-04-10 19:45:00+00:00,26.974999999999998,55.5
2026-04-10 19:50:00+00:00,26.95,55.666666666666664
2026-04-10 19:55:00+00:00,26.924999999999997,55.833333333333336
2026-04-10 20:00:00+00:00,26.9,56.0
2026-04-10 20:05:00+00:00,26.849999999999998,56.166666666666664
2026-04-10 20:10:00+00:00,26.799999999999997,56.333333333333336
2026-04-10 20:15:00+00:00,26.75,56.5
2026-04-10 20:20:00+00:00,26.7,56.666666666666664
2026-04-10 20:25:00+00:00,26.65,56.833333333333336
2026-04-10 20:30:00+00:00,26.6,57.0
2026-04-10 20:35:00+00:00,26.55,57.166666666666664
2026-04-10 20:40:00+00:00,26.5,57.333333333333336
2026-04-10 20:45:00+00:00,26.45,57.5
2026-04-10 20:50:00+00:00,26.400000000000002,57.666666666666664
2026-04-10 20:55:00+00:00,26.35,57.833333333333336
2026-04-10 21:00:00+00:00,26.3,58.0
2026-04-10 21:05:00+00:00,26.275000000000002,58.166666666666664
2026-04-10 21:10:00+00:00,26.25,58.333333333333336
2026-04-10 21:15:00+00:00,26.225,58.5
2026-04-10 21:20:00+00:00,26.2,58.666666666666664
2026-04-10 21:25:00+00:00,26.175,58.833333333333336
2026-04-10 21:30:00+00:00,26.15,59.0
2026-04-10 21:35:00+00:00,26.125,59.166666666666664
2026-04-10 21:40:00+00:00,26.1,59.333333333333336
2026-04-10 21:45:00+00:00,26.075,59.5
2026-04-10 21:50:00+00:00,26.05,59.666666666666664
2026-04-10 21:55:00+00:00,26.025,59.833333333333336
2026-04-10 22:00:00+00:00,26.0,60.0
2026-04-10 22:05:00+00:00,25.983333333333334,60.166666666666664
2026-04-10 22:10:00+00:00,25.96666666666667,60.333333333333336
2026-04-10 22:15:00+00:00,25.95,60.5
2026-04-10 22:20:00+00:00,25.933333333333334,60.666666666666664
2026-04-10 22:25:00+00:00,25.916666666666668,60.833333333333336
2026-04-10 22:30:00+00:00,25.9,61.0
2026-04-10 22:35:00+00:00,25.883333333333333,61.166666666666664
2026-04-10 22:40:00+00:00,25.866666666666667,61.333333333333336
2026-04-10 22:45:00+00:00,25.85,61.5
2026-04-10 22:50:00+00:00,25.833333333333336,61.666666666666664
2026-04-10 22:55:00+00:00,25.816666666666666,61.833333333333336
2026-04-10 23:00:00+00:00,25.8,62.0
2026-04-10 23:05:00+00:00,25.891666666666666,62.083333333333336
2026-04-10 23:10:00+00:00,25.983333333333334,62.166666666666664
2026-04-10 23:15:00+00:00,26.075,62.25
2026-04-10 23:20:00+00:00,26.166666666666668,62.333333333333336
2026-04-10 23:25:00+00:00,26.258333333333333,62.416666666666664
2026-04-10 23:30:00+00:00,26.35,62.5
2026-04-10 23:35:00+00:00,26.441666666666666,62.583333333333336
2026-04-10 23:40:00+00:00,26.53333333333333,62.666666666666664
2026-04-10 23:45:00+00:00,26.625,62.75
2026-04-10 23:50:00+00:00,26.716666666666665,62.833333333333336
2026-04-10 23:55:00+00:00,26.808333333333334,62.916666666666664
2026-04-11 00:00:00+00:00,26.9,63.0
2026-04-11 00:05:00+00:00,27.10833333333333,63.083333333333336
2026-04-11 00:10:00+00:00,27.316666666666666,63.166666666666664
2026-04-11 00:15:00+00:00,27.525,63.25
2026-04-11 00:20:00+00:00,27.73333333333333,63.333333333333336
2026-04-11 00:25:00+00:00,27.941666666666666,63.416666666666664
2026-04-11 00:30:00+00:00,28.15,63.5
2026-04-11 00:35:00+00:00,28.35833333333333,63.583333333333336
2026-04-11 00:40:00+00:00,28.566666666666666,63.666666666666664
2026-04-11 00:45:00+00:00,28.775,63.75
2026-04-11 00:50:00+00:00,28.98333333333333,63.833333333333336
2026-04-11 00:55:00+00:00,29.191666666666666,63.916666666666664
2026-04-11 01:00:00+00:00,29.4,64.0
2026-04-11 01:05:00+00:00,29.599999999999998,63.416666666666664
2026-04-11 01:10:00+00:00,29.799999999999997,62.833333333333336
2026-04-11 01:15:00+00:00,30.0,62.25
2026-04-11 01:20:00+00:00,30.2,61.666666666666664
2026-04-11 01:25:00+00:00,30.4,61.083333333333336
2026-04-11 01:30:00+00:00,30.6,60.5
2026-04-11 01:35:00+00:00,30.8,59.916666666666664
2026-04-11 01:40:00+00:00,31.0,59.333333333333336
2026-04-11 01:45:00+00:00,31.2,58.75
2026-04-11 01:50:00+00:00,31.4,58.166666666666664
2026-04-11 01:55:00+00:00,31.6,57.583333333333336
2026-04-11 02:00:00+00:00,31.8,57.0
2026-04-11 02:05:00+00:00,31.941666666666666,56.666666666666664
2026-04-11 02:10:00+00:00,32.083333333333336,56.333333333333336
2026-04-11 02:15:00+00:00,32.225,56.0
2026-04-11 02:20:00+00:00,32.36666666666667,55.666666666666664
2026-04-11 02:25:00+00:00,32.50833333333333,55.333333333333336
2026-04-11 02:30:00+00:00,32.65,55.0
2026-04-11 02:35:00+00:00,32.791666666666664,54.666666666666664
2026-04-11 02:40:00+00:00,32.93333333333334,54.333333333333336
2026-04-11 02:45:00+00:00,33.075,54.0
2026-04-11 02:50:00+00:00,33.21666666666667,53.666666666666664
2026-04-11 02:55:00+00:00,33.358333333333334,53.333333333333336
2026-04-11 03:00:00+00:00,33.5,53.0
2026-04-11 03:05:00+00:00,33.63333333333333,52.416666666666664
2026-04-11 03:10:00+00:00,33.766666666666666,51.833333333333336
2026-04-11 03:15:00+00:00,33.9,51.25
2026-04-11 03:20:00+00:00,34.03333333333333,50.666666666666664
2026-04-11 03:25:00+00:00,34.166666666666664,50.083333333333336
2026-04-11 03:30:00+00:00,34.3,49.5
2026-04-11 03:35:00+00:00,34.43333333333334,48.916666666666664
2026-04-11 03:40:00+00:00,34.56666666666667,48.333333333333336
2026-04-11 03:45:00+00:00,34.7,47.75
2026-04-11 03:50:00+00:00,34.833333333333336,47.166666666666664
2026-04-11 03:55:00+00:00,34.96666666666667,46.583333333333336
2026-04-11 04:00:00+00:00,35.1,46.0
2026-04-11 04:05:00+00:00,35.2,45.75
2026-04-11 04:10:00+00:00,35.3,45.5
2026-04-11 04:15:00+00:00,35.4,45.25
2026-04-11 04:20:00+00:00,35.5,45.0
2026-04-11 04:25:00+00:00,35.6,44.75
2026-04-11 04:30:00+00:00,35.7,44.5
2026-04-11 04:35:00+00:00,35.8,44.25
2026-04-11 04:40:00+00:00,35.9,44.0
2026-04-11 04:45:00+00:00,36.0,43.75
2026-04-11 04:50:00+00:00,36.099999999999994,43.5
2026-04-11 04:55:00+00:00,36.199999999999996,43.25
2026-04-11 05:00:00+00:00,36.3,43.0
2026-04-11 05:05:00+00:00,36.349999999999994,42.75
2026-04-11 05:10:00+00:00,36.4,42.5
2026-04-11 05:15:00+00:00,36.449999999999996,42.25
2026-04-11 05:20:00+00:00,36.5,42.0
2026-04-11 05:25:00+00:00,36.55,41.75
2026-04-11 05:30:00+00:00,36.599999999999994,41.5
2026-04-11 05:35:00+00:00,36.65,41.25
2026-04-11 05:40:00+00:00,36.699999999999996,41.0
2026-04-11 05:45:00+00:00,36.75,40.75
2026-04-11 05:50:00+00:00,36.8,40.5
2026-04-11 05:55:00+00:00,36.85,40.25
2026-04-11 06:00:00+00:00,36.9,40.0
2026-04-11 06:05:00+00:00,36.9,39.916666666666664
2026-04-11 06:10:00+00:00,36.9,39.833333333333336
2026-04-11 06:15:00+00:00,36.9,39.75
2026-04-11 06:20:00+00:00,36.9,39.666666666666664
2026-04-11 06:25:00+00:00,36.9,39.583333333333336
2026-04-11 06:30:00+00:00,36.9,39.5
2026-04-11 06:35:00+00:00,36.9,39.416666666666664
2026-04-11 06:40:00+00:00,36.9,39.333333333333336
2026-04-11 06:45:00+00:00,36.9,39.25
2026-04-11 06:50:00+00:00,36.9,39.166666666666664
2026-04-11 06:55:00+00:00,36.9,39.083333333333336
2026-04-11 07:00:00+00:00,36.9,39.0
2026-04-11 07:05:00+00:00,36.88333333333333,38.666666666666664
2026-04-11 07:10:00+00:00,36.86666666666667,38.333333333333336
2026-04-11 07:15:00+00:00,36.85,38.0
2026-04-11 07:20:00+00:00,36.833333333333336,37.666666666666664
2026-04-11 07:25:00+00:00,36.81666666666667,37.333333333333336
2026-04-11 07:30:00+00:00,36.8,37.0
2026-04-11 07:35:00+00:00,36.78333333333333,36.666666666666664
2026-04-11 07:40:00+00:00,36.766666666666666,36.333333333333336
2026-04-11 07:45:00+00:00,36.75,36.0
2026-04-11 07:50:00+00:00,36.733333333333334,35.666666666666664
2026-04-11 07:55:00+00:00,36.71666666666667,35.333333333333336
2026-04-11 08:00:00+00:00,36.7,35.0
2026-04-11 08:05:00+00:00,36.54166666666667,35.416666666666664
2026-04-11 08:10:00+00:00,36.38333333333333,35.833333333333336
2026-04-11 08:15:00+00:00,36.225,36.25
2026-04-11 08:20:00+00:00,36.06666666666667,36.666666666666664
2026-04-11 08:25:00+00:00,35.90833333333333,37.083333333333336
2026-04-11 08:30:00+00:00,35.75,37.5
2026-04-11 08:35:00+00:00,35.59166666666667,37.916666666666664
2026-04-11 08:40:00+00:00,35.43333333333333,38.333333333333336
2026-04-11 08:45:00+00:00,35.275,38.75
2026-04-11 08:50:00+00:00,35.11666666666667,39.166666666666664
2026-04-11 08:55:00+00:00,34.95833333333333,39.583333333333336
2026-04-11 09:00:00+00:00,34.8,40.0
2026-04-11 09:05:00+00:00,34.70833333333333,39.75
2026-04-11 09:10:00+00:00,34.61666666666667,39.5
2026-04-11 09:15:00+00:00,34.525,39.25
2026-04-11 09:20:00+00:00,34.43333333333333,39.0
2026-04-11 09:25:00+00:00,34.34166666666667,38.75
2026-04-11 09:30:00+00:00,34.25,38.5
2026-04-11 09:35:00+00:00,34.15833333333333,38.25
2026-04-11 09:40:00+00:00,34.06666666666667,38.0
2026-04-11 09:45:00+00:00,33.975,37.75
2026-04-11 09:50:00+00:00,33.88333333333333,37.5
2026-04-11 09:55:00+00:00,33.79166666666667,37.25
2026-04-11 10:00:00+00:00,33.7,37.0
2026-04-11 10:05:00+00:00,33.63333333333333,36.583333333333336
2026-04-11 10:10:00+00:00,33.56666666666667,36.166666666666664
2026-04-11 10:15:00+00:00,33.5,35.75
2026-04-11 10:20:00+00:00,33.43333333333334,35.333333333333336
2026-04-11 10:25:00+00:00,33.36666666666667,34.916666666666664
2026-04-11 10:30:00+00:00,33.3,34.5
2026-04-11 10:35:00+00:00,33.233333333333334,34.083333333333336
2026-04-11 10:40:00+00:00,33.166666666666664,33.666666666666664
2026-04-11 10:45:00+00:00,33.1,33.25
2026-04-11 10:50:00+00:00,33.03333333333333,32.833333333333336
2026-04-11 10:55:00+00:00,32.96666666666667,32.416666666666664
2026-04-11 11:00:00+00:00,32.9,32.0
2026-04-11 11:05:00+00:00,32.93333333333333,31.75
2026-04-11 11:10:00+00:00,32.96666666666667,31.5
2026-04-11 11:15:00+00:00,33.0,31.25
2026-04-11 11:20:00+00:00,33.03333333333333,31.0
2026-04-11 11:25:00+00:00,33.06666666666666,30.75
2026-04-11 11:30:00+00:00,33.099999999999994,30.5
2026-04-11 11:35:00+00:00,33.13333333333333,30.25
2026-04-11 11:40:00+00:00,33.166666666666664,30.0
2026-04-11 11:45:00+00:00,33.199999999999996,29.75
2026-04-11 11:50:00+00:00,33.233333333333334,29.5
2026-04-11 11:55:00+00:00,33.266666666666666,29.25
2026-04-11 12:00:00+00:00,33.3,29.0
2026-04-11 12:05:00+00:00,33.25833333333333,29.083333333333332
2026-04-11 12:10:00+00:00,33.21666666666666,29.166666666666668
2026-04-11 12:15:00+00:00,33.175,29.25
2026-04-11 12:20:00+00:00,33.13333333333333,29.333333333333332
2026-04-11 12:25:00+00:00,33.09166666666666,29.416666666666668
2026-04-11 12:30:00+00:00,33.05,29.5
2026-04-11 12:35:00+00:00,33.00833333333333,29.583333333333332
2026-04-11 12:40:00+00:00,32.96666666666666,29.666666666666668
2026-04-11 12:45:00+00:00,32.925,29.75
2026-04-11 12:50:00+00:00,32.88333333333333,29.833333333333332
2026-04-11 12:55:00+00:00,32.84166666666666,29.916666666666668
2026-04-11 13:00:00+00:00,32.8,30.0
2026-04-11 13:05:00+00:00,32.733333333333334,30.333333333333332
2026-04-11 13:10:00+00:00,32.666666666666664,30.666666666666668
2026-04-11 13:15:00+00:00,32.599999999999994,31.0
2026-04-11 13:20:00+00:00,32.53333333333333,31.333333333333332
2026-04-11 13:25:00+00:00,32.46666666666667,31.666666666666668
2026-04-11 13:30:00+00:00,32.4,32.0
2026-04-11 13:35:00+00:00,32.33333333333333,32.333333333333336
2026-04-11 13:40:00+00:00,32.266666666666666,32.666666666666664
2026-04-11 13:45:00+00:00,32.2,33.0
2026-04-11 13:50:00+00:00,32.13333333333333,33.333333333333336
2026-04-11 13:55:00+00:00,32.06666666666666,33.666666666666664
2026-04-11 14:00:00+00:00,32.0,34.0
2026-04-11 14:05:00+00:00,31.916666666666668,34.333333333333336
2026-04-11 14:10:00+00:00,31.833333333333332,34.666666666666664
2026-04-11 14:15:00+00:00,31.75,35.0
2026-04-11 14:20:00+00:00,31.666666666666668,35.333333333333336
2026-04-11 14:25:00+00:00,31.583333333333332,35.666666666666664
2026-04-11 14:30:00+00:00,31.5,36.0
2026-04-11 14:35:00+00:00,31.416666666666668,36.333333333333336
2026-04-11 14:40:00+00:00,31.333333333333332,36.666666666666664
2026-04-11 14:45:00+00:00,31.25,37.0
2026-04-11 14:50:00+00:00,31.166666666666668,37.333333333333336
2026-04-11 14:55:00+00:00,31.083333333333332,37.666666666666664
2026-04-11 15:00:00+00:00,31.0,38.0
2026-04-11 15:05:00+00:00,30.9,38.416666666666664
2026-04-11 15:10:00+00:00,30.8,38.833333333333336
2026-04-11 15:15:00+00:00,30.7,39.25
2026-04-11 15:20:00+00:00,30.6,39.666666666666664
2026-04-11 15:25:00+00:00,30.5,40.083333333333336
2026-04-11 15:30:00+00:00,30.4,40.5
2026-04-11 15:35:00+00:00,30.3,40.916666666666664
2026-04-11 15:40:00+00:00,30.2,41.333333333333336
2026-04-11 15:45:00+00:00,30.1,41.75
2026-04-11 15:50:00+00:00,30.0,42.166666666666664
2026-04-11 15:55:00+00:00,29.900000000000002,42.583333333333336
2026-04-11 16:00:00+00:00,29.8,43.0
2026-04-11 16:05:00+00:00,29.725,43.25
2026-04-11 16:10:00+00:00,29.65,43.5
2026-04-11 16:15:00+00:00,29.575,43.75
2026-04-11 16:20:00+00:00,29.5,44.0
2026-04-11 16:25:00+00:00,29.425,44.25
2026-04-11 16:30:00+00:00,29.35,44.5
2026-04-11 16:35:00+00:00,29.275,44.75
2026-04-11 16:40:00+00:00,29.2,45.0
2026-04-11 16:45:00+00:00,29.125,45.25
2026-04-11 16:50:00+00:00,29.049999999999997,45.5
2026-04-11 16:55:00+00:00,28.974999999999998,45.75
2026-04-11 17:00:00+00:00,28.9,46.0
2026-04-11 17:05:00+00:00,28.849999999999998,46.25
2026-04-11 17:10:00+00:00,28.799999999999997,46.5
2026-04-11 17:15:00+00:00,28.75,46.75
2026-04-11 17:20:00+00:00,28.7,47.0
2026-04-11 17:25:00+00:00,28.65,47.25
2026-04-11 17:30:00+00:00,28.6,47.5
2026-04-11 17:35:00+00:00,28.55,47.75
2026-04-11 17:40:00+00:00,28.5,48.0
2026-04-11 17:45:00+00:00,28.45,48.25
2026-04-11 17:50:00+00:00,28.400000000000002,48.5
2026-04-11 17:55:00+00:00,28.35,48.75
2026-04-11 18:00:00+00:00,28.3,49.0
2026-04-11 18:05:00+00:00,28.225,49.25
2026-04-11 18:10:00+00:00,28.15,49.5
2026-04-11 18:15:00+00:00,28.075,49.75
2026-04-11 18:20:00+00:00,28.0,50.0
2026-04-11 18:25:00+00:00,27.925,50.25
2026-04-11 18:30:00+00:00,27.85,50.5
2026-04-11 18:35:00+00:00,27.775,50.75
2026-04-11 18:40:00+00:00,27.7,51.0
2026-04-11 18:45:00+00:00,27.625,51.25
2026-04-11 18:50:00+00:00,27.549999999999997,51.5
2026-04-11 18:55:00+00:00,27.474999999999998,51.75
2026-04-11 19:00:00+00:00,27.4,52.0
2026-04-11 19:05:00+00:00,27.341666666666665,52.333333333333336
2026-04-11 19:10:00+00:00,27.28333333333333,52.666666666666664
2026-04-11 19:15:00+00:00,27.224999999999998,53.0
2026-04-11 19:20:00+00:00,27.166666666666664,53.333333333333336
2026-04-11 19:25:00+00:00,27.10833333333333,53.666666666666664
2026-04-11 19:30:00+00:00,27.049999999999997,54.0
2026-04-11 19:35:00+00:00,26.991666666666667,54.333333333333336
2026-04-11 19:40:00+00:00,26.933333333333334,54.666666666666664
2026-04-11 19:45:00+00:00,26.875,55.0
2026-04-11 19:50:00+00:00,26.816666666666666,55.333333333333336
2026-04-11 19:55:00+00:00,26.758333333333333,55.666666666666664
2026-04-11 20:00:00+00:00,26.7,56.0
2026-04-11 20:05:00+00:00,26.683333333333334,56.0
2026-04-11 20:10:00+00:00,26.666666666666664,56.0
2026-04-11 20:15:00+00:00,26.65,56.0
2026-04-11 20:20:00+00:00,26.633333333333333,56.0
2026-04-11 20:25:00+00:00,26.616666666666667,56.0
2026-04-11 20:30:00+00:00,26.6,56.0
2026-04-11 20:35:00+00:00,26.583333333333332,56.0
2026-04-11 20:40:00+00:00,26.566666666666666,56.0
2026-04-11 20:45:00+00:00,26.55,56.0
2026-04-11 20:50:00+00:00,26.53333333333333,56.0
2026-04-11 20:55:00+00:00,26.516666666666666,56.0
2026-04-11 21:00:00+00:00,26.5,56.0
2026-04-11 21:05:00+00:00,26.45,56.25
2026-04-11 21:10:00+00:00,26.4,56.5
2026-04-11 21:15:00+00:00,26.35,56.75
2026-04-11 21:20:00+00:00,26.3,57.0
2026-04-11 21:25:00+00:00,26.25,57.25
2026-04-11 21:30:00+00:00,26.2,57.5
2026-04-11 21:35:00+00:00,26.15,57.75
2026-04-11 21:40:00+00:00,26.099999999999998,58.0
2026-04-11 21:45:00+00:00,26.049999999999997,58.25
2026-04-11 21:50:00+00:00,26.0,58.5
2026-04-11 21:55:00+00:00,25.95,58.75
2026-04-11 22:00:00+00:00,25.9,59.0
2026-04-11 22:05:00+00:00,25.875,59.166666666666664
2026-04-11 22:10:00+00:00,25.849999999999998,59.333333333333336
2026-04-11 22:15:00+00:00,25.825,59.5
2026-04-11 22:20:00+00:00,25.8,59.666666666666664
2026-04-11 22:25:00+00:00,25.775,59.833333333333336
2026-04-11 22:30:00+00:00,25.75,60.0
2026-04-11 22:35:00+00:00,25.725,60.166666666666664
2026-04-11 22:40:00+00:00,25.7,60.333333333333336
2026-04-11 22:45:00+00:00,25.675,60.5
2026-04-11 22:50:00+00:00,25.650000000000002,60.666666666666664
2026-04-11 22:55:00+00:00,25.625,60.833333333333336
2026-04-11 23:00:00+00:00,25.6,61.0
2026-04-11 23:05:00+00:00,25.700000000000003,61.083333333333336
2026-04-11 23:10:00+00:00,25.8,61.166666666666664
2026-04-11 23:15:00+00:00,25.900000000000002,61.25
2026-04-11 23:20:00+00:00,26.0,61.333333333333336
2026-04-11 23:25:00+00:00,26.1,61.416666666666664
2026-04-11 23:30:00+00:00,26.200000000000003,61.5
2026-04-11 23:35:00+00:00,26.3,61.583333333333336
2026-04-11 23:40:00+00:00,26.400000000000002,61.666666666666664
2026-04-11 23:45:00+00:00,26.5,61.75
2026-04-11 23:50:00+00:00,26.6,61.833333333333336
2026-04-11 23:55:00+00:00,26.7,61.916666666666664
2026-04-12 00:00:00+00:00,26.8,62.0
2026-04-12 00:05:00+00:00,27.008333333333333,62.083333333333336
2026-04-12 00:10:00+00:00,27.21666666666667,62.166666666666664
2026-04-12 00:15:00+00:00,27.425,62.25
2026-04-12 00:20:00+00:00,27.633333333333333,62.333333333333336
2026-04-12 00:25:00+00:00,27.84166666666667,62.416666666666664
2026-04-12 00:30:00+00:00,28.05,62.5
2026-04-12 00:35:00+00:00,28.258333333333333,62.583333333333336
2026-04-12 00:40:00+00:00,28.46666666666667,62.666666666666664
2026-04-12 00:45:00+00:00,28.675,62.75
2026-04-12 00:50:00+00:00,28.883333333333333,62.833333333333336
2026-04-12 00:55:00+00:00,29.09166666666667,62.916666666666664
2026-04-12 01:00:00+00:00,29.3,63.0
2026-04-12 01:05:00+00:00,29.55,62.5
2026-04-12 01:10:00+00:00,29.8,62.0
2026-04-12 01:15:00+00:00,30.05,61.5
2026-04-12 01:20:00+00:00,30.3,61.0
2026-04-12 01:25:00+00:00,30.55,60.5
2026-04-12 01:30:00+00:00,30.799999999999997,60.0
2026-04-12 01:35:00+00:00,31.049999999999997,59.5
2026-04-12 01:40:00+00:00,31.299999999999997,59.0
2026-04-12 01:45:00+00:00,31.549999999999997,58.5
2026-04-12 01:50:00+00:00,31.799999999999997,58.0
2026-04-12 01:55:00+00:00,32.05,57.5
2026-04-12 02:00:00+00:00,32.3,57.0
2026-04-12 02:05:00+00:00,32.49166666666667,56.5
2026-04-12 02:10:00+00:00,32.68333333333333,56.0
2026-04-12 02:15:00+00:00,32.875,55.5
2026-04-12 02:20:00+00:00,33.06666666666666,55.0
2026-04-12 02:25:00+00:00,33.25833333333333,54.5
2026-04-12 02:30:00+00:00,33.45,54.0
2026-04-12 02:35:00+00:00,33.641666666666666,53.5
2026-04-12 02:40:00+00:00,33.833333333333336,53.0
2026-04-12 02:45:00+00:00,34.025,52.5
2026-04-12 02:50:00+00:00,34.21666666666667,52.0
2026-04-12 02:55:00+00:00,34.40833333333333,51.5
2026-04-12 03:00:00+00:00,34.6,51.0
2026-04-12 03:05:00+00:00,34.7,50.416666666666664
2026-04-12 03:10:00+00:00,34.8,49.833333333333336
2026-04-12 03:15:00+00:00,34.9,49.25
2026-04-12 03:20:00+00:00,35.0,48.666666666666664
2026-04-12 03:25:00+00:00,35.1,48.083333333333336
2026-04-12 03:30:00+00:00,35.2,47.5
2026-04-12 03:35:00+00:00,35.3,46.916666666666664
2026-04-12 03:40:00+00:00,35.4,46.333333333333336
2026-04-12 03:45:00+00:00,35.5,45.75
2026-04-12 03:50:00+00:00,35.599999999999994,45.166666666666664
2026-04-12 03:55:00+00:00,35.699999999999996,44.583333333333336
2026-04-12 04:00:00+00:00,35.8,44.0
2026-04-12 04:05:00+00:00,35.86666666666667,43.833333333333336
2026-04-12 04:10:00+00:00,35.93333333333333,43.666666666666664
2026-04-12 04:15:00+00:00,36.0,43.5
2026-04-12 04:20:00+00:00,36.06666666666666,43.333333333333336
2026-04-12 04:25:00+00:00,36.13333333333333,43.166666666666664
2026-04-12 04:30:00+00:00,36.2,43.0
2026-04-12 04:35:00+00:00,36.266666666666666,42.833333333333336
2026-04-12 04:40:00+00:00,36.333333333333336,42.666666666666664
2026-04-12 04:45:00+00:00,36.4,42.5
2026-04-12 04:50:00+00:00,36.46666666666667,42.333333333333336
2026-04-12 04:55:00+00:00,36.53333333333333,42.166666666666664
2026-04-12 05:00:00+00:00,36.6,42.0
2026-04-12 05:05:00+00:00,36.641666666666666,41.916666666666664
2026-04-12 05:10:00+00:00,36.68333333333334,41.833333333333336
2026-04-12 05:15:00+00:00,36.725,41.75
2026-04-12 05:20:00+00:00,36.766666666666666,41.666666666666664
2026-04-12 05:25:00+00:00,36.80833333333334,41.583333333333336
2026-04-12 05:30:00+00:00,36.85,41.5
2026-04-12 05:35:00+00:00,36.891666666666666,41.416666666666664
2026-04-12 05:40:00+00:00,36.93333333333334,41.333333333333336
2026-04-12 05:45:00+00:00,36.975,41.25
2026-04-12 05:50:00+00:00,37.016666666666666,41.166666666666664
2026-04-12 05:55:00+00:00,37.05833333333334,41.083333333333336
2026-04-12 06:00:00+00:00,37.1,41.0
2026-04-12 06:05:00+00:00,37.075,41.166666666666664
2026-04-12 06:10:00+00:00,37.05,41.333333333333336
2026-04-12 06:15:00+00:00,37.025,41.5
2026-04-12 06:20:00+00:00,37.0,41.666666666666664
2026-04-12 06:25:00+00:00,36.975,41.833333333333336
2026-04-12 06:30:00+00:00,36.95,42.0
2026-04-12 06:35:00+00:00,36.925,42.166666666666664
2026-04-12 06:40:00+00:00,36.9,42.333333333333336
2026-04-12 06:45:00+00:00,36.875,42.5
2026-04-12 06:50:00+00:00,36.849999999999994,42.666666666666664
2026-04-12 06:55:00+00:00,36.824999999999996,42.833333333333336
2026-04-12 07:00:00+00:00,36.8,43.0
2026-04-12 07:05:00+00:00,36.63333333333333,44.083333333333336
2026-04-12 07:10:00+00:00,36.46666666666666,45.166666666666664
2026-04-12 07:15:00+00:00,36.3,46.25
2026-04-12 07:20:00+00:00,36.13333333333333,47.333333333333336
2026-04-12 07:25:00+00:00,35.96666666666666,48.416666666666664
2026-04-12 07:30:00+00:00,35.8,49.5
2026-04-12 07:35:00+00:00,35.63333333333333,50.583333333333336
2026-04-12 07:40:00+00:00,35.46666666666666,51.666666666666664
2026-04-12 07:45:00+00:00,35.3,52.75
2026-04-12 07:50:00+00:00,35.13333333333333,53.83333333333333
2026-04-12 07:55:00+00:00,34.96666666666666,54.916666666666664
2026-04-12 08:00:00+00:00,34.8,56.0
2026-04-12 08:05:00+00:00,34.61666666666667,56.25
2026-04-12 08:10:00+00:00,34.43333333333333,56.5
2026-04-12 08:15:00+00:00,34.25,56.75
2026-04-12 08:20:00+00:00,34.06666666666666,57.0
2026-04-12 08:25:00+00:00,33.88333333333333,57.25
2026-04-12 08:30:00+00:00,33.7,57.5
2026-04-12 08:35:00+00:00,33.516666666666666,57.75
2026-04-12 08:40:00+00:00,33.333333333333336,58.0
2026-04-12 08:45:00+00:00,33.15,58.25
2026-04-12 08:50:00+00:00,32.96666666666667,58.5
2026-04-12 08:55:00+00:00,32.78333333333333,58.75
2026-04-12 09:00:00+00:00,32.6,59.0
2026-04-12 09:05:00+00:00,32.49166666666667,58.5
2026-04-12 09:10:00+00:00,32.38333333333333,58.0
2026-04-12 09:15:00+00:00,32.275,57.5
2026-04-12 09:20:00+00:00,32.16666666666667,57.0
2026-04-12 09:25:00+00:00,32.05833333333334,56.5
2026-04-12 09:30:00+00:00,31.950000000000003,56.0
2026-04-12 09:35:00+00:00,31.84166666666667,55.5
2026-04-12 09:40:00+00:00,31.733333333333334,55.0
2026-04-12 09:45:00+00:00,31.625,54.5
2026-04-12 09:50:00+00:00,31.516666666666666,54.0
2026-04-12 09:55:00+00:00,31.408333333333335,53.5
2026-04-12 10:00:00+00:00,31.3,53.0
2026-04-12 10:05:00+00:00,31.175,53.833333333333336
2026-04-12 10:10:00+00:00,31.05,54.666666666666664
2026-04-12 10:15:00+00:00,30.925,55.5
2026-04-12 10:20:00+00:00,30.8,56.333333333333336
2026-04-12 10:25:00+00:00,30.675,57.166666666666664
2026-04-12 10:30:00+00:00,30.55,58.0
2026-04-12 10:35:00+00:00,30.425,58.833333333333336
2026-04-12 10:40:00+00:00,30.3,59.666666666666664
2026-04-12 10:45:00+00:00,30.175,60.5
2026-04-12 10:50:00+00:00,30.05,61.333333333333336
2026-04-12 10:55:00+00:00,29.925,62.16666666666667
2026-04-12 11:00:00+00:00,29.8,63.0
2026-04-12 11:05:00+00:00,29.791666666666668,63.083333333333336
2026-04-12 11:10:00+00:00,29.783333333333335,63.166666666666664
2026-04-12 11:15:00+00:00,29.775,63.25
2026-04-12 11:20:00+00:00,29.766666666666666,63.333333333333336
2026-04-12 11:25:00+00:00,29.758333333333333,63.416666666666664
2026-04-12 11:30:00+00:00,29.75,63.5
2026-04-12 11:35:00+00:00,29.741666666666667,63.583333333333336
2026-04-12 11:40:00+00:00,29.733333333333334,63.666666666666664
2026-04-12 11:45:00+00:00,29.725,63.75
2026-04-12 11:50:00+00:00,29.716666666666665,63.833333333333336
2026-04-12 11:55:00+00:00,29.708333333333332,63.916666666666664
2026-04-12 12:00:00+00:00,29.7,64.0
2026-04-12 12:05:00+00:00,29.666666666666664,64.16666666666667
2026-04-12 12:10:00+00:00,29.633333333333333,64.33333333333333
2026-04-12 12:15:00+00:00,29.6,64.5
2026-04-12 12:20:00+00:00,29.566666666666666,64.66666666666667
2026-04-12 12:25:00+00:00,29.53333333333333,64.83333333333333
2026-04-12 12:30:00+00:00,29.5,65.0
2026-04-12 12:35:00+00:00,29.46666666666667,65.16666666666667
2026-04-12 12:40:00+00:00,29.433333333333334,65.33333333333333
2026-04-12 12:45:00+00:00,29.4,65.5
2026-04-12 12:50:00+00:00,29.366666666666667,65.66666666666667
2026-04-12 12:55:00+00:00,29.333333333333336,65.83333333333333
2026-04-12 13:00:00+00:00,29.3,66.0
2026-04-12 13:05:00+00:00,29.258333333333333,66.25
2026-04-12 13:10:00+00:00,29.21666666666667,66.5
2026-04-12 13:15:00+00:00,29.175,66.75
2026-04-12 13:20:00+00:00,29.133333333333333,67.0
2026-04-12 13:25:00+00:00,29.09166666666667,67.25
2026-04-12 13:30:00+00:00,29.05,67.5
2026-04-12 13:35:00+00:00,29.008333333333333,67.75
2026-04-12 13:40:00+00:00,28.96666666666667,68.0
2026-04-12 13:45:00+00:00,28.925,68.25
2026-04-12 13:50:00+00:00,28.883333333333333,68.5
2026-04-12 13:55:00+00:00,28.84166666666667,68.75
2026-04-12 14:00:00+00:00,28.8,69.0
2026-04-12 14:05:00+00:00,28.758333333333333,69.16666666666667
2026-04-12 14:10:00+00:00,28.71666666666667,69.33333333333333
2026-04-12 14:15:00+00:00,28.675,69.5
2026-04-12 14:20:00+00:00,28.633333333333333,69.66666666666667
2026-04-12 14:25:00+00:00,28.59166666666667,69.83333333333333
2026-04-12 14:30:00+00:00,28.55,70.0
2026-04-12 14:35:00+00:00,28.508333333333333,70.16666666666667
2026-04-12 14:40:00+00:00,28.46666666666667,70.33333333333333
2026-04-12 14:45:00+00:00,28.425,70.5
2026-04-12 14:50:00+00:00,28.383333333333333,70.66666666666667
2026-04-12 14:55:00+00:00,28.34166666666667,70.83333333333333
2026-04-12 15:00:00+00:00,28.3,71.0
2026-04-12 15:05:00+00:00,28.266666666666666,71.08333333333333
2026-04-12 15:10:00+00:00,28.233333333333334,71.16666666666667
2026-04-12 15:15:00+00:00,28.2,71.25
2026-04-12 15:20:00+00:00,28.166666666666668,71.33333333333333
2026-04-12 15:25:00+00:00,28.133333333333333,71.41666666666667
2026-04-12 15:30:00+00:00,28.1,71.5
2026-04-12 15:35:00+00:00,28.066666666666666,71.58333333333333
2026-04-12 15:40:00+00:00,28.03333333333333,71.66666666666667
2026-04-12 15:45:00+00:00,28.0,71.75
2026-04-12 15:50:00+00:00,27.966666666666665,71.83333333333333
2026-04-12 15:55:00+00:00,27.933333333333334,71.91666666666667
2026-04-12 16:00:00+00:00,27.9,72.0
2026-04-12 16:05:00+00:00,27.85833333333333,72.33333333333333
2026-04-12 16:10:00+00:00,27.816666666666666,72.66666666666667
2026-04-12 16:15:00+00:00,27.775,73.0
2026-04-12 16:20:00+00:00,27.73333333333333,73.33333333333333
2026-04-12 16:25:00+00:00,27.691666666666666,73.66666666666667
2026-04-12 16:30:00+00:00,27.65,74.0
2026-04-12 16:35:00+00:00,27.60833333333333,74.33333333333333
2026-04-12 16:40:00+00:00,27.566666666666666,74.66666666666667
2026-04-12 16:45:00+00:00,27.525,75.0
2026-04-12 16:50:00+00:00,27.48333333333333,75.33333333333333
2026-04-12 16:55:00+00:00,27.441666666666666,75.66666666666667
2026-04-12 17:00:00+00:00,27.4,76.0
2026-04-12 17:05:00+00:00,27.349999999999998,76.16666666666667
2026-04-12 17:10:00+00:00,27.299999999999997,76.33333333333333
2026-04-12 17:15:00+00:00,27.25,76.5
2026-04-12 17:20:00+00:00,27.2,76.66666666666667
2026-04-12 17:25:00+00:00,27.15,76.83333333333333
2026-04-12 17:30:00+00:00,27.1,77.0
2026-04-12 17:35:00+00:00,27.05,77.16666666666667
2026-04-12 17:40:00+00:00,27.0,77.33333333333333
2026-04-12 17:45:00+00:00,26.95,77.5
2026-04-12 17:50:00+00:00,26.900000000000002,77.66666666666667
2026-04-12 17:55:00+00:00,26.85,77.83333333333333
2026-04-12 18:00:00+00:00,26.8,78.0
2026-04-12 18:05:00+00:00,26.75,78.25
2026-04-12 18:10:00+00:00,26.7,78.5
2026-04-12 18:15:00+00:00,26.65,78.75
2026-04-12 18:20:00+00:00,26.6,79.0
2026-04-12 18:25:00+00:00,26.55,79.25
2026-04-12 18:30:00+00:00,26.5,79.5
2026-04-12 18:35:00+00:00,26.45,79.75
2026-04-12 18:40:00+00:00,26.4,80.0
2026-04-12 18:45:00+00:00,26.349999999999998,80.25
2026-04-12 18:50:00+00:00,26.3,80.5
2026-04-12 18:55:00+00:00,26.25,80.75
2026-04-12 19:00:00+00:00,26.2,81.0
2026-04-12 19:05:00+00:00,26.141666666666666,81.41666666666667
2026-04-12 19:10:00+00:00,26.083333333333332,81.83333333333333
2026-04-12 19:15:00+00:00,26.025,82.25
2026-04-12 19:20:00+00:00,25.966666666666665,82.66666666666667
2026-04-12 19:25:00+00:00,25.90833333333333,83.08333333333333
2026-04-12 19:30:00+00:00,25.85,83.5
2026-04-12 19:35:00+00:00,25.791666666666668,83.91666666666667
2026-04-12 19:40:00+00:00,25.733333333333334,84.33333333333333
2026-04-12 19:45:00+00:00,25.675,84.75
2026-04-12 19:50:00+00:00,25.616666666666667,85.16666666666667
2026-04-12 19:55:00+00:00,25.558333333333334,85.58333333333333
2026-04-12 20:00:00+00:00,25.5,86.0
2026-04-12 20:05:00+00:00,25.46666666666667,86.08333333333333
2026-04-12 20:10:00+00:00,25.433333333333334,86.16666666666667
2026-04-12 20:15:00+00:00,25.4,86.25
2026-04-12 20:20:00+00:00,25.366666666666667,86.33333333333333
2026-04-12 20:25:00+00:00,25.333333333333336,86.41666666666667
2026-04-12 20:30:00+00:00,25.3,86.5
2026-04-12 20:35:00+00:00,25.266666666666666,86.58333333333333
2026-04-12 20:40:00+00:00,25.233333333333334,86.66666666666667
2026-04-12 20:45:00+00:00,25.200000000000003,86.75
2026-04-12 20:50:00+00:00,25.166666666666668,86.83333333333333
2026-04-12 20:55:00+00:00,25.133333333333333,86.91666666666667
2026-04-12 21:00:00+00:00,25.1,87.0
2026-04-12 21:05:00+00:00,25.05,86.91666666666667
2026-04-12 21:10:00+00:00,25.0,86.83333333333333
2026-04-12 21:15:00+00:00,24.950000000000003,86.75
2026-04-12 21:20:00+00:00,24.900000000000002,86.66666666666667
2026-04-12 21:25:00+00:00,24.85,86.58333333333333
2026-04-12 21:30:00+00:00,24.8,86.5
2026-04-12 21:35:00+00:00,24.75,86.41666666666667
2026-04-12 21:40:00+00:00,24.7,86.33333333333333
2026-04-12 21:45:00+00:00,24.65,86.25
2026-04-12 21:50:00+00:00,24.6,86.16666666666667
2026-04-12 21:55:00+00:00,24.55,86.08333333333333
2026-04-12 22:00:00+00:00,24.5,86.0
2026-04-12 22:05:00+00:00,24.475,85.83333333333333
2026-04-12 22:10:00+00:00,24.45,85.66666666666667
2026-04-12 22:15:00+00:00,24.425,85.5
2026-04-12 22:20:00+00:00,24.4,85.33333333333333
2026-04-12 22:25:00+00:00,24.375,85.16666666666667
2026-04-12 22:30:00+00:00,24.35,85.0
2026-04-12 22:35:00+00:00,24.325,84.83333333333333
2026-04-12 22:40:00+00:00,24.3,84.66666666666667
2026-04-12 22:45:00+00:00,24.275,84.5
2026-04-12 22:50:00+00:00,24.25,84.33333333333333
2026-04-12 22:55:00+00:00,24.224999999999998,84.16666666666667
2026-04-12 23:00:00+00:00,24.2,84.0
2026-04-12 23:05:00+00:00,24.349999999999998,84.5
2026-04-12 23:10:00+00:00,24.5,85.0
2026-04-12 23:15:00+00:00,24.65,85.5
2026-04-12 23:20:00+00:00,24.8,86.0
2026-04-12 23:25:00+00:00,24.95,86.5
2026-04-12 23:30:00+00:00,25.1,87.0
2026-04-12 23:35:00+00:00,25.25,87.5
2026-04-12 23:40:00+00:00,25.4,88.0
2026-04-12 23:45:00+00:00,25.55,88.5
2026-04-12 23:50:00+00:00,25.7,89.0
2026-04-12 23:55:00+00:00,25.85,89.5
2026-04-13 00:00:00+00:00,26.0,90.0
2026-04-13 00:05:00+00:00,26.2,89.08333333333333
2026-04-13 00:10:00+00:00,26.4,88.16666666666667
2026-04-13 00:15:00+00:00,26.6,87.25
2026-04-13 00:20:00+00:00,26.8,86.33333333333333
2026-04-13 00:25:00+00:00,27.0,85.41666666666667
2026-04-13 00:30:00+00:00,27.2,84.5
2026-04-13 00:35:00+00:00,27.4,83.58333333333333
2026-04-13 00:40:00+00:00,27.599999999999998,82.66666666666667
2026-04-13 00:45:00+00:00,27.799999999999997,81.75
2026-04-13 00:50:00+00:00,28.0,80.83333333333333
2026-04-13 00:55:00+00:00,28.2,79.91666666666667
2026-04-13 01:00:00+00:00,28.4,79.0
2026-04-13 01:05:00+00:00,28.583333333333332,78.25
2026-04-13 01:10:00+00:00,28.766666666666666,77.5
2026-04-13 01:15:00+00:00,28.95,76.75
2026-04-13 01:20:00+00:00,29.133333333333333,76.0
2026-04-13 01:25:00+00:00,29.316666666666666,75.25
2026-04-13 01:30:00+00:00,29.5,74.5
2026-04-13 01:35:00+00:00,29.683333333333334,73.75
2026-04-13 01:40:00+00:00,29.866666666666667,73.0
2026-04-13 01:45:00+00:00,30.05,72.25
2026-04-13 01:50:00+00:00,30.233333333333334,71.5
2026-04-13 01:55:00+00:00,30.416666666666668,70.75
2026-04-13 02:00:00+00:00,30.6,70.0
2026-04-13 02:05:00+00:00,30.76666666666667,69.41666666666667
2026-04-13 02:10:00+00:00,30.933333333333334,68.83333333333333
2026-04-13 02:15:00+00:00,31.1,68.25
2026-04-13 02:20:00+00:00,31.26666666666667,67.66666666666667
2026-04-13 02:25:00+00:00,31.433333333333334,67.08333333333333
2026-04-13 02:30:00+00:00,31.6,66.5
2026-04-13 02:35:00+00:00,31.76666666666667,65.91666666666667
2026-04-13 02:40:00+00:00,31.933333333333334,65.33333333333333
2026-04-13 02:45:00+00:00,32.1,64.75
2026-04-13 02:50:00+00:00,32.266666666666666,64.16666666666667
2026-04-13 02:55:00+00:00,32.43333333333334,63.583333333333336
2026-04-13 03:00:00+00:00,32.6,63.0
2026-04-13 03:05:00+00:00,32.68333333333334,62.75
2026-04-13 03:10:00+00:00,32.766666666666666,62.5
2026-04-13 03:15:00+00:00,32.85,62.25
2026-04-13 03:20:00+00:00,32.93333333333334,62.0
2026-04-13 03:25:00+00:00,33.016666666666666,61.75
2026-04-13 03:30:00+00:00,33.1,61.5
2026-04-13 03:35:00+00:00,33.18333333333334,61.25
2026-04-13 03:40:00+00:00,33.266666666666666,61.0
2026-04-13 03:45:00+00:00,33.35,60.75
2026-04-13 03:50:00+00:00,33.43333333333334,60.5
2026-04-13 03:55:00+00:00,33.516666666666666,60.25
2026-04-13 04:00:00+00:00,33.6,60.0
2026-04-13 04:05:00+00:00,33.641666666666666,59.833333333333336
2026-04-13 04:10:00+00:00,33.68333333333334,59.666666666666664
2026-04-13 04:15:00+00:00,33.725,59.5
2026-04-13 04:20:00+00:00,33.766666666666666,59.333333333333336
2026-04-13 04:25:00+00:00,33.80833333333334,59.166666666666664
2026-04-13 04:30:00+00:00,33.85,59.0
2026-04-13 04:35:00+00:00,33.891666666666666,58.833333333333336
2026-04-13 04:40:00+00:00,33.93333333333334,58.666666666666664
2026-04-13 04:45:00+00:00,33.975,58.5
2026-04-13 04:50:00+00:00,34.016666666666666,58.333333333333336
2026-04-13 04:55:00+00:00,34.05833333333334,58.166666666666664
2026-04-13 05:00:00+00:00,34.1,58.0
2026-04-13 05:05:00+00:00,34.1,57.916666666666664
2026-04-13 05:10:00+00:00,34.1,57.833333333333336
2026-04-13 05:15:00+00:00,34.1,57.75
2026-04-13 05:20:00+00:00,34.1,57.666666666666664
2026-04-13 05:25:00+00:00,34.1,57.583333333333336
2026-04-13 05:30:00+00:00,34.1,57.5
2026-04-13 05:35:00+00:00,34.1,57.416666666666664
2026-04-13 05:40:00+00:00,34.1,57.333333333333336
2026-04-13 05:45:00+00:00,34.1,57.25
2026-04-13 05:50:00+00:00,34.1,57.166666666666664
2026-04-13 05:55:00+00:00,34.1,57.083333333333336
2026-04-13 06:00:00+00:00,34.1,57.0
2026-04-13 06:05:00+00:00,34.06666666666667,57.0
2026-04-13 06:10:00+00:00,34.03333333333333,57.0
2026-04-13 06:15:00+00:00,34.0,57.0
2026-04-13 06:20:00+00:00,33.96666666666667,57.0
2026-04-13 06:25:00+00:00,33.93333333333334,57.0
2026-04-13 06:30:00+00:00,33.900000000000006,57.0
2026-04-13 06:35:00+00:00,33.86666666666667,57.0
2026-04-13 06:40:00+00:00,33.833333333333336,57.0
2026-04-13 06:45:00+00:00,33.800000000000004,57.0
2026-04-13 06:50:00+00:00,33.766666666666666,57.0
2026-04-13 06:55:00+00:00,33.733333333333334,57.0
2026-04-13 07:00:00+00:00,33.7,57.0
2026-04-13 07:05:00+00:00,33.650000000000006,57.083333333333336
2026-04-13 07:10:00+00:00,33.6,57.166666666666664
2026-04-13 07:15:00+00:00,33.550000000000004,57.25
2026-04-13 07:20:00+00:00,33.5,57.333333333333336
2026-04-13 07:25:00+00:00,33.45,57.416666666666664
2026-04-13 07:30:00+00:00,33.400000000000006,57.5
2026-04-13 07:35:00+00:00,33.35,57.583333333333336
2026-04-13 07:40:00+00:00,33.300000000000004,57.666666666666664
2026-04-13 07:45:00+00:00,33.25,57.75
2026-04-13 07:50:00+00:00,33.2,57.833333333333336
2026-04-13 07:55:00+00:00,33.15,57.916666666666664
2026-04-13 08:00:00+00:00,33.1,58.0
2026-04-13 08:05:00+00:00,32.975,58.416666666666664
2026-04-13 08:10:00+00:00,32.85,58.833333333333336
2026-04-13 08:15:00+00:00,32.725,59.25
2026-04-13 08:20:00+00:00,32.6,59.666666666666664
2026-04-13 08:25:00+00:00,32.475,60.083333333333336
2026-04-13 08:30:00+00:00,32.35,60.5
2026-04-13 08:35:00+00:00,32.225,60.916666666666664
2026-04-13 08:40:00+00:00,32.1,61.333333333333336
2026-04-13 08:45:00+00:00,31.975,61.75
2026-04-13 08:50:00+00:00,31.85,62.166666666666664
2026-04-13 08:55:00+00:00,31.725,62.583333333333336
2026-04-13 09:00:00+00:00,31.6,63.0
2026-04-13 09:05:00+00:00,31.5,63.25
2026-04-13 09:10:00+00:00,31.400000000000002,63.5
2026-04-13 09:15:00+00:00,31.3,63.75
2026-04-13 09:20:00+00:00,31.2,64.0
2026-04-13 09:25:00+00:00,31.1,64.25
2026-04-13 09:30:00+00:00,31.0,64.5
2026-04-13 09:35:00+00:00,30.9,64.75
2026-04-13 09:40:00+00:00,30.8,65.0
2026-04-13 09:45:00+00:00,30.7,65.25
2026-04-13 09:50:00+00:00,30.599999999999998,65.5
2026-04-13 09:55:00+00:00,30.5,65.75
2026-04-13 10:00:00+00:00,30.4,66.0
2026-04-13 10:05:00+00:00,30.316666666666666,66.0
2026-04-13 10:10:00+00:00,30.23333333333333,66.0
2026-04-13 10:15:00+00:00,30.15,66.0
2026-04-13 10:20:00+00:00,30.066666666666666,66.0
2026-04-13 10:25:00+00:00,29.98333333333333,66.0
2026-04-13 10:30:00+00:00,29.9,66.0
2026-04-13 10:35:00+00:00,29.816666666666666,66.0
2026-04-13 10:40:00+00:00,29.73333333333333,66.0
2026-04-13 10:45:00+00:00,29.65,66.0
2026-04-13 10:50:00+00:00,29.566666666666666,66.0
2026-04-13 10:55:00+00:00,29.48333333333333,66.0
2026-04-13 11:00:00+00:00,29.4,66.0
2026-04-13 11:05:00+00:00,29.349999999999998,66.5
2026-04-13 11:10:00+00:00,29.299999999999997,67.0
2026-04-13 11:15:00+00:00,29.25,67.5
2026-04-13 11:20:00+00:00,29.2,68.0
2026-04-13 11:25:00+00:00,29.15,68.5
2026-04-13 11:30:00+00:00,29.1,69.0
2026-04-13 11:35:00+00:00,29.05,69.5
2026-04-13 11:40:00+00:00,29.0,70.0
2026-04-13 11:45:00+00:00,28.95,70.5
2026-04-13 11:50:00+00:00,28.900000000000002,71.0
2026-04-13 11:55:00+00:00,28.85,71.5
2026-04-13 12:00:00+00:00,28.8,72.0
2026-04-13 12:05:00+00:00,28.766666666666666,72.25
2026-04-13 12:10:00+00:00,28.733333333333334,72.5
2026-04-13 12:15:00+00:00,28.7,72.75
2026-04-13 12:20:00+00:00,28.666666666666668,73.0
2026-04-13 12:25:00+00:00,28.633333333333333,73.25
2026-04-13 12:30:00+00:00,28.6,73.5
2026-04-13 12:35:00+00:00,28.566666666666666,73.75
2026-04-13 12:40:00+00:00,28.53333333333333,74.0
2026-04-13 12:45:00+00:00,28.5,74.25
2026-04-13 12:50:00+00:00,28.466666666666665,74.5
2026-04-13 12:55:00+00:00,28.433333333333334,74.75
2026-04-13 13:00:00+00:00,28.4,75.0
2026-04-13 13:05:00+00:00,28.375,75.16666666666667
2026-04-13 13:10:00+00:00,28.349999999999998,75.33333333333333
2026-04-13 13:15:00+00:00,28.325,75.5
2026-04-13 13:20:00+00:00,28.3,75.66666666666667
2026-04-13 13:25:00+00:00,28.275,75.83333333333333
2026-04-13 13:30:00+00:00,28.25,76.0
2026-04-13 13:35:00+00:00,28.225,76.16666666666667
2026-04-13 13:40:00+00:00,28.2,76.33333333333333
2026-04-13 13:45:00+00:00,28.175,76.5
2026-04-13 13:50:00+00:00,28.150000000000002,76.66666666666667
2026-04-13 13:55:00+00:00,28.125,76.83333333333333
2026-04-13 14:00:00+00:00,28.1,77.0
2026-04-13 14:05:00+00:00,28.075000000000003,77.25
2026-04-13 14:10:00+00:00,28.05,77.5
2026-04-13 14:15:00+00:00,28.025000000000002,77.75
2026-04-13 14:20:00+00:00,28.0,78.0
2026-04-13 14:25:00+00:00,27.975,78.25
2026-04-13 14:30:00+00:00,27.950000000000003,78.5
2026-04-13 14:35:00+00:00,27.925,78.75
2026-04-13 14:40:00+00:00,27.900000000000002,79.0
2026-04-13 14:45:00+00:00,27.875,79.25
2026-04-13 14:50:00+00:00,27.85,79.5
2026-04-13 14:55:00+00:00,27.825,79.75
2026-04-13 15:00:00+00:00,27.8,80.0
2026-04-13 15:05:00+00:00,27.75,80.25
2026-04-13 15:10:00+00:00,27.7,80.5
2026-04-13 15:15:00+00:00,27.65,80.75
2026-04-13 15:20:00+00:00,27.6,81.0
2026-04-13 15:25:00+00:00,27.55,81.25
2026-04-13 15:30:00+00:00,27.5,81.5
2026-04-13 15:35:00+00:00,27.45,81.75
2026-04-13 15:40:00+00:00,27.4,82.0
2026-04-13 15:45:00+00:00,27.349999999999998,82.25
2026-04-13 15:50:00+00:00,27.3,82.5
2026-04-13 15:55:00+00:00,27.25,82.75
2026-04-13 16:00:00+00:00,27.2,83.0
2026-04-13 16:05:00+00:00,27.175,83.16666666666667
2026-04-13 16:10:00+00:00,27.15,83.33333333333333
2026-04-13 16:15:00+00:00,27.125,83.5
2026-04-13 16:20:00+00:00,27.099999999999998,83.66666666666667
2026-04-13 16:25:00+00:00,27.075,83.83333333333333
2026-04-13 16:30:00+00:00,27.049999999999997,84.0
2026-04-13 16:35:00+00:00,27.025,84.16666666666667
2026-04-13 16:40:00+00:00,27.0,84.33333333333333
2026-04-13 16:45:00+00:00,26.974999999999998,84.5
2026-04-13 16:50:00+00:00,26.95,84.66666666666667
2026-04-13 16:55:00+00:00,26.924999999999997,84.83333333333333
2026-04-13 17:00:00+00:00,26.9,85.0
2026-04-13 17:05:00+00:00,26.875,85.16666666666667
2026-04-13 17:10:00+00:00,26.849999999999998,85.33333333333333
2026-04-13 17:15:00+00:00,26.825,85.5
2026-04-13 17:20:00+00:00,26.8,85.66666666666667
2026-04-13 17:25:00+00:00,26.775,85.83333333333333
2026-04-13 17:30:00+00:00,26.75,86.0
2026-04-13 17:35:00+00:00,26.725,86.16666666666667
2026-04-13 17:40:00+00:00,26.7,86.33333333333333
2026-04-13 17:45:00+00:00,26.675,86.5
2026-04-13 17:50:00+00:00,26.650000000000002,86.66666666666667
2026-04-13 17:55:00+00:00,26.625,86.83333333333333
2026-04-13 18:00:00+00:00,26.6,87.0
2026-04-13 18:05:00+00:00,26.583333333333336,87.08333333333333
2026-04-13 18:10:00+00:00,26.566666666666666,87.16666666666667
2026-04-13 18:15:00+00:00,26.55,87.25
2026-04-13 18:20:00+00:00,26.533333333333335,87.33333333333333
2026-04-13 18:25:00+00:00,26.516666666666666,87.41666666666667
2026-04-13 18:30:00+00:00,26.5,87.5
2026-04-13 18:35:00+00:00,26.483333333333334,87.58333333333333
2026-04-13 18:40:00+00:00,26.466666666666665,87.66666666666667
2026-04-13 18:45:00+00:00,26.45,87.75
2026-04-13 18:50:00+00:00,26.433333333333334,87.83333333333333
2026-04-13 18:55:00+00:00,26.416666666666664,87.91666666666667
2026-04-13 19:00:00+00:00,26.4,88.0
2026-04-13 19:05:00+00:00,26.375,88.16666666666667
2026-04-13 19:10:00+00:00,26.349999999999998,88.33333333333333
2026-04-13 19:15:00+00:00,26.325,88.5
2026-04-13 19:20:00+00:00,26.3,88.66666666666667
2026-04-13 19:25:00+00:00,26.275,88.83333333333333
2026-04-13 19:30:00+00:00,26.25,89.0
2026-04-13 19:35:00+00:00,26.225,89.16666666666667
2026-04-13 19:40:00+00:00,26.2,89.33333333333333
2026-04-13 19:45:00+00:00,26.175,89.5
2026-04-13 19:50:00+00:00,26.150000000000002,89.66666666666667
2026-04-13 19:55:00+00:00,26.125,89.83333333333333
2026-04-13 20:00:00+00:00,26.1,90.0
2026-04-13 20:05:00+00:00,26.058333333333334,90.16666666666667
2026-04-13 20:10:00+00:00,26.01666666666667,90.33333333333333
2026-04-13 20:15:00+00:00,25.975,90.5
2026-04-13 20:20:00+00:00,25.933333333333334,90.66666666666667
2026-04-13 20:25:00+00:00,25.89166666666667,90.83333333333333
2026-04-13 20:30:00+00:00,25.85,91.0
2026-04-13 20:35:00+00:00,25.808333333333334,91.16666666666667
2026-04-13 20:40:00+00:00,25.76666666666667,91.33333333333333
2026-04-13 20:45:00+00:00,25.725,91.5
2026-04-13 20:50:00+00:00,25.683333333333334,91.66666666666667
2026-04-13 20:55:00+00:00,25.64166666666667,91.83333333333333
2026-04-13 21:00:00+00:00,25.6,92.0
2026-04-13 21:05:00+00:00,25.583333333333336,92.0
2026-04-13 21:10:00+00:00,25.566666666666666,92.0
2026-04-13 21:15:00+00:00,25.55,92.0
2026-04-13 21:20:00+00:00,25.533333333333335,92.0
2026-04-13 21:25:00+00:00,25.516666666666666,92.0
2026-04-13 21:30:00+00:00,25.5,92.0
2026-04-13 21:35:00+00:00,25.483333333333334,92.0
2026-04-13 21:40:00+00:00,25.466666666666665,92.0
2026-04-13 21:45:00+00:00,25.45,92.0
2026-04-13 21:50:00+00:00,25.433333333333334,92.0
2026-04-13 21:55:00+00:00,25.416666666666664,92.0
2026-04-13 22:00:00+00:00,25.4,92.0
2026-04-13 22:05:00+00:00,25.366666666666667,92.25
2026-04-13 22:10:00+00:00,25.333333333333332,92.5
2026-04-13 22:15:00+00:00,25.299999999999997,92.75
2026-04-13 22:20:00+00:00,25.266666666666666,93.0
2026-04-13 22:25:00+00:00,25.233333333333334,93.25
2026-04-13 22:30:00+00:00,25.2,93.5
2026-04-13 22:35:00+00:00,25.166666666666664,93.75
2026-04-13 22:40:00+00:00,25.133333333333333,94.0
2026-04-13 22:45:00+00:00,25.1,94.25
2026-04-13 22:50:00+00:00,25.066666666666666,94.5
2026-04-13 22:55:00+00:00,25.03333333333333,94.75
2026-04-13 23:00:00+00:00,25.0,95.0
2026-04-13 23:05:00+00:00,25.133333333333333,94.5
2026-04-13 23:10:00+00:00,25.266666666666666,94.0
2026-04-13 23:15:00+00:00,25.4,93.5
2026-04-13 23:20:00+00:00,25.533333333333335,93.0
2026-04-13 23:25:00+00:00,25.666666666666668,92.5
2026-04-13 23:30:00+00:00,25.8,92.0
2026-04-13 23:35:00+00:00,25.933333333333334,91.5
2026-04-13 23:40:00+00:00,26.066666666666666,91.0
2026-04-13 23:45:00+00:00,26.200000000000003,90.5
2026-04-13 23:50:00+00:00,26.333333333333336,90.0
2026-04-13 23:55:00+00:00,26.46666666666667,89.5
2026-04-14 00:00:00+00:00,26.6,89.0
2026-04-14 00:05:00+00:00,26.758333333333333,88.5
2026-04-14 00:10:00+00:00,26.916666666666668,88.0
2026-04-14 00:15:00+00:00,27.075000000000003,87.5
2026-04-14 00:20:00+00:00,27.233333333333334,87.0
2026-04-14 00:25:00+00:00,27.391666666666666,86.5
2026-04-14 00:30:00+00:00,27.55,86.0
2026-04-14 00:35:00+00:00,27.708333333333336,85.5
2026-04-14 00:40:00+00:00,27.866666666666667,85.0
2026-04-14 00:45:00+00:00,28.025,84.5
2026-04-14 00:50:00+00:00,28.183333333333334,84.0
2026-04-14 00:55:00+00:00,28.34166666666667,83.5
2026-04-14 01:00:00+00:00,28.5,83.0
2026-04-14 01:05:00+00:00,28.666666666666668,82.41666666666667
2026-04-14 01:10:00+00:00,28.833333333333332,81.83333333333333
2026-04-14 01:15:00+00:00,29.0,81.25
2026-04-14 01:20:00+00:00,29.166666666666668,80.66666666666667
2026-04-14 01:25:00+00:00,29.333333333333332,80.08333333333333
2026-04-14 01:30:00+00:00,29.5,79.5
2026-04-14 01:35:00+00:00,29.666666666666668,78.91666666666667
2026-04-14 01:40:00+00:00,29.833333333333332,78.33333333333333
2026-04-14 01:45:00+00:00,30.0,77.75
2026-04-14 01:50:00+00:00,30.166666666666668,77.16666666666667
2026-04-14 01:55:00+00:00,30.333333333333332,76.58333333333333
2026-04-14 02:00:00+00:00,30.5,76.0
2026-04-14 02:05:00+00:00,30.633333333333333,75.33333333333333
2026-04-14 02:10:00+00:00,30.766666666666666,74.66666666666667
2026-04-14 02:15:00+00:00,30.9,74.0
2026-04-14 02:20:00+00:00,31.033333333333335,73.33333333333333
2026-04-14 02:25:00+00:00,31.166666666666668,72.66666666666667
2026-04-14 02:30:00+00:00,31.3,72.0
2026-04-14 02:35:00+00:00,31.433333333333334,71.33333333333333
2026-04-14 02:40:00+00:00,31.566666666666666,70.66666666666667
2026-04-14 02:45:00+00:00,31.700000000000003,70.0
2026-04-14 02:50:00+00:00,31.833333333333336,69.33333333333333
2026-04-14 02:55:00+00:00,31.96666666666667,68.66666666666667
2026-04-14 03:00:00+00:00,32.1,68.0
2026-04-14 03:05:00+00:00,32.19166666666667,67.66666666666667
2026-04-14 03:10:00+00:00,32.28333333333333,67.33333333333333
2026-04-14 03:15:00+00:00,32.375,67.0
2026-04-14 03:20:00+00:00,32.46666666666667,66.66666666666667
2026-04-14 03:25:00+00:00,32.55833333333334,66.33333333333333
2026-04-14 03:30:00+00:00,32.650000000000006,66.0
2026-04-14 03:35:00+00:00,32.74166666666667,65.66666666666667
2026-04-14 03:40:00+00:00,32.833333333333336,65.33333333333333
2026-04-14 03:45:00+00:00,32.925000000000004,65.0
2026-04-14 03:50:00+00:00,33.016666666666666,64.66666666666667
2026-04-14 03:55:00+00:00,33.108333333333334,64.33333333333333
2026-04-14 04:00:00+00:00,33.2,64.0
2026-04-14 04:05:00+00:00,33.25,63.75
2026-04-14 04:10:00+00:00,33.300000000000004,63.5
2026-04-14 04:15:00+00:00,33.35,63.25
2026-04-14 04:20:00+00:00,33.4,63.0
2026-04-14 04:25:00+00:00,33.45,62.75
2026-04-14 04:30:00+00:00,33.5,62.5
2026-04-14 04:35:00+00:00,33.55,62.25
2026-04-14 04:40:00+00:00,33.6,62.0
2026-04-14 04:45:00+00:00,33.65,61.75
2026-04-14 04:50:00+00:00,33.699999999999996,61.5
2026-04-14 04:55:00+00:00,33.75,61.25
2026-04-14 05:00:00+00:00,33.8,61.0
2026-04-14 05:05:00+00:00,33.78333333333333,60.833333333333336
2026-04-14 05:10:00+00:00,33.766666666666666,60.666666666666664
2026-04-14 05:15:00+00:00,33.75,60.5
2026-04-14 05:20:00+00:00,33.733333333333334,60.333333333333336
2026-04-14 05:25:00+00:00,33.71666666666667,60.166666666666664
2026-04-14 05:30:00+00:00,33.7,60.0
2026-04-14 05:35:00+00:00,33.68333333333333,59.833333333333336
2026-04-14 05:40:00+00:00,33.666666666666664,59.666666666666664
2026-04-14 05:45:00+00:00,33.65,59.5
2026-04-14 05:50:00+00:00,33.63333333333333,59.333333333333336
2026-04-14 05:55:00+00:00,33.61666666666667,59.166666666666664
2026-04-14 06:00:00+00:00,33.6,59.0
2026-04-14 06:05:00+00:00,33.55833333333334,59.0
2026-04-14 06:10:00+00:00,33.516666666666666,59.0
2026-04-14 06:15:00+00:00,33.475,59.0
2026-04-14 06:20:00+00:00,33.43333333333334,59.0
2026-04-14 06:25:00+00:00,33.391666666666666,59.0
2026-04-14 06:30:00+00:00,33.35,59.0
2026-04-14 06:35:00+00:00,33.30833333333334,59.0
2026-04-14 06:40:00+00:00,33.266666666666666,59.0
2026-04-14 06:45:00+00:00,33.225,59.0
2026-04-14 06:50:00+00:00,33.18333333333334,59.0
2026-04-14 06:55:00+00:00,33.141666666666666,59.0
2026-04-14 07:00:00+00:00,33.1,59.0
2026-04-14 07:05:00+00:00,33.03333333333333,59.25
2026-04-14 07:10:00+00:00,32.96666666666667,59.5
2026-04-14 07:15:00+00:00,32.9,59.75
2026-04-14 07:20:00+00:00,32.833333333333336,60.0
2026-04-14 07:25:00+00:00,32.766666666666666,60.25
2026-04-14 07:30:00+00:00,32.7,60.5
2026-04-14 07:35:00+00:00,32.63333333333333,60.75
2026-04-14 07:40:00+00:00,32.56666666666666,61.0
2026-04-14 07:45:00+00:00,32.5,61.25
2026-04-14 07:50:00+00:00,32.43333333333333,61.5
2026-04-14 07:55:00+00:00,32.36666666666667,61.75
2026-04-14 08:00:00+00:00,32.3,62.0
2026-04-14 08:05:00+00:00,32.21666666666666,62.583333333333336
2026-04-14 08:10:00+00:00,32.13333333333333,63.166666666666664
2026-04-14 08:15:00+00:00,32.05,63.75
2026-04-14 08:20:00+00:00,31.966666666666665,64.33333333333333
2026-04-14 08:25:00+00:00,31.883333333333333,64.91666666666667
2026-04-14 08:30:00+00:00,31.799999999999997,65.5
2026-04-14 08:35:00+00:00,31.716666666666665,66.08333333333333
2026-04-14 08:40:00+00:00,31.633333333333333,66.66666666666667
2026-04-14 08:45:00+00:00,31.55,67.25
2026-04-14 08:50:00+00:00,31.46666666666667,67.83333333333333
2026-04-14 08:55:00+00:00,31.383333333333333,68.41666666666667
2026-04-14 09:00:00+00:00,31.3,69.0
2026-04-14 09:05:00+00:00,31.2,69.5
2026-04-14 09:10:00+00:00,31.1,70.0
2026-04-14 09:15:00+00:00,31.0,70.5
2026-04-14 09:20:00+00:00,30.900000000000002,71.0
2026-04-14 09:25:00+00:00,30.8,71.5
