timestamp,aqi-1,aqi-2,aqi-3,aqi-4,aqi-5,co2-1,co2-2,co2-3,co2-4,humi-1,humi-2,humi-3,humi-4,temp-1,temp-2,temp-3,temp-4,tvoc-1,tvoc-2,tvoc-3,tvoc-4,tvoc-5
1774697103000,2.0,2.0,2.0,2.0,2.0,501.0,530.0,527.0,530.0,100.0,100.0,100.0,99.95,24.74,24.6,24.64,24.74,76.0,78.0,68.0,141.0,103.0
1774697404000,2.0,2.0,2.0,2.0,2.0,485.0,500.0,556.0,548.0,100.0,100.0,100.0,100.0,24.72,24.58,24.62,24.71,84.0,85.0,74.0,134.0,89.0
1774697704000,2.0,1.0,2.0,2.0,2.0,491.0,505.0,526.0,554.0,100.0,100.0,100.0,100.0,24.69,24.56,24.58,24.68,79.0,70.0,79.0,142.0,93.0
1774698005000,2.0,2.0,1.0,2.0,2.0,512.0,508.0,537.0,505.0,100.0,100.0,100.0,100.0,24.67,24.53,24.57,24.65,80.0,70.0,69.0,154.0,106.0
1774698305000,2.0,2.0,2.0,2.0,2.0,467.0,518.0,537.0,539.0,100.0,100.0,100.0,100.0,24.65,24.51,24.55,24.62,77.0,75.0,84.0,191.0,125.0
1774698606000,2.0,2.0,1.0,2.0,2.0,478.0,504.0,499.0,563.0,100.0,100.0,100.0,100.0,24.62,24.49,24.53,24.59,98.0,74.0,61.0,111.0,79.0
1774698906000,1.0,1.0,1.0,2.0,2.0,490.0,517.0,525.0,537.0,100.0,100.0,100.0,100.0,24.61,24.46,24.5,24.58,63.0,70.0,62.0,122.0,81.0
1774699207000,2.0,2.0,2.0,2.0,2.0,520.0,509.0,528.0,563.0,100.0,100.0,100.0,100.0,24.58,24.46,24.48,24.57,94.0,94.0,83.0,153.0,104.0
1774699508000,2.0,2.0,2.0,2.0,2.0,476.0,505.0,545.0,543.0,100.0,100.0,100.0,100.0,24.58,24.43,24.47,24.54,89.0,71.0,71.0,131.0,135.0
1774699808000,2.0,2.0,2.0,2.0,2.0,480.0,534.0,547.0,530.0,100.0,100.0,100.0,100.0,24.55,24.42,24.45,24.53,79.0,77.0,82.0,162.0,126.0
1774700109000,2.0,2.0,2.0,2.0,2.0,503.0,481.0,536.0,552.0,100.0,100.0,100.0,100.0,24.53,24.41,24.43,24.51,75.0,72.0,72.0,121.0,84.0
1774700409000,2.0,2.0,2.0,2.0,2.0,487.0,518.0,544.0,532.0,100.0,100.0,100.0,100.0,24.52,24.38,24.42,24.5,84.0,79.0,74.0,153.0,121.0
1774700710000,2.0,2.0,2.0,2.0,2.0,531.0,525.0,537.0,529.0,100.0,100.0,100.0,100.0,24.51,24.36,24.42,24.49,75.0,76.0,70.0,114.0,99.0
1774701010000,2.0,1.0,2.0,2.0,2.0,475.0,496.0,483.0,546.0,100.0,100.0,100.0,100.0,24.49,24.36,24.39,24.48,81.0,69.0,69.0,156.0,117.0
1774701311000,2.0,2.0,1.0,2.0,1.0,515.0,497.0,535.0,559.0,100.0,100.0,100.0,100.0,24.48,24.34,24.38,24.46,89.0,70.0,65.0,86.0,52.0
1774701612000,1.0,1.0,1.0,2.0,1.0,493.0,497.0,572.0,541.0,100.0,100.0,100.0,100.0,24.45,24.33,24.36,24.43,60.0,42.0,42.0,87.0,50.0
1774701912000,1.0,2.0,1.0,2.0,2.0,476.0,562.0,553.0,547.0,100.0,100.0,100.0,100.0,24.46,24.32,24.35,24.41,61.0,74.0,65.0,135.0,83.0
1774702213000,2.0,2.0,2.0,2.0,2.0,496.0,532.0,537.0,555.0,100.0,100.0,100.0,100.0,24.45,24.31,24.35,24.41,77.0,75.0,86.0,117.0,81.0
1774702513000,2.0,2.0,1.0,2.0,2.0,492.0,534.0,565.0,542.0,100.0,100.0,100.0,100.0,24.44,24.29,24.33,24.38,80.0,70.0,64.0,131.0,100.0
1774702814000,2.0,2.0,2.0,2.0,2.0,499.0,511.0,538.0,543.0,100.0,100.0,100.0,100.0,24.43,24.28,24.33,24.37,84.0,75.0,78.0,139.0,110.0
1774703114000,1.0,1.0,1.0,2.0,1.0,511.0,542.0,551.0,546.0,100.0,100.0,100.0,100.0,24.42,24.27,24.32,24.37,65.0,59.0,51.0,116.0,61.0
1774703415000,1.0,1.0,1.0,2.0,2.0,516.0,521.0,589.0,581.0,100.0,100.0,100.0,100.0,24.4,24.27,24.3,24.36,54.0,39.0,31.0,98.0,80.0
1774703716000,2.0,1.0,2.0,2.0,2.0,526.0,556.0,542.0,527.0,100.0,100.0,100.0,100.0,24.4,24.26,24.28,24.36,74.0,62.0,77.0,125.0,87.0
1774704016000,2.0,1.0,1.0,2.0,2.0,498.0,525.0,550.0,593.0,100.0,100.0,100.0,100.0,24.4,24.24,24.29,24.35,70.0,55.0,58.0,143.0,110.0
1774704317000,1.0,1.0,1.0,2.0,1.0,514.0,513.0,529.0,606.0,100.0,100.0,100.0,100.0,24.39,24.25,24.29,24.35,69.0,28.0,37.0,82.0,61.0
1774704617000,1.0,1.0,1.0,2.0,1.0,515.0,552.0,547.0,532.0,100.0,100.0,100.0,100.0,24.38,24.24,24.27,24.33,40.0,39.0,48.0,94.0,50.0
1774704918000,1.0,1.0,1.0,2.0,2.0,514.0,494.0,567.0,540.0,100.0,100.0,100.0,100.0,24.38,24.23,24.27,24.33,54.0,63.0,47.0,131.0,97.0
1774705218000,1.0,1.0,2.0,2.0,2.0,528.0,526.0,528.0,542.0,100.0,100.0,100.0,100.0,24.37,24.22,24.24,24.31,43.0,64.0,70.0,176.0,128.0
1774705519000,2.0,1.0,1.0,2.0,1.0,502.0,517.0,530.0,559.0,100.0,100.0,100.0,100.0,24.34,24.19,24.22,24.28,72.0,44.0,48.0,88.0,39.0
1774705820000,1.0,1.0,1.0,1.0,1.0,485.0,521.0,551.0,580.0,100.0,100.0,100.0,100.0,24.33,24.16,24.17,24.25,34.0,31.0,36.0,57.0,28.0
1774706120000,1.0,1.0,1.0,2.0,1.0,538.0,524.0,559.0,562.0,100.0,100.0,100.0,100.0,24.28,24.13,24.15,24.22,32.0,44.0,50.0,107.0,50.0
1774706421000,1.0,1.0,1.0,2.0,1.0,513.0,521.0,547.0,593.0,100.0,100.0,100.0,100.0,24.28,24.13,24.12,24.19,45.0,47.0,63.0,103.0,63.0
1774706721000,1.0,1.0,2.0,2.0,2.0,522.0,538.0,547.0,560.0,100.0,100.0,100.0,100.0,24.27,24.09,24.12,24.17,52.0,58.0,78.0,109.0,76.0
1774707022000,1.0,1.0,2.0,2.0,2.0,493.0,521.0,551.0,562.0,100.0,100.0,100.0,100.0,24.25,24.09,24.1,24.14,51.0,68.0,77.0,127.0,95.0
1774707322000,1.0,1.0,2.0,2.0,2.0,520.0,533.0,547.0,567.0,100.0,100.0,100.0,100.0,24.23,24.08,24.07,24.14,59.0,59.0,75.0,139.0,118.0
1774707623000,1.0,1.0,2.0,2.0,2.0,509.0,516.0,577.0,516.0,100.0,100.0,100.0,100.0,24.2,24.04,24.06,24.11,54.0,60.0,79.0,129.0,92.0
1774707924000,1.0,2.0,2.0,2.0,2.0,539.0,531.0,547.0,573.0,100.0,100.0,100.0,100.0,24.19,24.03,24.03,24.09,57.0,67.0,69.0,123.0,93.0
1774708224000,1.0,1.0,2.0,2.0,2.0,483.0,492.0,533.0,537.0,100.0,100.0,100.0,100.0,24.16,24.01,24.02,24.07,59.0,67.0,77.0,106.0,95.0
1774708525000,2.0,2.0,2.0,2.0,2.0,502.0,526.0,538.0,541.0,100.0,100.0,100.0,100.0,24.15,23.98,24.0,24.06,83.0,79.0,90.0,148.0,108.0
1774708825000,2.0,1.0,1.0,2.0,2.0,528.0,539.0,520.0,549.0,100.0,100.0,100.0,100.0,24.12,23.97,23.98,24.03,73.0,65.0,67.0,130.0,97.0
1774709126000,2.0,2.0,2.0,2.0,2.0,525.0,533.0,522.0,582.0,100.0,100.0,100.0,100.0,24.12,23.96,23.95,24.01,72.0,75.0,93.0,138.0,118.0
1774709426000,1.0,2.0,2.0,2.0,2.0,520.0,510.0,514.0,583.0,100.0,100.0,100.0,100.0,24.08,23.94,23.95,24.02,62.0,70.0,85.0,131.0,115.0
1774709727000,1.0,2.0,2.0,2.0,2.0,508.0,518.0,526.0,579.0,100.0,100.0,100.0,100.0,24.07,23.93,23.94,23.99,58.0,68.0,70.0,129.0,70.0
1774710028000,1.0,1.0,2.0,2.0,2.0,529.0,552.0,532.0,553.0,100.0,100.0,100.0,100.0,24.05,23.9,23.92,23.96,64.0,64.0,83.0,134.0,102.0
1774710328000,2.0,2.0,2.0,2.0,2.0,512.0,511.0,562.0,566.0,100.0,100.0,100.0,100.0,24.03,23.88,23.89,23.94,85.0,94.0,98.0,161.0,124.0
1774710629000,2.0,2.0,2.0,2.0,2.0,504.0,545.0,556.0,559.0,100.0,100.0,100.0,100.0,24.02,23.87,23.88,23.94,76.0,83.0,85.0,137.0,106.0
1774710929000,1.0,2.0,2.0,2.0,2.0,542.0,535.0,554.0,557.0,100.0,100.0,100.0,100.0,24.0,23.87,23.87,23.93,64.0,78.0,95.0,154.0,122.0
1774711230000,2.0,2.0,2.0,2.0,2.0,483.0,497.0,517.0,547.0,100.0,100.0,100.0,100.0,24.01,23.86,23.86,23.93,87.0,95.0,102.0,178.0,102.0
1774711530000,1.0,1.0,1.0,2.0,1.0,517.0,514.0,593.0,579.0,100.0,100.0,100.0,100.0,23.99,23.85,23.86,23.92,47.0,51.0,58.0,72.0,40.0
1774711831000,1.0,1.0,1.0,2.0,1.0,538.0,545.0,566.0,567.0,100.0,100.0,100.0,100.0,23.99,23.85,23.85,23.92,43.0,51.0,40.0,71.0,43.0
1774712132000,1.0,1.0,1.0,2.0,2.0,523.0,530.0,570.0,564.0,100.0,100.0,100.0,100.0,23.97,23.84,23.84,23.9,55.0,52.0,64.0,106.0,94.0
1774712432000,2.0,2.0,2.0,2.0,2.0,524.0,529.0,575.0,557.0,100.0,100.0,100.0,100.0,23.97,23.82,23.84,23.91,68.0,73.0,81.0,142.0,106.0
1774712733000,2.0,1.0,2.0,2.0,1.0,486.0,553.0,536.0,557.0,100.0,100.0,100.0,100.0,23.99,23.83,23.84,23.91,74.0,59.0,68.0,103.0,56.0
1774713033000,1.0,1.0,1.0,1.0,1.0,524.0,518.0,590.0,579.0,100.0,100.0,100.0,100.0,23.99,23.83,23.83,23.9,47.0,43.0,53.0,69.0,32.0
1774713334000,1.0,1.0,1.0,2.0,1.0,538.0,515.0,557.0,577.0,100.0,100.0,100.0,100.0,23.99,23.86,23.84,23.91,36.0,30.0,49.0,86.0,47.0
1774713634000,1.0,1.0,1.0,2.0,1.0,525.0,516.0,557.0,557.0,100.0,100.0,100.0,100.0,24.01,23.86,23.85,23.91,52.0,50.0,62.0,116.0,68.0
1774713935000,1.0,2.0,1.0,2.0,2.0,533.0,512.0,602.0,569.0,100.0,100.0,100.0,100.0,24.0,23.85,23.85,23.91,59.0,70.0,60.0,82.0,67.0
1774714235000,1.0,1.0,1.0,2.0,1.0,504.0,538.0,569.0,547.0,100.0,100.0,100.0,100.0,24.01,23.85,23.86,23.91,45.0,44.0,50.0,97.0,59.0
1774714536000,1.0,1.0,1.0,2.0,2.0,501.0,545.0,559.0,545.0,100.0,100.0,100.0,100.0,24.03,23.84,23.84,23.9,67.0,69.0,51.0,111.0,94.0
1774714837000,2.0,2.0,2.0,2.0,2.0,524.0,558.0,549.0,578.0,100.0,100.0,100.0,100.0,24.03,23.87,23.85,23.91,75.0,73.0,70.0,133.0,116.0
1774715137000,2.0,1.0,2.0,2.0,2.0,524.0,559.0,530.0,572.0,100.0,100.0,100.0,100.0,24.03,23.85,23.87,23.92,73.0,65.0,85.0,145.0,130.0
1774715438000,2.0,2.0,2.0,2.0,2.0,523.0,482.0,548.0,552.0,100.0,100.0,100.0,100.0,24.04,23.86,23.87,23.92,109.0,87.0,82.0,136.0,92.0
1774715738000,2.0,2.0,2.0,2.0,2.0,513.0,486.0,569.0,584.0,100.0,100.0,100.0,100.0,24.03,23.86,23.87,23.91,95.0,85.0,83.0,135.0,115.0
1774716039000,2.0,2.0,2.0,2.0,2.0,513.0,515.0,536.0,554.0,100.0,100.0,100.0,100.0,24.03,23.87,23.87,23.93,69.0,74.0,86.0,133.0,83.0
1774716339000,2.0,2.0,2.0,2.0,2.0,560.0,493.0,546.0,542.0,100.0,100.0,100.0,100.0,24.01,23.89,23.89,23.94,68.0,82.0,85.0,136.0,107.0
1774716640000,2.0,1.0,2.0,2.0,2.0,537.0,532.0,528.0,552.0,100.0,100.0,100.0,100.0,24.04,23.89,23.88,23.95,69.0,65.0,87.0,148.0,116.0
1774716941000,2.0,2.0,2.0,2.0,2.0,552.0,544.0,552.0,572.0,100.0,100.0,100.0,100.0,24.04,23.88,23.88,23.95,77.0,83.0,97.0,169.0,140.0
1774717241000,2.0,2.0,2.0,2.0,2.0,524.0,510.0,519.0,572.0,100.0,100.0,100.0,100.0,24.03,23.88,23.89,23.96,94.0,101.0,109.0,139.0,80.0
1774717542000,2.0,1.0,2.0,2.0,1.0,502.0,534.0,574.0,536.0,100.0,100.0,100.0,100.0,24.04,23.89,23.88,23.95,69.0,56.0,76.0,99.0,59.0
1774717842000,1.0,2.0,1.0,2.0,2.0,524.0,511.0,557.0,576.0,100.0,100.0,100.0,100.0,24.04,23.89,23.89,23.95,67.0,68.0,60.0,86.0,69.0
1774718143000,1.0,1.0,1.0,2.0,1.0,496.0,562.0,548.0,596.0,100.0,100.0,100.0,100.0,24.05,23.89,23.89,23.94,43.0,37.0,52.0,87.0,52.0
1774718443000,1.0,2.0,1.0,2.0,2.0,531.0,521.0,578.0,546.0,100.0,100.0,100.0,100.0,24.03,23.87,23.88,23.95,61.0,70.0,61.0,125.0,91.0
1774718744000,1.0,1.0,2.0,2.0,2.0,494.0,526.0,547.0,582.0,100.0,100.0,100.0,100.0,24.04,23.87,23.86,23.94,68.0,68.0,75.0,130.0,97.0
1774719045000,1.0,1.0,1.0,2.0,1.0,502.0,518.0,534.0,591.0,100.0,100.0,100.0,100.0,24.04,23.87,23.88,23.93,65.0,60.0,47.0,92.0,57.0
1774719345000,2.0,2.0,1.0,2.0,2.0,539.0,531.0,549.0,547.0,100.0,100.0,100.0,100.0,24.04,23.88,23.88,23.93,71.0,69.0,64.0,108.0,97.0
1774719646000,2.0,2.0,2.0,2.0,2.0,512.0,518.0,584.0,586.0,100.0,100.0,100.0,100.0,24.04,23.88,23.88,23.93,75.0,79.0,87.0,150.0,111.0
1774719946000,1.0,1.0,2.0,2.0,1.0,517.0,521.0,545.0,572.0,100.0,100.0,100.0,100.0,24.02,23.87,23.87,23.93,62.0,57.0,84.0,107.0,62.0
1774720247000,2.0,2.0,2.0,2.0,2.0,541.0,526.0,570.0,579.0,100.0,100.0,100.0,100.0,24.05,23.88,23.88,23.92,77.0,77.0,78.0,112.0,92.0
1774720547000,2.0,2.0,2.0,2.0,2.0,515.0,513.0,578.0,575.0,100.0,100.0,100.0,100.0,24.03,23.87,23.86,23.93,80.0,73.0,77.0,146.0,111.0
1774720848000,2.0,2.0,2.0,2.0,2.0,517.0,524.0,584.0,604.0,100.0,100.0,100.0,100.0,24.02,23.86,23.85,23.89,72.0,76.0,70.0,129.0,95.0
1774721149000,2.0,2.0,2.0,2.0,2.0,551.0,567.0,552.0,556.0,100.0,100.0,100.0,100.0,24.02,23.85,23.85,23.9,70.0,69.0,74.0,143.0,118.0
1774721449000,2.0,2.0,2.0,2.0,2.0,558.0,553.0,604.0,557.0,100.0,100.0,100.0,100.0,24.0,23.85,23.84,23.9,72.0,81.0,79.0,142.0,112.0
1774721750000,2.0,2.0,2.0,2.0,2.0,523.0,520.0,563.0,531.0,100.0,100.0,100.0,100.0,24.01,23.84,23.84,23.88,80.0,92.0,90.0,152.0,96.0
1774722050000,2.0,2.0,2.0,2.0,2.0,535.0,538.0,566.0,581.0,100.0,100.0,100.0,100.0,24.0,23.84,23.83,23.88,83.0,72.0,73.0,122.0,89.0
1774722351000,2.0,2.0,2.0,2.0,2.0,507.0,540.0,539.0,575.0,100.0,100.0,100.0,100.0,23.99,23.82,23.82,23.86,74.0,74.0,73.0,127.0,93.0
1774722651000,2.0,2.0,2.0,2.0,2.0,519.0,509.0,564.0,563.0,100.0,100.0,100.0,100.0,23.98,23.81,23.81,23.86,79.0,79.0,86.0,119.0,99.0
1774722952000,2.0,2.0,2.0,2.0,2.0,544.0,550.0,528.0,562.0,100.0,100.0,100.0,100.0,23.97,23.81,23.8,23.85,74.0,77.0,93.0,147.0,118.0
1774723253000,2.0,2.0,1.0,2.0,2.0,527.0,527.0,561.0,538.0,100.0,100.0,100.0,100.0,23.98,23.8,23.78,23.83,71.0,68.0,57.0,104.0,71.0
1774723553000,2.0,2.0,2.0,2.0,2.0,514.0,546.0,549.0,587.0,100.0,100.0,100.0,100.0,23.96,23.8,23.78,23.83,79.0,69.0,72.0,131.0,105.0
1774723854000,2.0,2.0,2.0,2.0,2.0,516.0,503.0,555.0,582.0,100.0,100.0,100.0,100.0,23.96,23.79,23.78,23.81,80.0,87.0,91.0,154.0,115.0
1774724154000,2.0,2.0,2.0,2.0,2.0,525.0,537.0,590.0,567.0,100.0,100.0,100.0,100.0,23.94,23.79,23.78,23.82,82.0,88.0,93.0,127.0,86.0
1774724455000,2.0,2.0,2.0,2.0,2.0,538.0,543.0,553.0,555.0,100.0,100.0,100.0,100.0,23.95,23.79,23.77,23.81,70.0,77.0,90.0,132.0,112.0
1774724755000,2.0,2.0,2.0,2.0,2.0,532.0,555.0,566.0,571.0,100.0,100.0,100.0,100.0,23.95,23.78,23.77,23.83,80.0,87.0,99.0,102.0,76.0
1774725056000,1.0,1.0,2.0,2.0,2.0,512.0,532.0,542.0,581.0,100.0,100.0,100.0,100.0,23.95,23.77,23.78,23.82,64.0,69.0,77.0,109.0,77.0
1774725356000,1.0,1.0,1.0,2.0,2.0,525.0,541.0,576.0,568.0,100.0,100.0,100.0,100.0,23.95,23.78,23.77,23.82,59.0,57.0,62.0,105.0,83.0
1774725657000,1.0,1.0,1.0,2.0,1.0,516.0,544.0,551.0,556.0,100.0,100.0,100.0,100.0,23.95,23.78,23.75,23.81,67.0,63.0,62.0,113.0,52.0
1774725958000,2.0,2.0,2.0,2.0,2.0,517.0,548.0,578.0,591.0,100.0,100.0,100.0,100.0,23.94,23.77,23.75,23.79,82.0,75.0,71.0,123.0,90.0
1774726258000,2.0,2.0,2.0,2.0,2.0,531.0,555.0,576.0,573.0,100.0,100.0,100.0,100.0,23.93,23.76,23.74,23.79,80.0,81.0,89.0,142.0,104.0
1774726559000,2.0,2.0,2.0,2.0,2.0,501.0,560.0,585.0,573.0,100.0,100.0,100.0,100.0,23.94,23.74,23.73,23.78,80.0,73.0,82.0,157.0,88.0
1774726859000,1.0,1.0,1.0,2.0,1.0,510.0,583.0,558.0,609.0,100.0,100.0,100.0,100.0,23.93,23.76,23.72,23.76,61.0,60.0,56.0,76.0,49.0
1774727160000,2.0,2.0,1.0,2.0,2.0,543.0,546.0,563.0,586.0,100.0,100.0,100.0,100.0,23.92,23.74,23.72,23.76,67.0,70.0,63.0,118.0,95.0
1774727460000,2.0,2.0,1.0,2.0,2.0,521.0,562.0,566.0,620.0,100.0,100.0,100.0,100.0,23.91,23.73,23.7,23.75,69.0,75.0,68.0,105.0,96.0
1774727761000,2.0,2.0,2.0,2.0,2.0,547.0,552.0,557.0,568.0,100.0,100.0,100.0,100.0,23.91,23.72,23.69,23.75,75.0,78.0,94.0,164.0,127.0
1774728062000,2.0,2.0,2.0,2.0,2.0,542.0,559.0,541.0,617.0,100.0,100.0,100.0,100.0,23.89,23.71,23.71,23.74,85.0,79.0,86.0,152.0,94.0
1774728362000,2.0,2.0,2.0,2.0,2.0,549.0,573.0,568.0,572.0,100.0,100.0,100.0,100.0,23.89,23.71,23.68,23.73,83.0,81.0,74.0,121.0,91.0
1774728663000,2.0,2.0,2.0,2.0,2.0,589.0,557.0,572.0,567.0,100.0,100.0,100.0,100.0,23.88,23.69,23.68,23.73,79.0,80.0,83.0,125.0,125.0
1774728963000,2.0,2.0,2.0,2.0,2.0,549.0,545.0,585.0,598.0,100.0,100.0,100.0,100.0,23.88,23.7,23.68,23.72,92.0,91.0,82.0,120.0,106.0
1774729264000,2.0,1.0,2.0,2.0,2.0,550.0,552.0,588.0,570.0,100.0,100.0,100.0,100.0,23.85,23.68,23.66,23.72,75.0,68.0,78.0,149.0,101.0
1774729564000,2.0,2.0,2.0,2.0,2.0,527.0,551.0,585.0,586.0,100.0,100.0,100.0,100.0,23.84,23.68,23.65,23.7,85.0,83.0,85.0,155.0,101.0
1774729865000,2.0,2.0,2.0,2.0,2.0,523.0,571.0,590.0,606.0,100.0,100.0,100.0,100.0,23.83,23.67,23.65,23.7,80.0,74.0,83.0,137.0,108.0
1774730166000,2.0,2.0,2.0,2.0,2.0,541.0,573.0,573.0,596.0,100.0,100.0,100.0,100.0,23.82,23.64,23.64,23.7,82.0,85.0,75.0,123.0,85.0
1774730466000,2.0,2.0,2.0,2.0,2.0,572.0,549.0,574.0,595.0,100.0,100.0,100.0,100.0,23.82,23.64,23.63,23.71,84.0,83.0,72.0,128.0,89.0
1774730767000,2.0,2.0,2.0,2.0,2.0,542.0,589.0,601.0,576.0,100.0,100.0,100.0,100.0,23.84,23.66,23.63,23.68,88.0,72.0,74.0,114.0,83.0
1774731067000,2.0,1.0,1.0,2.0,2.0,604.0,565.0,584.0,580.0,100.0,100.0,100.0,100.0,23.81,23.64,23.63,23.69,77.0,65.0,70.0,104.0,75.0
1774731368000,1.0,1.0,1.0,2.0,2.0,559.0,520.0,564.0,609.0,100.0,100.0,100.0,100.0,23.82,23.66,23.62,23.68,63.0,53.0,60.0,96.0,71.0
1774731668000,1.0,1.0,1.0,2.0,1.0,544.0,589.0,617.0,597.0,100.0,100.0,100.0,100.0,23.83,23.66,23.63,23.67,57.0,48.0,50.0,82.0,53.0
1774731969000,1.0,1.0,1.0,2.0,2.0,558.0,579.0,581.0,584.0,100.0,100.0,100.0,100.0,23.82,23.66,23.62,23.67,51.0,56.0,51.0,82.0,81.0
1774732270000,1.0,1.0,1.0,2.0,2.0,576.0,597.0,582.0,589.0,100.0,100.0,100.0,100.0,23.84,23.65,23.63,23.67,56.0,60.0,67.0,135.0,88.0
1774732570000,2.0,2.0,2.0,2.0,2.0,560.0,563.0,571.0,572.0,100.0,100.0,100.0,100.0,23.85,23.67,23.62,23.68,83.0,89.0,75.0,128.0,93.0
1774732871000,2.0,2.0,2.0,2.0,2.0,559.0,535.0,584.0,580.0,100.0,100.0,100.0,100.0,23.85,23.66,23.64,23.68,72.0,69.0,75.0,141.0,102.0
1774733171000,1.0,2.0,2.0,2.0,2.0,510.0,586.0,599.0,566.0,100.0,100.0,100.0,100.0,23.85,23.67,23.65,23.69,64.0,77.0,97.0,136.0,102.0
1774733472000,2.0,2.0,2.0,2.0,2.0,549.0,583.0,577.0,587.0,100.0,100.0,100.0,100.0,23.84,23.67,23.65,23.7,81.0,85.0,90.0,167.0,117.0
1774733772000,2.0,2.0,2.0,2.0,2.0,523.0,552.0,580.0,603.0,100.0,100.0,100.0,100.0,23.84,23.69,23.67,23.71,89.0,90.0,87.0,101.0,69.0
1774734073000,1.0,1.0,1.0,2.0,2.0,550.0,530.0,554.0,593.0,100.0,100.0,100.0,100.0,23.85,23.67,23.66,23.73,61.0,53.0,52.0,82.0,68.0
1774734374000,1.0,1.0,2.0,2.0,2.0,535.0,528.0,570.0,593.0,100.0,100.0,100.0,100.0,23.84,23.7,23.67,23.73,63.0,59.0,70.0,113.0,90.0
1774734674000,2.0,2.0,2.0,2.0,2.0,532.0,545.0,592.0,588.0,100.0,100.0,100.0,100.0,23.85,23.69,23.68,23.73,86.0,82.0,77.0,134.0,101.0
1774734975000,2.0,2.0,2.0,2.0,2.0,561.0,560.0,579.0,603.0,100.0,100.0,100.0,100.0,23.86,23.71,23.69,23.73,90.0,89.0,75.0,126.0,114.0
1774735275000,2.0,2.0,2.0,2.0,2.0,536.0,568.0,571.0,573.0,100.0,100.0,100.0,100.0,23.87,23.71,23.68,23.75,85.0,81.0,90.0,131.0,80.0
1774735576000,2.0,2.0,2.0,2.0,2.0,554.0,576.0,567.0,581.0,100.0,100.0,100.0,100.0,23.88,23.7,23.69,23.75,90.0,82.0,80.0,130.0,104.0
1774735876000,2.0,2.0,2.0,2.0,2.0,554.0,554.0,572.0,582.0,100.0,100.0,100.0,100.0,23.88,23.71,23.7,23.76,88.0,89.0,86.0,149.0,104.0
1774736177000,2.0,2.0,2.0,2.0,2.0,527.0,579.0,565.0,539.0,100.0,100.0,100.0,100.0,23.88,23.71,23.71,23.77,87.0,83.0,78.0,134.0,106.0
1774736477000,2.0,2.0,2.0,2.0,2.0,553.0,533.0,529.0,573.0,100.0,100.0,100.0,100.0,23.88,23.73,23.71,23.77,75.0,82.0,96.0,145.0,113.0
1774736778000,2.0,2.0,2.0,2.0,2.0,504.0,553.0,577.0,621.0,100.0,100.0,100.0,100.0,23.88,23.73,23.7,23.78,90.0,82.0,85.0,136.0,118.0
1774737079000,2.0,2.0,2.0,2.0,2.0,501.0,520.0,590.0,564.0,100.0,100.0,100.0,100.0,23.89,23.72,23.71,23.78,87.0,82.0,73.0,83.0,69.0
1774737379000,2.0,1.0,2.0,2.0,2.0,541.0,541.0,517.0,549.0,100.0,100.0,100.0,100.0,23.88,23.73,23.71,23.77,74.0,64.0,75.0,130.0,77.0
1774737680000,2.0,2.0,2.0,2.0,2.0,539.0,567.0,533.0,579.0,100.0,100.0,100.0,100.0,23.88,23.72,23.7,23.76,77.0,87.0,82.0,136.0,105.0
1774737980000,2.0,2.0,2.0,2.0,2.0,515.0,536.0,551.0,593.0,100.0,100.0,100.0,100.0,23.88,23.73,23.7,23.77,73.0,75.0,92.0,154.0,119.0
1774738281000,2.0,2.0,2.0,2.0,2.0,507.0,547.0,551.0,547.0,100.0,100.0,100.0,100.0,23.87,23.73,23.7,23.77,79.0,77.0,84.0,137.0,120.0
1774738581000,2.0,2.0,2.0,2.0,2.0,528.0,562.0,581.0,588.0,100.0,100.0,100.0,100.0,23.87,23.72,23.71,23.77,82.0,97.0,97.0,160.0,112.0
1774738882000,2.0,2.0,2.0,2.0,2.0,554.0,556.0,617.0,563.0,100.0,100.0,100.0,100.0,23.87,23.72,23.72,23.78,84.0,99.0,87.0,104.0,84.0
1774739183000,2.0,2.0,2.0,2.0,2.0,545.0,534.0,561.0,607.0,100.0,100.0,100.0,100.0,23.87,23.71,23.7,23.78,90.0,78.0,74.0,110.0,77.0
1774739483000,2.0,2.0,2.0,2.0,2.0,529.0,551.0,601.0,589.0,100.0,100.0,100.0,100.0,23.88,23.73,23.71,23.78,75.0,81.0,89.0,154.0,101.0
1774739784000,2.0,2.0,2.0,2.0,2.0,547.0,565.0,577.0,548.0,100.0,100.0,100.0,100.0,23.88,23.74,23.7,23.79,91.0,83.0,94.0,136.0,109.0
1774740084000,2.0,2.0,2.0,2.0,2.0,535.0,529.0,577.0,568.0,100.0,100.0,100.0,100.0,23.88,23.75,23.72,23.78,83.0,96.0,96.0,136.0,99.0
1774740385000,2.0,2.0,2.0,2.0,2.0,585.0,541.0,565.0,576.0,100.0,100.0,100.0,100.0,23.88,23.73,23.72,23.78,87.0,97.0,73.0,121.0,97.0
1774740685000,2.0,1.0,2.0,2.0,1.0,515.0,562.0,609.0,584.0,100.0,100.0,100.0,100.0,23.89,23.74,23.73,23.8,85.0,68.0,69.0,101.0,61.0
1774740986000,2.0,2.0,2.0,2.0,2.0,539.0,557.0,566.0,604.0,100.0,100.0,100.0,100.0,23.9,23.74,23.73,23.79,75.0,72.0,77.0,111.0,74.0
1774741287000,2.0,2.0,2.0,2.0,2.0,513.0,558.0,545.0,599.0,100.0,100.0,100.0,100.0,23.9,23.76,23.75,23.79,93.0,79.0,79.0,136.0,95.0
1774741587000,2.0,2.0,2.0,2.0,2.0,556.0,578.0,571.0,577.0,100.0,100.0,100.0,100.0,23.91,23.76,23.74,23.8,84.0,76.0,81.0,127.0,117.0
1774741888000,2.0,2.0,2.0,2.0,2.0,518.0,551.0,533.0,589.0,100.0,100.0,100.0,100.0,23.9,23.76,23.75,23.81,82.0,84.0,79.0,118.0,94.0
1774742188000,2.0,2.0,2.0,2.0,2.0,527.0,562.0,573.0,549.0,100.0,100.0,100.0,100.0,23.91,23.77,23.74,23.81,84.0,72.0,79.0,131.0,88.0
1774742489000,2.0,2.0,1.0,2.0,2.0,542.0,559.0,574.0,570.0,100.0,100.0,100.0,100.0,23.92,23.78,23.76,23.82,86.0,82.0,67.0,104.0,86.0
1774742789000,2.0,2.0,2.0,2.0,2.0,526.0,524.0,573.0,615.0,100.0,100.0,100.0,100.0,23.93,23.79,23.76,23.83,88.0,80.0,75.0,115.0,80.0
1774743090000,2.0,2.0,2.0,2.0,2.0,530.0,549.0,570.0,585.0,100.0,100.0,100.0,100.0,23.94,23.8,23.78,23.83,75.0,76.0,85.0,129.0,105.0
1774743391000,2.0,2.0,2.0,2.0,2.0,531.0,590.0,586.0,586.0,100.0,100.0,100.0,100.0,23.95,23.81,23.78,23.84,86.0,79.0,80.0,121.0,95.0
1774743691000,2.0,2.0,2.0,2.0,2.0,504.0,574.0,561.0,552.0,100.0,100.0,100.0,100.0,23.97,23.8,23.79,23.84,85.0,74.0,74.0,115.0,79.0
1774743992000,2.0,2.0,2.0,2.0,2.0,535.0,548.0,600.0,566.0,100.0,100.0,100.0,100.0,23.96,23.83,23.79,23.85,86.0,79.0,80.0,137.0,92.0
1774744292000,2.0,2.0,2.0,2.0,2.0,514.0,573.0,572.0,611.0,100.0,100.0,100.0,100.0,23.98,23.84,23.81,23.88,87.0,90.0,98.0,134.0,95.0
1774744593000,2.0,2.0,2.0,2.0,2.0,545.0,555.0,576.0,563.0,100.0,100.0,100.0,100.0,23.99,23.84,23.83,23.88,85.0,102.0,97.0,125.0,99.0
1774744893000,2.0,2.0,2.0,2.0,2.0,500.0,554.0,580.0,576.0,100.0,100.0,100.0,100.0,24.0,23.86,23.84,23.89,84.0,86.0,87.0,143.0,102.0
1774745194000,2.0,2.0,2.0,2.0,2.0,518.0,557.0,562.0,565.0,100.0,100.0,100.0,100.0,24.01,23.88,23.85,23.91,93.0,82.0,72.0,107.0,86.0
1774745495000,2.0,1.0,2.0,2.0,2.0,488.0,544.0,598.0,552.0,100.0,100.0,100.0,100.0,24.03,23.9,23.86,23.92,83.0,66.0,71.0,110.0,73.0
1774745795000,2.0,2.0,2.0,2.0,2.0,524.0,549.0,599.0,603.0,100.0,100.0,100.0,100.0,24.04,23.91,23.88,23.94,92.0,94.0,88.0,141.0,112.0
1774746096000,2.0,2.0,1.0,2.0,2.0,522.0,528.0,573.0,579.0,100.0,100.0,100.0,100.0,24.05,23.92,23.9,23.96,85.0,85.0,67.0,105.0,115.0
1774746396000,2.0,2.0,2.0,2.0,2.0,524.0,495.0,547.0,589.0,100.0,100.0,100.0,100.0,24.08,23.95,23.93,23.98,83.0,102.0,98.0,163.0,91.0
1774746697000,2.0,2.0,2.0,2.0,2.0,513.0,521.0,556.0,549.0,100.0,100.0,100.0,100.0,24.1,23.97,23.94,24.01,85.0,120.0,95.0,145.0,71.0
1774746997000,2.0,2.0,2.0,2.0,1.0,524.0,551.0,534.0,524.0,100.0,100.0,100.0,100.0,24.12,23.98,23.97,24.04,80.0,85.0,90.0,127.0,58.0
1774747298000,1.0,1.0,1.0,2.0,1.0,520.0,524.0,532.0,548.0,100.0,100.0,100.0,100.0,24.14,24.01,23.99,24.06,58.0,56.0,50.0,78.0,52.0
1774747598000,1.0,1.0,1.0,2.0,1.0,512.0,505.0,516.0,576.0,100.0,100.0,100.0,100.0,24.15,24.01,24.01,24.07,50.0,44.0,45.0,84.0,42.0
1774747899000,1.0,1.0,1.0,1.0,1.0,510.0,513.0,532.0,560.0,100.0,100.0,100.0,100.0,24.18,24.06,24.04,24.11,44.0,56.0,54.0,50.0,66.0
1774748200000,1.0,1.0,2.0,2.0,2.0,502.0,529.0,524.0,560.0,100.0,100.0,100.0,100.0,24.22,24.08,24.09,24.16,31.0,56.0,93.0,165.0,119.0
1774748500000,1.0,1.0,2.0,2.0,2.0,479.0,535.0,525.0,575.0,100.0,100.0,100.0,100.0,24.25,24.14,24.13,24.23,59.0,68.0,75.0,140.0,125.0
1774748801000,1.0,1.0,2.0,2.0,2.0,544.0,531.0,557.0,546.0,100.0,100.0,100.0,100.0,24.3,24.19,24.18,24.27,62.0,71.0,112.0,146.0,123.0
1774749101000,1.0,2.0,2.0,2.0,2.0,509.0,532.0,505.0,531.0,100.0,100.0,100.0,100.0,24.38,24.26,24.24,24.35,63.0,71.0,89.0,146.0,124.0
1774749402000,2.0,2.0,2.0,2.0,2.0,502.0,523.0,530.0,534.0,100.0,100.0,100.0,100.0,24.44,24.34,24.32,24.42,69.0,85.0,82.0,174.0,120.0
1774749702000,1.0,1.0,2.0,2.0,1.0,513.0,527.0,554.0,557.0,100.0,100.0,100.0,100.0,24.5,24.4,24.39,24.48,51.0,35.0,71.0,106.0,37.0
1774750003000,1.0,2.0,1.0,2.0,1.0,497.0,537.0,587.0,551.0,100.0,100.0,100.0,100.0,24.56,24.45,24.45,24.54,62.0,89.0,50.0,136.0,39.0
1774750304000,1.0,2.0,2.0,2.0,1.0,507.0,541.0,541.0,529.0,100.0,100.0,100.0,100.0,24.61,24.51,24.5,24.61,63.0,87.0,114.0,196.0,56.0
1774750604000,2.0,1.0,1.0,2.0,3.0,523.0,538.0,546.0,543.0,100.0,100.0,100.0,100.0,24.68,24.56,24.55,24.66,70.0,64.0,48.0,199.0,299.0
1774750905000,1.0,2.0,2.0,2.0,3.0,492.0,534.0,559.0,556.0,100.0,100.0,100.0,100.0,24.72,24.63,24.63,24.71,32.0,132.0,123.0,205.0,241.0
1774751205000,2.0,2.0,2.0,2.0,2.0,507.0,540.0,538.0,543.0,100.0,100.0,100.0,100.0,24.78,24.68,24.68,24.78,89.0,105.0,68.0,175.0,100.0
1774751506000,1.0,2.0,2.0,2.0,3.0,472.0,489.0,520.0,528.0,100.0,100.0,100.0,100.0,24.83,24.75,24.75,24.85,48.0,137.0,114.0,203.0,333.0
1774751806000,2.0,2.0,2.0,2.0,3.0,496.0,512.0,524.0,581.0,100.0,100.0,100.0,100.0,24.91,24.82,24.84,24.93,73.0,76.0,121.0,148.0,255.0
1774752107000,2.0,2.0,2.0,2.0,2.0,516.0,519.0,546.0,548.0,100.0,100.0,100.0,100.0,25.0,24.91,24.9,24.99,102.0,166.0,101.0,152.0,82.0
1774752408000,1.0,1.0,1.0,1.0,2.0,523.0,511.0,544.0,530.0,100.0,100.0,99.99,99.99,25.07,24.95,24.95,25.06,38.0,32.0,40.0,66.0,163.0
1774752708000,1.0,2.0,2.0,2.0,2.0,523.0,525.0,570.0,576.0,100.0,100.0,100.0,100.0,25.13,25.03,25.03,25.13,54.0,67.0,100.0,101.0,110.0
1774753009000,1.0,2.0,2.0,2.0,3.0,499.0,490.0,528.0,547.0,100.0,100.0,100.0,99.97,25.21,25.12,25.12,25.23,63.0,104.0,118.0,114.0,251.0
1774753309000,2.0,2.0,2.0,2.0,2.0,490.0,519.0,556.0,528.0,100.0,100.0,100.0,99.99,25.31,25.22,25.22,25.33,67.0,100.0,133.0,197.0,194.0
1774753610000,2.0,2.0,2.0,2.0,2.0,497.0,534.0,530.0,524.0,99.96,100.0,100.0,99.96,25.42,25.33,25.34,25.47,77.0,107.0,159.0,180.0,220.0
1774753910000,1.0,2.0,2.0,2.0,2.0,523.0,485.0,547.0,522.0,99.88,100.0,99.43,98.95,25.56,25.48,25.48,25.62,62.0,105.0,78.0,110.0,141.0
1774754211000,2.0,2.0,2.0,2.0,2.0,537.0,511.0,538.0,509.0,99.54,100.0,98.97,97.96,25.71,25.64,25.63,25.79,74.0,136.0,131.0,105.0,199.0
1774754512000,2.0,2.0,2.0,2.0,2.0,497.0,513.0,507.0,549.0,98.95,99.72,99.33,97.29,25.84,25.77,25.77,25.91,100.0,122.0,216.0,131.0,135.0
1774754812000,2.0,2.0,2.0,2.0,2.0,520.0,522.0,549.0,538.0,98.49,98.91,98.03,96.73,25.94,25.85,25.87,26.03,90.0,106.0,111.0,150.0,177.0
1774755113000,1.0,2.0,2.0,2.0,3.0,527.0,549.0,540.0,535.0,97.58,98.8,98.66,96.85,26.02,25.92,25.95,26.09,64.0,132.0,175.0,173.0,224.0
1774755413000,2.0,2.0,2.0,2.0,3.0,492.0,523.0,545.0,524.0,97.25,98.39,98.27,97.09,26.04,25.95,25.99,26.12,74.0,106.0,160.0,208.0,344.0
1774755714000,1.0,2.0,2.0,2.0,3.0,498.0,525.0,565.0,491.0,96.95,98.15,97.97,97.11,26.05,25.96,26.0,26.12,63.0,108.0,148.0,200.0,242.0
1774756014000,2.0,2.0,2.0,2.0,2.0,535.0,550.0,516.0,525.0,96.83,98.11,97.78,97.03,26.06,25.96,25.99,26.11,69.0,120.0,152.0,178.0,225.0
1774756315000,2.0,2.0,2.0,3.0,3.0,490.0,490.0,541.0,497.0,96.89,98.88,98.19,97.95,26.04,25.93,25.97,26.07,110.0,194.0,195.0,289.0,316.0
1774756616000,2.0,2.0,2.0,2.0,2.0,505.0,511.0,533.0,505.0,97.3,98.72,98.33,97.2,26.04,25.91,25.93,26.04,127.0,161.0,182.0,166.0,201.0
1774756916000,2.0,2.0,2.0,2.0,2.0,527.0,522.0,535.0,536.0,97.21,98.64,97.47,96.16,26.02,25.9,25.92,26.01,90.0,147.0,131.0,96.0,150.0
1774757217000,2.0,2.0,2.0,2.0,2.0,512.0,507.0,552.0,515.0,96.84,98.25,97.7,96.38,26.01,25.88,25.92,26.0,99.0,128.0,155.0,156.0,170.0
1774757517000,2.0,2.0,2.0,2.0,2.0,512.0,497.0,539.0,509.0,96.73,98.28,97.8,96.57,26.01,25.89,25.89,25.98,94.0,120.0,134.0,139.0,195.0
1774757818000,2.0,2.0,2.0,2.0,2.0,479.0,530.0,505.0,525.0,97.55,98.6,97.74,96.64,26.03,25.9,25.91,25.99,86.0,112.0,107.0,124.0,171.0
1774758118000,2.0,2.0,2.0,2.0,3.0,510.0,519.0,552.0,523.0,97.05,98.2,98.05,96.56,26.1,25.96,25.99,26.06,76.0,118.0,192.0,169.0,255.0
1774758419000,2.0,2.0,2.0,2.0,2.0,514.0,522.0,534.0,517.0,98.42,98.46,98.21,97.18,26.23,26.12,26.13,26.24,87.0,102.0,115.0,124.0,160.0
1774758720000,2.0,2.0,2.0,2.0,2.0,524.0,493.0,501.0,563.0,98.16,98.53,97.94,96.22,26.41,26.32,26.33,26.44,94.0,116.0,126.0,109.0,149.0
1774759020000,2.0,2.0,2.0,2.0,2.0,520.0,532.0,545.0,516.0,97.49,98.1,97.49,96.24,26.62,26.55,26.54,26.66,80.0,112.0,130.0,180.0,154.0
1774759321000,2.0,2.0,2.0,2.0,3.0,504.0,507.0,514.0,525.0,97.0,97.71,96.87,95.62,26.82,26.76,26.75,26.89,100.0,127.0,148.0,177.0,262.0
1774759621000,2.0,2.0,2.0,2.0,3.0,489.0,486.0,583.0,511.0,96.92,97.28,96.67,95.36,27.0,26.94,26.94,27.08,126.0,131.0,157.0,184.0,261.0
1774759922000,2.0,2.0,2.0,2.0,2.0,502.0,527.0,545.0,499.0,95.79,96.67,95.88,94.64,27.17,27.13,27.14,27.28,88.0,142.0,151.0,167.0,190.0
1774760222000,2.0,2.0,2.0,2.0,2.0,478.0,533.0,501.0,539.0,95.25,95.91,95.45,93.81,27.38,27.34,27.35,27.5,96.0,126.0,164.0,175.0,197.0
1774760523000,2.0,2.0,2.0,2.0,2.0,482.0,521.0,556.0,536.0,95.03,95.6,95.17,93.83,27.58,27.55,27.56,27.72,114.0,141.0,173.0,197.0,216.0
1774760824000,2.0,2.0,2.0,2.0,3.0,482.0,506.0,542.0,506.0,93.72,94.34,93.99,93.01,27.79,27.76,27.77,27.93,86.0,115.0,159.0,198.0,272.0
1774761124000,2.0,2.0,2.0,2.0,3.0,509.0,475.0,541.0,502.0,92.96,93.51,92.69,91.82,28.01,27.98,27.98,28.14,102.0,112.0,123.0,171.0,264.0
1774761425000,2.0,2.0,2.0,2.0,2.0,509.0,505.0,533.0,508.0,91.6,92.64,91.93,90.77,28.19,28.16,28.18,28.33,76.0,123.0,145.0,166.0,212.0
1774761725000,2.0,2.0,2.0,2.0,2.0,500.0,511.0,550.0,511.0,90.88,91.27,90.81,89.65,28.35,28.31,28.35,28.49,101.0,112.0,149.0,168.0,214.0
1774762026000,2.0,2.0,2.0,3.0,2.0,499.0,532.0,539.0,515.0,90.08,90.89,90.6,89.47,28.48,28.43,28.45,28.61,91.0,139.0,163.0,236.0,207.0
1774762326000,2.0,2.0,2.0,2.0,2.0,498.0,555.0,534.0,503.0,89.88,90.85,90.27,88.83,28.58,28.52,28.57,28.72,127.0,170.0,159.0,175.0,215.0
1774762627000,2.0,2.0,2.0,3.0,3.0,507.0,508.0,506.0,521.0,89.65,91.07,90.69,89.28,28.7,28.63,28.68,28.83,119.0,172.0,207.0,254.0,263.0
1774762928000,2.0,2.0,3.0,3.0,3.0,493.0,547.0,558.0,518.0,89.27,90.56,90.68,89.27,28.78,28.72,28.77,28.91,123.0,181.0,235.0,250.0,278.0
1774763228000,2.0,2.0,2.0,2.0,3.0,478.0,487.0,544.0,531.0,89.2,90.51,90.19,88.78,28.83,28.75,28.81,28.96,134.0,172.0,168.0,199.0,267.0
1774763529000,2.0,2.0,2.0,2.0,3.0,495.0,532.0,522.0,486.0,88.93,90.19,89.72,88.48,28.85,28.78,28.84,28.97,128.0,163.0,180.0,205.0,302.0
1774763829000,2.0,2.0,3.0,3.0,2.0,500.0,494.0,505.0,525.0,89.68,90.7,90.12,88.45,28.85,28.76,28.82,28.95,190.0,207.0,236.0,238.0,175.0
1774764130000,2.0,2.0,2.0,2.0,3.0,487.0,469.0,522.0,522.0,89.45,90.29,89.61,88.21,28.8,28.69,28.78,28.88,131.0,161.0,167.0,180.0,235.0
1774764430000,2.0,2.0,2.0,2.0,3.0,469.0,462.0,524.0,490.0,89.15,90.78,89.87,88.52,28.73,28.62,28.71,28.79,89.0,144.0,149.0,176.0,259.0
1774764731000,2.0,2.0,2.0,2.0,3.0,503.0,495.0,529.0,477.0,89.46,90.82,89.72,88.93,28.69,28.6,28.67,28.75,89.0,112.0,112.0,204.0,241.0
1774765032000,2.0,2.0,2.0,3.0,3.0,476.0,481.0,512.0,494.0,90.05,91.05,90.21,89.29,28.69,28.57,28.64,28.73,162.0,177.0,215.0,243.0,297.0
1774765332000,2.0,2.0,2.0,2.0,3.0,494.0,502.0,516.0,487.0,89.86,91.07,90.4,88.96,28.65,28.54,28.61,28.67,135.0,189.0,203.0,195.0,263.0
1774765633000,2.0,2.0,2.0,2.0,2.0,482.0,480.0,501.0,537.0,89.84,91.31,89.63,88.45,28.62,28.5,28.55,28.62,113.0,165.0,143.0,129.0,170.0
1774765933000,2.0,2.0,2.0,2.0,3.0,487.0,505.0,496.0,502.0,89.51,91.03,89.4,88.67,28.58,28.47,28.53,28.61,89.0,149.0,114.0,171.0,257.0
1774766234000,2.0,2.0,2.0,2.0,2.0,492.0,503.0,526.0,498.0,89.61,91.26,89.72,88.74,28.57,28.48,28.54,28.61,94.0,150.0,153.0,168.0,154.0
1774766534000,1.0,2.0,2.0,2.0,3.0,481.0,495.0,521.0,519.0,88.78,90.52,89.34,88.7,28.59,28.49,28.57,28.65,60.0,106.0,135.0,219.0,300.0
1774766835000,2.0,2.0,2.0,2.0,2.0,528.0,490.0,522.0,489.0,89.03,90.13,89.72,87.63,28.61,28.51,28.6,28.68,131.0,140.0,208.0,138.0,162.0
1774767136000,2.0,2.0,2.0,2.0,2.0,464.0,484.0,534.0,518.0,89.2,90.03,89.19,88.34,28.62,28.54,28.62,28.7,108.0,133.0,140.0,225.0,215.0
1774767436000,2.0,2.0,2.0,3.0,3.0,496.0,496.0,514.0,478.0,88.53,89.82,88.86,89.02,28.65,28.57,28.66,28.75,91.0,162.0,162.0,327.0,312.0
1774767737000,2.0,2.0,2.0,2.0,3.0,505.0,498.0,488.0,515.0,88.78,89.69,88.45,87.8,28.68,28.6,28.68,28.79,134.0,141.0,144.0,140.0,282.0
1774768037000,2.0,2.0,2.0,2.0,3.0,529.0,507.0,548.0,485.0,88.55,89.56,88.42,87.42,28.7,28.64,28.72,28.82,109.0,144.0,158.0,149.0,232.0
1774768338000,2.0,2.0,2.0,3.0,3.0,526.0,486.0,537.0,494.0,88.16,89.14,88.27,89.03,28.73,28.66,28.75,28.85,106.0,139.0,190.0,403.0,232.0
1774768638000,2.0,2.0,2.0,2.0,3.0,498.0,505.0,515.0,502.0,88.09,89.59,88.27,87.57,28.75,28.68,28.77,28.88,119.0,183.0,183.0,128.0,252.0
1774768939000,2.0,2.0,2.0,2.0,3.0,475.0,497.0,506.0,501.0,87.56,88.49,87.65,86.73,28.76,28.69,28.79,28.87,79.0,107.0,134.0,131.0,245.0
1774769240000,2.0,2.0,2.0,2.0,2.0,476.0,498.0,475.0,499.0,87.06,88.04,87.12,86.26,28.77,28.72,28.82,28.91,77.0,102.0,117.0,136.0,184.0
1774769540000,2.0,2.0,2.0,2.0,2.0,465.0,503.0,501.0,476.0,87.36,87.99,86.98,86.35,28.77,28.73,28.82,28.91,101.0,139.0,131.0,169.0,197.0
1774769841000,2.0,2.0,3.0,3.0,3.0,480.0,477.0,535.0,519.0,87.07,88.4,88.33,87.32,28.74,28.68,28.79,28.88,103.0,152.0,266.0,304.0,286.0
1774770141000,2.0,2.0,2.0,2.0,3.0,498.0,515.0,521.0,515.0,87.16,88.7,87.57,87.07,28.67,28.59,28.71,28.8,113.0,164.0,156.0,185.0,237.0
1774770442000,2.0,3.0,3.0,3.0,3.0,515.0,509.0,494.0,471.0,87.65,89.69,88.9,89.51,28.57,28.49,28.6,28.69,138.0,234.0,232.0,402.0,358.0
1774770742000,2.0,2.0,2.0,3.0,2.0,510.0,481.0,509.0,499.0,88.3,89.88,89.08,89.43,28.46,28.34,28.47,28.55,147.0,181.0,192.0,221.0,218.0
1774771043000,2.0,2.0,2.0,2.0,3.0,515.0,469.0,499.0,482.0,88.53,90.08,89.79,89.47,28.31,28.19,28.31,28.38,125.0,174.0,196.0,200.0,339.0
1774771344000,2.0,2.0,2.0,3.0,3.0,483.0,501.0,521.0,462.0,88.92,91.16,90.12,90.72,28.15,28.03,28.16,28.23,130.0,210.0,181.0,296.0,285.0
1774771644000,2.0,2.0,2.0,2.0,3.0,502.0,477.0,531.0,481.0,89.39,91.68,91.06,90.54,28.0,27.87,27.99,28.05,142.0,185.0,212.0,207.0,231.0
1774771945000,2.0,2.0,2.0,2.0,2.0,509.0,497.0,551.0,522.0,89.74,91.94,91.32,91.18,27.83,27.7,27.82,27.87,128.0,156.0,174.0,219.0,202.0
1774772245000,2.0,2.0,2.0,2.0,3.0,514.0,480.0,506.0,505.0,90.61,92.44,91.91,91.64,27.68,27.54,27.64,27.68,139.0,162.0,182.0,190.0,260.0
1774772546000,2.0,2.0,2.0,2.0,3.0,487.0,531.0,517.0,482.0,90.76,93.17,92.45,91.65,27.52,27.38,27.49,27.53,113.0,185.0,178.0,165.0,232.0
1774772846000,2.0,2.0,2.0,2.0,3.0,479.0,497.0,501.0,535.0,91.52,93.24,92.5,91.77,27.4,27.24,27.33,27.36,126.0,141.0,142.0,155.0,230.0
1774773147000,2.0,2.0,2.0,2.0,2.0,500.0,473.0,475.0,512.0,91.47,93.3,92.82,92.55,27.27,27.11,27.19,27.23,90.0,118.0,142.0,191.0,216.0
1774773448000,2.0,2.0,2.0,2.0,2.0,501.0,443.0,526.0,509.0,92.79,94.63,92.53,91.83,27.13,26.96,27.04,27.08,136.0,169.0,129.0,113.0,152.0
1774773748000,2.0,2.0,2.0,2.0,2.0,479.0,526.0,553.0,541.0,92.25,93.98,92.64,91.15,26.99,26.82,26.9,26.94,71.0,100.0,119.0,84.0,86.0
1774774049000,1.0,2.0,2.0,2.0,2.0,500.0,523.0,533.0,501.0,91.8,93.96,92.17,92.31,26.87,26.7,26.77,26.83,58.0,102.0,80.0,162.0,91.0
1774774349000,2.0,2.0,2.0,2.0,2.0,499.0,497.0,536.0,525.0,92.65,94.69,92.94,92.12,26.76,26.58,26.65,26.71,104.0,129.0,109.0,108.0,159.0
1774774650000,2.0,2.0,2.0,2.0,2.0,517.0,516.0,527.0,528.0,93.0,95.0,93.89,93.03,26.67,26.49,26.53,26.61,86.0,117.0,134.0,152.0,161.0
1774774950000,2.0,2.0,2.0,2.0,3.0,478.0,515.0,521.0,465.0,93.56,95.46,95.2,94.55,26.57,26.41,26.46,26.52,76.0,107.0,177.0,218.0,265.0
1774775251000,2.0,2.0,2.0,2.0,2.0,475.0,532.0,542.0,509.0,94.39,96.22,95.67,95.57,26.49,26.31,26.35,26.44,99.0,132.0,147.0,217.0,221.0
1774775552000,2.0,2.0,2.0,2.0,3.0,486.0,485.0,531.0,507.0,94.84,96.58,96.23,95.86,26.41,26.23,26.28,26.35,94.0,126.0,155.0,163.0,246.0
1774775852000,2.0,2.0,2.0,2.0,2.0,508.0,496.0,547.0,524.0,95.75,97.71,96.71,95.96,26.34,26.17,26.21,26.28,108.0,141.0,141.0,130.0,163.0
1774776153000,2.0,2.0,2.0,2.0,2.0,469.0,523.0,533.0,498.0,96.46,97.99,97.11,96.42,26.28,26.11,26.14,26.22,88.0,93.0,100.0,86.0,84.0
1774776453000,1.0,2.0,2.0,2.0,2.0,504.0,525.0,531.0,525.0,96.81,98.68,97.34,96.65,26.23,26.07,26.1,26.15,59.0,102.0,98.0,70.0,99.0
1774776754000,2.0,2.0,2.0,2.0,2.0,512.0,510.0,532.0,490.0,97.0,98.53,97.61,96.85,26.18,26.0,26.04,26.09,76.0,107.0,125.0,115.0,127.0
1774777054000,2.0,2.0,2.0,2.0,2.0,487.0,509.0,494.0,501.0,97.26,98.68,97.96,97.52,26.13,25.95,26.0,26.03,85.0,108.0,112.0,182.0,161.0
1774777355000,2.0,2.0,2.0,2.0,2.0,513.0,515.0,537.0,485.0,97.66,99.1,98.05,97.64,26.08,25.92,25.95,25.99,74.0,109.0,105.0,121.0,125.0
1774777655000,2.0,2.0,2.0,2.0,2.0,489.0,476.0,511.0,514.0,97.94,99.2,98.56,98.2,26.03,25.88,25.9,25.95,84.0,99.0,135.0,157.0,217.0
1774777956000,2.0,2.0,2.0,2.0,2.0,506.0,519.0,512.0,503.0,98.3,99.56,98.04,98.12,26.0,25.83,25.85,25.9,88.0,111.0,97.0,138.0,194.0
1774778257000,2.0,2.0,2.0,2.0,2.0,522.0,467.0,526.0,523.0,98.57,99.31,98.24,98.3,25.97,25.79,25.8,25.88,100.0,105.0,123.0,155.0,184.0
1774778557000,2.0,2.0,2.0,2.0,2.0,486.0,483.0,516.0,530.0,98.57,99.44,98.64,98.38,25.93,25.78,25.8,25.85,90.0,110.0,145.0,157.0,206.0
1774778858000,2.0,2.0,2.0,2.0,3.0,535.0,512.0,453.0,493.0,98.24,99.48,99.02,98.95,25.91,25.76,25.77,25.85,74.0,105.0,144.0,213.0,226.0
1774779158000,2.0,2.0,2.0,2.0,2.0,494.0,482.0,483.0,515.0,99.02,100.0,99.37,98.72,25.91,25.74,25.76,25.83,121.0,155.0,157.0,152.0,162.0
1774779459000,1.0,1.0,2.0,2.0,2.0,481.0,501.0,450.0,513.0,98.31,98.86,98.4,97.68,25.87,25.7,25.73,25.79,60.0,63.0,90.0,85.0,111.0
1774779759000,1.0,2.0,2.0,2.0,2.0,467.0,533.0,472.0,519.0,98.08,98.93,98.3,97.82,25.85,25.68,25.7,25.76,62.0,90.0,103.0,114.0,125.0
1774780060000,1.0,2.0,2.0,2.0,2.0,460.0,505.0,463.0,492.0,97.7,98.83,98.28,98.13,25.8,25.64,25.66,25.74,58.0,85.0,116.0,137.0,168.0
1774780361000,2.0,2.0,2.0,2.0,2.0,509.0,520.0,473.0,497.0,97.59,98.53,98.17,98.05,25.76,25.6,25.64,25.69,69.0,98.0,123.0,156.0,174.0
1774780661000,2.0,2.0,2.0,2.0,2.0,524.0,521.0,447.0,502.0,96.97,98.03,97.48,97.53,25.72,25.56,25.6,25.66,72.0,85.0,101.0,133.0,175.0
1774780962000,2.0,2.0,2.0,2.0,2.0,480.0,514.0,472.0,507.0,97.26,98.34,98.21,97.78,25.67,25.51,25.55,25.61,71.0,95.0,135.0,158.0,193.0
1774781262000,2.0,2.0,2.0,2.0,2.0,516.0,487.0,498.0,504.0,98.05,99.47,98.97,98.26,25.63,25.48,25.51,25.58,90.0,131.0,154.0,151.0,183.0
1774781563000,2.0,2.0,2.0,2.0,2.0,501.0,502.0,478.0,517.0,98.68,99.29,98.74,97.79,25.58,25.43,25.46,25.54,99.0,99.0,123.0,119.0,147.0
1774781863000,2.0,2.0,2.0,2.0,2.0,491.0,483.0,454.0,507.0,98.2,99.45,98.85,97.98,25.54,25.39,25.41,25.48,81.0,119.0,141.0,143.0,201.0
1774782164000,2.0,2.0,2.0,2.0,2.0,502.0,497.0,481.0,508.0,98.72,99.9,99.05,98.07,25.5,25.34,25.36,25.42,88.0,119.0,130.0,134.0,132.0
1774782465000,2.0,2.0,2.0,2.0,2.0,486.0,530.0,488.0,511.0,98.38,99.66,98.63,98.05,25.44,25.29,25.32,25.38,85.0,115.0,126.0,146.0,162.0
1774782765000,2.0,2.0,2.0,2.0,2.0,475.0,505.0,486.0,495.0,98.68,99.92,99.18,98.34,25.4,25.25,25.27,25.33,81.0,98.0,112.0,134.0,146.0
1774783066000,2.0,2.0,2.0,2.0,2.0,508.0,523.0,472.0,529.0,99.21,99.97,99.56,98.31,25.38,25.22,25.24,25.28,96.0,108.0,126.0,110.0,159.0
1774783366000,2.0,2.0,2.0,2.0,2.0,520.0,487.0,485.0,539.0,99.09,100.0,99.76,98.75,25.34,25.17,25.18,25.25,78.0,112.0,133.0,136.0,168.0
1774783667000,2.0,2.0,2.0,2.0,2.0,524.0,486.0,462.0,537.0,99.02,99.9,99.36,98.62,25.31,25.14,25.14,25.21,71.0,93.0,118.0,138.0,149.0
1774783967000,2.0,2.0,2.0,2.0,2.0,506.0,496.0,511.0,498.0,99.16,99.93,99.7,98.98,25.27,25.1,25.12,25.16,80.0,94.0,119.0,144.0,184.0
1774784268000,2.0,2.0,2.0,2.0,2.0,516.0,540.0,508.0,529.0,99.79,99.97,99.81,98.46,25.23,25.07,25.08,25.12,96.0,92.0,118.0,69.0,118.0
1774784569000,1.0,2.0,2.0,2.0,2.0,532.0,527.0,510.0,553.0,99.69,99.98,99.82,98.9,25.18,25.05,25.03,25.09,61.0,76.0,102.0,92.0,142.0
1774784869000,2.0,2.0,2.0,2.0,2.0,513.0,518.0,488.0,538.0,99.91,100.0,100.0,98.89,25.16,25.01,25.01,25.07,79.0,110.0,134.0,102.0,157.0
1774785170000,2.0,2.0,2.0,2.0,2.0,534.0,497.0,491.0,499.0,99.92,100.0,100.0,99.34,25.13,24.98,25.0,25.02,92.0,118.0,121.0,119.0,176.0
1774785470000,1.0,2.0,2.0,2.0,2.0,495.0,526.0,495.0,527.0,99.7,100.0,100.0,99.75,25.09,24.95,24.94,25.01,64.0,88.0,130.0,130.0,181.0
1774785771000,1.0,2.0,2.0,2.0,2.0,545.0,498.0,467.0,515.0,99.63,100.0,100.0,99.83,25.08,24.92,24.94,25.0,63.0,82.0,128.0,114.0,184.0
1774786071000,1.0,2.0,2.0,2.0,2.0,545.0,518.0,483.0,530.0,99.73,100.0,100.0,99.92,25.05,24.91,24.92,24.98,66.0,85.0,126.0,116.0,185.0
1774786372000,1.0,2.0,2.0,2.0,2.0,525.0,508.0,483.0,533.0,99.87,100.0,100.0,99.98,25.02,24.89,24.91,24.96,63.0,94.0,120.0,117.0,183.0
1774786673000,2.0,2.0,2.0,2.0,2.0,497.0,533.0,486.0,500.0,99.87,100.0,100.0,99.95,24.99,24.86,24.87,24.94,70.0,93.0,114.0,110.0,166.0
1774786973000,1.0,2.0,2.0,2.0,2.0,504.0,532.0,477.0,529.0,99.79,100.0,100.0,99.91,24.97,24.83,24.85,24.92,65.0,92.0,120.0,114.0,173.0
1774787274000,2.0,2.0,2.0,2.0,2.0,527.0,521.0,466.0,518.0,99.87,100.0,100.0,99.96,24.94,24.81,24.82,24.9,77.0,103.0,111.0,123.0,171.0
1774787574000,1.0,2.0,2.0,2.0,2.0,515.0,576.0,527.0,546.0,99.91,100.0,100.0,99.65,24.92,24.77,24.8,24.87,68.0,88.0,121.0,75.0,137.0
1774787875000,1.0,2.0,2.0,2.0,2.0,535.0,506.0,484.0,542.0,99.85,100.0,100.0,99.87,24.89,24.76,24.77,24.84,59.0,92.0,121.0,109.0,149.0
1774788175000,2.0,2.0,2.0,2.0,2.0,506.0,497.0,500.0,553.0,99.81,100.0,100.0,99.89,24.86,24.73,24.76,24.82,70.0,93.0,126.0,93.0,147.0
1774788476000,2.0,2.0,2.0,2.0,2.0,515.0,530.0,481.0,518.0,99.92,100.0,100.0,100.0,24.85,24.7,24.73,24.79,71.0,95.0,124.0,109.0,165.0
1774788777000,2.0,2.0,2.0,2.0,2.0,527.0,506.0,491.0,538.0,100.0,100.0,100.0,100.0,24.83,24.69,24.71,24.78,80.0,105.0,140.0,134.0,193.0
1774789077000,2.0,2.0,2.0,2.0,2.0,527.0,532.0,493.0,547.0,100.0,100.0,100.0,100.0,24.83,24.68,24.7,24.76,94.0,118.0,147.0,124.0,182.0
1774789378000,2.0,2.0,2.0,2.0,2.0,511.0,499.0,490.0,500.0,100.0,100.0,100.0,100.0,24.82,24.68,24.68,24.75,80.0,98.0,129.0,101.0,121.0
1774789678000,2.0,2.0,2.0,2.0,2.0,508.0,541.0,484.0,542.0,100.0,100.0,100.0,100.0,24.81,24.66,24.68,24.74,90.0,100.0,132.0,117.0,161.0
1774789979000,2.0,2.0,2.0,2.0,2.0,520.0,518.0,471.0,533.0,100.0,100.0,100.0,100.0,24.81,24.66,24.67,24.73,97.0,107.0,122.0,120.0,174.0
1774790279000,2.0,2.0,2.0,2.0,2.0,503.0,513.0,536.0,518.0,100.0,100.0,100.0,100.0,24.8,24.66,24.66,24.72,74.0,97.0,142.0,131.0,172.0
1774790580000,2.0,2.0,2.0,2.0,2.0,504.0,546.0,516.0,527.0,100.0,100.0,100.0,100.0,24.78,24.65,24.65,24.72,71.0,92.0,124.0,110.0,186.0
1774790881000,2.0,2.0,2.0,2.0,2.0,520.0,508.0,483.0,554.0,100.0,100.0,100.0,100.0,24.79,24.62,24.65,24.71,78.0,110.0,135.0,128.0,206.0
1774791181000,2.0,2.0,2.0,2.0,2.0,528.0,521.0,472.0,518.0,100.0,100.0,100.0,100.0,24.78,24.64,24.63,24.7,98.0,115.0,142.0,119.0,156.0
1774791482000,2.0,2.0,2.0,2.0,2.0,514.0,505.0,529.0,533.0,100.0,100.0,100.0,100.0,24.79,24.63,24.63,24.7,95.0,106.0,125.0,84.0,130.0
1774791782000,2.0,2.0,2.0,2.0,2.0,532.0,521.0,477.0,528.0,100.0,100.0,100.0,100.0,24.77,24.63,24.64,24.68,94.0,113.0,141.0,126.0,173.0
1774792083000,2.0,2.0,2.0,2.0,2.0,512.0,528.0,528.0,524.0,100.0,100.0,100.0,100.0,24.76,24.62,24.6,24.68,74.0,95.0,89.0,104.0,159.0
1774792383000,2.0,2.0,2.0,2.0,2.0,542.0,539.0,500.0,506.0,100.0,100.0,100.0,100.0,24.75,24.6,24.6,24.65,86.0,96.0,134.0,114.0,175.0
1774792684000,2.0,2.0,2.0,2.0,2.0,507.0,527.0,499.0,567.0,100.0,100.0,100.0,100.0,24.75,24.6,24.59,24.65,73.0,103.0,136.0,120.0,190.0
1774792985000,1.0,2.0,2.0,2.0,2.0,529.0,539.0,472.0,500.0,100.0,100.0,100.0,100.0,24.73,24.57,24.56,24.63,61.0,92.0,108.0,90.0,147.0
1774793285000,2.0,2.0,2.0,2.0,2.0,539.0,526.0,537.0,517.0,100.0,100.0,100.0,100.0,24.72,24.55,24.57,24.61,68.0,86.0,122.0,90.0,158.0
1774793586000,2.0,2.0,2.0,2.0,2.0,555.0,540.0,466.0,515.0,100.0,100.0,100.0,100.0,24.7,24.54,24.55,24.6,67.0,93.0,129.0,122.0,178.0
1774793886000,2.0,2.0,2.0,2.0,2.0,528.0,515.0,502.0,517.0,100.0,100.0,100.0,100.0,24.67,24.51,24.53,24.59,70.0,96.0,126.0,100.0,166.0
1774794187000,1.0,2.0,2.0,2.0,2.0,525.0,514.0,488.0,533.0,100.0,100.0,100.0,100.0,24.66,24.49,24.51,24.57,65.0,99.0,122.0,109.0,152.0
1774794487000,2.0,2.0,2.0,2.0,2.0,518.0,526.0,491.0,537.0,100.0,100.0,100.0,100.0,24.62,24.47,24.49,24.55,71.0,99.0,128.0,123.0,175.0
1774794788000,2.0,2.0,2.0,2.0,2.0,521.0,535.0,505.0,492.0,100.0,100.0,100.0,100.0,24.6,24.45,24.49,24.53,79.0,117.0,138.0,109.0,127.0
1774795089000,2.0,2.0,2.0,2.0,2.0,519.0,501.0,521.0,542.0,100.0,100.0,100.0,100.0,24.6,24.43,24.47,24.51,84.0,97.0,123.0,98.0,149.0
1774795389000,2.0,2.0,2.0,2.0,2.0,497.0,559.0,484.0,504.0,100.0,100.0,100.0,100.0,24.58,24.43,24.45,24.5,81.0,93.0,112.0,98.0,151.0
1774795690000,1.0,2.0,2.0,2.0,2.0,490.0,554.0,502.0,529.0,100.0,100.0,100.0,100.0,24.55,24.41,24.44,24.47,67.0,90.0,126.0,113.0,170.0
1774795990000,2.0,2.0,2.0,2.0,2.0,509.0,525.0,482.0,520.0,100.0,100.0,100.0,100.0,24.54,24.4,24.41,24.47,70.0,102.0,131.0,109.0,151.0
1774796291000,2.0,2.0,2.0,2.0,2.0,522.0,487.0,450.0,532.0,100.0,100.0,100.0,100.0,24.53,24.39,24.4,24.46,79.0,114.0,140.0,120.0,155.0
1774796591000,2.0,2.0,2.0,2.0,2.0,508.0,503.0,470.0,547.0,100.0,100.0,100.0,100.0,24.52,24.38,24.4,24.45,84.0,106.0,137.0,122.0,155.0
1774796892000,2.0,2.0,2.0,2.0,2.0,518.0,506.0,498.0,535.0,100.0,100.0,100.0,100.0,24.5,24.36,24.38,24.43,71.0,91.0,129.0,113.0,170.0
1774797193000,2.0,2.0,2.0,2.0,2.0,531.0,550.0,473.0,546.0,100.0,100.0,100.0,100.0,24.5,24.36,24.36,24.42,74.0,99.0,102.0,98.0,158.0
1774797493000,2.0,2.0,2.0,2.0,2.0,513.0,489.0,469.0,519.0,100.0,100.0,100.0,100.0,24.48,24.34,24.35,24.39,85.0,103.0,120.0,110.0,168.0
1774797794000,2.0,2.0,2.0,2.0,2.0,491.0,518.0,510.0,512.0,100.0,100.0,100.0,100.0,24.47,24.31,24.35,24.39,76.0,85.0,111.0,95.0,160.0
1774798094000,2.0,2.0,2.0,2.0,2.0,507.0,515.0,482.0,524.0,100.0,100.0,100.0,100.0,24.45,24.31,24.33,24.37,77.0,95.0,139.0,124.0,174.0
1774798395000,2.0,2.0,2.0,2.0,2.0,512.0,552.0,503.0,514.0,100.0,100.0,100.0,100.0,24.46,24.29,24.3,24.34,86.0,81.0,113.0,76.0,127.0
1774798695000,1.0,2.0,2.0,2.0,2.0,551.0,522.0,517.0,535.0,100.0,100.0,100.0,100.0,24.43,24.26,24.28,24.33,61.0,75.0,105.0,84.0,109.0
1774798996000,1.0,2.0,2.0,2.0,2.0,546.0,568.0,541.0,537.0,100.0,100.0,100.0,100.0,24.41,24.24,24.27,24.32,63.0,68.0,98.0,78.0,118.0
1774799297000,1.0,2.0,2.0,2.0,2.0,528.0,564.0,529.0,523.0,100.0,100.0,100.0,100.0,24.39,24.25,24.24,24.29,65.0,84.0,104.0,90.0,137.0
1774799597000,1.0,2.0,2.0,2.0,2.0,536.0,562.0,520.0,517.0,100.0,100.0,100.0,100.0,24.39,24.23,24.23,24.28,65.0,85.0,114.0,98.0,162.0
1774799898000,1.0,2.0,2.0,2.0,2.0,550.0,518.0,497.0,542.0,100.0,100.0,100.0,100.0,24.37,24.21,24.22,24.27,66.0,96.0,117.0,104.0,150.0
1774800198000,1.0,2.0,2.0,2.0,2.0,518.0,564.0,480.0,527.0,100.0,100.0,100.0,100.0,24.38,24.21,24.21,24.25,66.0,93.0,123.0,90.0,124.0
1774800499000,1.0,2.0,2.0,2.0,2.0,515.0,550.0,489.0,528.0,100.0,100.0,100.0,100.0,24.37,24.21,24.21,24.24,68.0,85.0,107.0,88.0,109.0
1774800799000,2.0,2.0,2.0,2.0,2.0,553.0,570.0,523.0,546.0,100.0,100.0,100.0,100.0,24.36,24.2,24.21,24.24,71.0,83.0,97.0,82.0,112.0
1774801100000,1.0,2.0,2.0,2.0,2.0,522.0,508.0,497.0,532.0,100.0,100.0,100.0,100.0,24.35,24.2,24.18,24.24,61.0,71.0,99.0,70.0,97.0
1774801400000,1.0,1.0,2.0,2.0,2.0,503.0,534.0,531.0,541.0,100.0,100.0,100.0,100.0,24.36,24.19,24.19,24.22,62.0,67.0,93.0,71.0,116.0
1774801701000,1.0,2.0,2.0,2.0,2.0,524.0,520.0,524.0,529.0,100.0,100.0,100.0,100.0,24.36,24.19,24.19,24.22,65.0,74.0,105.0,96.0,137.0
1774802002000,2.0,2.0,2.0,2.0,2.0,498.0,559.0,493.0,517.0,100.0,100.0,100.0,100.0,24.38,24.19,24.18,24.23,76.0,77.0,99.0,109.0,152.0
1774802302000,1.0,2.0,2.0,2.0,2.0,528.0,520.0,497.0,525.0,100.0,100.0,100.0,100.0,24.36,24.19,24.2,24.24,69.0,86.0,121.0,104.0,156.0
1774802603000,1.0,2.0,2.0,2.0,2.0,543.0,565.0,488.0,551.0,100.0,100.0,100.0,100.0,24.37,24.2,24.19,24.23,66.0,98.0,110.0,78.0,121.0
1774802903000,1.0,2.0,2.0,1.0,2.0,530.0,534.0,532.0,519.0,100.0,100.0,100.0,100.0,24.37,24.21,24.2,24.23,57.0,71.0,95.0,63.0,92.0
1774803204000,1.0,2.0,2.0,2.0,2.0,479.0,525.0,493.0,552.0,100.0,100.0,100.0,100.0,24.37,24.22,24.19,24.25,59.0,87.0,103.0,86.0,109.0
1774803504000,1.0,2.0,2.0,2.0,2.0,548.0,520.0,549.0,549.0,100.0,100.0,100.0,100.0,24.36,24.21,24.21,24.24,65.0,86.0,120.0,103.0,146.0
1774803805000,1.0,2.0,2.0,2.0,2.0,536.0,565.0,489.0,560.0,100.0,100.0,100.0,100.0,24.37,24.2,24.21,24.25,60.0,87.0,116.0,106.0,160.0
1774804106000,1.0,2.0,2.0,2.0,2.0,528.0,525.0,530.0,540.0,100.0,100.0,100.0,100.0,24.37,24.22,24.2,24.26,62.0,72.0,102.0,76.0,107.0
1774804406000,1.0,1.0,2.0,1.0,2.0,514.0,552.0,511.0,546.0,100.0,100.0,100.0,100.0,24.36,24.2,24.19,24.24,38.0,54.0,79.0,45.0,90.0
1774804707000,1.0,1.0,2.0,2.0,2.0,533.0,550.0,517.0,569.0,100.0,100.0,100.0,100.0,24.36,24.2,24.16,24.21,38.0,60.0,73.0,75.0,100.0
1774805007000,1.0,2.0,2.0,2.0,2.0,549.0,558.0,538.0,552.0,100.0,100.0,100.0,100.0,24.35,24.19,24.16,24.21,49.0,80.0,114.0,88.0,127.0
1774805308000,1.0,2.0,2.0,1.0,2.0,542.0,555.0,530.0,552.0,100.0,100.0,100.0,100.0,24.34,24.19,24.16,24.2,49.0,76.0,114.0,55.0,128.0
1774805608000,1.0,2.0,2.0,2.0,2.0,542.0,578.0,503.0,579.0,100.0,100.0,100.0,100.0,24.33,24.17,24.16,24.2,66.0,80.0,105.0,93.0,153.0
1774805909000,2.0,2.0,2.0,2.0,2.0,547.0,568.0,522.0,559.0,100.0,100.0,100.0,100.0,24.33,24.18,24.15,24.19,73.0,90.0,122.0,113.0,139.0
1774806210000,2.0,2.0,2.0,2.0,2.0,566.0,561.0,520.0,542.0,100.0,100.0,100.0,100.0,24.33,24.17,24.15,24.18,73.0,96.0,146.0,109.0,150.0
1774806510000,1.0,2.0,2.0,2.0,2.0,547.0,563.0,531.0,574.0,100.0,100.0,100.0,100.0,24.31,24.16,24.15,24.18,52.0,92.0,129.0,113.0,162.0
1774806811000,2.0,2.0,2.0,2.0,2.0,551.0,535.0,482.0,549.0,100.0,100.0,100.0,100.0,24.29,24.16,24.13,24.19,70.0,89.0,116.0,118.0,157.0
1774807111000,1.0,2.0,2.0,2.0,2.0,562.0,553.0,541.0,587.0,100.0,100.0,100.0,100.0,24.28,24.15,24.14,24.19,51.0,78.0,102.0,93.0,145.0
1774807412000,1.0,2.0,2.0,2.0,2.0,555.0,576.0,540.0,585.0,100.0,100.0,100.0,100.0,24.27,24.13,24.11,24.19,56.0,94.0,114.0,104.0,162.0
1774807712000,2.0,2.0,2.0,2.0,2.0,532.0,574.0,480.0,548.0,100.0,100.0,100.0,100.0,24.26,24.12,24.12,24.18,68.0,96.0,127.0,118.0,139.0
1774808013000,2.0,2.0,2.0,2.0,2.0,556.0,552.0,494.0,552.0,100.0,100.0,100.0,100.0,24.26,24.13,24.11,24.19,71.0,100.0,126.0,110.0,164.0
1774808314000,2.0,2.0,2.0,2.0,2.0,588.0,557.0,533.0,528.0,100.0,100.0,100.0,100.0,24.25,24.13,24.13,24.18,78.0,101.0,140.0,111.0,161.0
1774808614000,1.0,2.0,2.0,2.0,2.0,543.0,559.0,505.0,573.0,100.0,100.0,100.0,100.0,24.26,24.12,24.11,24.19,59.0,97.0,117.0,109.0,129.0
1774808915000,1.0,2.0,2.0,2.0,2.0,549.0,567.0,532.0,565.0,100.0,100.0,100.0,100.0,24.25,24.11,24.13,24.19,54.0,81.0,99.0,84.0,130.0
1774809215000,1.0,2.0,2.0,2.0,2.0,560.0,574.0,512.0,545.0,100.0,100.0,100.0,100.0,24.25,24.12,24.11,24.17,57.0,92.0,120.0,107.0,159.0
1774809516000,2.0,2.0,2.0,2.0,2.0,546.0,561.0,522.0,577.0,100.0,100.0,100.0,100.0,24.24,24.1,24.11,24.17,71.0,97.0,115.0,115.0,162.0
1774809816000,1.0,2.0,2.0,2.0,2.0,586.0,542.0,516.0,540.0,100.0,100.0,100.0,100.0,24.23,24.11,24.1,24.17,58.0,91.0,121.0,107.0,156.0
1774810117000,2.0,2.0,2.0,2.0,2.0,545.0,560.0,546.0,569.0,100.0,100.0,100.0,100.0,24.23,24.1,24.11,24.18,73.0,97.0,128.0,112.0,185.0
1774810418000,1.0,2.0,2.0,2.0,2.0,534.0,574.0,506.0,552.0,100.0,100.0,100.0,100.0,24.23,24.11,24.11,24.18,61.0,85.0,103.0,105.0,148.0
1774810718000,1.0,1.0,2.0,2.0,2.0,546.0,568.0,529.0,543.0,100.0,100.0,100.0,100.0,24.23,24.1,24.09,24.2,40.0,64.0,98.0,82.0,141.0
1774811019000,1.0,1.0,2.0,2.0,2.0,545.0,543.0,543.0,556.0,100.0,100.0,100.0,100.0,24.21,24.08,24.08,24.16,34.0,63.0,90.0,82.0,135.0
1774811319000,1.0,2.0,2.0,2.0,2.0,549.0,580.0,521.0,550.0,100.0,100.0,100.0,100.0,24.19,24.08,24.06,24.17,57.0,76.0,116.0,104.0,165.0
1774811620000,1.0,2.0,2.0,2.0,2.0,562.0,581.0,521.0,563.0,100.0,100.0,100.0,100.0,24.19,24.06,24.07,24.16,56.0,88.0,120.0,106.0,163.0
1774811920000,1.0,2.0,2.0,2.0,2.0,529.0,563.0,511.0,558.0,100.0,100.0,100.0,100.0,24.17,24.05,24.06,24.13,56.0,84.0,116.0,99.0,148.0
1774812221000,1.0,2.0,2.0,2.0,2.0,534.0,535.0,518.0,577.0,100.0,100.0,100.0,100.0,24.16,24.03,24.02,24.11,56.0,77.0,87.0,72.0,123.0
1774812522000,1.0,2.0,2.0,2.0,2.0,518.0,559.0,542.0,538.0,100.0,100.0,100.0,100.0,24.15,24.01,24.01,24.09,54.0,76.0,115.0,102.0,145.0
1774812822000,1.0,2.0,2.0,2.0,2.0,549.0,554.0,502.0,550.0,100.0,100.0,100.0,100.0,24.13,24.0,24.0,24.07,63.0,92.0,123.0,106.0,166.0
1774813123000,2.0,2.0,2.0,2.0,2.0,538.0,579.0,526.0,552.0,100.0,100.0,100.0,100.0,24.12,23.99,23.98,24.06,81.0,107.0,131.0,118.0,148.0
1774813423000,2.0,2.0,2.0,2.0,2.0,542.0,540.0,536.0,584.0,100.0,100.0,100.0,100.0,24.11,23.96,23.96,24.05,73.0,91.0,127.0,106.0,149.0
1774813724000,1.0,2.0,2.0,2.0,2.0,526.0,545.0,508.0,539.0,100.0,100.0,100.0,100.0,24.1,23.96,23.96,24.02,68.0,90.0,113.0,98.0,159.0
1774814024000,2.0,2.0,2.0,2.0,2.0,540.0,550.0,510.0,582.0,100.0,100.0,100.0,100.0,24.08,23.93,23.94,23.99,80.0,85.0,112.0,88.0,110.0
1774814325000,1.0,2.0,2.0,2.0,2.0,523.0,572.0,509.0,542.0,100.0,100.0,100.0,100.0,24.06,23.93,23.9,23.99,62.0,77.0,102.0,80.0,115.0
1774814626000,2.0,2.0,2.0,1.0,2.0,533.0,567.0,502.0,536.0,100.0,100.0,100.0,100.0,24.05,23.91,23.91,23.97,69.0,73.0,99.0,55.0,100.0
1774814926000,1.0,1.0,2.0,1.0,2.0,588.0,566.0,559.0,580.0,100.0,100.0,100.0,100.0,24.04,23.88,23.88,23.94,48.0,53.0,75.0,57.0,93.0
1774815227000,1.0,2.0,2.0,2.0,2.0,556.0,565.0,533.0,586.0,100.0,100.0,100.0,100.0,24.01,23.86,23.84,23.89,51.0,76.0,87.0,74.0,112.0
1774815527000,1.0,2.0,2.0,2.0,2.0,537.0,576.0,535.0,561.0,100.0,100.0,100.0,100.0,24.0,23.85,23.82,23.87,61.0,74.0,104.0,93.0,131.0
1774815828000,1.0,2.0,2.0,2.0,2.0,507.0,588.0,551.0,584.0,100.0,100.0,100.0,100.0,23.97,23.81,23.8,23.86,53.0,73.0,104.0,95.0,157.0
1774816128000,2.0,2.0,2.0,2.0,2.0,553.0,568.0,531.0,556.0,100.0,100.0,100.0,100.0,23.96,23.79,23.77,23.83,68.0,74.0,106.0,74.0,114.0
1774816429000,1.0,1.0,2.0,1.0,2.0,576.0,550.0,532.0,598.0,100.0,100.0,100.0,100.0,23.94,23.78,23.76,23.81,61.0,69.0,99.0,65.0,108.0
1774816729000,1.0,2.0,2.0,2.0,2.0,579.0,543.0,557.0,561.0,100.0,100.0,100.0,100.0,23.94,23.75,23.73,23.78,59.0,72.0,88.0,76.0,98.0
1774817030000,1.0,2.0,2.0,2.0,2.0,588.0,545.0,518.0,588.0,100.0,100.0,100.0,100.0,23.91,23.74,23.72,23.75,55.0,74.0,88.0,74.0,113.0
1774817331000,1.0,1.0,2.0,2.0,2.0,558.0,574.0,540.0,582.0,100.0,100.0,100.0,100.0,23.9,23.72,23.69,23.72,59.0,70.0,101.0,76.0,113.0
1774817631000,1.0,2.0,2.0,2.0,2.0,581.0,541.0,542.0,575.0,100.0,100.0,100.0,100.0,23.9,23.69,23.69,23.71,62.0,71.0,96.0,84.0,127.0
1774817932000,2.0,2.0,2.0,2.0,2.0,526.0,589.0,546.0,581.0,100.0,100.0,100.0,100.0,23.88,23.71,23.66,23.72,66.0,75.0,99.0,89.0,141.0
1774818232000,1.0,2.0,2.0,2.0,2.0,573.0,586.0,531.0,573.0,100.0,100.0,100.0,100.0,23.89,23.7,23.67,23.71,66.0,78.0,107.0,94.0,132.0
1774818533000,1.0,2.0,2.0,1.0,2.0,607.0,616.0,563.0,593.0,100.0,100.0,100.0,100.0,23.88,23.7,23.68,23.7,66.0,77.0,91.0,45.0,82.0
1774818833000,1.0,1.0,2.0,1.0,2.0,581.0,598.0,577.0,569.0,100.0,100.0,100.0,100.0,23.9,23.71,23.67,23.71,47.0,52.0,77.0,63.0,91.0
1774819134000,1.0,1.0,2.0,1.0,2.0,576.0,598.0,558.0,620.0,100.0,100.0,100.0,100.0,23.89,23.73,23.69,23.72,48.0,64.0,93.0,64.0,110.0
1774819435000,1.0,1.0,2.0,2.0,2.0,570.0,593.0,565.0,619.0,100.0,100.0,100.0,100.0,23.91,23.73,23.68,23.72,54.0,64.0,85.0,78.0,104.0
1774819735000,1.0,2.0,2.0,2.0,2.0,569.0,588.0,544.0,603.0,100.0,100.0,100.0,100.0,23.91,23.74,23.69,23.72,57.0,75.0,104.0,89.0,116.0
1774820036000,2.0,2.0,2.0,2.0,2.0,567.0,631.0,574.0,594.0,100.0,100.0,100.0,100.0,23.92,23.75,23.71,23.72,66.0,80.0,106.0,89.0,126.0
1774820336000,2.0,2.0,2.0,2.0,2.0,583.0,610.0,527.0,588.0,100.0,100.0,100.0,100.0,23.92,23.76,23.72,23.74,73.0,88.0,102.0,80.0,117.0
1774820637000,2.0,2.0,2.0,2.0,2.0,588.0,575.0,554.0,580.0,100.0,100.0,100.0,100.0,23.96,23.79,23.72,23.76,72.0,86.0,115.0,95.0,128.0
1774820937000,1.0,2.0,2.0,2.0,2.0,571.0,563.0,558.0,567.0,100.0,100.0,100.0,100.0,23.95,23.78,23.75,23.76,70.0,91.0,120.0,98.0,143.0
1774821238000,2.0,2.0,2.0,2.0,2.0,602.0,596.0,569.0,594.0,100.0,100.0,100.0,100.0,23.97,23.79,23.77,23.81,77.0,88.0,119.0,100.0,148.0
1774821539000,2.0,2.0,2.0,2.0,2.0,574.0,599.0,549.0,559.0,100.0,100.0,100.0,100.0,23.97,23.81,23.78,23.81,82.0,87.0,119.0,100.0,143.0
1774821839000,2.0,2.0,2.0,2.0,2.0,548.0,594.0,528.0,587.0,100.0,100.0,100.0,100.0,23.99,23.83,23.8,23.85,86.0,93.0,112.0,97.0,128.0
1774822140000,2.0,2.0,2.0,2.0,2.0,536.0,592.0,556.0,571.0,100.0,100.0,100.0,100.0,24.0,23.83,23.81,23.85,82.0,97.0,104.0,89.0,119.0
1774822440000,2.0,2.0,2.0,2.0,2.0,542.0,568.0,568.0,569.0,100.0,100.0,100.0,100.0,24.02,23.85,23.82,23.86,84.0,89.0,117.0,91.0,139.0
1774822741000,2.0,2.0,2.0,2.0,2.0,580.0,594.0,543.0,583.0,100.0,100.0,100.0,100.0,24.02,23.86,23.83,23.87,72.0,87.0,106.0,88.0,143.0
1774823041000,1.0,2.0,2.0,2.0,2.0,593.0,566.0,559.0,560.0,100.0,100.0,100.0,100.0,24.04,23.86,23.84,23.88,68.0,98.0,116.0,100.0,145.0
1774823342000,2.0,2.0,2.0,2.0,2.0,597.0,564.0,534.0,568.0,100.0,100.0,100.0,100.0,24.04,23.87,23.84,23.89,73.0,95.0,123.0,108.0,127.0
1774823643000,2.0,2.0,2.0,2.0,2.0,565.0,606.0,535.0,562.0,100.0,100.0,100.0,100.0,24.04,23.88,23.85,23.91,75.0,90.0,124.0,101.0,159.0
1774823943000,2.0,2.0,2.0,2.0,2.0,553.0,594.0,542.0,550.0,100.0,100.0,100.0,100.0,24.04,23.88,23.87,23.92,71.0,88.0,107.0,95.0,146.0
1774824244000,2.0,2.0,2.0,2.0,2.0,546.0,581.0,541.0,544.0,100.0,100.0,100.0,100.0,24.05,23.89,23.86,23.92,77.0,95.0,118.0,103.0,160.0
1774824544000,1.0,2.0,2.0,2.0,2.0,575.0,593.0,556.0,550.0,100.0,100.0,100.0,100.0,24.05,23.89,23.86,23.94,59.0,81.0,109.0,88.0,130.0
1774824845000,1.0,2.0,2.0,2.0,2.0,572.0,587.0,560.0,602.0,100.0,100.0,100.0,100.0,24.04,23.89,23.86,23.93,65.0,83.0,115.0,94.0,157.0
1774825145000,2.0,2.0,2.0,2.0,2.0,569.0,609.0,536.0,562.0,100.0,100.0,100.0,100.0,24.03,23.88,23.87,23.92,69.0,93.0,130.0,102.0,137.0
1774825446000,2.0,2.0,2.0,2.0,2.0,564.0,589.0,565.0,574.0,100.0,100.0,100.0,100.0,24.04,23.88,23.86,23.93,80.0,99.0,114.0,85.0,135.0
1774825747000,2.0,2.0,2.0,2.0,2.0,572.0,589.0,571.0,592.0,100.0,100.0,100.0,100.0,24.04,23.88,23.86,23.92,78.0,91.0,98.0,76.0,105.0
1774826047000,2.0,2.0,2.0,2.0,2.0,611.0,581.0,567.0,584.0,100.0,100.0,100.0,100.0,24.04,23.89,23.86,23.92,74.0,86.0,98.0,87.0,139.0
1774826348000,1.0,2.0,2.0,2.0,2.0,612.0,586.0,575.0,565.0,100.0,100.0,100.0,100.0,24.05,23.89,23.87,23.92,62.0,81.0,101.0,87.0,132.0
1774826648000,2.0,2.0,2.0,2.0,2.0,592.0,571.0,558.0,598.0,100.0,100.0,100.0,100.0,24.02,23.88,23.86,23.92,72.0,84.0,114.0,108.0,172.0
1774826949000,2.0,2.0,2.0,2.0,2.0,598.0,572.0,556.0,601.0,100.0,100.0,100.0,100.0,24.03,23.88,23.85,23.92,76.0,98.0,129.0,126.0,144.0
1774827249000,2.0,2.0,2.0,2.0,2.0,549.0,594.0,537.0,576.0,100.0,100.0,100.0,100.0,24.03,23.88,23.87,23.93,85.0,91.0,113.0,88.0,120.0
1774827550000,2.0,2.0,2.0,2.0,2.0,596.0,609.0,549.0,550.0,100.0,100.0,100.0,100.0,24.04,23.89,23.87,23.93,82.0,91.0,122.0,91.0,117.0
1774827850000,2.0,2.0,2.0,2.0,2.0,579.0,602.0,537.0,598.0,100.0,100.0,100.0,100.0,24.04,23.89,23.87,23.94,71.0,80.0,101.0,77.0,133.0
1774828151000,1.0,2.0,2.0,2.0,2.0,556.0,602.0,559.0,603.0,100.0,100.0,100.0,100.0,24.05,23.89,23.86,23.93,63.0,83.0,95.0,77.0,118.0
1774828452000,1.0,2.0,2.0,2.0,2.0,595.0,608.0,567.0,607.0,100.0,100.0,100.0,100.0,24.05,23.91,23.89,23.96,65.0,96.0,112.0,91.0,131.0
1774828752000,2.0,2.0,2.0,2.0,2.0,569.0,606.0,556.0,613.0,100.0,100.0,100.0,100.0,24.06,23.93,23.89,23.95,78.0,89.0,109.0,88.0,132.0
1774829053000,2.0,2.0,2.0,2.0,2.0,557.0,555.0,504.0,595.0,100.0,100.0,100.0,100.0,24.07,23.95,23.9,23.96,72.0,103.0,110.0,97.0,142.0
1774829353000,2.0,2.0,2.0,2.0,2.0,587.0,606.0,558.0,606.0,100.0,100.0,100.0,100.0,24.09,23.94,23.92,23.97,75.0,103.0,98.0,69.0,124.0
1774829654000,2.0,2.0,2.0,2.0,2.0,537.0,615.0,517.0,574.0,100.0,100.0,100.0,100.0,24.09,23.94,23.93,23.99,70.0,88.0,117.0,101.0,139.0
1774829954000,2.0,2.0,2.0,2.0,2.0,508.0,585.0,547.0,587.0,100.0,100.0,100.0,100.0,24.12,23.97,23.94,24.01,89.0,103.0,135.0,113.0,132.0
1774830255000,2.0,2.0,2.0,2.0,2.0,549.0,593.0,545.0,542.0,100.0,100.0,100.0,100.0,24.14,23.99,23.97,24.03,92.0,103.0,106.0,85.0,154.0
1774830556000,2.0,2.0,2.0,2.0,2.0,569.0,593.0,513.0,582.0,100.0,100.0,100.0,100.0,24.16,24.01,23.99,24.06,79.0,99.0,115.0,92.0,156.0
1774830856000,2.0,2.0,2.0,2.0,2.0,562.0,562.0,522.0,575.0,100.0,100.0,100.0,100.0,24.19,24.05,24.03,24.11,92.0,96.0,130.0,113.0,171.0
1774831157000,2.0,2.0,2.0,2.0,2.0,551.0,575.0,545.0,606.0,100.0,100.0,100.0,100.0,24.22,24.08,24.07,24.14,75.0,116.0,145.0,135.0,139.0
1774831457000,1.0,2.0,2.0,2.0,2.0,554.0,563.0,545.0,574.0,100.0,100.0,100.0,100.0,24.25,24.12,24.1,24.18,70.0,91.0,127.0,108.0,154.0
1774831758000,2.0,2.0,2.0,2.0,2.0,557.0,577.0,558.0,567.0,100.0,100.0,100.0,100.0,24.29,24.18,24.15,24.22,80.0,112.0,135.0,124.0,158.0
1774832058000,2.0,2.0,2.0,1.0,2.0,555.0,603.0,532.0,541.0,100.0,100.0,100.0,100.0,24.32,24.21,24.19,24.25,70.0,100.0,139.0,33.0,107.0
1774832359000,2.0,2.0,2.0,1.0,2.0,575.0,580.0,525.0,541.0,100.0,100.0,100.0,100.0,24.36,24.24,24.22,24.29,77.0,100.0,126.0,52.0,110.0
1774832660000,1.0,2.0,2.0,2.0,2.0,589.0,563.0,519.0,573.0,100.0,100.0,100.0,100.0,24.4,24.28,24.27,24.35,68.0,96.0,130.0,137.0,119.0
1774832960000,2.0,2.0,2.0,2.0,2.0,569.0,587.0,502.0,595.0,100.0,100.0,100.0,100.0,24.45,24.32,24.31,24.39,70.0,90.0,113.0,127.0,163.0
1774833261000,2.0,2.0,2.0,2.0,2.0,529.0,562.0,525.0,543.0,100.0,100.0,100.0,100.0,24.5,24.38,24.36,24.44,65.0,84.0,129.0,102.0,148.0
1774833561000,1.0,2.0,2.0,2.0,2.0,579.0,553.0,547.0,575.0,100.0,100.0,100.0,100.0,24.55,24.42,24.41,24.49,61.0,87.0,130.0,100.0,187.0
1774833862000,1.0,2.0,2.0,2.0,2.0,552.0,537.0,494.0,547.0,100.0,100.0,100.0,100.0,24.58,24.47,24.46,24.55,59.0,86.0,113.0,132.0,153.0
1774834162000,1.0,2.0,2.0,2.0,2.0,528.0,539.0,499.0,513.0,100.0,100.0,100.0,100.0,24.61,24.51,24.51,24.6,63.0,76.0,95.0,113.0,145.0
1774834463000,1.0,2.0,2.0,2.0,2.0,531.0,572.0,510.0,504.0,100.0,100.0,100.0,100.0,24.67,24.56,24.54,24.64,60.0,94.0,103.0,91.0,126.0
1774834764000,2.0,2.0,2.0,2.0,2.0,547.0,526.0,479.0,577.0,100.0,100.0,100.0,100.0,24.71,24.59,24.6,24.69,69.0,91.0,111.0,106.0,162.0
1774835064000,2.0,2.0,2.0,2.0,2.0,508.0,525.0,476.0,472.0,100.0,100.0,100.0,100.0,24.78,24.68,24.67,24.75,68.0,108.0,173.0,105.0,160.0
1774835365000,2.0,2.0,2.0,2.0,2.0,512.0,563.0,495.0,501.0,100.0,100.0,100.0,100.0,24.86,24.74,24.74,24.83,70.0,94.0,110.0,108.0,156.0
1774835665000,1.0,2.0,2.0,2.0,2.0,511.0,538.0,516.0,541.0,100.0,100.0,100.0,100.0,24.93,24.86,24.84,24.94,66.0,89.0,127.0,105.0,183.0
1774835966000,1.0,2.0,2.0,2.0,2.0,538.0,558.0,526.0,532.0,100.0,100.0,100.0,100.0,25.04,24.94,24.95,25.04,65.0,86.0,111.0,130.0,173.0
1774836266000,1.0,2.0,2.0,2.0,2.0,501.0,553.0,496.0,515.0,100.0,100.0,100.0,99.97,25.17,25.06,25.05,25.15,62.0,75.0,95.0,84.0,155.0
1774836567000,2.0,2.0,2.0,2.0,2.0,507.0,556.0,482.0,540.0,100.0,100.0,100.0,99.92,25.28,25.18,25.18,25.26,97.0,155.0,130.0,141.0,178.0
1774836868000,2.0,2.0,2.0,2.0,2.0,503.0,527.0,495.0,540.0,100.0,100.0,100.0,99.87,25.41,25.31,25.32,25.39,85.0,108.0,157.0,116.0,148.0
1774837168000,2.0,2.0,2.0,2.0,2.0,510.0,550.0,497.0,517.0,100.0,100.0,100.0,99.9,25.54,25.46,25.44,25.56,95.0,112.0,136.0,116.0,170.0
1774837469000,2.0,2.0,2.0,2.0,2.0,545.0,543.0,479.0,528.0,100.0,100.0,99.91,99.37,25.66,25.58,25.59,25.69,96.0,103.0,107.0,135.0,195.0
1774837769000,2.0,2.0,2.0,2.0,2.0,502.0,522.0,488.0,520.0,99.9,100.0,99.85,98.84,25.8,25.71,25.72,25.83,75.0,112.0,148.0,115.0,173.0
1774838070000,2.0,2.0,2.0,2.0,2.0,494.0,525.0,462.0,534.0,99.56,99.97,99.44,98.61,25.94,25.85,25.85,25.96,73.0,122.0,131.0,153.0,203.0
1774838371000,2.0,2.0,2.0,2.0,2.0,501.0,530.0,456.0,541.0,98.99,99.84,98.81,97.82,26.08,25.99,26.0,26.1,87.0,131.0,151.0,152.0,211.0
1774838672000,2.0,2.0,2.0,2.0,2.0,538.0,534.0,481.0,510.0,98.49,99.41,98.46,97.21,26.21,26.13,26.13,26.23,95.0,117.0,137.0,129.0,191.0
1774838972000,2.0,2.0,2.0,2.0,2.0,536.0,536.0,499.0,521.0,97.91,98.98,98.09,96.57,26.35,26.25,26.25,26.35,96.0,122.0,147.0,106.0,210.0
1774839273000,2.0,2.0,2.0,2.0,2.0,535.0,538.0,490.0,509.0,97.44,98.38,97.86,96.6,26.49,26.37,26.34,26.48,98.0,115.0,154.0,155.0,203.0
1774839574000,2.0,2.0,2.0,2.0,2.0,496.0,536.0,450.0,542.0,97.03,98.27,97.88,96.33,26.62,26.49,26.49,26.6,101.0,139.0,189.0,153.0,214.0
1774839874000,2.0,2.0,2.0,2.0,3.0,477.0,544.0,492.0,531.0,96.71,98.27,97.09,96.37,26.75,26.62,26.59,26.72,119.0,177.0,140.0,198.0,251.0
1774840175000,2.0,2.0,2.0,2.0,2.0,524.0,531.0,490.0,532.0,96.21,97.21,96.3,95.41,26.86,26.71,26.71,26.84,114.0,113.0,110.0,122.0,179.0
1774840475000,2.0,2.0,2.0,2.0,2.0,503.0,535.0,496.0,537.0,95.74,96.99,96.55,95.06,26.98,26.81,26.82,26.94,101.0,123.0,185.0,141.0,170.0
1774840776000,2.0,2.0,2.0,2.0,3.0,492.0,527.0,478.0,529.0,95.33,96.64,96.14,95.2,27.08,26.91,26.9,27.04,96.0,134.0,182.0,197.0,250.0
1774841076000,2.0,2.0,2.0,2.0,2.0,488.0,511.0,502.0,553.0,95.02,96.51,96.04,94.71,27.16,26.99,27.0,27.12,97.0,131.0,168.0,141.0,199.0
1774841377000,2.0,2.0,2.0,2.0,3.0,512.0,531.0,523.0,506.0,94.72,95.8,95.66,94.15,27.25,27.08,27.08,27.2,113.0,118.0,172.0,127.0,292.0
1774841678000,2.0,2.0,2.0,2.0,2.0,542.0,547.0,478.0,504.0,94.28,95.82,95.47,94.22,27.34,27.18,27.16,27.3,103.0,140.0,166.0,165.0,221.0
1774841978000,2.0,2.0,2.0,2.0,2.0,515.0,527.0,511.0,547.0,93.9,95.53,94.92,93.71,27.43,27.27,27.28,27.4,114.0,141.0,143.0,124.0,195.0
1774842279000,2.0,2.0,2.0,2.0,2.0,519.0,513.0,478.0,537.0,93.7,95.87,94.8,93.63,27.54,27.37,27.37,27.5,120.0,196.0,178.0,198.0,215.0
1774842579000,2.0,2.0,2.0,2.0,3.0,496.0,512.0,463.0,525.0,93.53,95.18,94.45,93.14,27.65,27.48,27.48,27.61,135.0,141.0,170.0,154.0,288.0
1774842880000,2.0,2.0,2.0,2.0,2.0,509.0,538.0,461.0,516.0,93.07,94.77,94.38,93.06,27.77,27.58,27.6,27.73,121.0,147.0,189.0,195.0,218.0
1774843180000,2.0,2.0,3.0,2.0,2.0,516.0,519.0,456.0,530.0,92.79,93.66,94.56,92.71,27.86,27.68,27.69,27.82,122.0,115.0,241.0,184.0,200.0
1774843481000,2.0,2.0,2.0,2.0,2.0,499.0,536.0,477.0,530.0,92.33,93.59,93.02,92.0,27.96,27.79,27.79,27.92,110.0,142.0,151.0,124.0,203.0
1774843782000,2.0,2.0,2.0,2.0,3.0,515.0,524.0,475.0,517.0,91.84,93.01,92.49,91.37,28.06,27.88,27.87,28.02,121.0,126.0,135.0,173.0,287.0
1774844082000,2.0,2.0,2.0,2.0,3.0,498.0,538.0,502.0,540.0,91.26,92.87,91.73,90.63,28.15,27.96,27.96,28.1,112.0,147.0,146.0,141.0,244.0
1774844383000,2.0,2.0,2.0,2.0,3.0,520.0,514.0,468.0,499.0,90.41,91.37,91.84,90.43,28.23,28.02,28.02,28.17,118.0,122.0,187.0,187.0,264.0
1774844683000,2.0,2.0,2.0,2.0,2.0,497.0,520.0,497.0,529.0,89.89,91.66,91.09,89.95,28.3,28.1,28.11,28.24,106.0,156.0,148.0,142.0,187.0
1774844984000,2.0,2.0,2.0,2.0,3.0,527.0,557.0,502.0,496.0,89.98,91.86,91.46,89.8,28.4,28.2,28.19,28.32,124.0,164.0,186.0,165.0,279.0
1774845284000,2.0,2.0,2.0,2.0,3.0,490.0,528.0,488.0,533.0,90.14,92.0,91.76,89.53,28.48,28.29,28.27,28.4,148.0,188.0,191.0,160.0,236.0
1774845585000,2.0,2.0,2.0,2.0,2.0,470.0,531.0,483.0,480.0,89.81,91.52,91.02,89.51,28.56,28.36,28.35,28.46,138.0,155.0,159.0,178.0,203.0
1774845886000,2.0,2.0,2.0,2.0,3.0,515.0,533.0,488.0,517.0,89.04,90.91,90.77,89.18,28.62,28.43,28.42,28.53,111.0,134.0,169.0,159.0,269.0
1774846186000,2.0,2.0,2.0,2.0,3.0,481.0,507.0,455.0,502.0,88.89,90.7,90.11,88.91,28.69,28.51,28.49,28.61,128.0,145.0,150.0,164.0,308.0
1774846487000,2.0,2.0,2.0,2.0,2.0,509.0,501.0,486.0,518.0,88.52,90.05,89.72,88.7,28.76,28.59,28.58,28.69,111.0,138.0,160.0,164.0,189.0
1774846787000,2.0,2.0,2.0,2.0,2.0,509.0,508.0,492.0,530.0,87.6,89.73,89.13,88.11,28.84,28.66,28.64,28.76,99.0,144.0,166.0,173.0,191.0
1774847088000,2.0,2.0,3.0,2.0,3.0,518.0,531.0,469.0,505.0,87.36,90.47,90.1,88.23,28.93,28.74,28.73,28.83,114.0,207.0,229.0,172.0,242.0
1774847388000,2.0,2.0,2.0,2.0,3.0,488.0,526.0,494.0,509.0,86.77,88.97,88.78,87.97,29.0,28.82,28.81,28.9,106.0,139.0,158.0,199.0,233.0
1774847689000,2.0,2.0,2.0,3.0,3.0,490.0,520.0,486.0,511.0,86.38,88.27,88.48,89.33,29.08,28.88,28.89,29.0,109.0,126.0,166.0,289.0,259.0
1774847990000,2.0,2.0,2.0,2.0,3.0,491.0,506.0,454.0,536.0,86.15,88.67,87.86,87.84,29.14,28.97,28.95,29.07,124.0,165.0,145.0,132.0,280.0
1774848290000,2.0,2.0,3.0,2.0,3.0,497.0,482.0,455.0,530.0,86.04,88.49,88.9,87.52,29.22,29.03,29.03,29.13,109.0,165.0,240.0,181.0,302.0
1774848591000,2.0,2.0,2.0,2.0,3.0,466.0,485.0,448.0,520.0,85.9,88.23,88.57,87.74,29.27,29.09,29.09,29.18,118.0,156.0,172.0,197.0,237.0
1774848891000,2.0,2.0,2.0,2.0,3.0,509.0,484.0,469.0,503.0,85.07,87.4,87.44,87.22,29.31,29.13,29.14,29.25,101.0,128.0,139.0,167.0,228.0
1774849192000,2.0,2.0,2.0,2.0,3.0,482.0,514.0,460.0,525.0,85.07,87.64,87.21,86.51,29.37,29.19,29.18,29.3,104.0,150.0,160.0,141.0,299.0
1774849492000,2.0,2.0,2.0,3.0,3.0,477.0,525.0,515.0,507.0,85.04,88.29,87.36,86.95,29.42,29.24,29.24,29.33,127.0,214.0,205.0,224.0,277.0
1774849793000,2.0,2.0,2.0,2.0,2.0,472.0,485.0,469.0,556.0,84.76,87.3,86.98,86.32,29.45,29.29,29.29,29.38,115.0,132.0,159.0,146.0,174.0
1774850094000,2.0,2.0,2.0,2.0,3.0,486.0,506.0,474.0,491.0,84.76,87.23,87.03,86.48,29.51,29.35,29.34,29.43,134.0,163.0,175.0,178.0,294.0
1774850394000,2.0,3.0,3.0,2.0,3.0,498.0,488.0,492.0,523.0,85.05,88.1,88.07,86.51,29.56,29.39,29.4,29.48,153.0,228.0,246.0,214.0,248.0
1774850695000,2.0,2.0,2.0,2.0,3.0,487.0,493.0,476.0,515.0,85.06,87.18,87.0,85.63,29.61,29.44,29.43,29.54,119.0,139.0,152.0,149.0,265.0
1774850995000,2.0,2.0,2.0,2.0,2.0,520.0,520.0,479.0,505.0,85.05,86.86,87.02,85.53,29.66,29.5,29.5,29.58,132.0,146.0,167.0,168.0,224.0
1774851296000,2.0,2.0,2.0,2.0,3.0,482.0,499.0,447.0,502.0,84.96,87.04,86.96,85.3,29.71,29.55,29.56,29.65,120.0,153.0,185.0,154.0,224.0
1774851596000,2.0,2.0,2.0,3.0,3.0,494.0,505.0,496.0,559.0,84.67,86.89,86.36,85.84,29.76,29.61,29.62,29.72,119.0,156.0,175.0,244.0,305.0
1774851897000,2.0,2.0,2.0,2.0,3.0,502.0,500.0,490.0,561.0,84.58,86.92,86.85,85.51,29.8,29.67,29.67,29.77,128.0,170.0,223.0,172.0,224.0
1774852197000,2.0,2.0,2.0,2.0,2.0,479.0,479.0,473.0,496.0,84.59,86.5,86.15,85.24,29.84,29.72,29.72,29.82,118.0,152.0,152.0,156.0,206.0
1774852498000,2.0,2.0,2.0,3.0,3.0,490.0,487.0,448.0,477.0,84.73,86.86,86.1,86.14,29.9,29.77,29.77,29.86,147.0,195.0,169.0,286.0,346.0
1774852799000,2.0,2.0,2.0,2.0,2.0,502.0,510.0,511.0,494.0,84.54,86.33,85.77,85.18,29.93,29.8,29.82,29.92,142.0,163.0,169.0,140.0,205.0
1774853099000,2.0,2.0,2.0,2.0,2.0,494.0,500.0,473.0,477.0,83.86,85.98,85.35,84.58,29.99,29.84,29.87,29.95,120.0,144.0,166.0,156.0,199.0
1774853400000,2.0,2.0,2.0,2.0,3.0,488.0,498.0,445.0,519.0,83.43,86.51,85.37,84.74,30.05,29.92,29.94,30.02,121.0,215.0,180.0,218.0,280.0
1774853700000,2.0,2.0,2.0,2.0,3.0,490.0,499.0,463.0,513.0,83.65,85.82,85.34,84.2,30.11,29.97,29.98,30.06,143.0,168.0,206.0,164.0,236.0
1774854001000,2.0,2.0,2.0,2.0,2.0,473.0,470.0,485.0,517.0,83.7,85.63,85.06,84.0,30.14,30.01,30.05,30.14,136.0,156.0,157.0,149.0,186.0
1774854301000,2.0,2.0,2.0,2.0,2.0,492.0,527.0,464.0,522.0,83.9,85.7,85.43,84.04,30.2,30.06,30.08,30.17,137.0,164.0,190.0,162.0,227.0
1774854602000,2.0,2.0,2.0,2.0,3.0,498.0,520.0,483.0,487.0,84.2,85.98,85.46,84.17,30.21,30.11,30.13,30.21,143.0,170.0,190.0,179.0,394.0
1774854903000,2.0,2.0,2.0,2.0,3.0,453.0,501.0,459.0,482.0,84.31,86.0,85.61,84.27,30.26,30.13,30.17,30.26,143.0,174.0,191.0,187.0,247.0
1774855203000,2.0,2.0,2.0,2.0,3.0,504.0,500.0,466.0,503.0,84.33,85.93,85.39,84.41,30.28,30.17,30.18,30.26,139.0,170.0,188.0,203.0,244.0
1774855504000,2.0,2.0,2.0,2.0,3.0,458.0,511.0,459.0,498.0,84.2,85.86,85.48,84.77,30.3,30.18,30.22,30.3,154.0,183.0,180.0,212.0,281.0
1774855804000,2.0,2.0,2.0,2.0,3.0,498.0,510.0,478.0,512.0,84.17,85.87,85.51,84.66,30.29,30.19,30.22,30.29,154.0,184.0,192.0,204.0,263.0
1774856105000,2.0,2.0,2.0,2.0,3.0,477.0,482.0,491.0,519.0,84.32,85.92,85.54,84.73,30.27,30.16,30.21,30.29,149.0,174.0,196.0,192.0,285.0
1774856405000,2.0,2.0,2.0,2.0,3.0,506.0,467.0,472.0,520.0,84.55,86.13,85.73,84.97,30.28,30.17,30.2,30.29,158.0,187.0,189.0,199.0,264.0
1774856706000,2.0,2.0,2.0,2.0,3.0,528.0,562.0,434.0,500.0,84.49,86.16,85.42,84.89,30.25,30.15,30.16,30.25,144.0,175.0,166.0,178.0,244.0
1774857006000,2.0,2.0,2.0,2.0,2.0,498.0,483.0,472.0,513.0,84.41,86.16,85.54,84.85,30.23,30.11,30.13,30.19,133.0,168.0,181.0,177.0,222.0
1774857307000,2.0,2.0,2.0,2.0,3.0,458.0,517.0,472.0,512.0,84.52,86.1,85.54,84.85,30.19,30.05,30.09,30.17,132.0,161.0,179.0,175.0,243.0
1774857608000,2.0,2.0,2.0,2.0,3.0,473.0,507.0,466.0,516.0,84.67,86.28,85.55,84.75,30.15,30.02,30.05,30.13,138.0,165.0,176.0,174.0,258.0
1774857908000,2.0,2.0,2.0,2.0,3.0,501.0,517.0,464.0,485.0,84.43,86.1,85.61,85.03,30.1,29.97,29.98,30.07,131.0,162.0,181.0,196.0,260.0
1774858209000,2.0,2.0,2.0,2.0,3.0,497.0,505.0,429.0,497.0,84.44,86.21,85.88,85.55,30.01,29.9,29.93,30.02,133.0,153.0,170.0,215.0,288.0
1774858509000,2.0,2.0,2.0,2.0,2.0,486.0,479.0,484.0,507.0,84.8,86.29,85.79,85.05,29.94,29.82,29.86,29.96,131.0,154.0,155.0,148.0,222.0
1774858810000,2.0,2.0,2.0,2.0,2.0,504.0,525.0,469.0,492.0,84.6,86.13,85.53,84.76,29.88,29.75,29.77,29.88,123.0,144.0,160.0,150.0,181.0
1774859110000,2.0,2.0,2.0,2.0,2.0,486.0,536.0,452.0,510.0,84.59,86.25,85.42,84.56,29.81,29.68,29.71,29.8,125.0,154.0,147.0,157.0,198.0
1774859411000,2.0,2.0,2.0,2.0,3.0,506.0,524.0,480.0,508.0,84.68,86.42,85.51,84.68,29.72,29.6,29.63,29.71,118.0,149.0,151.0,164.0,237.0
1774859711000,2.0,2.0,2.0,2.0,3.0,489.0,478.0,491.0,506.0,84.88,87.56,86.16,85.1,29.64,29.51,29.54,29.64,137.0,209.0,168.0,157.0,224.0
1774860012000,2.0,2.0,2.0,2.0,3.0,490.0,493.0,446.0,509.0,85.05,87.08,86.49,85.5,29.55,29.43,29.45,29.53,132.0,143.0,153.0,166.0,267.0
1774860313000,2.0,2.0,2.0,2.0,2.0,515.0,521.0,471.0,493.0,85.33,86.9,86.67,86.02,29.46,29.32,29.35,29.43,116.0,124.0,154.0,178.0,196.0
1774860613000,2.0,2.0,2.0,2.0,2.0,458.0,481.0,458.0,522.0,85.6,87.28,86.72,86.35,29.36,29.23,29.26,29.34,111.0,140.0,144.0,170.0,213.0
1774860914000,2.0,2.0,2.0,2.0,3.0,483.0,490.0,456.0,476.0,85.85,87.38,87.15,86.79,29.26,29.12,29.17,29.25,112.0,125.0,143.0,184.0,250.0
1774861214000,2.0,2.0,2.0,2.0,2.0,502.0,517.0,488.0,516.0,86.12,87.4,87.4,86.95,29.16,29.04,29.08,29.15,108.0,127.0,144.0,154.0,221.0
1774861515000,2.0,2.0,2.0,2.0,2.0,512.0,483.0,477.0,491.0,86.33,87.92,87.31,86.75,29.1,28.95,28.97,29.06,102.0,131.0,138.0,144.0,201.0
1774861815000,2.0,2.0,2.0,2.0,2.0,472.0,482.0,441.0,531.0,86.43,87.89,87.44,87.32,29.0,28.85,28.88,28.96,104.0,124.0,133.0,152.0,206.0
1774862116000,2.0,2.0,2.0,2.0,2.0,504.0,524.0,477.0,513.0,86.59,88.1,87.48,87.18,28.91,28.78,28.79,28.87,100.0,120.0,132.0,146.0,178.0
1774862417000,2.0,2.0,2.0,2.0,2.0,512.0,479.0,485.0,521.0,86.93,88.23,87.65,87.23,28.8,28.68,28.7,28.78,101.0,122.0,130.0,134.0,208.0
1774862717000,2.0,2.0,2.0,2.0,3.0,535.0,512.0,479.0,546.0,87.14,88.54,87.94,87.6,28.73,28.58,28.6,28.7,104.0,123.0,135.0,152.0,223.0
1774863018000,2.0,2.0,2.0,2.0,2.0,484.0,530.0,483.0,522.0,87.16,88.49,88.07,87.75,28.61,28.46,28.51,28.58,99.0,116.0,135.0,154.0,208.0
1774863318000,2.0,2.0,2.0,2.0,3.0,483.0,500.0,471.0,515.0,87.23,88.48,87.88,87.94,28.5,28.36,28.38,28.49,91.0,109.0,128.0,157.0,227.0
1774863619000,2.0,2.0,2.0,2.0,3.0,504.0,518.0,484.0,493.0,87.47,88.59,88.27,88.26,28.39,28.24,28.28,28.36,90.0,110.0,136.0,150.0,232.0
1774863919000,2.0,2.0,2.0,2.0,2.0,518.0,523.0,464.0,513.0,87.69,88.81,88.5,88.69,28.28,28.12,28.16,28.25,92.0,114.0,126.0,149.0,226.0
1774864220000,2.0,2.0,2.0,2.0,2.0,497.0,506.0,464.0,523.0,87.75,88.97,88.82,88.47,28.17,28.01,28.05,28.15,90.0,112.0,129.0,129.0,200.0
1774864521000,2.0,2.0,2.0,2.0,2.0,492.0,545.0,480.0,548.0,88.03,89.23,88.98,88.74,28.06,27.9,27.94,28.02,90.0,106.0,123.0,134.0,180.0
1774864821000,2.0,2.0,2.0,2.0,2.0,531.0,542.0,481.0,530.0,88.34,89.61,89.09,88.7,27.95,27.79,27.84,27.91,88.0,106.0,121.0,126.0,168.0
1774865122000,2.0,2.0,2.0,2.0,2.0,495.0,512.0,494.0,494.0,88.58,89.85,89.69,88.83,27.84,27.67,27.72,27.8,78.0,102.0,116.0,109.0,153.0
1774865422000,2.0,2.0,2.0,2.0,2.0,495.0,546.0,496.0,512.0,88.65,89.83,89.56,88.71,27.73,27.56,27.61,27.71,69.0,86.0,104.0,115.0,155.0
1774865723000,1.0,2.0,2.0,2.0,2.0,511.0,539.0,449.0,503.0,88.89,90.01,89.8,89.49,27.59,27.43,27.47,27.59,67.0,87.0,112.0,123.0,147.0
1774866024000,1.0,2.0,2.0,2.0,2.0,526.0,543.0,485.0,552.0,89.72,90.31,89.86,89.3,27.45,27.29,27.36,27.46,64.0,78.0,97.0,102.0,147.0
1774866324000,2.0,2.0,2.0,2.0,2.0,499.0,536.0,442.0,539.0,89.85,91.12,91.01,90.23,27.33,27.15,27.24,27.35,66.0,90.0,119.0,130.0,183.0
1774866625000,2.0,2.0,2.0,2.0,2.0,486.0,537.0,493.0,551.0,90.42,91.91,91.55,90.73,27.2,27.03,27.12,27.22,73.0,102.0,120.0,124.0,180.0
1774866925000,2.0,2.0,2.0,2.0,2.0,518.0,500.0,472.0,492.0,90.89,92.35,91.7,91.07,27.08,26.91,27.01,27.13,72.0,93.0,118.0,117.0,166.0
1774867226000,2.0,2.0,2.0,2.0,2.0,506.0,517.0,453.0,525.0,91.23,92.6,92.22,91.52,26.96,26.79,26.91,27.03,74.0,90.0,110.0,120.0,186.0
1774867526000,2.0,2.0,2.0,2.0,2.0,528.0,503.0,489.0,555.0,91.67,92.74,92.54,91.61,26.86,26.69,26.79,26.92,69.0,85.0,112.0,105.0,162.0
1774867827000,2.0,2.0,2.0,2.0,2.0,498.0,550.0,487.0,528.0,91.86,93.65,93.09,92.71,26.75,26.58,26.7,26.81,71.0,105.0,117.0,140.0,169.0
1774868127000,2.0,2.0,2.0,2.0,2.0,545.0,517.0,501.0,526.0,92.73,94.18,93.97,93.44,26.65,26.49,26.6,26.71,80.0,100.0,136.0,135.0,177.0
1774868428000,2.0,2.0,2.0,2.0,2.0,488.0,514.0,522.0,504.0,93.38,94.97,94.39,94.28,26.55,26.4,26.52,26.63,84.0,107.0,123.0,151.0,175.0
1774868729000,2.0,2.0,2.0,2.0,2.0,511.0,531.0,464.0,552.0,94.15,95.53,95.14,94.5,26.47,26.31,26.42,26.53,97.0,108.0,135.0,118.0,187.0
1774869029000,2.0,2.0,2.0,2.0,2.0,512.0,522.0,502.0,508.0,94.02,95.08,95.34,94.07,26.37,26.23,26.32,26.43,75.0,86.0,118.0,96.0,147.0
1774869330000,2.0,2.0,2.0,2.0,2.0,506.0,523.0,492.0,556.0,94.57,95.72,95.81,94.99,26.3,26.15,26.25,26.34,80.0,94.0,120.0,135.0,188.0
1774869630000,2.0,2.0,2.0,2.0,2.0,515.0,503.0,469.0,528.0,95.51,96.52,95.71,95.1,26.23,26.08,26.13,26.25,94.0,106.0,99.0,116.0,176.0
1774869931000,2.0,2.0,2.0,2.0,2.0,500.0,495.0,485.0,539.0,95.79,97.13,96.7,96.15,26.16,26.0,26.08,26.19,85.0,98.0,133.0,145.0,193.0
1774870231000,2.0,2.0,2.0,2.0,2.0,521.0,527.0,441.0,530.0,96.32,97.76,97.38,96.85,26.09,25.94,26.0,26.11,92.0,110.0,137.0,144.0,199.0
1774870532000,2.0,2.0,2.0,2.0,2.0,485.0,548.0,459.0,509.0,97.21,98.5,98.24,97.54,26.02,25.88,25.94,26.04,97.0,115.0,152.0,151.0,208.0
1774870833000,2.0,2.0,2.0,2.0,2.0,534.0,554.0,485.0,544.0,97.62,98.75,98.79,98.18,25.97,25.81,25.89,25.98,101.0,110.0,146.0,160.0,205.0
1774871133000,2.0,2.0,2.0,2.0,2.0,505.0,501.0,505.0,553.0,98.03,99.31,99.2,98.66,25.92,25.77,25.83,25.93,103.0,121.0,147.0,158.0,190.0
1774871434000,2.0,2.0,2.0,2.0,2.0,524.0,536.0,476.0,533.0,98.27,99.05,99.43,98.75,25.86,25.73,25.77,25.87,101.0,104.0,142.0,133.0,198.0
1774871734000,2.0,2.0,2.0,2.0,2.0,531.0,538.0,471.0,524.0,97.96,99.08,99.57,98.56,25.82,25.68,25.71,25.81,87.0,109.0,80.0,124.0,196.0
1774872035000,2.0,2.0,2.0,2.0,2.0,521.0,537.0,457.0,528.0,98.51,99.73,99.93,99.11,25.77,25.63,25.67,25.77,98.0,123.0,91.0,141.0,193.0
1774872335000,2.0,2.0,2.0,2.0,2.0,549.0,522.0,475.0,487.0,99.15,100.0,100.0,99.66,25.73,25.6,25.64,25.72,107.0,122.0,90.0,140.0,200.0
1774872636000,2.0,2.0,2.0,2.0,2.0,529.0,542.0,494.0,527.0,99.64,100.0,100.0,99.9,25.7,25.55,25.59,25.69,109.0,124.0,95.0,149.0,188.0
1774872937000,2.0,2.0,2.0,2.0,2.0,512.0,523.0,510.0,554.0,99.88,100.0,100.0,99.92,25.66,25.51,25.54,25.64,100.0,128.0,80.0,133.0,194.0
1774873237000,2.0,2.0,2.0,2.0,2.0,497.0,555.0,480.0,536.0,99.98,100.0,100.0,100.0,25.63,25.47,25.51,25.61,112.0,124.0,95.0,157.0,196.0
1774873538000,2.0,2.0,2.0,2.0,2.0,511.0,531.0,493.0,542.0,99.99,100.0,100.0,100.0,25.6,25.45,25.48,25.58,101.0,133.0,93.0,131.0,136.0
1774873838000,2.0,2.0,2.0,2.0,2.0,508.0,545.0,512.0,547.0,100.0,100.0,100.0,100.0,25.56,25.42,25.45,25.54,116.0,125.0,73.0,145.0,127.0
1774874139000,2.0,2.0,2.0,2.0,2.0,508.0,524.0,500.0,511.0,100.0,100.0,100.0,100.0,25.54,25.38,25.41,25.5,110.0,123.0,96.0,144.0,123.0
1774874439000,2.0,2.0,2.0,2.0,2.0,554.0,540.0,511.0,552.0,100.0,100.0,100.0,100.0,25.52,25.35,25.39,25.47,103.0,117.0,88.0,131.0,124.0
1774874740000,2.0,2.0,2.0,2.0,2.0,530.0,528.0,521.0,527.0,100.0,100.0,100.0,100.0,25.49,25.34,25.36,25.43,114.0,134.0,102.0,155.0,128.0
1774875041000,2.0,2.0,2.0,2.0,2.0,528.0,514.0,513.0,553.0,100.0,100.0,100.0,100.0,25.45,25.28,25.33,25.42,96.0,99.0,88.0,147.0,140.0
1774875341000,2.0,2.0,2.0,2.0,2.0,526.0,550.0,509.0,540.0,100.0,100.0,100.0,100.0,25.42,25.26,25.3,25.39,104.0,119.0,94.0,136.0,118.0
1774875642000,2.0,2.0,2.0,2.0,2.0,546.0,541.0,475.0,543.0,100.0,100.0,100.0,100.0,25.4,25.24,25.28,25.38,121.0,128.0,97.0,147.0,133.0
1774875942000,2.0,2.0,2.0,2.0,2.0,547.0,547.0,511.0,545.0,100.0,100.0,100.0,100.0,25.37,25.22,25.26,25.36,109.0,135.0,99.0,137.0,129.0
1774876243000,2.0,2.0,2.0,2.0,2.0,510.0,540.0,548.0,485.0,100.0,100.0,100.0,100.0,25.37,25.21,25.23,25.31,117.0,126.0,101.0,142.0,141.0
1774876543000,2.0,2.0,2.0,2.0,2.0,522.0,562.0,496.0,537.0,100.0,100.0,100.0,100.0,25.33,25.19,25.2,25.29,112.0,126.0,103.0,148.0,126.0
1774876844000,2.0,2.0,2.0,2.0,2.0,542.0,524.0,522.0,514.0,100.0,100.0,100.0,100.0,25.31,25.16,25.18,25.27,117.0,111.0,98.0,149.0,117.0
1774877144000,2.0,2.0,2.0,2.0,2.0,526.0,552.0,494.0,511.0,100.0,100.0,100.0,100.0,25.28,25.14,25.16,25.26,99.0,89.0,94.0,154.0,130.0
1774877445000,2.0,2.0,2.0,2.0,2.0,542.0,538.0,512.0,532.0,100.0,100.0,100.0,100.0,25.27,25.12,25.15,25.24,122.0,106.0,86.0,140.0,118.0
1774877746000,2.0,2.0,2.0,2.0,2.0,579.0,546.0,517.0,568.0,100.0,100.0,100.0,100.0,25.25,25.11,25.13,25.22,91.0,86.0,83.0,139.0,127.0
1774878046000,2.0,2.0,2.0,2.0,2.0,498.0,533.0,510.0,542.0,100.0,100.0,100.0,100.0,25.24,25.1,25.12,25.21,96.0,83.0,85.0,127.0,121.0
1774878347000,2.0,1.0,2.0,2.0,2.0,542.0,546.0,495.0,525.0,100.0,100.0,100.0,100.0,25.2,25.06,25.09,25.18,99.0,48.0,73.0,125.0,128.0
1774878647000,2.0,2.0,2.0,2.0,2.0,537.0,540.0,484.0,574.0,100.0,100.0,100.0,100.0,25.21,25.05,25.07,25.15,84.0,79.0,83.0,121.0,123.0
1774878948000,2.0,2.0,2.0,2.0,2.0,548.0,526.0,500.0,558.0,100.0,100.0,100.0,100.0,25.17,25.01,25.05,25.15,104.0,104.0,92.0,149.0,119.0
1774879248000,2.0,2.0,2.0,2.0,2.0,556.0,538.0,504.0,548.0,100.0,100.0,100.0,100.0,25.15,25.01,25.04,25.12,110.0,97.0,98.0,144.0,131.0
1774879549000,2.0,2.0,2.0,2.0,2.0,527.0,550.0,459.0,559.0,100.0,100.0,100.0,100.0,25.15,24.99,25.03,25.11,123.0,109.0,102.0,149.0,124.0
1774879850000,2.0,2.0,2.0,2.0,2.0,538.0,588.0,485.0,524.0,100.0,100.0,100.0,100.0,25.13,24.98,25.02,25.09,113.0,102.0,86.0,138.0,123.0
1774880150000,2.0,2.0,2.0,2.0,2.0,520.0,541.0,525.0,548.0,100.0,100.0,100.0,100.0,25.12,24.98,24.99,25.1,104.0,96.0,101.0,143.0,120.0
1774880451000,2.0,2.0,2.0,2.0,2.0,555.0,555.0,496.0,560.0,100.0,100.0,100.0,100.0,25.11,24.95,24.98,25.07,120.0,108.0,100.0,150.0,122.0
1774880751000,2.0,2.0,2.0,2.0,2.0,523.0,529.0,510.0,549.0,100.0,100.0,100.0,100.0,25.09,24.93,24.97,25.05,126.0,106.0,97.0,144.0,118.0
1774881052000,2.0,2.0,2.0,2.0,2.0,559.0,561.0,530.0,553.0,100.0,100.0,100.0,100.0,25.08,24.93,24.97,25.05,115.0,99.0,95.0,143.0,135.0
1774881352000,2.0,2.0,2.0,2.0,2.0,526.0,581.0,545.0,549.0,100.0,100.0,100.0,100.0,25.07,24.91,24.96,25.03,108.0,94.0,95.0,141.0,126.0
1774881653000,2.0,2.0,2.0,2.0,2.0,543.0,530.0,517.0,566.0,100.0,100.0,100.0,100.0,25.07,24.9,24.94,25.01,120.0,111.0,99.0,143.0,116.0
1774881954000,2.0,2.0,2.0,2.0,2.0,538.0,531.0,523.0,554.0,100.0,100.0,100.0,100.0,25.04,24.89,24.94,25.02,114.0,100.0,108.0,139.0,101.0
1774882254000,2.0,2.0,2.0,2.0,2.0,556.0,555.0,532.0,554.0,100.0,100.0,100.0,100.0,25.03,24.89,24.93,24.99,111.0,104.0,93.0,134.0,108.0
1774882555000,2.0,2.0,2.0,2.0,2.0,537.0,537.0,488.0,560.0,100.0,100.0,100.0,100.0,25.03,24.86,24.9,24.99,105.0,99.0,97.0,136.0,119.0
1774882855000,2.0,2.0,2.0,2.0,2.0,526.0,566.0,521.0,553.0,100.0,100.0,100.0,100.0,25.01,24.84,24.89,24.96,114.0,99.0,99.0,144.0,123.0
1774883156000,2.0,2.0,2.0,2.0,2.0,534.0,553.0,532.0,544.0,100.0,100.0,100.0,100.0,24.99,24.84,24.87,24.94,116.0,81.0,92.0,136.0,109.0
1774883456000,2.0,2.0,2.0,2.0,2.0,560.0,529.0,521.0,542.0,100.0,100.0,100.0,100.0,24.96,24.83,24.85,24.94,115.0,104.0,95.0,142.0,124.0
1774883757000,2.0,2.0,2.0,2.0,2.0,540.0,543.0,530.0,569.0,100.0,100.0,100.0,100.0,24.96,24.81,24.83,24.92,117.0,104.0,94.0,114.0,102.0
1774884058000,2.0,2.0,2.0,2.0,2.0,574.0,549.0,546.0,535.0,100.0,100.0,100.0,100.0,24.94,24.79,24.83,24.9,114.0,101.0,87.0,124.0,106.0
1774884358000,2.0,2.0,2.0,2.0,2.0,532.0,529.0,551.0,597.0,100.0,100.0,100.0,100.0,24.93,24.78,24.82,24.9,116.0,105.0,97.0,138.0,110.0
1774884659000,2.0,2.0,2.0,2.0,2.0,578.0,556.0,538.0,542.0,100.0,100.0,100.0,100.0,24.94,24.78,24.81,24.87,117.0,83.0,95.0,151.0,118.0
1774884959000,2.0,2.0,2.0,2.0,2.0,534.0,534.0,499.0,511.0,100.0,100.0,100.0,100.0,24.91,24.77,24.81,24.86,106.0,100.0,96.0,146.0,119.0
1774885260000,2.0,2.0,2.0,2.0,2.0,564.0,588.0,537.0,565.0,100.0,100.0,100.0,100.0,24.89,24.76,24.79,24.86,107.0,102.0,97.0,138.0,107.0
1774885560000,2.0,2.0,2.0,2.0,2.0,571.0,539.0,538.0,573.0,100.0,100.0,100.0,100.0,24.9,24.74,24.78,24.85,105.0,96.0,95.0,130.0,106.0
1774885861000,2.0,2.0,2.0,2.0,2.0,542.0,562.0,559.0,578.0,100.0,100.0,100.0,100.0,24.87,24.73,24.77,24.83,109.0,92.0,96.0,123.0,113.0
1774886162000,2.0,2.0,2.0,2.0,2.0,572.0,574.0,552.0,578.0,100.0,100.0,100.0,100.0,24.85,24.71,24.75,24.83,114.0,103.0,93.0,136.0,126.0
1774886462000,2.0,2.0,2.0,2.0,2.0,563.0,554.0,526.0,558.0,100.0,100.0,100.0,100.0,24.84,24.69,24.74,24.81,107.0,92.0,87.0,131.0,125.0
1774886763000,2.0,2.0,2.0,2.0,2.0,550.0,561.0,532.0,585.0,100.0,100.0,100.0,100.0,24.81,24.68,24.73,24.81,109.0,100.0,95.0,146.0,106.0
1774887063000,2.0,2.0,2.0,2.0,2.0,564.0,606.0,535.0,570.0,100.0,100.0,100.0,100.0,24.79,24.66,24.71,24.78,108.0,102.0,96.0,124.0,102.0
1774887364000,2.0,2.0,2.0,2.0,2.0,527.0,569.0,532.0,567.0,100.0,100.0,100.0,100.0,24.81,24.65,24.69,24.77,109.0,97.0,86.0,115.0,99.0
1774887664000,2.0,2.0,2.0,2.0,2.0,578.0,551.0,526.0,577.0,100.0,100.0,100.0,100.0,24.78,24.63,24.69,24.77,110.0,96.0,90.0,126.0,101.0
1774887965000,2.0,2.0,2.0,2.0,2.0,544.0,557.0,538.0,549.0,100.0,100.0,100.0,100.0,24.77,24.62,24.68,24.76,110.0,100.0,86.0,126.0,104.0
1774888266000,2.0,2.0,2.0,2.0,2.0,584.0,573.0,516.0,572.0,100.0,100.0,100.0,100.0,24.77,24.64,24.66,24.75,107.0,89.0,87.0,119.0,104.0
1774888566000,2.0,2.0,2.0,2.0,2.0,571.0,563.0,528.0,558.0,100.0,100.0,100.0,100.0,24.75,24.61,24.65,24.73,97.0,93.0,80.0,124.0,97.0
1774888867000,2.0,2.0,2.0,2.0,2.0,558.0,568.0,516.0,573.0,100.0,100.0,100.0,100.0,24.73,24.59,24.64,24.71,104.0,91.0,82.0,129.0,103.0
1774889167000,2.0,2.0,2.0,2.0,2.0,524.0,575.0,535.0,555.0,100.0,100.0,100.0,100.0,24.73,24.58,24.63,24.69,92.0,87.0,80.0,124.0,100.0
1774889468000,2.0,2.0,2.0,2.0,2.0,564.0,555.0,509.0,549.0,100.0,100.0,100.0,100.0,24.71,24.57,24.6,24.69,98.0,85.0,79.0,133.0,104.0
1774889768000,2.0,2.0,2.0,2.0,2.0,570.0,560.0,531.0,549.0,100.0,100.0,100.0,100.0,24.69,24.54,24.6,24.66,94.0,82.0,87.0,130.0,103.0
1774890069000,2.0,2.0,2.0,2.0,2.0,565.0,587.0,557.0,565.0,100.0,100.0,100.0,100.0,24.66,24.52,24.57,24.66,99.0,82.0,78.0,114.0,95.0
1774890370000,2.0,2.0,2.0,2.0,2.0,574.0,576.0,550.0,573.0,100.0,100.0,100.0,100.0,24.64,24.52,24.55,24.62,97.0,80.0,75.0,118.0,98.0
1774890670000,2.0,2.0,1.0,2.0,2.0,561.0,610.0,517.0,579.0,100.0,100.0,100.0,100.0,24.63,24.48,24.53,24.62,89.0,73.0,72.0,121.0,111.0
1774890971000,2.0,2.0,2.0,2.0,2.0,593.0,593.0,548.0,568.0,100.0,100.0,100.0,100.0,24.6,24.47,24.52,24.61,80.0,85.0,81.0,133.0,105.0
1774891271000,2.0,2.0,2.0,2.0,2.0,564.0,582.0,563.0,582.0,100.0,100.0,100.0,100.0,24.58,24.45,24.5,24.6,94.0,84.0,79.0,126.0,95.0
1774891572000,2.0,2.0,2.0,2.0,2.0,537.0,605.0,580.0,572.0,100.0,100.0,100.0,100.0,24.58,24.45,24.48,24.59,102.0,101.0,77.0,102.0,87.0
1774891872000,2.0,2.0,2.0,2.0,2.0,551.0,564.0,567.0,601.0,100.0,100.0,100.0,100.0,24.57,24.44,24.48,24.56,102.0,83.0,71.0,111.0,87.0
1774892173000,2.0,2.0,2.0,2.0,2.0,544.0,599.0,532.0,551.0,100.0,100.0,100.0,100.0,24.55,24.43,24.47,24.55,83.0,83.0,79.0,114.0,99.0
1774892474000,2.0,2.0,2.0,2.0,2.0,558.0,592.0,518.0,578.0,100.0,100.0,100.0,100.0,24.54,24.41,24.47,24.52,86.0,85.0,84.0,119.0,94.0
1774892774000,2.0,2.0,2.0,2.0,2.0,532.0,584.0,522.0,607.0,100.0,100.0,100.0,100.0,24.54,24.41,24.45,24.53,102.0,87.0,82.0,104.0,83.0
1774893075000,2.0,2.0,2.0,2.0,2.0,530.0,577.0,571.0,579.0,100.0,100.0,100.0,100.0,24.55,24.42,24.44,24.52,100.0,87.0,72.0,111.0,88.0
1774893375000,2.0,2.0,2.0,2.0,2.0,542.0,605.0,580.0,568.0,100.0,100.0,100.0,100.0,24.54,24.4,24.42,24.5,101.0,89.0,80.0,119.0,91.0
1774893676000,2.0,2.0,2.0,2.0,2.0,544.0,585.0,521.0,557.0,100.0,100.0,100.0,100.0,24.53,24.39,24.43,24.5,91.0,88.0,82.0,121.0,95.0
1774893976000,2.0,,2.0,2.0,,549.0,,559.0,555.0,100.0,,100.0,100.0,24.52,,24.42,24.48,92.0,,79.0,113.0,
1774894277000,2.0,2.0,2.0,2.0,2.0,546.0,542.0,557.0,558.0,100.0,100.0,100.0,100.0,24.51,24.39,24.43,24.49,89.0,86.0,81.0,122.0,91.0
1774894578000,2.0,2.0,2.0,2.0,2.0,546.0,546.0,548.0,543.0,100.0,100.0,100.0,100.0,24.52,24.38,24.4,24.47,100.0,91.0,78.0,106.0,92.0
1774894878000,2.0,2.0,2.0,2.0,2.0,529.0,554.0,572.0,565.0,100.0,100.0,100.0,100.0,24.5,24.38,24.4,24.46,100.0,85.0,77.0,102.0,84.0
1774895179000,2.0,2.0,2.0,2.0,2.0,549.0,560.0,567.0,544.0,100.0,100.0,100.0,100.0,24.51,24.38,24.4,24.45,97.0,83.0,79.0,109.0,91.0
1774895479000,2.0,2.0,2.0,2.0,2.0,524.0,529.0,551.0,529.0,100.0,100.0,100.0,100.0,24.49,24.37,24.39,24.45,97.0,88.0,85.0,106.0,89.0
1774895780000,2.0,2.0,2.0,2.0,2.0,540.0,552.0,544.0,528.0,100.0,100.0,100.0,100.0,24.49,24.38,24.37,24.44,82.0,79.0,70.0,106.0,89.0
1774896080000,2.0,2.0,2.0,2.0,2.0,572.0,564.0,528.0,528.0,100.0,100.0,100.0,100.0,24.49,24.36,24.38,24.42,81.0,72.0,70.0,125.0,85.0
1774896381000,2.0,2.0,1.0,2.0,2.0,523.0,541.0,582.0,533.0,100.0,100.0,100.0,100.0,24.48,24.34,24.37,24.43,78.0,74.0,67.0,105.0,88.0
1774896682000,2.0,2.0,2.0,2.0,2.0,532.0,566.0,533.0,559.0,100.0,100.0,100.0,100.0,24.46,24.34,24.35,24.41,76.0,74.0,71.0,100.0,85.0
1774896982000,2.0,2.0,2.0,2.0,2.0,559.0,563.0,542.0,522.0,100.0,100.0,100.0,100.0,24.45,24.32,24.34,24.4,81.0,74.0,69.0,115.0,88.0
1774897283000,2.0,2.0,2.0,2.0,2.0,543.0,562.0,541.0,549.0,100.0,100.0,100.0,100.0,24.44,24.31,24.34,24.39,83.0,70.0,71.0,117.0,103.0
1774897583000,2.0,1.0,1.0,2.0,2.0,576.0,564.0,581.0,564.0,100.0,100.0,100.0,100.0,24.41,24.28,24.32,24.38,70.0,66.0,64.0,108.0,91.0
1774897884000,2.0,1.0,2.0,2.0,2.0,549.0,573.0,559.0,553.0,100.0,100.0,100.0,100.0,24.39,24.26,24.3,24.37,70.0,70.0,68.0,106.0,98.0
1774898184000,2.0,1.0,1.0,2.0,2.0,550.0,588.0,533.0,576.0,100.0,100.0,100.0,100.0,24.38,24.25,24.29,24.35,74.0,62.0,66.0,110.0,90.0
1774898485000,2.0,1.0,2.0,2.0,2.0,570.0,527.0,573.0,566.0,100.0,100.0,100.0,100.0,24.35,24.22,24.26,24.34,80.0,65.0,68.0,112.0,90.0
1774898785000,1.0,1.0,1.0,2.0,2.0,572.0,623.0,567.0,542.0,100.0,100.0,100.0,100.0,24.34,24.2,24.25,24.32,58.0,58.0,62.0,96.0,90.0
1774899086000,1.0,1.0,1.0,2.0,2.0,579.0,616.0,579.0,585.0,100.0,100.0,100.0,100.0,24.31,24.2,24.22,24.31,58.0,55.0,56.0,90.0,94.0
1774899387000,1.0,1.0,1.0,2.0,2.0,524.0,580.0,550.0,556.0,100.0,100.0,100.0,100.0,24.29,24.16,24.21,24.29,47.0,51.0,61.0,93.0,81.0
1774899687000,1.0,1.0,1.0,2.0,2.0,568.0,605.0,588.0,580.0,100.0,100.0,100.0,100.0,24.25,24.14,24.17,24.26,56.0,52.0,60.0,94.0,83.0
1774899988000,1.0,1.0,1.0,2.0,2.0,605.0,621.0,619.0,615.0,100.0,100.0,100.0,100.0,24.22,24.11,24.17,24.25,56.0,48.0,42.0,100.0,77.0
1774900288000,2.0,1.0,1.0,2.0,2.0,628.0,599.0,624.0,581.0,100.0,100.0,100.0,100.0,24.2,24.09,24.14,24.23,67.0,63.0,60.0,95.0,90.0
1774900589000,1.0,1.0,1.0,2.0,2.0,624.0,620.0,618.0,634.0,100.0,100.0,100.0,100.0,24.2,24.08,24.14,24.22,53.0,51.0,50.0,86.0,71.0
1774900889000,1.0,1.0,1.0,2.0,2.0,648.0,642.0,640.0,618.0,100.0,100.0,100.0,100.0,24.18,24.06,24.12,24.22,52.0,40.0,48.0,77.0,65.0
1774901190000,1.0,1.0,1.0,2.0,2.0,628.0,621.0,633.0,629.0,100.0,100.0,100.0,100.0,24.19,24.07,24.12,24.2,54.0,46.0,50.0,90.0,77.0
1774901491000,2.0,1.0,1.0,2.0,2.0,631.0,602.0,614.0,610.0,100.0,100.0,100.0,100.0,24.18,24.06,24.12,24.22,69.0,58.0,62.0,81.0,87.0
1774901791000,2.0,2.0,2.0,2.0,2.0,612.0,635.0,635.0,575.0,100.0,100.0,100.0,100.0,24.2,24.09,24.11,24.21,77.0,70.0,70.0,111.0,88.0
1774902092000,1.0,1.0,1.0,2.0,2.0,608.0,626.0,609.0,653.0,100.0,100.0,100.0,100.0,24.2,24.09,24.14,24.22,67.0,64.0,62.0,99.0,83.0
1774902392000,1.0,1.0,1.0,2.0,2.0,569.0,621.0,610.0,609.0,100.0,100.0,100.0,100.0,24.21,24.09,24.14,24.22,61.0,52.0,57.0,86.0,73.0
1774902693000,1.0,1.0,1.0,2.0,1.0,601.0,620.0,592.0,592.0,100.0,100.0,100.0,100.0,24.22,24.1,24.14,24.24,60.0,42.0,36.0,76.0,60.0
1774902993000,1.0,1.0,1.0,2.0,1.0,615.0,607.0,603.0,586.0,100.0,100.0,100.0,100.0,24.2,24.1,24.15,24.24,49.0,44.0,44.0,77.0,62.0
1774903294000,1.0,1.0,1.0,2.0,2.0,572.0,611.0,615.0,583.0,100.0,100.0,100.0,100.0,24.21,24.1,24.15,24.24,60.0,57.0,56.0,86.0,74.0
1774903595000,1.0,1.0,1.0,2.0,2.0,574.0,599.0,590.0,602.0,100.0,100.0,100.0,100.0,24.23,24.11,24.16,24.26,60.0,39.0,54.0,84.0,81.0
1774903895000,1.0,1.0,1.0,2.0,2.0,553.0,593.0,639.0,609.0,100.0,100.0,100.0,100.0,24.25,24.12,24.16,24.25,62.0,57.0,64.0,103.0,90.0
1774904196000,2.0,1.0,1.0,2.0,2.0,553.0,592.0,577.0,623.0,100.0,100.0,100.0,100.0,24.26,24.14,24.19,24.26,72.0,66.0,63.0,102.0,78.0
1774904496000,1.0,1.0,1.0,2.0,1.0,545.0,564.0,590.0,553.0,100.0,100.0,100.0,100.0,24.26,24.14,24.18,24.29,56.0,49.0,33.0,74.0,62.0
1774904797000,1.0,1.0,1.0,2.0,2.0,544.0,595.0,553.0,579.0,100.0,100.0,100.0,100.0,24.26,24.15,24.17,24.28,57.0,49.0,54.0,92.0,74.0
1774905097000,1.0,1.0,1.0,2.0,2.0,540.0,556.0,571.0,608.0,100.0,100.0,100.0,100.0,24.27,24.17,24.19,24.28,62.0,60.0,63.0,100.0,98.0
1774905398000,2.0,1.0,1.0,2.0,2.0,541.0,560.0,594.0,553.0,100.0,100.0,100.0,100.0,24.29,24.17,24.2,24.28,70.0,61.0,64.0,93.0,83.0
1774905699000,1.0,1.0,1.0,2.0,2.0,576.0,568.0,576.0,548.0,100.0,100.0,100.0,100.0,24.29,24.18,24.22,24.29,64.0,57.0,59.0,102.0,78.0
1774905999000,2.0,1.0,1.0,2.0,2.0,573.0,601.0,562.0,543.0,100.0,100.0,100.0,100.0,24.3,24.19,24.21,24.3,71.0,68.0,61.0,115.0,85.0
1774906300000,1.0,1.0,1.0,2.0,2.0,580.0,607.0,580.0,555.0,100.0,100.0,100.0,100.0,24.31,24.2,24.23,24.32,59.0,53.0,64.0,106.0,80.0
1774906600000,1.0,1.0,1.0,2.0,2.0,542.0,522.0,530.0,527.0,100.0,100.0,100.0,100.0,24.33,24.19,24.23,24.31,61.0,50.0,50.0,84.0,72.0
1774906901000,1.0,1.0,1.0,2.0,2.0,564.0,590.0,521.0,534.0,100.0,100.0,100.0,100.0,24.33,24.23,24.24,24.33,64.0,60.0,59.0,94.0,92.0
1774907201000,2.0,1.0,1.0,2.0,2.0,523.0,555.0,577.0,548.0,100.0,100.0,100.0,100.0,24.34,24.21,24.25,24.33,76.0,59.0,64.0,102.0,80.0
1774907502000,2.0,2.0,1.0,2.0,2.0,504.0,593.0,548.0,558.0,100.0,100.0,100.0,100.0,24.35,24.23,24.25,24.34,68.0,69.0,64.0,98.0,77.0
1774907803000,1.0,1.0,1.0,2.0,2.0,521.0,563.0,561.0,569.0,100.0,100.0,100.0,100.0,24.35,24.23,24.25,24.36,64.0,44.0,58.0,98.0,88.0
1774908103000,2.0,1.0,1.0,2.0,2.0,553.0,563.0,521.0,544.0,100.0,100.0,100.0,100.0,24.36,24.23,24.26,24.34,73.0,57.0,42.0,87.0,82.0
1774908404000,1.0,1.0,1.0,2.0,2.0,534.0,571.0,527.0,547.0,100.0,100.0,100.0,100.0,24.37,24.23,24.24,24.34,61.0,60.0,59.0,83.0,83.0
1774908704000,2.0,1.0,1.0,2.0,2.0,514.0,574.0,560.0,551.0,100.0,100.0,100.0,100.0,24.36,24.24,24.25,24.34,70.0,66.0,62.0,105.0,84.0
1774909005000,1.0,1.0,1.0,2.0,2.0,509.0,552.0,558.0,575.0,100.0,100.0,100.0,100.0,24.36,24.23,24.26,24.36,59.0,56.0,58.0,103.0,87.0
1774909305000,2.0,1.0,1.0,2.0,2.0,541.0,561.0,532.0,507.0,100.0,100.0,100.0,100.0,24.34,24.24,24.26,24.36,71.0,59.0,58.0,98.0,86.0
1774909606000,1.0,1.0,1.0,2.0,2.0,499.0,558.0,531.0,523.0,100.0,100.0,100.0,100.0,24.36,24.24,24.25,24.35,65.0,58.0,59.0,104.0,79.0
1774909907000,2.0,1.0,1.0,2.0,2.0,541.0,563.0,576.0,502.0,100.0,100.0,100.0,100.0,24.36,24.23,24.25,24.35,69.0,62.0,54.0,95.0,79.0
1774910207000,1.0,1.0,1.0,2.0,2.0,533.0,563.0,550.0,528.0,100.0,100.0,100.0,100.0,24.36,24.23,24.26,24.34,69.0,56.0,62.0,99.0,80.0
1774910508000,2.0,1.0,1.0,2.0,2.0,505.0,574.0,510.0,522.0,100.0,100.0,100.0,100.0,24.35,24.23,24.25,24.35,68.0,59.0,56.0,101.0,95.0
1774910808000,2.0,1.0,1.0,2.0,2.0,575.0,583.0,508.0,525.0,100.0,100.0,100.0,100.0,24.35,24.22,24.27,24.34,73.0,62.0,60.0,100.0,83.0
1774911109000,2.0,1.0,1.0,2.0,2.0,522.0,525.0,543.0,536.0,100.0,100.0,100.0,100.0,24.36,24.22,24.24,24.33,67.0,60.0,54.0,99.0,77.0
1774911409000,2.0,1.0,1.0,2.0,2.0,553.0,553.0,530.0,520.0,100.0,100.0,100.0,100.0,24.35,24.2,24.23,24.33,70.0,52.0,55.0,88.0,75.0
1774911710000,2.0,1.0,1.0,2.0,2.0,528.0,559.0,507.0,532.0,100.0,100.0,100.0,100.0,24.33,24.22,24.23,24.32,66.0,63.0,62.0,100.0,81.0
1774912011000,1.0,1.0,1.0,2.0,2.0,516.0,522.0,541.0,535.0,100.0,100.0,100.0,100.0,24.33,24.2,24.23,24.31,60.0,64.0,61.0,98.0,83.0
1774912311000,1.0,1.0,1.0,2.0,2.0,534.0,564.0,539.0,481.0,100.0,100.0,100.0,100.0,24.32,24.18,24.2,24.3,56.0,55.0,46.0,89.0,70.0
1774912612000,1.0,1.0,1.0,2.0,2.0,539.0,551.0,522.0,557.0,100.0,100.0,100.0,100.0,24.31,24.16,24.18,24.28,62.0,58.0,52.0,99.0,84.0
1774912912000,1.0,1.0,1.0,2.0,2.0,537.0,558.0,543.0,544.0,100.0,100.0,100.0,100.0,24.28,24.14,24.17,24.26,60.0,56.0,54.0,97.0,77.0
1774913213000,2.0,1.0,1.0,2.0,2.0,510.0,554.0,561.0,556.0,100.0,100.0,100.0,100.0,24.27,24.15,24.18,24.25,72.0,66.0,59.0,101.0,77.0
1774913513000,2.0,1.0,2.0,2.0,2.0,552.0,585.0,520.0,504.0,100.0,100.0,100.0,100.0,24.25,24.14,24.18,24.24,69.0,68.0,68.0,106.0,90.0
1774913814000,2.0,2.0,2.0,2.0,2.0,523.0,580.0,533.0,529.0,100.0,100.0,100.0,100.0,24.27,24.14,24.15,24.24,70.0,69.0,67.0,96.0,89.0
1774914114000,2.0,2.0,2.0,2.0,2.0,535.0,551.0,537.0,541.0,100.0,100.0,100.0,100.0,24.27,24.14,24.17,24.25,81.0,78.0,81.0,122.0,84.0
1774914415000,2.0,2.0,2.0,2.0,2.0,534.0,516.0,551.0,515.0,100.0,100.0,100.0,100.0,24.28,24.14,24.16,24.25,87.0,76.0,73.0,104.0,81.0
1774914716000,2.0,2.0,2.0,2.0,2.0,529.0,551.0,538.0,572.0,100.0,100.0,100.0,100.0,24.3,24.15,24.19,24.27,86.0,77.0,78.0,95.0,79.0
1774915016000,2.0,1.0,1.0,2.0,2.0,516.0,565.0,559.0,501.0,100.0,100.0,100.0,100.0,24.3,24.18,24.19,24.26,78.0,58.0,64.0,96.0,86.0
1774915317000,2.0,1.0,1.0,2.0,2.0,534.0,569.0,575.0,548.0,100.0,100.0,100.0,100.0,24.31,24.19,24.2,24.29,75.0,61.0,60.0,99.0,84.0
1774915617000,2.0,1.0,1.0,2.0,2.0,529.0,575.0,575.0,530.0,100.0,100.0,100.0,100.0,24.32,24.18,24.21,24.3,74.0,61.0,62.0,90.0,85.0
1774915918000,2.0,1.0,1.0,2.0,2.0,539.0,581.0,552.0,511.0,100.0,100.0,100.0,100.0,24.34,24.2,24.23,24.31,76.0,62.0,64.0,97.0,84.0
1774916218000,2.0,1.0,1.0,2.0,2.0,523.0,544.0,546.0,535.0,100.0,100.0,100.0,100.0,24.36,24.23,24.24,24.32,88.0,69.0,63.0,107.0,93.0
1774916519000,2.0,1.0,1.0,2.0,2.0,525.0,539.0,551.0,521.0,100.0,100.0,100.0,100.0,24.36,24.24,24.25,24.34,77.0,62.0,57.0,98.0,71.0
1774916820000,1.0,1.0,1.0,2.0,1.0,524.0,526.0,531.0,552.0,100.0,100.0,100.0,100.0,24.38,24.28,24.28,24.37,60.0,41.0,38.0,70.0,66.0
1774917120000,1.0,1.0,1.0,2.0,1.0,527.0,555.0,549.0,538.0,100.0,100.0,100.0,100.0,24.41,24.3,24.29,24.4,62.0,54.0,46.0,80.0,43.0
1774917421000,1.0,1.0,1.0,1.0,1.0,502.0,536.0,541.0,544.0,100.0,100.0,100.0,100.0,24.44,24.33,24.31,24.43,55.0,43.0,33.0,65.0,51.0
1774917721000,1.0,1.0,1.0,2.0,1.0,521.0,543.0,500.0,555.0,100.0,100.0,100.0,100.0,24.48,24.35,24.34,24.46,59.0,51.0,64.0,90.0,67.0
1774918022000,1.0,1.0,1.0,2.0,1.0,537.0,565.0,532.0,530.0,100.0,100.0,100.0,100.0,24.49,24.4,24.37,24.49,61.0,50.0,53.0,92.0,66.0
1774918322000,2.0,1.0,2.0,2.0,1.0,532.0,521.0,511.0,536.0,100.0,100.0,100.0,100.0,24.53,24.42,24.41,24.54,67.0,64.0,75.0,93.0,70.0
1774918623000,1.0,1.0,1.0,1.0,1.0,537.0,547.0,504.0,506.0,100.0,100.0,100.0,100.0,24.57,24.48,24.44,24.57,59.0,64.0,35.0,46.0,46.0
1774918924000,1.0,1.0,1.0,1.0,1.0,528.0,544.0,475.0,548.0,100.0,100.0,100.0,100.0,24.61,24.49,24.46,24.61,52.0,40.0,52.0,56.0,46.0
1774919224000,2.0,1.0,2.0,2.0,2.0,521.0,537.0,500.0,539.0,100.0,100.0,100.0,100.0,24.64,24.54,24.52,24.66,73.0,58.0,83.0,93.0,76.0
1774919525000,2.0,1.0,2.0,2.0,1.0,530.0,505.0,522.0,511.0,100.0,100.0,100.0,100.0,24.7,24.58,24.56,24.69,66.0,61.0,88.0,80.0,47.0
1774919825000,1.0,1.0,2.0,2.0,1.0,551.0,559.0,545.0,533.0,100.0,100.0,100.0,100.0,24.75,24.64,24.6,24.74,52.0,45.0,86.0,85.0,61.0
1774920126000,1.0,1.0,2.0,2.0,2.0,556.0,565.0,490.0,509.0,100.0,100.0,100.0,100.0,24.8,24.68,24.64,24.79,51.0,41.0,81.0,88.0,72.0
1774920426000,2.0,1.0,1.0,1.0,2.0,522.0,545.0,548.0,525.0,100.0,100.0,100.0,100.0,24.86,24.74,24.69,24.82,71.0,67.0,39.0,55.0,84.0
1774920727000,1.0,1.0,1.0,1.0,1.0,509.0,546.0,527.0,497.0,100.0,100.0,100.0,100.0,24.9,24.81,24.74,24.89,58.0,52.0,56.0,68.0,54.0
1774921028000,1.0,1.0,1.0,1.0,1.0,526.0,528.0,511.0,524.0,100.0,100.0,100.0,100.0,24.96,24.85,24.78,24.93,53.0,41.0,34.0,61.0,41.0
1774921328000,1.0,1.0,1.0,1.0,1.0,490.0,565.0,511.0,498.0,100.0,100.0,100.0,99.98,25.0,24.87,24.83,25.0,52.0,32.0,66.0,59.0,41.0
1774921629000,1.0,2.0,2.0,2.0,1.0,526.0,541.0,532.0,502.0,100.0,100.0,100.0,99.94,25.05,24.94,24.87,25.07,44.0,68.0,93.0,79.0,46.0
1774921929000,1.0,2.0,2.0,2.0,1.0,508.0,517.0,523.0,487.0,100.0,100.0,100.0,99.94,25.11,24.99,24.94,25.13,29.0,86.0,85.0,78.0,63.0
1774922230000,1.0,2.0,2.0,1.0,1.0,479.0,491.0,490.0,491.0,99.96,100.0,99.95,99.04,25.18,25.05,25.0,25.2,45.0,81.0,69.0,43.0,64.0
1774922530000,1.0,1.0,2.0,2.0,2.0,503.0,501.0,510.0,507.0,99.85,100.0,100.0,99.4,25.26,25.13,25.09,25.3,46.0,68.0,95.0,98.0,70.0
1774922831000,1.0,2.0,2.0,2.0,2.0,501.0,506.0,554.0,518.0,99.92,100.0,100.0,100.0,25.33,25.23,25.16,25.39,50.0,84.0,104.0,104.0,87.0
1774923132000,1.0,2.0,2.0,2.0,2.0,502.0,533.0,476.0,522.0,100.0,100.0,100.0,99.99,25.42,25.3,25.23,25.47,65.0,94.0,108.0,101.0,76.0
1774923432000,2.0,2.0,2.0,2.0,2.0,523.0,557.0,502.0,538.0,100.0,100.0,100.0,99.9,25.52,25.37,25.31,25.59,75.0,91.0,114.0,120.0,89.0
1774923733000,2.0,2.0,2.0,2.0,2.0,502.0,521.0,521.0,487.0,100.0,100.0,100.0,100.0,25.59,25.43,25.4,25.69,108.0,105.0,138.0,130.0,128.0
1774924033000,2.0,2.0,2.0,2.0,2.0,536.0,521.0,533.0,549.0,100.0,100.0,100.0,100.0,25.65,25.52,25.47,25.77,107.0,106.0,136.0,126.0,118.0
1774924334000,2.0,2.0,2.0,2.0,2.0,519.0,506.0,532.0,527.0,100.0,100.0,100.0,100.0,25.73,25.6,25.54,25.86,102.0,116.0,145.0,125.0,127.0
1774924634000,2.0,2.0,2.0,2.0,2.0,531.0,520.0,511.0,489.0,100.0,100.0,100.0,100.0,25.85,25.72,25.65,25.97,101.0,117.0,137.0,141.0,122.0
1774924935000,2.0,2.0,2.0,2.0,2.0,484.0,507.0,507.0,524.0,100.0,100.0,100.0,100.0,25.97,25.84,25.77,26.09,97.0,109.0,129.0,125.0,128.0
1774925236000,2.0,2.0,2.0,2.0,2.0,498.0,515.0,537.0,508.0,100.0,100.0,100.0,100.0,26.1,25.96,25.9,26.22,94.0,113.0,139.0,152.0,159.0
1774925536000,2.0,2.0,2.0,2.0,2.0,494.0,553.0,508.0,489.0,100.0,100.0,100.0,100.0,26.24,26.1,26.03,26.35,101.0,110.0,150.0,144.0,139.0
1774925837000,2.0,2.0,2.0,2.0,2.0,502.0,526.0,478.0,521.0,100.0,100.0,100.0,100.0,26.37,26.24,26.16,26.5,105.0,105.0,139.0,131.0,130.0
1774926137000,2.0,2.0,2.0,2.0,2.0,509.0,514.0,510.0,547.0,100.0,100.0,100.0,99.74,26.52,26.39,26.29,26.64,105.0,114.0,152.0,139.0,145.0
1774926438000,2.0,2.0,2.0,2.0,2.0,515.0,544.0,500.0,505.0,99.81,99.82,100.0,99.19,26.66,26.52,26.43,26.78,102.0,117.0,137.0,126.0,124.0
1774926738000,2.0,2.0,2.0,2.0,2.0,504.0,511.0,507.0,500.0,99.76,99.65,100.0,98.99,26.81,26.66,26.57,26.93,103.0,115.0,148.0,162.0,174.0
1774927039000,2.0,2.0,2.0,2.0,2.0,557.0,519.0,526.0,523.0,99.33,98.71,100.0,98.47,26.96,26.8,26.72,27.07,110.0,122.0,156.0,147.0,163.0
1774927340000,2.0,2.0,2.0,2.0,2.0,491.0,522.0,508.0,512.0,98.53,97.95,99.98,98.37,27.1,26.94,26.85,27.23,111.0,127.0,138.0,145.0,139.0
1774927640000,2.0,2.0,2.0,2.0,2.0,452.0,514.0,523.0,502.0,98.1,97.56,99.97,98.06,27.24,27.08,27.0,27.36,99.0,122.0,154.0,169.0,154.0
1774927941000,2.0,2.0,2.0,2.0,2.0,483.0,520.0,488.0,512.0,97.8,96.65,98.81,97.58,27.38,27.21,27.14,27.52,108.0,119.0,152.0,157.0,163.0
1774928241000,2.0,2.0,2.0,2.0,2.0,457.0,501.0,500.0,504.0,96.91,95.74,97.52,96.6,27.53,27.36,27.27,27.67,108.0,120.0,139.0,141.0,153.0
1774928542000,2.0,2.0,2.0,2.0,2.0,504.0,510.0,503.0,507.0,96.55,95.79,96.52,95.16,27.65,27.49,27.41,27.8,114.0,123.0,142.0,154.0,166.0
1774928842000,2.0,2.0,2.0,2.0,2.0,511.0,505.0,487.0,473.0,95.57,94.8,96.46,94.72,27.78,27.61,27.52,27.93,107.0,116.0,151.0,160.0,147.0
1774929143000,2.0,2.0,2.0,2.0,2.0,507.0,501.0,514.0,506.0,95.16,93.93,96.73,94.91,27.88,27.72,27.66,28.06,107.0,119.0,160.0,184.0,180.0
1774929444000,2.0,2.0,2.0,2.0,2.0,485.0,500.0,530.0,471.0,95.39,94.74,95.81,94.32,28.02,27.83,27.77,28.18,118.0,146.0,165.0,161.0,131.0
1774929744000,2.0,2.0,2.0,2.0,2.0,500.0,509.0,521.0,519.0,94.31,93.93,94.9,93.26,28.1,27.93,27.87,28.28,108.0,127.0,157.0,158.0,151.0
1774930045000,2.0,2.0,2.0,2.0,2.0,484.0,511.0,506.0,473.0,93.78,93.53,95.38,94.17,28.2,28.04,28.0,28.43,113.0,131.0,151.0,202.0,201.0
1774930345000,2.0,2.0,2.0,2.0,2.0,497.0,541.0,485.0,475.0,94.24,93.53,95.08,93.63,28.3,28.14,28.1,28.54,140.0,152.0,187.0,204.0,178.0
1774930646000,2.0,2.0,2.0,2.0,2.0,469.0,521.0,488.0,524.0,93.9,93.11,94.2,93.1,28.39,28.22,28.18,28.64,123.0,119.0,144.0,154.0,168.0
1774930946000,2.0,2.0,2.0,2.0,2.0,492.0,484.0,462.0,474.0,93.98,93.15,93.63,92.56,28.46,28.29,28.26,28.72,110.0,130.0,145.0,165.0,155.0
1774931247000,2.0,2.0,2.0,2.0,2.0,490.0,520.0,493.0,487.0,93.61,92.9,93.08,92.3,28.53,28.36,28.35,28.81,119.0,135.0,152.0,166.0,161.0
1774931548000,2.0,2.0,2.0,2.0,2.0,472.0,539.0,507.0,511.0,93.52,92.82,93.63,92.83,28.6,28.45,28.43,28.91,121.0,144.0,167.0,173.0,169.0
1774931848000,2.0,2.0,2.0,2.0,2.0,503.0,509.0,511.0,481.0,92.87,92.22,91.66,91.5,28.68,28.53,28.51,28.99,116.0,134.0,139.0,157.0,118.0
1774932149000,2.0,2.0,2.0,2.0,2.0,487.0,498.0,471.0,537.0,92.18,91.24,91.94,91.14,28.73,28.58,28.57,29.06,103.0,127.0,155.0,162.0,138.0
1774932449000,2.0,2.0,2.0,2.0,2.0,495.0,503.0,476.0,474.0,92.42,91.38,90.94,90.09,28.79,28.64,28.64,29.13,126.0,135.0,136.0,133.0,141.0
1774932750000,2.0,2.0,2.0,2.0,2.0,479.0,518.0,509.0,497.0,92.33,90.81,91.46,90.31,28.86,28.71,28.71,29.22,112.0,122.0,161.0,183.0,173.0
1774933050000,2.0,2.0,2.0,2.0,2.0,485.0,491.0,470.0,479.0,92.12,91.35,91.64,90.51,28.92,28.79,28.76,29.3,127.0,158.0,169.0,198.0,158.0
1774933351000,2.0,2.0,2.0,3.0,2.0,482.0,494.0,462.0,498.0,92.5,91.71,91.84,91.18,28.98,28.84,28.84,29.37,142.0,162.0,178.0,224.0,175.0
1774933652000,2.0,2.0,2.0,3.0,2.0,494.0,504.0,500.0,470.0,92.96,92.42,92.27,91.23,29.02,28.91,28.92,29.44,175.0,212.0,209.0,228.0,216.0
1774933952000,2.0,2.0,2.0,2.0,2.0,496.0,501.0,476.0,499.0,92.65,92.25,91.82,91.06,29.08,28.96,28.98,29.49,123.0,165.0,165.0,182.0,162.0
1774934284000,2.0,2.0,2.0,2.0,2.0,439.0,502.0,478.0,496.0,92.19,91.6,91.56,90.73,29.12,29.0,29.02,29.52,133.0,157.0,164.0,174.0,168.0
1774934585000,2.0,2.0,2.0,2.0,2.0,506.0,493.0,502.0,494.0,91.75,91.17,91.53,90.37,29.16,29.05,29.1,29.58,128.0,145.0,166.0,175.0,150.0
1774934885000,2.0,2.0,2.0,2.0,2.0,483.0,508.0,466.0,462.0,91.19,91.63,91.3,90.62,29.22,29.11,29.14,29.66,118.0,173.0,170.0,192.0,182.0
1774935186000,2.0,2.0,2.0,2.0,2.0,467.0,499.0,499.0,468.0,91.2,91.65,91.22,90.56,29.29,29.16,29.2,29.72,125.0,169.0,171.0,211.0,219.0
1774935486000,2.0,2.0,2.0,2.0,2.0,462.0,497.0,500.0,491.0,91.0,90.96,90.96,90.34,29.35,29.21,29.27,29.82,137.0,157.0,165.0,196.0,180.0
1774935787000,2.0,2.0,2.0,2.0,2.0,463.0,475.0,504.0,499.0,90.17,90.35,90.33,90.0,29.38,29.26,29.33,29.87,132.0,160.0,173.0,177.0,155.0
1774936087000,2.0,2.0,2.0,2.0,2.0,470.0,480.0,438.0,468.0,89.61,90.07,89.91,90.3,29.44,29.31,29.39,29.94,134.0,161.0,176.0,198.0,165.0
1774936388000,2.0,2.0,2.0,2.0,2.0,451.0,531.0,463.0,495.0,89.43,89.87,88.89,89.93,29.51,29.39,29.45,30.0,135.0,160.0,161.0,211.0,185.0
1774936689000,2.0,2.0,2.0,2.0,2.0,469.0,512.0,489.0,449.0,88.55,89.21,89.64,89.53,29.56,29.44,29.54,30.08,126.0,155.0,186.0,190.0,187.0
1774936989000,2.0,2.0,2.0,2.0,2.0,477.0,453.0,466.0,487.0,87.65,88.59,88.89,89.03,29.64,29.51,29.58,30.16,117.0,156.0,169.0,180.0,152.0
1774937290000,2.0,2.0,2.0,2.0,2.0,455.0,487.0,482.0,482.0,87.42,88.52,88.75,88.96,29.7,29.57,29.65,30.23,125.0,154.0,166.0,187.0,178.0
1774937590000,2.0,2.0,2.0,2.0,2.0,460.0,486.0,469.0,464.0,87.5,88.6,89.35,88.71,29.75,29.62,29.7,30.27,129.0,165.0,182.0,201.0,176.0
1774937891000,2.0,2.0,2.0,2.0,2.0,462.0,449.0,454.0,499.0,87.29,88.65,88.57,88.34,29.79,29.68,29.75,30.34,131.0,168.0,159.0,177.0,182.0
1774938191000,2.0,2.0,2.0,2.0,2.0,485.0,496.0,469.0,462.0,87.45,88.81,88.82,88.36,29.83,29.72,29.82,30.39,135.0,163.0,177.0,196.0,184.0
1774938492000,2.0,2.0,2.0,2.0,2.0,476.0,457.0,474.0,469.0,87.22,88.81,89.35,88.6,29.89,29.76,29.87,30.45,132.0,172.0,199.0,206.0,177.0
1774938792000,2.0,2.0,2.0,2.0,2.0,462.0,489.0,491.0,485.0,87.31,88.8,88.96,88.18,29.93,29.81,29.91,30.49,140.0,169.0,176.0,207.0,188.0
1774939093000,2.0,2.0,2.0,2.0,2.0,454.0,479.0,480.0,475.0,86.79,87.69,88.4,87.65,29.98,29.86,29.96,30.55,139.0,157.0,164.0,192.0,196.0
1774939394000,2.0,2.0,2.0,2.0,2.0,451.0,479.0,474.0,471.0,86.37,87.48,88.27,87.34,30.02,29.91,30.02,30.62,135.0,166.0,173.0,200.0,176.0
1774939694000,2.0,2.0,2.0,2.0,2.0,459.0,487.0,447.0,499.0,86.2,87.5,87.98,86.68,30.08,29.96,30.07,30.66,137.0,168.0,185.0,172.0,175.0
1774939995000,2.0,2.0,2.0,2.0,2.0,463.0,462.0,482.0,499.0,86.24,87.51,88.49,86.69,30.13,30.02,30.12,30.72,141.0,165.0,179.0,201.0,190.0
1774940295000,2.0,2.0,2.0,2.0,2.0,461.0,467.0,456.0,470.0,85.94,87.81,88.36,85.9,30.18,30.07,30.17,30.77,130.0,175.0,185.0,203.0,185.0
1774940596000,2.0,2.0,2.0,2.0,2.0,418.0,474.0,453.0,468.0,86.0,87.59,88.01,85.41,30.23,30.12,30.23,30.82,141.0,173.0,181.0,191.0,193.0
1774940896000,2.0,2.0,2.0,2.0,2.0,437.0,485.0,451.0,466.0,85.8,87.31,87.31,85.12,30.27,30.16,30.26,30.86,135.0,175.0,177.0,165.0,166.0
1774941197000,2.0,2.0,2.0,2.0,2.0,439.0,496.0,469.0,487.0,85.78,87.53,88.03,85.22,30.29,30.19,30.29,30.91,148.0,173.0,179.0,198.0,192.0
1774941498000,2.0,2.0,2.0,2.0,2.0,471.0,517.0,438.0,458.0,85.39,87.46,87.06,84.42,30.33,30.23,30.33,30.96,144.0,183.0,189.0,179.0,197.0
1774941798000,2.0,2.0,2.0,2.0,2.0,456.0,441.0,463.0,457.0,85.04,86.64,87.12,85.1,30.37,30.27,30.36,30.99,142.0,170.0,174.0,208.0,181.0
1774942099000,2.0,2.0,2.0,2.0,2.0,415.0,492.0,523.0,477.0,85.26,87.55,87.83,84.95,30.4,30.29,30.4,31.02,140.0,176.0,210.0,208.0,201.0
1774942399000,2.0,2.0,2.0,2.0,2.0,478.0,483.0,447.0,467.0,84.48,86.73,86.67,83.55,30.41,30.31,30.42,31.04,122.0,171.0,183.0,163.0,168.0
1774942700000,2.0,2.0,2.0,2.0,2.0,444.0,500.0,459.0,471.0,84.88,86.59,87.23,83.4,30.44,30.33,30.45,31.07,144.0,168.0,200.0,192.0,195.0
1774943000000,2.0,2.0,2.0,2.0,2.0,454.0,472.0,473.0,422.0,85.07,87.0,87.14,83.65,30.46,30.35,30.46,31.09,147.0,184.0,186.0,198.0,185.0
1774943301000,2.0,2.0,2.0,2.0,2.0,459.0,494.0,486.0,464.0,85.39,86.79,86.16,83.53,30.49,30.36,30.5,31.11,152.0,172.0,179.0,178.0,179.0
1774943602000,2.0,2.0,2.0,2.0,2.0,428.0,487.0,440.0,494.0,85.05,87.38,86.83,84.01,30.5,30.38,30.51,31.14,136.0,178.0,189.0,197.0,210.0
1774943902000,2.0,2.0,2.0,2.0,2.0,467.0,481.0,456.0,422.0,85.22,87.06,86.53,83.77,30.51,30.39,30.52,31.16,146.0,184.0,176.0,188.0,170.0
1774944203000,2.0,2.0,2.0,2.0,2.0,444.0,466.0,507.0,453.0,85.16,87.29,87.16,83.6,30.53,30.41,30.53,31.16,148.0,168.0,178.0,193.0,196.0
1774944503000,2.0,2.0,2.0,3.0,2.0,467.0,480.0,440.0,506.0,85.38,87.14,86.41,84.21,30.53,30.43,30.54,31.18,152.0,173.0,181.0,230.0,189.0
1774944804000,2.0,2.0,2.0,2.0,2.0,457.0,480.0,466.0,476.0,85.24,87.16,86.5,84.35,30.54,30.44,30.56,31.18,148.0,176.0,179.0,206.0,211.0
1774945104000,2.0,2.0,2.0,2.0,2.0,413.0,495.0,473.0,468.0,85.04,86.73,86.01,83.67,30.54,30.45,30.56,31.18,147.0,179.0,181.0,167.0,173.0
1774945405000,2.0,2.0,2.0,2.0,2.0,437.0,470.0,481.0,462.0,85.04,86.89,86.87,83.67,30.57,30.44,30.57,31.18,139.0,176.0,188.0,191.0,206.0
1774945705000,2.0,2.0,2.0,2.0,2.0,456.0,489.0,453.0,477.0,84.96,86.59,86.45,83.73,30.57,30.44,30.57,31.16,138.0,178.0,179.0,190.0,210.0
1774946006000,2.0,2.0,2.0,2.0,2.0,437.0,486.0,464.0,462.0,84.48,86.92,86.88,84.42,30.55,30.42,30.55,31.15,130.0,175.0,181.0,216.0,190.0
1774946307000,2.0,2.0,2.0,2.0,2.0,450.0,471.0,460.0,465.0,84.61,86.65,87.01,84.38,30.55,30.4,30.52,31.11,132.0,173.0,183.0,198.0,171.0
1774946607000,2.0,2.0,2.0,2.0,2.0,476.0,475.0,500.0,456.0,84.77,86.53,86.71,84.39,30.54,30.4,30.51,31.11,127.0,163.0,173.0,188.0,196.0
1774946908000,2.0,2.0,2.0,2.0,3.0,468.0,496.0,485.0,479.0,85.19,87.09,87.01,85.03,30.54,30.39,30.5,31.07,137.0,170.0,188.0,209.0,228.0
1774947208000,2.0,2.0,2.0,2.0,2.0,440.0,462.0,469.0,463.0,85.31,87.01,87.29,85.48,30.5,30.36,30.45,31.05,135.0,167.0,167.0,213.0,189.0
1774947509000,2.0,2.0,2.0,2.0,2.0,474.0,491.0,480.0,492.0,85.07,87.01,87.63,85.55,30.45,30.3,30.4,30.98,122.0,165.0,178.0,195.0,200.0
1774947809000,2.0,2.0,2.0,2.0,2.0,486.0,509.0,450.0,469.0,84.43,86.3,87.5,85.36,30.37,30.21,30.33,30.91,116.0,148.0,176.0,183.0,174.0
1774948110000,2.0,2.0,2.0,2.0,2.0,455.0,478.0,440.0,452.0,84.5,86.51,87.63,85.26,30.28,30.14,30.26,30.82,116.0,155.0,174.0,179.0,169.0
1774948411000,2.0,2.0,2.0,2.0,2.0,449.0,494.0,467.0,491.0,84.95,86.91,87.78,85.28,30.19,30.05,30.17,30.72,129.0,152.0,173.0,182.0,174.0
1774948711000,2.0,2.0,2.0,2.0,2.0,445.0,465.0,482.0,470.0,84.77,87.09,87.89,85.37,30.09,29.93,30.05,30.6,119.0,165.0,171.0,174.0,162.0
1774949012000,2.0,2.0,2.0,2.0,2.0,463.0,491.0,497.0,470.0,84.97,87.2,88.17,85.7,29.99,29.82,29.95,30.5,109.0,152.0,170.0,181.0,164.0
1774949312000,2.0,2.0,2.0,2.0,2.0,460.0,536.0,478.0,476.0,85.47,87.4,88.26,85.74,29.87,29.71,29.85,30.36,118.0,140.0,150.0,161.0,175.0
1774949613000,2.0,2.0,2.0,2.0,2.0,456.0,514.0,482.0,479.0,85.68,87.77,88.18,85.73,29.76,29.6,29.73,30.26,109.0,143.0,152.0,160.0,152.0
1774949913000,2.0,2.0,2.0,2.0,2.0,470.0,504.0,480.0,473.0,86.0,88.46,88.45,85.94,29.63,29.48,29.62,30.12,114.0,153.0,155.0,172.0,131.0
1774950214000,2.0,2.0,2.0,2.0,2.0,509.0,504.0,494.0,483.0,86.55,88.1,88.13,85.7,29.51,29.36,29.5,30.0,126.0,136.0,146.0,149.0,150.0
1774950515000,2.0,2.0,2.0,2.0,2.0,471.0,507.0,487.0,483.0,86.57,87.93,88.1,85.73,29.4,29.22,29.4,29.88,113.0,128.0,129.0,136.0,115.0
1774950815000,2.0,2.0,2.0,2.0,2.0,479.0,480.0,484.0,486.0,86.55,88.16,88.11,85.83,29.27,29.13,29.28,29.76,100.0,120.0,132.0,136.0,140.0
1774951116000,2.0,2.0,2.0,2.0,2.0,470.0,518.0,464.0,509.0,86.83,88.28,88.24,85.95,29.15,29.02,29.18,29.63,102.0,130.0,133.0,138.0,125.0
1774951416000,2.0,2.0,2.0,2.0,2.0,472.0,460.0,487.0,507.0,86.35,87.77,86.97,84.98,29.06,28.93,29.06,29.52,86.0,106.0,113.0,126.0,104.0
1774951717000,1.0,2.0,2.0,2.0,2.0,477.0,486.0,469.0,450.0,85.49,87.04,86.2,84.0,28.94,28.84,28.93,29.37,70.0,105.0,106.0,107.0,91.0
1774952017000,2.0,2.0,2.0,2.0,2.0,474.0,520.0,488.0,474.0,85.23,86.99,85.65,83.65,28.82,28.74,28.79,29.22,71.0,93.0,97.0,97.0,83.0
1774952318000,1.0,2.0,2.0,2.0,2.0,467.0,500.0,476.0,495.0,85.07,86.96,85.71,83.59,28.7,28.63,28.66,29.05,64.0,89.0,98.0,102.0,92.0
1774952618000,1.0,2.0,2.0,2.0,2.0,460.0,528.0,538.0,507.0,85.22,86.71,85.91,83.69,28.58,28.52,28.53,28.9,64.0,89.0,96.0,99.0,88.0
1774952919000,1.0,2.0,2.0,2.0,2.0,505.0,484.0,489.0,460.0,85.27,86.8,85.97,83.84,28.46,28.39,28.38,28.73,66.0,97.0,96.0,99.0,91.0
1774953220000,1.0,2.0,2.0,2.0,2.0,490.0,485.0,505.0,493.0,85.4,86.86,86.44,84.33,28.33,28.27,28.23,28.57,65.0,84.0,90.0,100.0,76.0
1774953520000,1.0,2.0,2.0,2.0,2.0,463.0,489.0,518.0,475.0,85.75,87.29,86.91,84.89,28.2,28.14,28.08,28.4,67.0,90.0,92.0,94.0,79.0
1774953821000,1.0,2.0,2.0,2.0,2.0,500.0,519.0,493.0,456.0,86.32,87.73,87.32,85.53,28.08,28.02,27.95,28.24,61.0,87.0,89.0,100.0,84.0
1774954121000,1.0,2.0,2.0,2.0,2.0,474.0,489.0,483.0,479.0,86.76,88.15,87.87,86.28,27.95,27.9,27.81,28.09,60.0,85.0,87.0,89.0,75.0
1774954422000,1.0,2.0,2.0,2.0,2.0,486.0,496.0,481.0,500.0,87.03,88.82,88.19,86.59,27.84,27.79,27.67,27.95,58.0,90.0,85.0,89.0,70.0
1774954722000,1.0,2.0,2.0,2.0,2.0,472.0,524.0,459.0,474.0,87.31,88.95,88.54,87.04,27.71,27.66,27.54,27.8,53.0,78.0,84.0,87.0,73.0
1774955023000,1.0,2.0,2.0,2.0,1.0,496.0,487.0,465.0,489.0,87.74,89.42,88.93,87.47,27.6,27.55,27.4,27.65,58.0,85.0,82.0,80.0,67.0
1774955324000,2.0,2.0,2.0,2.0,1.0,480.0,504.0,487.0,482.0,88.32,89.67,89.25,87.76,27.49,27.43,27.28,27.51,66.0,77.0,89.0,83.0,67.0
1774955624000,1.0,2.0,2.0,2.0,1.0,485.0,476.0,477.0,459.0,88.26,90.09,89.41,88.05,27.38,27.32,27.13,27.38,51.0,77.0,73.0,77.0,57.0
1774955925000,1.0,1.0,2.0,2.0,1.0,484.0,492.0,476.0,509.0,88.58,90.27,89.9,88.44,27.27,27.2,27.01,27.23,53.0,59.0,82.0,86.0,55.0
1774956225000,1.0,1.0,2.0,2.0,1.0,475.0,520.0,482.0,503.0,88.87,90.42,90.09,88.75,27.17,27.11,26.87,27.11,45.0,65.0,70.0,74.0,61.0
1774956526000,1.0,1.0,2.0,2.0,1.0,464.0,496.0,532.0,492.0,89.07,90.4,90.58,89.03,27.05,26.98,26.77,26.99,40.0,68.0,74.0,74.0,61.0
1774956826000,1.0,1.0,2.0,2.0,1.0,498.0,525.0,510.0,506.0,89.71,91.03,91.32,89.66,26.96,26.9,26.65,26.86,43.0,66.0,74.0,76.0,69.0
1774957127000,1.0,1.0,1.0,2.0,1.0,476.0,515.0,501.0,513.0,89.8,91.0,91.45,89.9,26.84,26.76,26.52,26.76,34.0,54.0,67.0,73.0,62.0
1774957428000,1.0,1.0,1.0,1.0,1.0,499.0,501.0,496.0,504.0,90.04,91.23,91.64,90.21,26.73,26.65,26.41,26.65,32.0,56.0,66.0,61.0,56.0
1774957728000,1.0,1.0,1.0,2.0,1.0,493.0,506.0,506.0,488.0,90.26,91.51,92.0,90.43,26.62,26.52,26.29,26.57,31.0,53.0,60.0,65.0,52.0
1774958029000,1.0,1.0,1.0,2.0,1.0,474.0,516.0,498.0,484.0,90.54,91.87,92.22,90.85,26.52,26.4,26.18,26.47,25.0,57.0,59.0,69.0,49.0
1774958329000,1.0,1.0,2.0,2.0,1.0,523.0,540.0,563.0,486.0,91.25,92.41,92.94,91.18,26.41,26.3,26.08,26.37,44.0,58.0,68.0,77.0,58.0
1774958630000,1.0,1.0,1.0,2.0,1.0,525.0,541.0,523.0,518.0,91.76,93.08,93.41,91.84,26.31,26.19,25.99,26.3,47.0,53.0,67.0,73.0,58.0
1774958930000,1.0,1.0,1.0,1.0,1.0,502.0,492.0,498.0,525.0,91.85,93.15,93.65,91.97,26.23,26.11,25.91,26.23,33.0,50.0,63.0,65.0,55.0
1774959231000,1.0,1.0,1.0,1.0,1.0,508.0,537.0,513.0,492.0,92.16,93.31,93.83,92.1,26.15,26.01,25.82,26.15,35.0,45.0,57.0,56.0,50.0
1774959532000,1.0,1.0,1.0,1.0,1.0,488.0,557.0,507.0,488.0,92.56,93.72,94.2,92.42,26.06,25.9,25.72,26.05,29.0,52.0,58.0,60.0,48.0
1774959832000,1.0,1.0,1.0,1.0,1.0,489.0,517.0,536.0,500.0,92.6,93.93,94.39,92.49,25.97,25.82,25.62,25.97,32.0,43.0,57.0,55.0,46.0
1774960133000,1.0,1.0,1.0,1.0,1.0,486.0,523.0,504.0,507.0,92.66,93.96,94.57,92.71,25.88,25.72,25.55,25.9,27.0,42.0,54.0,54.0,45.0
1774960433000,1.0,1.0,1.0,1.0,1.0,507.0,536.0,517.0,510.0,93.34,94.71,95.22,93.23,25.8,25.64,25.46,25.83,31.0,38.0,51.0,53.0,38.0
1774960734000,1.0,1.0,1.0,1.0,1.0,515.0,546.0,532.0,498.0,93.63,95.08,95.3,93.39,25.71,25.56,25.38,25.75,31.0,34.0,53.0,58.0,40.0
1774961034000,1.0,1.0,1.0,1.0,1.0,503.0,525.0,512.0,505.0,94.11,95.16,95.57,93.42,25.67,25.5,25.31,25.67,31.0,39.0,53.0,56.0,44.0
1774961335000,1.0,1.0,1.0,1.0,1.0,523.0,500.0,495.0,479.0,94.15,95.27,95.63,93.65,25.61,25.45,25.25,25.61,32.0,35.0,56.0,50.0,32.0
1774961636000,1.0,1.0,1.0,1.0,1.0,500.0,516.0,520.0,520.0,94.29,95.48,95.52,93.64,25.54,25.41,25.2,25.53,36.0,41.0,46.0,49.0,37.0
1774961936000,1.0,1.0,1.0,1.0,1.0,513.0,525.0,497.0,505.0,94.52,95.43,95.77,93.92,25.5,25.37,25.15,25.48,36.0,34.0,42.0,40.0,35.0
1774962237000,1.0,1.0,1.0,1.0,1.0,552.0,525.0,527.0,510.0,94.55,95.58,96.09,94.2,25.44,25.33,25.11,25.41,37.0,30.0,56.0,45.0,31.0
1774962537000,1.0,1.0,1.0,1.0,1.0,496.0,521.0,502.0,516.0,94.63,95.64,96.08,94.15,25.39,25.28,25.06,25.32,36.0,39.0,45.0,45.0,32.0
1774962838000,1.0,1.0,1.0,1.0,1.0,496.0,540.0,512.0,505.0,94.8,95.75,96.03,94.24,25.34,25.25,25.03,25.27,39.0,32.0,47.0,49.0,29.0
1774963138000,1.0,1.0,1.0,1.0,1.0,527.0,508.0,498.0,512.0,94.95,95.54,96.19,94.54,25.29,25.23,24.98,25.23,34.0,34.0,44.0,46.0,43.0
1774963439000,1.0,1.0,1.0,1.0,1.0,545.0,551.0,494.0,519.0,95.01,95.69,96.16,94.61,25.26,25.19,24.94,25.16,32.0,27.0,38.0,38.0,33.0
1774963739000,1.0,1.0,1.0,1.0,1.0,507.0,509.0,488.0,526.0,95.26,95.99,96.31,94.7,25.22,25.16,24.91,25.11,33.0,38.0,41.0,38.0,29.0
1774964040000,1.0,1.0,1.0,1.0,1.0,507.0,518.0,512.0,524.0,95.28,96.08,96.5,94.97,25.18,25.11,24.87,25.07,34.0,32.0,39.0,40.0,31.0
1774964341000,1.0,1.0,1.0,1.0,1.0,519.0,529.0,519.0,527.0,95.4,96.45,96.51,95.08,25.16,25.1,24.83,25.04,31.0,30.0,38.0,38.0,39.0
1774964641000,1.0,1.0,1.0,1.0,1.0,535.0,545.0,528.0,511.0,95.59,96.33,96.69,95.22,25.11,25.07,24.81,25.0,28.0,42.0,34.0,33.0,35.0
1774964942000,1.0,1.0,1.0,1.0,1.0,513.0,533.0,511.0,516.0,95.81,96.46,96.97,95.44,25.08,25.03,24.77,24.96,35.0,41.0,36.0,37.0,35.0
1774965242000,1.0,1.0,1.0,1.0,1.0,499.0,531.0,553.0,518.0,95.89,96.53,96.92,95.42,25.04,25.01,24.75,24.92,37.0,45.0,41.0,44.0,37.0
1774965543000,1.0,1.0,1.0,1.0,1.0,507.0,529.0,497.0,527.0,95.89,96.46,96.99,95.7,25.02,24.97,24.7,24.88,34.0,37.0,39.0,32.0,31.0
1774965843000,1.0,1.0,1.0,1.0,1.0,491.0,543.0,468.0,491.0,96.03,96.51,97.11,95.75,25.0,24.93,24.69,24.85,29.0,50.0,36.0,39.0,36.0
1774966144000,1.0,1.0,1.0,1.0,1.0,509.0,538.0,498.0,488.0,96.03,96.6,97.27,95.77,24.98,24.91,24.65,24.82,28.0,38.0,34.0,29.0,36.0
1774966445000,1.0,1.0,1.0,1.0,1.0,528.0,495.0,497.0,496.0,96.2,97.09,97.52,96.08,24.94,24.9,24.64,24.79,34.0,47.0,32.0,34.0,32.0
1774966745000,1.0,1.0,1.0,1.0,1.0,496.0,526.0,507.0,476.0,96.31,97.12,97.38,96.11,24.91,24.88,24.61,24.78,33.0,28.0,35.0,37.0,35.0
1774967046000,1.0,1.0,1.0,1.0,1.0,470.0,516.0,507.0,496.0,96.34,97.07,97.46,96.11,24.89,24.85,24.59,24.76,36.0,37.0,33.0,33.0,37.0
1774967346000,1.0,1.0,1.0,1.0,1.0,505.0,530.0,511.0,531.0,96.2,96.94,97.55,96.26,24.87,24.84,24.57,24.72,33.0,37.0,27.0,35.0,39.0
1774967647000,1.0,1.0,1.0,1.0,1.0,525.0,537.0,529.0,512.0,96.31,96.85,97.61,96.33,24.84,24.81,24.56,24.71,34.0,35.0,36.0,34.0,36.0
1774967947000,1.0,1.0,1.0,1.0,1.0,523.0,538.0,548.0,514.0,96.72,97.25,97.91,96.47,24.82,24.78,24.53,24.67,29.0,32.0,39.0,33.0,39.0
1774968248000,1.0,1.0,1.0,1.0,1.0,489.0,504.0,539.0,526.0,96.93,97.65,97.98,96.77,24.81,24.77,24.49,24.65,41.0,40.0,36.0,29.0,41.0
1774968549000,1.0,1.0,1.0,1.0,1.0,515.0,548.0,475.0,533.0,96.94,97.63,98.02,96.76,24.78,24.75,24.47,24.62,40.0,38.0,35.0,35.0,38.0
1774968849000,1.0,1.0,1.0,1.0,1.0,501.0,536.0,524.0,528.0,97.13,97.74,98.23,96.76,24.76,24.73,24.46,24.61,35.0,40.0,29.0,32.0,41.0
1774969150000,1.0,1.0,1.0,1.0,1.0,479.0,556.0,495.0,500.0,97.36,98.09,98.36,96.98,24.73,24.72,24.45,24.59,40.0,35.0,33.0,32.0,34.0
1774969450000,1.0,1.0,1.0,1.0,1.0,538.0,554.0,524.0,495.0,97.54,98.03,98.47,97.17,24.73,24.7,24.44,24.57,39.0,37.0,34.0,36.0,39.0
1774969751000,1.0,1.0,1.0,1.0,1.0,471.0,534.0,500.0,501.0,97.52,98.11,98.62,97.45,24.71,24.68,24.42,24.56,29.0,38.0,37.0,30.0,33.0
1774970051000,1.0,1.0,1.0,1.0,1.0,493.0,528.0,517.0,508.0,97.87,98.25,98.72,97.43,24.71,24.66,24.41,24.54,31.0,33.0,36.0,35.0,28.0
1774970352000,1.0,1.0,1.0,1.0,1.0,501.0,548.0,523.0,491.0,97.58,98.04,98.61,97.33,24.71,24.65,24.4,24.56,32.0,35.0,35.0,35.0,34.0
1774970652000,1.0,1.0,1.0,1.0,1.0,504.0,485.0,536.0,529.0,97.46,97.87,98.46,97.31,24.69,24.63,24.39,24.53,35.0,38.0,35.0,29.0,34.0
1774970953000,1.0,1.0,1.0,1.0,1.0,538.0,497.0,530.0,517.0,97.46,97.94,98.51,97.35,24.65,24.63,24.37,24.52,29.0,34.0,35.0,39.0,38.0
1774971254000,1.0,1.0,1.0,1.0,1.0,512.0,539.0,501.0,484.0,97.51,98.3,98.6,97.47,24.64,24.61,24.35,24.49,36.0,36.0,32.0,36.0,35.0
1774971554000,1.0,1.0,1.0,1.0,1.0,499.0,523.0,531.0,490.0,97.67,98.16,98.74,97.74,24.61,24.6,24.34,24.48,32.0,38.0,37.0,37.0,35.0
1774971855000,1.0,1.0,1.0,1.0,1.0,501.0,516.0,500.0,523.0,97.68,98.23,98.64,97.61,24.61,24.56,24.32,24.45,32.0,32.0,39.0,38.0,41.0
1774972155000,1.0,1.0,1.0,1.0,1.0,475.0,534.0,559.0,528.0,97.72,98.18,98.59,97.56,24.58,24.55,24.28,24.43,50.0,39.0,44.0,38.0,48.0
1774972456000,1.0,1.0,1.0,1.0,1.0,532.0,531.0,532.0,517.0,97.82,98.28,98.95,97.85,24.56,24.52,24.26,24.41,46.0,43.0,39.0,32.0,39.0
1774972756000,1.0,1.0,1.0,1.0,1.0,522.0,553.0,570.0,534.0,98.18,98.64,99.3,98.15,24.54,24.51,24.25,24.39,32.0,39.0,39.0,33.0,36.0
1774973057000,1.0,1.0,1.0,1.0,1.0,562.0,576.0,564.0,527.0,98.58,99.13,99.68,98.47,24.53,24.49,24.23,24.38,35.0,36.0,32.0,33.0,32.0
1774973358000,1.0,1.0,1.0,1.0,1.0,497.0,568.0,525.0,535.0,98.72,99.3,99.81,98.61,24.51,24.47,24.2,24.35,41.0,35.0,33.0,30.0,34.0
1774973658000,1.0,1.0,1.0,1.0,1.0,553.0,547.0,546.0,511.0,98.9,99.5,99.89,98.56,24.5,24.46,24.2,24.33,30.0,33.0,34.0,32.0,40.0
1774973959000,1.0,1.0,1.0,1.0,1.0,535.0,570.0,546.0,550.0,98.98,99.5,99.82,98.83,24.49,24.44,24.19,24.31,31.0,36.0,33.0,31.0,38.0
1774974259000,1.0,1.0,1.0,1.0,1.0,545.0,526.0,560.0,517.0,98.98,99.58,99.86,98.79,24.47,24.44,24.16,24.33,32.0,34.0,32.0,37.0,38.0
1774974560000,1.0,1.0,1.0,1.0,1.0,500.0,568.0,543.0,581.0,98.94,99.36,99.91,98.84,24.46,24.41,24.15,24.28,41.0,41.0,38.0,36.0,46.0
1774974860000,1.0,1.0,1.0,1.0,1.0,541.0,553.0,522.0,557.0,99.0,99.39,99.87,98.88,24.44,24.41,24.14,24.27,43.0,40.0,38.0,37.0,45.0
1774975161000,1.0,1.0,1.0,1.0,1.0,536.0,558.0,545.0,501.0,98.99,99.5,99.81,98.92,24.43,24.39,24.12,24.26,35.0,38.0,32.0,36.0,37.0
1774975462000,1.0,1.0,1.0,1.0,1.0,515.0,528.0,533.0,514.0,99.04,99.4,99.9,98.81,24.41,24.38,24.1,24.24,38.0,35.0,33.0,37.0,34.0
1774975762000,1.0,1.0,1.0,1.0,1.0,495.0,540.0,528.0,542.0,99.23,99.51,99.94,98.98,24.4,24.36,24.06,24.21,32.0,34.0,34.0,31.0,30.0
1774976063000,1.0,1.0,1.0,1.0,1.0,487.0,478.0,522.0,539.0,99.3,99.71,100.0,99.11,24.37,24.33,24.06,24.2,30.0,35.0,33.0,32.0,34.0
1774976363000,1.0,1.0,1.0,1.0,1.0,495.0,540.0,534.0,506.0,99.49,99.8,100.0,99.35,24.36,24.33,24.06,24.18,40.0,37.0,37.0,36.0,35.0
1774976664000,1.0,1.0,1.0,1.0,1.0,488.0,525.0,528.0,522.0,99.72,99.83,100.0,99.57,24.35,24.33,24.06,24.18,40.0,34.0,35.0,32.0,33.0
1774976964000,1.0,1.0,1.0,1.0,1.0,515.0,536.0,501.0,535.0,99.7,99.89,100.0,99.72,24.35,24.33,24.05,24.16,37.0,30.0,36.0,43.0,34.0
1774977265000,1.0,1.0,1.0,1.0,1.0,492.0,513.0,530.0,516.0,99.7,99.94,100.0,99.7,24.35,24.34,24.06,24.18,34.0,31.0,34.0,35.0,36.0
1774977566000,1.0,1.0,1.0,1.0,1.0,496.0,510.0,518.0,519.0,99.75,99.95,100.0,99.82,24.37,24.33,24.05,24.18,35.0,35.0,33.0,30.0,33.0
1774977866000,1.0,1.0,1.0,1.0,1.0,538.0,495.0,520.0,506.0,99.79,99.98,100.0,99.85,24.36,24.33,24.07,24.19,36.0,39.0,35.0,33.0,39.0
1774978167000,1.0,1.0,1.0,1.0,1.0,503.0,531.0,510.0,489.0,99.79,99.96,100.0,99.76,24.38,24.35,24.09,24.21,36.0,38.0,38.0,40.0,40.0
1774978467000,1.0,1.0,1.0,1.0,1.0,536.0,492.0,493.0,508.0,99.81,99.95,100.0,99.73,24.39,24.34,24.09,24.2,36.0,40.0,31.0,36.0,36.0
1774978768000,1.0,1.0,1.0,1.0,1.0,494.0,536.0,532.0,499.0,99.76,99.94,100.0,99.71,24.38,24.36,24.09,24.22,32.0,34.0,31.0,35.0,38.0
1774979068000,1.0,1.0,1.0,1.0,1.0,482.0,514.0,528.0,489.0,99.8,99.9,100.0,99.74,24.37,24.36,24.1,24.22,32.0,34.0,27.0,33.0,34.0
1774979369000,1.0,1.0,1.0,1.0,1.0,490.0,515.0,503.0,502.0,99.78,99.95,100.0,99.74,24.4,24.37,24.11,24.24,36.0,33.0,39.0,36.0,31.0
1774979670000,1.0,1.0,1.0,1.0,1.0,503.0,484.0,536.0,496.0,99.72,99.86,100.0,99.77,24.37,24.36,24.13,24.25,32.0,38.0,40.0,32.0,30.0
1774979970000,1.0,1.0,1.0,1.0,1.0,510.0,529.0,530.0,478.0,99.81,99.89,100.0,99.69,24.39,24.36,24.13,24.25,34.0,35.0,37.0,38.0,34.0
1774980271000,1.0,1.0,1.0,1.0,1.0,498.0,531.0,528.0,504.0,99.84,99.89,100.0,99.67,24.4,24.37,24.14,24.26,35.0,34.0,32.0,33.0,36.0
1774980571000,1.0,1.0,1.0,1.0,1.0,500.0,530.0,497.0,504.0,99.8,99.91,100.0,99.65,24.4,24.38,24.14,24.26,32.0,36.0,32.0,38.0,35.0
1774980872000,1.0,1.0,1.0,1.0,1.0,503.0,526.0,505.0,487.0,99.69,99.87,100.0,99.54,24.39,24.36,24.14,24.27,34.0,36.0,33.0,37.0,39.0
1774981172000,1.0,1.0,1.0,1.0,1.0,495.0,532.0,522.0,516.0,99.56,99.81,100.0,99.37,24.39,24.37,24.14,24.28,25.0,35.0,35.0,32.0,39.0
1774981473000,1.0,1.0,1.0,1.0,1.0,486.0,522.0,514.0,481.0,99.47,99.77,100.0,99.41,24.39,24.36,24.14,24.28,34.0,37.0,31.0,36.0,37.0
1774981773000,1.0,1.0,1.0,1.0,1.0,484.0,517.0,493.0,475.0,99.46,99.69,100.0,99.28,24.39,24.36,24.13,24.29,36.0,33.0,29.0,33.0,44.0
1774982074000,1.0,1.0,1.0,1.0,1.0,490.0,533.0,483.0,515.0,99.44,99.81,100.0,99.26,24.39,24.37,24.14,24.29,37.0,29.0,38.0,33.0,34.0
1774982375000,1.0,1.0,1.0,1.0,1.0,502.0,521.0,480.0,493.0,99.51,99.73,100.0,99.22,24.38,24.38,24.14,24.3,36.0,48.0,30.0,32.0,38.0
1774982675000,1.0,1.0,1.0,1.0,1.0,476.0,520.0,514.0,502.0,99.32,99.52,99.93,98.93,24.38,24.38,24.13,24.29,34.0,42.0,34.0,38.0,35.0
1774982976000,1.0,1.0,1.0,1.0,1.0,484.0,544.0,488.0,532.0,98.86,99.32,99.6,98.28,24.39,24.37,24.15,24.29,30.0,45.0,33.0,38.0,40.0
1774983276000,1.0,1.0,1.0,1.0,1.0,493.0,512.0,524.0,497.0,98.32,98.77,99.11,97.96,24.39,24.37,24.12,24.27,37.0,41.0,34.0,34.0,43.0
1774983577000,1.0,1.0,1.0,1.0,1.0,491.0,507.0,502.0,499.0,97.88,98.56,98.59,97.64,24.39,24.36,24.1,24.25,38.0,47.0,38.0,31.0,37.0
1774983877000,1.0,1.0,1.0,1.0,1.0,523.0,535.0,521.0,523.0,97.47,97.81,98.23,97.33,24.37,24.34,24.08,24.22,34.0,46.0,37.0,32.0,32.0
1774984178000,1.0,1.0,1.0,1.0,1.0,496.0,486.0,470.0,528.0,97.39,97.82,97.97,97.1,24.35,24.33,24.06,24.19,38.0,39.0,34.0,33.0,33.0
1774984479000,1.0,1.0,1.0,1.0,1.0,500.0,509.0,506.0,485.0,96.99,97.66,97.85,96.78,24.33,24.3,24.04,24.17,34.0,41.0,35.0,35.0,36.0
1774984779000,1.0,1.0,1.0,1.0,1.0,485.0,516.0,505.0,516.0,96.62,97.0,97.53,96.43,24.32,24.27,23.99,24.14,34.0,42.0,38.0,37.0,41.0
1774985080000,1.0,1.0,1.0,1.0,1.0,488.0,508.0,542.0,527.0,96.44,96.9,97.28,96.35,24.29,24.25,23.97,24.11,35.0,41.0,35.0,33.0,38.0
1774985380000,1.0,1.0,1.0,1.0,1.0,509.0,497.0,467.0,522.0,96.21,97.04,97.05,95.96,24.25,24.23,23.94,24.08,34.0,40.0,35.0,37.0,35.0
1774985681000,1.0,1.0,1.0,1.0,1.0,516.0,533.0,477.0,511.0,96.16,97.12,96.82,95.77,24.21,24.19,23.92,24.07,33.0,37.0,37.0,31.0,38.0
1774985981000,1.0,1.0,1.0,1.0,1.0,493.0,500.0,524.0,499.0,96.16,96.79,96.76,95.79,24.18,24.18,23.91,24.04,36.0,46.0,38.0,30.0,36.0
1774986282000,1.0,1.0,1.0,1.0,1.0,483.0,497.0,469.0,523.0,96.07,96.77,96.93,95.72,24.15,24.15,23.88,24.03,35.0,42.0,36.0,34.0,34.0
1774986583000,1.0,1.0,1.0,1.0,1.0,504.0,503.0,506.0,512.0,95.98,96.49,96.59,95.59,24.13,24.12,23.83,24.0,37.0,40.0,33.0,27.0,36.0
1774986883000,1.0,1.0,1.0,1.0,1.0,498.0,499.0,515.0,471.0,95.06,95.92,95.41,94.68,24.09,24.09,23.82,23.96,31.0,35.0,31.0,31.0,29.0
1774987184000,1.0,1.0,1.0,1.0,1.0,523.0,514.0,484.0,514.0,93.91,94.55,94.21,92.76,24.04,24.06,23.77,23.91,30.0,32.0,34.0,33.0,38.0
1774987484000,1.0,1.0,1.0,1.0,1.0,507.0,540.0,504.0,477.0,92.69,93.39,93.18,91.74,24.0,24.02,23.7,23.84,34.0,32.0,35.0,37.0,33.0
1774987785000,1.0,1.0,1.0,1.0,1.0,536.0,513.0,527.0,499.0,92.18,93.06,92.59,91.43,23.95,23.95,23.63,23.76,32.0,31.0,32.0,30.0,29.0
1774988085000,1.0,1.0,1.0,1.0,1.0,487.0,492.0,525.0,532.0,91.36,92.29,91.88,90.76,23.89,23.91,23.58,23.7,28.0,33.0,34.0,36.0,32.0
1774988386000,1.0,1.0,1.0,1.0,1.0,487.0,526.0,493.0,512.0,90.71,91.31,91.39,90.23,23.84,23.85,23.52,23.65,34.0,34.0,34.0,28.0,34.0
1774988687000,1.0,1.0,1.0,1.0,1.0,491.0,522.0,470.0,485.0,89.86,90.56,90.75,90.05,23.8,23.8,23.48,23.58,33.0,35.0,34.0,34.0,31.0
1774988987000,1.0,1.0,1.0,1.0,1.0,539.0,495.0,512.0,495.0,89.4,90.39,90.66,89.59,23.73,23.75,23.43,23.52,29.0,32.0,35.0,31.0,34.0
1774989288000,1.0,1.0,1.0,1.0,1.0,497.0,518.0,494.0,460.0,89.04,89.78,90.45,89.29,23.68,23.71,23.38,23.49,33.0,30.0,33.0,32.0,32.0
1774989588000,1.0,1.0,1.0,1.0,1.0,492.0,532.0,465.0,506.0,88.74,89.44,89.92,88.84,23.64,23.68,23.34,23.47,30.0,34.0,39.0,33.0,33.0
1774989889000,1.0,1.0,1.0,1.0,1.0,482.0,503.0,509.0,510.0,88.7,89.07,89.8,88.61,23.6,23.62,23.31,23.42,39.0,34.0,37.0,36.0,32.0
1774990189000,1.0,1.0,1.0,1.0,1.0,500.0,498.0,497.0,503.0,88.57,89.32,89.38,88.52,23.55,23.6,23.29,23.42,38.0,28.0,33.0,35.0,34.0
1774990490000,1.0,1.0,1.0,1.0,1.0,483.0,522.0,503.0,485.0,88.29,88.8,89.18,87.89,23.51,23.57,23.27,23.37,32.0,36.0,37.0,31.0,29.0
1774990791000,1.0,1.0,1.0,1.0,1.0,494.0,536.0,497.0,481.0,88.11,88.32,88.81,87.42,23.46,23.54,23.23,23.37,34.0,31.0,35.0,32.0,31.0
1774991091000,1.0,1.0,1.0,1.0,1.0,518.0,537.0,475.0,498.0,87.51,88.33,87.96,87.09,23.44,23.49,23.2,23.32,31.0,33.0,37.0,30.0,34.0
1774991392000,1.0,1.0,1.0,1.0,1.0,472.0,535.0,483.0,475.0,87.71,88.44,88.19,87.34,23.4,23.47,23.16,23.31,36.0,37.0,36.0,37.0,29.0
1774991692000,1.0,1.0,1.0,1.0,1.0,519.0,505.0,506.0,559.0,87.64,88.3,88.6,87.54,23.37,23.43,23.16,23.29,43.0,35.0,38.0,38.0,39.0
1774991993000,1.0,1.0,1.0,1.0,1.0,524.0,530.0,501.0,494.0,88.33,88.74,89.18,87.63,23.36,23.42,23.15,23.27,41.0,44.0,40.0,37.0,39.0
1774992293000,1.0,1.0,1.0,1.0,1.0,488.0,495.0,518.0,519.0,89.15,89.67,89.48,88.13,23.35,23.39,23.14,23.26,42.0,34.0,40.0,39.0,36.0
1774992594000,1.0,1.0,1.0,1.0,1.0,520.0,577.0,509.0,511.0,89.4,90.06,90.17,88.75,23.33,23.37,23.13,23.26,41.0,39.0,42.0,38.0,33.0
1774992895000,1.0,1.0,1.0,1.0,1.0,533.0,520.0,522.0,505.0,89.6,89.88,90.23,88.95,23.33,23.36,23.12,23.25,38.0,35.0,40.0,40.0,34.0
1774993195000,1.0,1.0,1.0,1.0,1.0,496.0,525.0,496.0,533.0,89.22,90.22,90.08,88.57,23.31,23.36,23.1,23.24,30.0,30.0,34.0,35.0,39.0
1774993496000,1.0,1.0,1.0,1.0,1.0,472.0,554.0,516.0,524.0,89.5,89.85,89.93,88.31,23.28,23.32,23.06,23.2,35.0,38.0,33.0,32.0,34.0
1774993796000,1.0,1.0,1.0,1.0,1.0,516.0,540.0,508.0,497.0,89.61,90.53,90.17,88.87,23.26,23.29,23.03,23.18,32.0,28.0,34.0,27.0,34.0
1774994097000,1.0,1.0,1.0,1.0,1.0,501.0,533.0,525.0,522.0,89.63,90.07,89.83,88.63,23.24,23.27,22.99,23.13,37.0,32.0,32.0,36.0,33.0
1774994397000,1.0,1.0,1.0,1.0,1.0,522.0,542.0,489.0,522.0,89.31,89.7,89.9,88.58,23.18,23.23,22.96,23.08,36.0,29.0,32.0,35.0,36.0
1774994698000,1.0,1.0,1.0,1.0,1.0,517.0,566.0,520.0,549.0,89.36,89.91,90.05,88.88,23.15,23.19,22.91,23.05,37.0,33.0,33.0,32.0,37.0
1774994999000,1.0,1.0,1.0,1.0,1.0,529.0,526.0,503.0,505.0,89.29,90.09,90.0,89.21,23.12,23.19,22.89,23.03,34.0,31.0,35.0,36.0,31.0
1774995299000,1.0,1.0,1.0,1.0,1.0,510.0,559.0,523.0,471.0,89.28,89.82,90.01,88.62,23.11,23.16,22.88,23.01,36.0,32.0,35.0,39.0,37.0
1774995600000,1.0,1.0,1.0,1.0,1.0,519.0,519.0,566.0,530.0,88.99,89.35,89.96,88.43,23.08,23.11,22.86,22.99,32.0,36.0,38.0,41.0,42.0
1774995900000,1.0,1.0,1.0,1.0,1.0,525.0,526.0,535.0,502.0,89.27,89.97,89.73,88.49,23.07,23.1,22.84,22.98,40.0,39.0,37.0,39.0,37.0
1774996201000,1.0,1.0,1.0,1.0,1.0,515.0,557.0,536.0,529.0,89.8,90.45,90.46,89.09,23.04,23.09,22.83,22.97,38.0,39.0,43.0,41.0,36.0
1774996501000,1.0,1.0,1.0,1.0,1.0,515.0,536.0,509.0,546.0,90.04,90.78,91.02,89.48,23.06,23.08,22.83,22.97,35.0,34.0,39.0,36.0,40.0
1774996802000,1.0,1.0,1.0,1.0,1.0,526.0,540.0,482.0,537.0,91.05,91.78,91.79,90.42,23.06,23.08,22.84,22.96,48.0,45.0,45.0,40.0,38.0
1774997103000,1.0,1.0,1.0,1.0,1.0,538.0,542.0,537.0,510.0,91.28,92.01,92.13,90.91,23.08,23.08,22.83,22.97,51.0,42.0,42.0,42.0,46.0
1774997403000,1.0,1.0,1.0,1.0,1.0,504.0,554.0,534.0,528.0,91.35,92.26,92.39,91.05,23.08,23.07,22.83,22.97,48.0,42.0,49.0,42.0,44.0
1774997704000,1.0,1.0,1.0,1.0,1.0,510.0,527.0,517.0,545.0,90.86,91.86,91.66,90.68,23.07,23.07,22.82,22.97,41.0,37.0,47.0,41.0,40.0
1774998004000,1.0,1.0,1.0,1.0,1.0,521.0,515.0,533.0,517.0,90.53,91.07,91.35,90.31,23.03,23.04,22.79,22.94,35.0,37.0,39.0,32.0,34.0
1774998305000,1.0,1.0,1.0,1.0,1.0,505.0,543.0,517.0,535.0,90.7,91.3,91.4,90.37,22.98,23.01,22.73,22.89,34.0,34.0,33.0,33.0,35.0
1774998605000,1.0,1.0,1.0,1.0,1.0,503.0,540.0,526.0,519.0,90.37,91.94,91.35,90.34,22.95,22.97,22.69,22.84,37.0,39.0,39.0,33.0,33.0
1774998906000,1.0,1.0,1.0,1.0,1.0,529.0,549.0,493.0,534.0,89.96,90.83,90.99,89.68,22.89,22.94,22.64,22.8,36.0,42.0,35.0,33.0,37.0
1774999207000,1.0,1.0,1.0,1.0,1.0,524.0,516.0,506.0,523.0,90.07,90.26,90.56,89.17,22.86,22.9,22.6,22.77,29.0,34.0,34.0,32.0,39.0
1774999507000,1.0,1.0,1.0,1.0,1.0,524.0,525.0,533.0,535.0,89.85,90.02,90.5,89.31,22.82,22.87,22.57,22.72,28.0,34.0,35.0,33.0,28.0
1774999808000,1.0,1.0,1.0,1.0,1.0,560.0,590.0,533.0,552.0,91.28,91.67,91.93,90.72,22.82,22.85,22.54,22.71,38.0,34.0,35.0,33.0,31.0
1775000108000,1.0,1.0,1.0,1.0,1.0,551.0,590.0,528.0,535.0,92.58,92.82,93.33,91.94,22.82,22.84,22.55,22.71,59.0,60.0,53.0,50.0,51.0
1775000409000,2.0,2.0,2.0,2.0,2.0,543.0,546.0,547.0,552.0,92.9,92.73,93.91,92.56,22.85,22.88,22.6,22.77,88.0,82.0,76.0,68.0,74.0
1775000709000,1.0,2.0,1.0,1.0,1.0,530.0,557.0,564.0,552.0,92.5,92.73,93.16,91.99,22.87,22.89,22.61,22.79,67.0,69.0,60.0,60.0,61.0
1775001010000,1.0,1.0,1.0,1.0,1.0,520.0,529.0,516.0,505.0,92.01,92.66,92.92,91.51,22.86,22.88,22.61,22.8,48.0,51.0,47.0,43.0,48.0
1775001310000,1.0,1.0,1.0,1.0,1.0,524.0,552.0,551.0,554.0,91.93,92.48,93.12,91.67,22.84,22.87,22.6,22.8,44.0,43.0,43.0,45.0,43.0
1775001611000,1.0,1.0,1.0,1.0,1.0,515.0,507.0,518.0,515.0,92.42,92.76,93.54,91.86,22.85,22.87,22.6,22.81,50.0,46.0,44.0,43.0,45.0
1775001912000,1.0,1.0,1.0,1.0,1.0,515.0,542.0,534.0,506.0,92.87,93.05,93.82,92.52,22.86,22.87,22.6,22.82,56.0,54.0,58.0,53.0,50.0
1775002212000,1.0,1.0,1.0,1.0,1.0,549.0,568.0,545.0,532.0,93.19,93.42,94.13,92.66,22.88,22.89,22.61,22.84,62.0,60.0,59.0,58.0,53.0
1775002513000,1.0,1.0,1.0,1.0,1.0,508.0,503.0,509.0,492.0,93.17,93.22,94.07,92.59,22.9,22.91,22.62,22.85,64.0,60.0,62.0,54.0,57.0
1775002813000,1.0,1.0,1.0,1.0,1.0,533.0,544.0,519.0,511.0,93.26,93.42,93.95,92.59,22.91,22.93,22.64,22.87,61.0,55.0,60.0,50.0,54.0
1775003114000,1.0,1.0,1.0,1.0,1.0,506.0,535.0,511.0,540.0,93.12,93.27,93.86,92.47,22.91,22.95,22.65,22.9,61.0,57.0,55.0,54.0,52.0
1775003414000,1.0,1.0,1.0,1.0,1.0,516.0,534.0,501.0,507.0,93.19,93.29,93.82,92.23,22.95,22.98,22.67,22.93,56.0,58.0,55.0,45.0,50.0
1775003715000,1.0,1.0,1.0,1.0,1.0,504.0,527.0,511.0,507.0,92.46,92.62,93.31,91.95,22.95,23.01,22.7,22.96,46.0,45.0,46.0,51.0,46.0
1775004016000,1.0,1.0,1.0,1.0,1.0,491.0,500.0,504.0,498.0,91.97,92.36,93.04,91.64,22.97,23.04,22.7,23.0,39.0,38.0,49.0,46.0,47.0
1775004316000,1.0,1.0,1.0,1.0,1.0,474.0,559.0,506.0,495.0,91.62,91.62,92.38,91.06,23.01,23.07,22.73,23.02,38.0,39.0,43.0,43.0,47.0
1775004617000,1.0,2.0,2.0,1.0,1.0,513.0,530.0,485.0,492.0,90.92,91.31,91.48,90.08,23.03,23.09,22.75,23.04,48.0,83.0,80.0,42.0,44.0
1775004917000,1.0,1.0,1.0,1.0,1.0,476.0,481.0,512.0,505.0,90.44,90.47,91.13,89.62,23.06,23.13,22.79,23.07,34.0,37.0,36.0,40.0,39.0
1775005218000,1.0,1.0,1.0,1.0,1.0,461.0,524.0,497.0,475.0,90.35,90.27,90.53,89.27,23.09,23.17,22.83,23.09,35.0,35.0,34.0,38.0,41.0
1775005518000,1.0,1.0,1.0,1.0,1.0,473.0,520.0,487.0,475.0,89.95,89.37,90.03,88.61,23.13,23.22,22.89,23.15,39.0,40.0,37.0,37.0,38.0
1775005819000,1.0,1.0,1.0,1.0,1.0,497.0,507.0,516.0,464.0,89.56,90.0,89.87,88.51,23.17,23.27,22.95,23.2,37.0,38.0,44.0,40.0,42.0
1775006120000,1.0,1.0,1.0,1.0,1.0,494.0,491.0,491.0,472.0,89.36,90.34,90.03,88.72,23.22,23.32,23.01,23.23,41.0,46.0,39.0,39.0,43.0
1775006420000,1.0,1.0,1.0,1.0,1.0,500.0,492.0,526.0,467.0,89.21,89.99,89.9,88.34,23.27,23.36,23.08,23.28,40.0,45.0,41.0,41.0,45.0
1775006721000,1.0,1.0,1.0,1.0,1.0,468.0,492.0,490.0,459.0,89.28,89.49,90.17,88.52,23.31,23.39,23.13,23.34,42.0,52.0,47.0,37.0,43.0
1775007021000,1.0,1.0,1.0,1.0,1.0,473.0,513.0,474.0,479.0,89.61,90.47,91.16,89.58,23.36,23.45,23.19,23.38,49.0,52.0,58.0,59.0,57.0
1775007322000,1.0,2.0,2.0,2.0,2.0,486.0,497.0,466.0,462.0,90.74,91.84,93.41,92.3,23.42,23.49,23.28,23.47,58.0,84.0,110.0,107.0,88.0
1775007622000,1.0,2.0,2.0,2.0,2.0,477.0,507.0,495.0,470.0,90.7,92.5,93.36,91.83,23.51,23.56,23.35,23.55,70.0,112.0,152.0,126.0,121.0
1775007923000,2.0,2.0,2.0,2.0,2.0,449.0,497.0,497.0,517.0,91.39,92.55,93.9,93.04,23.58,23.61,23.43,23.64,88.0,156.0,156.0,118.0,128.0
1775008224000,2.0,2.0,2.0,2.0,2.0,468.0,519.0,510.0,519.0,94.48,95.18,96.52,95.3,23.61,23.65,23.43,23.52,115.0,109.0,107.0,83.0,127.0
1775008524000,2.0,2.0,2.0,2.0,2.0,509.0,498.0,502.0,485.0,96.33,96.83,98.42,97.47,23.41,23.66,23.28,23.36,115.0,122.0,100.0,86.0,121.0
1775008825000,2.0,2.0,2.0,2.0,2.0,469.0,499.0,531.0,493.0,97.03,97.1,99.33,98.98,23.28,23.68,23.19,23.3,112.0,125.0,129.0,115.0,162.0
1775009125000,2.0,2.0,2.0,2.0,2.0,530.0,519.0,512.0,496.0,97.9,97.08,99.6,99.5,23.27,23.72,23.17,23.33,114.0,126.0,133.0,133.0,174.0
1775009426000,2.0,2.0,2.0,2.0,2.0,508.0,516.0,510.0,495.0,98.38,97.61,100.0,99.84,23.27,23.79,23.22,23.41,125.0,130.0,134.0,140.0,186.0
1775009726000,2.0,2.0,2.0,2.0,2.0,505.0,514.0,489.0,514.0,99.09,97.52,100.0,99.97,23.33,23.87,23.28,23.54,131.0,142.0,142.0,144.0,160.0
1775010027000,2.0,2.0,2.0,2.0,2.0,475.0,509.0,501.0,481.0,98.55,97.45,100.0,100.0,23.4,23.94,23.37,23.69,107.0,131.0,151.0,152.0,204.0
1775010327000,2.0,2.0,2.0,2.0,2.0,477.0,519.0,503.0,515.0,98.47,97.11,100.0,99.94,23.5,24.04,23.5,23.86,108.0,115.0,127.0,135.0,177.0
1775010628000,2.0,2.0,2.0,2.0,2.0,485.0,502.0,502.0,508.0,98.26,96.79,100.0,99.88,23.59,24.14,23.61,24.01,116.0,117.0,133.0,127.0,162.0
1775010929000,2.0,2.0,2.0,2.0,2.0,455.0,547.0,482.0,512.0,98.2,95.73,100.0,99.32,23.69,24.23,23.75,24.16,145.0,118.0,183.0,126.0,135.0
1775011229000,2.0,2.0,2.0,2.0,2.0,477.0,491.0,497.0,512.0,97.37,94.46,98.72,98.68,23.8,24.34,23.85,24.3,129.0,113.0,126.0,135.0,149.0
1775011530000,2.0,2.0,2.0,2.0,2.0,506.0,536.0,517.0,500.0,96.56,93.79,98.75,98.09,23.91,24.45,23.98,24.44,104.0,110.0,111.0,128.0,144.0
1775011830000,2.0,2.0,2.0,2.0,2.0,486.0,554.0,501.0,498.0,96.24,93.36,98.47,97.5,24.06,24.53,24.11,24.56,109.0,100.0,130.0,125.0,132.0
1775012131000,2.0,2.0,2.0,2.0,2.0,518.0,501.0,521.0,473.0,95.45,92.6,97.29,96.62,24.21,24.64,24.22,24.69,110.0,102.0,117.0,125.0,134.0
1775012431000,2.0,2.0,2.0,2.0,2.0,498.0,527.0,497.0,503.0,95.1,92.51,96.77,96.41,24.39,24.74,24.34,24.82,116.0,116.0,107.0,121.0,131.0
1775012732000,2.0,2.0,2.0,2.0,2.0,478.0,525.0,456.0,501.0,94.33,91.84,95.82,95.86,24.54,24.83,24.47,24.94,116.0,106.0,108.0,127.0,131.0
1775013033000,2.0,2.0,2.0,2.0,2.0,503.0,526.0,477.0,499.0,93.88,91.53,95.27,95.29,24.69,24.93,24.57,25.05,113.0,98.0,116.0,129.0,126.0
1775013333000,2.0,2.0,2.0,2.0,2.0,510.0,491.0,521.0,517.0,93.03,91.01,95.02,94.92,24.82,25.02,24.67,25.15,112.0,102.0,111.0,130.0,147.0
1775013634000,2.0,2.0,2.0,2.0,2.0,499.0,490.0,480.0,498.0,92.29,90.71,94.77,94.69,24.94,25.1,24.78,25.24,115.0,102.0,116.0,145.0,144.0
1775013934000,2.0,2.0,2.0,2.0,2.0,498.0,519.0,507.0,517.0,91.34,90.32,94.1,94.47,25.04,25.17,24.87,25.33,109.0,109.0,123.0,142.0,138.0
1775014235000,2.0,2.0,2.0,2.0,2.0,492.0,505.0,503.0,485.0,90.28,89.49,93.52,93.56,25.13,25.23,24.95,25.4,109.0,105.0,112.0,145.0,131.0
1775014535000,2.0,2.0,2.0,2.0,2.0,484.0,510.0,516.0,506.0,90.0,88.9,92.77,92.84,25.23,25.3,25.03,25.47,106.0,113.0,118.0,133.0,122.0
1775014836000,2.0,2.0,2.0,2.0,2.0,485.0,487.0,485.0,488.0,89.15,88.55,93.29,92.13,25.32,25.37,25.12,25.53,102.0,106.0,122.0,140.0,120.0
1775015137000,2.0,2.0,2.0,2.0,2.0,502.0,514.0,541.0,509.0,89.44,88.63,92.36,91.87,25.4,25.43,25.21,25.61,104.0,101.0,134.0,146.0,126.0
1775015437000,2.0,2.0,2.0,2.0,2.0,452.0,552.0,474.0,512.0,88.99,88.29,91.32,91.47,25.48,25.5,25.29,25.7,106.0,105.0,133.0,156.0,146.0
1775015738000,2.0,2.0,2.0,2.0,2.0,494.0,544.0,485.0,486.0,89.03,87.87,90.02,90.24,25.55,25.57,25.35,25.76,119.0,112.0,117.0,153.0,155.0
1775016038000,2.0,2.0,2.0,2.0,2.0,491.0,493.0,512.0,531.0,88.32,87.35,89.95,90.3,25.62,25.63,25.45,25.84,112.0,110.0,113.0,148.0,156.0
1775016339000,2.0,2.0,2.0,2.0,2.0,503.0,509.0,487.0,476.0,87.79,87.59,89.35,90.19,25.71,25.69,25.52,25.91,117.0,120.0,116.0,144.0,138.0
1775016639000,2.0,2.0,2.0,2.0,2.0,471.0,510.0,529.0,532.0,87.53,87.43,89.43,90.15,25.78,25.76,25.6,25.99,131.0,134.0,121.0,150.0,153.0
1775016940000,2.0,2.0,2.0,2.0,2.0,458.0,523.0,491.0,504.0,87.17,87.1,89.04,89.33,25.84,25.83,25.69,26.06,130.0,120.0,122.0,149.0,148.0
1775017241000,2.0,2.0,2.0,2.0,2.0,484.0,503.0,520.0,472.0,87.04,86.89,89.2,88.72,25.92,25.89,25.76,26.13,127.0,126.0,149.0,144.0,158.0
1775017541000,2.0,2.0,2.0,2.0,2.0,480.0,473.0,515.0,481.0,86.55,86.9,88.83,88.2,25.98,25.95,25.82,26.19,131.0,132.0,148.0,146.0,164.0
1775017842000,2.0,2.0,2.0,2.0,2.0,489.0,489.0,493.0,489.0,86.1,86.52,88.92,87.88,26.01,25.99,25.88,26.25,125.0,130.0,145.0,150.0,170.0
1775018142000,2.0,2.0,2.0,2.0,2.0,450.0,512.0,494.0,505.0,85.64,87.22,88.25,87.75,26.06,26.03,25.93,26.28,127.0,138.0,136.0,149.0,170.0
1775018443000,2.0,2.0,2.0,2.0,2.0,470.0,500.0,474.0,478.0,85.5,86.92,88.05,87.8,26.1,26.05,25.96,26.31,132.0,137.0,133.0,154.0,176.0
1775018743000,2.0,2.0,2.0,2.0,2.0,492.0,487.0,491.0,538.0,85.64,87.79,88.93,87.7,26.12,26.08,25.98,26.34,136.0,184.0,151.0,142.0,170.0
1775019044000,2.0,2.0,2.0,2.0,2.0,460.0,497.0,489.0,526.0,85.19,87.06,88.74,87.58,26.15,26.08,26.01,26.35,137.0,153.0,160.0,159.0,173.0
1775019345000,2.0,2.0,2.0,2.0,2.0,480.0,517.0,508.0,523.0,85.27,86.33,87.92,86.79,26.16,26.1,26.03,26.36,143.0,138.0,130.0,141.0,158.0
1775019645000,2.0,2.0,2.0,2.0,2.0,488.0,546.0,506.0,504.0,85.11,86.5,87.89,86.94,26.18,26.12,26.07,26.39,145.0,131.0,123.0,142.0,171.0
1775019946000,2.0,2.0,2.0,2.0,2.0,482.0,513.0,508.0,526.0,85.26,86.57,87.42,86.54,26.19,26.12,26.07,26.39,146.0,152.0,134.0,144.0,158.0
1775020246000,2.0,2.0,2.0,2.0,2.0,451.0,526.0,463.0,489.0,85.38,86.46,87.37,86.44,26.2,26.14,26.08,26.38,148.0,133.0,134.0,146.0,152.0
1775020547000,2.0,2.0,2.0,2.0,2.0,463.0,509.0,488.0,525.0,84.95,85.94,86.98,86.23,26.19,26.13,26.09,26.39,134.0,135.0,141.0,139.0,159.0
1775020847000,2.0,2.0,2.0,2.0,2.0,463.0,514.0,527.0,508.0,85.25,86.64,87.22,86.39,26.19,26.13,26.1,26.41,125.0,124.0,124.0,139.0,160.0
1775021148000,2.0,2.0,2.0,2.0,2.0,486.0,444.0,529.0,513.0,85.03,86.97,87.69,86.39,26.21,26.12,26.08,26.39,133.0,159.0,172.0,143.0,174.0
1775021449000,2.0,2.0,2.0,2.0,2.0,520.0,498.0,502.0,493.0,85.16,86.87,87.82,86.73,26.19,26.11,26.1,26.39,138.0,156.0,153.0,152.0,169.0
1775021749000,2.0,2.0,2.0,2.0,2.0,499.0,484.0,502.0,488.0,85.47,87.44,87.92,87.06,26.16,26.1,26.07,26.38,139.0,157.0,141.0,158.0,175.0
1775022050000,2.0,2.0,2.0,2.0,2.0,503.0,503.0,495.0,499.0,85.27,86.86,88.27,86.82,26.15,26.1,26.06,26.37,131.0,144.0,151.0,155.0,170.0
1775022350000,2.0,2.0,2.0,2.0,2.0,464.0,519.0,500.0,468.0,85.6,87.22,87.66,87.19,26.14,26.08,26.05,26.36,139.0,145.0,142.0,161.0,169.0
1775022651000,2.0,2.0,2.0,2.0,2.0,478.0,510.0,495.0,488.0,86.1,87.57,87.9,87.28,26.12,26.06,26.03,26.34,143.0,143.0,130.0,156.0,162.0
1775022951000,2.0,2.0,2.0,2.0,2.0,458.0,499.0,507.0,484.0,85.96,87.82,88.27,87.31,26.11,26.03,26.03,26.34,151.0,152.0,136.0,153.0,162.0
1775023252000,2.0,2.0,2.0,2.0,2.0,470.0,523.0,519.0,486.0,85.97,87.57,88.05,87.37,26.12,26.05,26.04,26.33,144.0,149.0,141.0,151.0,160.0
1775023552000,2.0,2.0,2.0,2.0,2.0,485.0,510.0,505.0,520.0,85.82,87.46,88.57,87.5,26.13,26.05,26.04,26.36,128.0,138.0,139.0,151.0,159.0
1775023853000,2.0,2.0,2.0,2.0,2.0,495.0,488.0,505.0,521.0,85.99,87.57,88.18,87.7,26.13,26.05,26.07,26.37,137.0,143.0,143.0,180.0,178.0
1775024154000,2.0,2.0,2.0,2.0,2.0,469.0,514.0,513.0,505.0,85.9,87.25,88.07,87.46,26.17,26.09,26.09,26.39,137.0,140.0,141.0,158.0,161.0
1775024454000,2.0,2.0,2.0,2.0,2.0,475.0,520.0,495.0,473.0,85.41,87.43,88.43,87.18,26.19,26.12,26.12,26.44,141.0,178.0,148.0,151.0,160.0
1775024755000,2.0,2.0,2.0,2.0,2.0,466.0,508.0,480.0,511.0,85.3,86.99,87.74,86.85,26.2,26.17,26.16,26.5,133.0,144.0,136.0,149.0,155.0
1775025055000,2.0,2.0,2.0,2.0,2.0,479.0,519.0,505.0,483.0,85.28,86.74,88.84,86.53,26.24,26.19,26.2,26.54,141.0,143.0,155.0,143.0,167.0
1775025356000,2.0,2.0,2.0,2.0,2.0,502.0,510.0,487.0,498.0,85.04,86.15,87.85,86.23,26.28,26.22,26.24,26.58,125.0,133.0,152.0,146.0,172.0
1775025656000,2.0,2.0,2.0,2.0,2.0,480.0,493.0,506.0,469.0,84.85,86.27,87.2,86.3,26.29,26.24,26.26,26.59,132.0,142.0,134.0,151.0,158.0
1775025957000,2.0,2.0,2.0,2.0,2.0,498.0,504.0,495.0,498.0,84.66,85.96,86.78,86.06,26.31,26.27,26.27,26.62,132.0,134.0,139.0,155.0,170.0
1775026258000,2.0,2.0,2.0,2.0,2.0,487.0,513.0,493.0,492.0,84.72,85.68,87.43,86.0,26.33,26.28,26.3,26.63,124.0,135.0,185.0,169.0,168.0
1775026558000,2.0,2.0,2.0,2.0,2.0,468.0,504.0,483.0,490.0,84.76,85.91,87.28,85.79,26.34,26.29,26.32,26.66,132.0,134.0,141.0,165.0,161.0
1775026859000,2.0,2.0,2.0,2.0,2.0,488.0,520.0,495.0,472.0,84.27,85.61,87.92,85.64,26.34,26.29,26.34,26.68,125.0,140.0,176.0,165.0,167.0
1775027159000,2.0,2.0,3.0,2.0,2.0,482.0,483.0,481.0,505.0,84.23,85.31,89.06,85.2,26.33,26.28,26.33,26.67,138.0,136.0,247.0,139.0,153.0
1775027460000,2.0,2.0,2.0,2.0,2.0,472.0,503.0,507.0,483.0,83.94,85.55,87.43,85.6,26.32,26.27,26.33,26.67,125.0,129.0,133.0,148.0,184.0
1775027760000,2.0,2.0,2.0,2.0,2.0,430.0,484.0,478.0,484.0,84.43,85.78,87.89,85.32,26.31,26.25,26.34,26.66,129.0,147.0,138.0,148.0,152.0
1775028061000,2.0,2.0,2.0,2.0,2.0,467.0,509.0,483.0,488.0,84.15,86.21,88.06,85.72,26.29,26.23,26.32,26.65,130.0,164.0,176.0,158.0,163.0
1775028362000,2.0,2.0,2.0,2.0,2.0,478.0,488.0,467.0,511.0,84.07,85.57,88.04,85.18,26.28,26.22,26.29,26.63,133.0,139.0,173.0,150.0,184.0
1775028662000,2.0,2.0,2.0,2.0,2.0,436.0,484.0,446.0,457.0,84.03,85.22,86.41,84.95,26.27,26.21,26.31,26.63,130.0,130.0,111.0,143.0,155.0
1775028963000,2.0,2.0,2.0,2.0,2.0,469.0,517.0,449.0,484.0,84.38,85.61,86.31,85.36,26.25,26.22,26.31,26.62,135.0,136.0,120.0,151.0,162.0
1775029263000,2.0,2.0,2.0,2.0,2.0,459.0,519.0,476.0,472.0,84.33,85.43,85.72,84.85,26.24,26.21,26.3,26.63,132.0,138.0,114.0,153.0,161.0
1775029564000,2.0,2.0,2.0,2.0,2.0,463.0,518.0,512.0,499.0,84.11,85.63,85.9,84.95,26.27,26.21,26.31,26.67,132.0,149.0,160.0,158.0,184.0
1775029864000,2.0,2.0,2.0,2.0,2.0,473.0,484.0,508.0,494.0,83.89,85.59,86.37,85.05,26.27,26.23,26.34,26.69,125.0,139.0,176.0,153.0,155.0
1775030165000,2.0,2.0,2.0,2.0,2.0,454.0,529.0,457.0,485.0,83.54,85.08,85.31,85.22,26.31,26.26,26.37,26.72,124.0,136.0,120.0,182.0,157.0
1775030466000,2.0,2.0,2.0,2.0,2.0,455.0,498.0,487.0,522.0,83.38,85.01,86.11,84.52,26.32,26.28,26.4,26.75,123.0,143.0,157.0,152.0,211.0
1775030766000,2.0,2.0,2.0,2.0,2.0,506.0,526.0,490.0,462.0,83.63,84.84,85.9,84.51,26.34,26.32,26.43,26.8,130.0,140.0,134.0,145.0,164.0
1775031067000,2.0,2.0,2.0,2.0,2.0,446.0,514.0,475.0,470.0,83.17,84.91,85.63,84.15,26.36,26.33,26.47,26.82,129.0,130.0,134.0,142.0,140.0
1775031367000,2.0,2.0,2.0,2.0,2.0,466.0,464.0,475.0,480.0,82.88,84.61,85.18,84.06,26.39,26.35,26.47,26.83,125.0,140.0,135.0,157.0,176.0
1775031668000,2.0,2.0,2.0,2.0,2.0,482.0,489.0,469.0,486.0,83.25,84.61,84.75,84.25,26.38,26.33,26.47,26.83,136.0,139.0,125.0,162.0,171.0
1775031968000,2.0,2.0,2.0,2.0,2.0,459.0,475.0,513.0,494.0,83.09,83.98,84.3,83.91,26.38,26.33,26.47,26.82,138.0,134.0,129.0,159.0,168.0
1775032269000,2.0,2.0,2.0,2.0,2.0,451.0,494.0,489.0,498.0,82.65,83.8,84.78,83.75,26.34,26.32,26.45,26.79,129.0,134.0,167.0,165.0,166.0
1775032570000,2.0,2.0,2.0,2.0,2.0,485.0,485.0,461.0,502.0,82.21,83.33,83.64,83.6,26.33,26.27,26.42,26.77,128.0,130.0,120.0,157.0,161.0
1775032870000,2.0,2.0,2.0,2.0,2.0,465.0,492.0,467.0,474.0,82.08,83.29,83.57,82.72,26.29,26.26,26.4,26.74,117.0,131.0,121.0,152.0,172.0
1775033171000,2.0,2.0,2.0,2.0,2.0,474.0,481.0,462.0,492.0,82.48,83.78,83.87,83.2,26.27,26.24,26.39,26.72,132.0,143.0,136.0,158.0,175.0
1775033471000,2.0,2.0,2.0,2.0,2.0,447.0,465.0,514.0,473.0,82.69,83.34,84.01,83.27,26.26,26.23,26.38,26.71,139.0,146.0,138.0,156.0,175.0
1775033772000,2.0,2.0,2.0,2.0,2.0,504.0,505.0,485.0,508.0,81.93,83.15,83.52,83.37,26.24,26.23,26.38,26.72,126.0,137.0,137.0,151.0,175.0
1775034072000,2.0,2.0,2.0,2.0,2.0,458.0,505.0,466.0,499.0,81.77,83.03,85.63,83.0,26.21,26.21,26.37,26.7,124.0,140.0,210.0,143.0,147.0
1775034373000,2.0,2.0,2.0,2.0,2.0,444.0,457.0,495.0,465.0,82.08,83.62,84.08,83.05,26.22,26.2,26.34,26.69,125.0,140.0,137.0,160.0,145.0
1775034673000,2.0,2.0,2.0,2.0,2.0,519.0,467.0,451.0,454.0,81.62,83.11,85.64,82.62,26.2,26.17,26.34,26.66,119.0,127.0,148.0,139.0,135.0
1775034974000,2.0,2.0,2.0,2.0,2.0,432.0,494.0,482.0,510.0,81.44,83.5,84.29,82.77,26.18,26.17,26.33,26.66,121.0,137.0,138.0,163.0,157.0
1775035275000,2.0,2.0,2.0,2.0,2.0,440.0,446.0,434.0,484.0,81.1,83.08,83.54,82.32,26.17,26.16,26.33,26.66,111.0,128.0,106.0,136.0,135.0
1775035575000,2.0,2.0,2.0,2.0,2.0,454.0,454.0,484.0,490.0,80.91,82.53,82.89,81.7,26.16,26.14,26.32,26.64,113.0,116.0,97.0,126.0,148.0
1775035876000,2.0,2.0,2.0,2.0,2.0,454.0,471.0,501.0,456.0,81.27,82.51,82.98,81.83,26.13,26.12,26.3,26.63,116.0,125.0,129.0,137.0,151.0
1775036176000,2.0,2.0,2.0,2.0,2.0,490.0,460.0,489.0,453.0,81.09,82.59,82.87,81.77,26.1,26.1,26.28,26.59,117.0,117.0,115.0,139.0,143.0
1775036477000,2.0,2.0,2.0,2.0,2.0,478.0,488.0,502.0,508.0,81.1,82.18,82.92,81.51,26.07,26.05,26.24,26.54,119.0,112.0,119.0,130.0,149.0
1775036777000,2.0,2.0,2.0,2.0,2.0,463.0,456.0,473.0,487.0,80.62,82.17,82.29,82.25,26.02,25.99,26.19,26.5,113.0,124.0,115.0,142.0,137.0
1775037078000,2.0,2.0,2.0,2.0,2.0,462.0,472.0,488.0,486.0,80.84,82.62,82.7,82.67,25.96,25.95,26.13,26.43,119.0,128.0,116.0,159.0,164.0
1775037379000,2.0,2.0,2.0,2.0,2.0,482.0,488.0,504.0,473.0,80.9,81.96,81.61,80.97,25.91,25.9,26.08,26.37,119.0,114.0,104.0,123.0,143.0
1775037679000,2.0,2.0,2.0,2.0,2.0,473.0,452.0,494.0,486.0,80.86,82.27,82.8,82.19,25.84,25.84,26.02,26.3,124.0,127.0,127.0,135.0,149.0
1775037980000,2.0,2.0,2.0,2.0,2.0,488.0,481.0,467.0,488.0,81.34,83.11,83.01,82.38,25.79,25.78,25.95,26.2,121.0,133.0,128.0,143.0,165.0
1775038280000,2.0,2.0,2.0,2.0,2.0,452.0,490.0,457.0,492.0,81.71,83.42,83.19,83.11,25.69,25.69,25.87,26.13,118.0,119.0,123.0,146.0,179.0
1775038581000,2.0,2.0,2.0,2.0,2.0,452.0,481.0,480.0,507.0,82.57,84.03,84.71,83.5,25.64,25.63,25.79,26.06,130.0,125.0,144.0,140.0,142.0
1775038881000,2.0,2.0,2.0,2.0,2.0,480.0,474.0,503.0,482.0,83.39,85.37,85.78,84.39,25.56,25.55,25.72,25.95,139.0,157.0,144.0,170.0,155.0
1775039182000,2.0,2.0,2.0,2.0,2.0,486.0,489.0,485.0,485.0,83.88,85.18,85.21,84.57,25.49,25.47,25.64,25.87,134.0,125.0,119.0,142.0,161.0
1775039483000,2.0,2.0,2.0,2.0,2.0,469.0,467.0,562.0,494.0,84.67,86.04,86.23,85.32,25.4,25.39,25.55,25.77,141.0,144.0,140.0,143.0,144.0
1775039783000,2.0,2.0,2.0,2.0,2.0,511.0,481.0,506.0,492.0,85.04,86.58,86.25,85.52,25.33,25.31,25.47,25.68,142.0,136.0,134.0,132.0,143.0
1775040084000,2.0,2.0,2.0,2.0,2.0,463.0,475.0,497.0,479.0,85.37,86.91,87.0,86.19,25.26,25.22,25.37,25.59,144.0,140.0,137.0,143.0,166.0
1775040384000,2.0,2.0,2.0,2.0,2.0,488.0,495.0,470.0,489.0,85.64,87.23,87.59,86.57,25.18,25.15,25.3,25.5,139.0,135.0,149.0,142.0,139.0
1775040685000,2.0,2.0,2.0,2.0,2.0,456.0,493.0,497.0,520.0,86.23,87.77,87.79,86.83,25.11,25.09,25.22,25.4,144.0,143.0,134.0,149.0,142.0
1775040985000,2.0,2.0,2.0,2.0,2.0,506.0,492.0,475.0,483.0,87.07,88.87,88.16,87.08,25.04,25.01,25.14,25.32,163.0,160.0,136.0,137.0,170.0
1775041286000,2.0,2.0,2.0,2.0,2.0,498.0,502.0,477.0,502.0,87.5,89.7,88.4,87.41,24.97,24.93,25.06,25.24,149.0,160.0,138.0,148.0,138.0
1775041587000,2.0,2.0,2.0,2.0,2.0,538.0,487.0,514.0,507.0,87.83,89.38,88.77,87.66,24.9,24.87,24.99,25.18,138.0,139.0,134.0,124.0,127.0
1775041887000,2.0,2.0,2.0,2.0,2.0,520.0,498.0,522.0,530.0,88.19,89.65,89.1,87.7,24.84,24.8,24.92,25.1,133.0,138.0,140.0,124.0,138.0
1775042188000,2.0,2.0,2.0,2.0,2.0,522.0,534.0,522.0,524.0,88.23,89.53,89.0,88.11,24.78,24.74,24.85,25.03,138.0,127.0,126.0,134.0,144.0
1775042488000,2.0,2.0,2.0,2.0,2.0,480.0,492.0,539.0,499.0,88.76,89.96,89.88,88.49,24.72,24.67,24.78,24.96,139.0,129.0,140.0,127.0,121.0
1775042789000,2.0,2.0,2.0,2.0,2.0,499.0,470.0,530.0,517.0,88.32,90.12,89.74,88.81,24.65,24.62,24.74,24.9,125.0,131.0,125.0,130.0,127.0
1775043089000,2.0,2.0,2.0,2.0,2.0,515.0,511.0,473.0,498.0,88.61,89.81,89.57,88.57,24.62,24.56,24.66,24.83,130.0,116.0,113.0,121.0,111.0
1775043390000,2.0,2.0,2.0,2.0,2.0,498.0,485.0,500.0,521.0,89.05,90.43,89.81,89.16,24.57,24.52,24.6,24.77,128.0,116.0,111.0,114.0,121.0
1775043691000,2.0,2.0,2.0,2.0,2.0,497.0,498.0,498.0,525.0,88.61,90.46,89.86,89.5,24.53,24.47,24.55,24.73,125.0,116.0,109.0,114.0,126.0
1775043991000,2.0,2.0,2.0,2.0,2.0,487.0,519.0,510.0,536.0,89.46,90.73,90.61,89.56,24.49,24.43,24.51,24.67,122.0,121.0,117.0,116.0,111.0
1775044292000,2.0,2.0,2.0,2.0,2.0,484.0,483.0,514.0,531.0,89.66,90.8,90.97,89.95,24.45,24.4,24.47,24.63,135.0,114.0,124.0,130.0,110.0
1775044592000,2.0,2.0,2.0,2.0,2.0,498.0,509.0,528.0,497.0,89.94,91.4,91.41,90.32,24.4,24.36,24.42,24.58,135.0,120.0,121.0,124.0,129.0
1775044893000,2.0,2.0,2.0,2.0,2.0,472.0,520.0,516.0,503.0,90.35,91.49,91.56,90.54,24.37,24.32,24.39,24.54,133.0,123.0,109.0,117.0,121.0
1775045193000,2.0,2.0,2.0,2.0,2.0,502.0,484.0,519.0,524.0,89.91,91.1,91.04,90.55,24.32,24.29,24.34,24.49,127.0,104.0,108.0,107.0,120.0
1775045494000,2.0,2.0,2.0,2.0,2.0,522.0,515.0,503.0,518.0,90.28,91.54,91.17,90.38,24.29,24.24,24.31,24.45,124.0,108.0,105.0,111.0,120.0
1775045795000,2.0,2.0,2.0,2.0,2.0,485.0,487.0,518.0,547.0,89.82,91.14,91.15,90.35,24.25,24.2,24.27,24.41,110.0,96.0,107.0,107.0,115.0
1775046095000,2.0,2.0,2.0,2.0,2.0,501.0,499.0,525.0,544.0,89.68,91.26,91.28,90.69,24.21,24.16,24.23,24.36,112.0,112.0,116.0,107.0,111.0
1775046396000,2.0,2.0,2.0,2.0,2.0,484.0,510.0,513.0,529.0,90.25,91.35,91.52,91.0,24.17,24.12,24.18,24.34,115.0,101.0,114.0,109.0,127.0
1775046696000,2.0,2.0,2.0,2.0,2.0,479.0,509.0,499.0,531.0,90.73,91.69,91.78,91.08,24.12,24.08,24.15,24.3,127.0,115.0,114.0,114.0,106.0
1775046997000,2.0,2.0,2.0,2.0,2.0,534.0,488.0,510.0,527.0,90.61,91.97,91.79,91.08,24.1,24.05,24.13,24.25,125.0,110.0,102.0,113.0,115.0
1775047297000,2.0,2.0,2.0,2.0,2.0,526.0,500.0,508.0,523.0,90.78,91.61,91.61,91.25,24.06,24.01,24.1,24.22,115.0,104.0,101.0,121.0,100.0
1775047598000,2.0,2.0,2.0,2.0,2.0,528.0,532.0,525.0,509.0,90.55,91.59,92.01,91.29,24.03,23.99,24.07,24.18,114.0,107.0,115.0,106.0,111.0
1775047899000,2.0,2.0,2.0,2.0,2.0,497.0,497.0,532.0,541.0,91.21,92.29,92.31,91.51,24.01,23.94,24.05,24.15,117.0,119.0,121.0,113.0,122.0
1775048199000,2.0,2.0,2.0,2.0,2.0,491.0,500.0,541.0,538.0,91.39,92.41,92.51,91.63,23.98,23.92,24.02,24.13,116.0,102.0,106.0,110.0,117.0
1775048500000,2.0,2.0,2.0,2.0,2.0,526.0,510.0,535.0,484.0,90.99,92.33,92.18,91.73,23.95,23.91,24.0,24.1,108.0,103.0,96.0,108.0,110.0
1775048800000,2.0,2.0,2.0,2.0,2.0,506.0,538.0,543.0,487.0,91.06,92.37,91.66,91.66,23.91,23.87,23.97,24.07,109.0,101.0,88.0,99.0,113.0
1775049101000,2.0,2.0,2.0,2.0,2.0,482.0,519.0,486.0,509.0,91.2,92.41,92.13,91.75,23.9,23.84,23.94,24.05,114.0,102.0,110.0,104.0,112.0
1775049401000,2.0,2.0,2.0,2.0,2.0,507.0,477.0,492.0,508.0,91.94,92.63,92.29,92.0,23.87,23.83,23.91,24.03,126.0,107.0,101.0,106.0,123.0
1775049702000,2.0,2.0,2.0,2.0,2.0,545.0,512.0,532.0,505.0,92.07,93.06,92.79,92.12,23.86,23.82,23.89,24.01,120.0,118.0,115.0,106.0,87.0
1775050002000,2.0,2.0,2.0,2.0,2.0,510.0,476.0,529.0,521.0,90.99,92.57,92.23,92.18,23.84,23.8,23.88,23.98,103.0,101.0,91.0,95.0,105.0
1775050303000,2.0,2.0,2.0,2.0,2.0,499.0,480.0,529.0,526.0,91.46,92.47,92.45,92.18,23.81,23.77,23.86,23.96,101.0,96.0,113.0,104.0,104.0
1775050604000,2.0,2.0,2.0,2.0,2.0,484.0,526.0,534.0,509.0,92.14,92.75,92.85,92.26,23.81,23.77,23.84,23.94,114.0,98.0,101.0,101.0,98.0
1775050904000,2.0,2.0,2.0,2.0,2.0,531.0,519.0,548.0,512.0,91.98,92.9,92.89,92.41,23.78,23.74,23.82,23.93,107.0,104.0,103.0,98.0,104.0
1775051205000,2.0,2.0,2.0,2.0,2.0,519.0,499.0,562.0,477.0,91.79,92.9,92.65,92.45,23.79,23.72,23.81,23.9,102.0,91.0,91.0,104.0,115.0
1775051505000,2.0,2.0,2.0,2.0,2.0,499.0,528.0,527.0,534.0,91.52,92.41,92.72,92.47,23.75,23.71,23.8,23.88,93.0,85.0,97.0,87.0,99.0
1775051806000,2.0,2.0,2.0,2.0,2.0,529.0,512.0,532.0,571.0,92.09,93.2,92.87,92.55,23.74,23.68,23.77,23.86,100.0,101.0,97.0,83.0,94.0
1775052106000,2.0,2.0,2.0,2.0,2.0,540.0,525.0,547.0,535.0,92.3,93.55,92.8,92.74,23.73,23.67,23.76,23.86,106.0,102.0,90.0,90.0,101.0
1775052407000,2.0,2.0,2.0,2.0,2.0,496.0,515.0,520.0,536.0,91.94,93.74,93.32,92.89,23.72,23.65,23.74,23.84,97.0,100.0,107.0,95.0,105.0
1775052708000,2.0,2.0,2.0,2.0,2.0,503.0,510.0,516.0,536.0,92.13,93.59,93.38,92.91,23.7,23.64,23.74,23.83,95.0,89.0,91.0,102.0,98.0
1775053008000,2.0,2.0,2.0,2.0,2.0,535.0,525.0,518.0,528.0,92.43,93.67,93.65,93.0,23.69,23.63,23.72,23.81,108.0,96.0,103.0,94.0,99.0
1775053309000,2.0,2.0,2.0,2.0,2.0,519.0,479.0,543.0,551.0,93.23,94.41,94.11,93.47,23.68,23.62,23.72,23.8,119.0,107.0,106.0,104.0,96.0
1775053609000,2.0,2.0,2.0,2.0,2.0,507.0,529.0,484.0,514.0,93.52,94.55,94.44,93.7,23.68,23.62,23.71,23.79,132.0,115.0,121.0,106.0,98.0
1775053910000,2.0,2.0,2.0,2.0,2.0,504.0,508.0,513.0,582.0,93.89,94.83,94.52,93.8,23.68,23.63,23.7,23.79,120.0,115.0,112.0,94.0,86.0
1775054210000,2.0,2.0,2.0,2.0,2.0,492.0,526.0,523.0,524.0,94.49,95.39,94.89,94.1,23.69,23.62,23.7,23.78,136.0,117.0,117.0,96.0,93.0
1775054511000,2.0,2.0,2.0,2.0,2.0,537.0,517.0,498.0,517.0,94.93,95.98,95.41,94.45,23.69,23.62,23.69,23.79,142.0,120.0,122.0,107.0,95.0
1775054812000,2.0,2.0,2.0,2.0,2.0,525.0,519.0,516.0,505.0,95.19,96.1,95.64,94.63,23.68,23.61,23.7,23.8,137.0,121.0,128.0,123.0,88.0
1775055112000,2.0,2.0,2.0,2.0,2.0,516.0,491.0,508.0,545.0,94.98,95.95,95.73,95.03,23.69,23.62,23.7,23.79,123.0,109.0,113.0,124.0,106.0
1775055413000,2.0,2.0,2.0,2.0,2.0,517.0,529.0,545.0,540.0,95.11,95.98,95.83,95.12,23.69,23.62,23.7,23.79,133.0,108.0,114.0,112.0,115.0
1775055713000,2.0,2.0,2.0,2.0,2.0,492.0,501.0,540.0,541.0,95.34,96.18,96.03,95.28,23.69,23.62,23.71,23.8,131.0,112.0,114.0,112.0,107.0
1775056014000,2.0,2.0,2.0,2.0,2.0,556.0,519.0,535.0,548.0,94.9,96.06,96.07,95.24,23.68,23.61,23.7,23.8,102.0,103.0,111.0,104.0,107.0
1775056314000,2.0,2.0,2.0,2.0,2.0,509.0,521.0,559.0,522.0,94.71,95.88,95.64,95.19,23.69,23.62,23.71,23.79,110.0,102.0,100.0,100.0,111.0
1775056615000,2.0,2.0,2.0,2.0,2.0,513.0,555.0,555.0,584.0,94.84,95.92,95.73,95.15,23.68,23.61,23.69,23.78,106.0,105.0,106.0,103.0,101.0
1775056916000,2.0,2.0,2.0,2.0,2.0,532.0,506.0,526.0,534.0,95.26,96.19,96.07,95.41,23.68,23.59,23.68,23.78,125.0,109.0,108.0,108.0,110.0
1775057216000,2.0,2.0,2.0,2.0,2.0,541.0,560.0,521.0,544.0,95.78,96.38,96.13,95.56,23.67,23.6,23.68,23.79,124.0,100.0,110.0,112.0,98.0
1775057517000,2.0,2.0,2.0,2.0,2.0,530.0,530.0,493.0,523.0,95.66,96.63,96.32,95.57,23.67,23.6,23.68,23.78,117.0,126.0,119.0,99.0,93.0
1775057817000,2.0,2.0,2.0,2.0,2.0,535.0,518.0,520.0,585.0,95.82,96.68,96.34,95.64,23.66,23.6,23.68,23.78,130.0,118.0,112.0,97.0,104.0
1775058118000,2.0,2.0,2.0,2.0,2.0,542.0,530.0,534.0,529.0,95.69,96.57,96.37,95.87,23.67,23.59,23.68,23.77,109.0,108.0,111.0,111.0,118.0
1775058418000,2.0,2.0,2.0,2.0,2.0,518.0,524.0,549.0,517.0,95.58,96.35,96.29,95.75,23.67,23.58,23.68,23.78,119.0,96.0,108.0,102.0,113.0
1775058719000,2.0,2.0,2.0,2.0,2.0,537.0,531.0,544.0,529.0,95.95,96.66,96.48,95.92,23.66,23.59,23.67,23.78,121.0,117.0,113.0,115.0,109.0
1775059019000,2.0,2.0,2.0,2.0,2.0,527.0,520.0,540.0,557.0,95.9,96.84,96.62,96.0,23.65,23.59,23.68,23.76,125.0,122.0,109.0,96.0,107.0
1775059320000,2.0,2.0,2.0,2.0,2.0,532.0,557.0,503.0,537.0,96.36,97.12,96.78,96.11,23.65,23.58,23.67,23.78,129.0,116.0,116.0,114.0,102.0
1775059621000,2.0,2.0,2.0,2.0,2.0,530.0,562.0,550.0,579.0,96.57,97.33,97.08,96.25,23.66,23.61,23.67,23.77,126.0,119.0,123.0,95.0,88.0
1775059921000,2.0,2.0,2.0,2.0,2.0,548.0,561.0,538.0,537.0,96.93,97.55,97.26,96.45,23.66,23.58,23.67,23.76,137.0,131.0,123.0,116.0,96.0
1775060222000,2.0,2.0,2.0,2.0,2.0,540.0,537.0,545.0,546.0,96.95,97.77,97.44,96.53,23.66,23.6,23.67,23.78,139.0,128.0,128.0,107.0,97.0
1775060522000,2.0,2.0,2.0,2.0,2.0,520.0,539.0,547.0,592.0,97.38,98.12,97.57,96.7,23.67,23.59,23.68,23.79,143.0,138.0,115.0,83.0,83.0
1775060823000,2.0,2.0,2.0,2.0,2.0,515.0,549.0,579.0,578.0,97.45,98.35,97.82,96.86,23.68,23.59,23.69,23.79,147.0,136.0,120.0,105.0,82.0
1775061123000,2.0,2.0,2.0,2.0,2.0,571.0,553.0,540.0,565.0,97.55,98.35,97.93,96.97,23.66,23.6,23.69,23.78,143.0,131.0,128.0,103.0,85.0
1775061424000,2.0,2.0,2.0,2.0,2.0,562.0,546.0,538.0,543.0,97.15,98.43,98.12,97.06,23.67,23.61,23.7,23.8,146.0,121.0,125.0,122.0,82.0
1775061725000,2.0,2.0,2.0,2.0,2.0,531.0,548.0,548.0,561.0,97.03,98.18,97.97,97.05,23.67,23.61,23.69,23.79,126.0,111.0,121.0,121.0,113.0
1775062025000,2.0,2.0,2.0,2.0,2.0,550.0,551.0,547.0,549.0,97.4,98.14,97.71,97.16,23.68,23.6,23.69,23.8,125.0,119.0,109.0,98.0,95.0
1775062326000,2.0,2.0,2.0,2.0,2.0,555.0,555.0,543.0,580.0,97.48,98.19,97.8,96.91,23.67,23.6,23.7,23.8,141.0,122.0,109.0,100.0,142.0
1775062626000,2.0,2.0,2.0,2.0,2.0,535.0,531.0,554.0,565.0,97.78,98.56,97.19,96.17,23.67,23.61,23.69,23.8,152.0,133.0,98.0,89.0,115.0
1775062927000,2.0,2.0,2.0,2.0,2.0,553.0,562.0,546.0,551.0,97.61,98.19,96.99,95.89,23.67,23.61,23.7,23.78,137.0,122.0,95.0,79.0,103.0
1775063227000,2.0,2.0,2.0,2.0,2.0,510.0,522.0,602.0,556.0,97.52,98.05,97.02,95.83,23.69,23.62,23.68,23.77,136.0,114.0,99.0,76.0,102.0
1775063528000,2.0,2.0,2.0,2.0,2.0,538.0,526.0,576.0,555.0,97.51,97.89,97.02,95.94,23.69,23.61,23.68,23.76,130.0,111.0,102.0,86.0,75.0
1775063829000,2.0,2.0,2.0,2.0,2.0,555.0,535.0,552.0,546.0,97.28,97.78,96.86,96.0,23.67,23.61,23.68,23.74,132.0,117.0,94.0,81.0,75.0
1775064129000,2.0,2.0,2.0,2.0,2.0,533.0,503.0,541.0,613.0,97.12,97.73,96.94,96.06,23.67,23.6,23.68,23.74,124.0,112.0,103.0,77.0,76.0
1775064430000,2.0,2.0,2.0,2.0,2.0,527.0,530.0,537.0,561.0,97.01,97.68,96.96,96.11,23.66,23.58,23.65,23.72,116.0,115.0,101.0,76.0,72.0
1775064730000,2.0,2.0,2.0,2.0,2.0,533.0,511.0,557.0,582.0,97.22,97.83,97.16,96.3,23.66,23.58,23.65,23.71,129.0,117.0,103.0,72.0,75.0
1775065031000,2.0,2.0,2.0,2.0,2.0,536.0,558.0,586.0,621.0,97.47,98.15,97.38,96.53,23.65,23.57,23.64,23.7,132.0,119.0,102.0,81.0,90.0
1775065331000,2.0,2.0,2.0,2.0,2.0,560.0,519.0,596.0,607.0,97.37,97.89,97.45,96.76,23.64,23.56,23.63,23.7,132.0,109.0,94.0,89.0,88.0
1775065632000,2.0,2.0,2.0,2.0,2.0,543.0,539.0,561.0,579.0,97.37,97.86,97.49,96.73,23.62,23.55,23.62,23.7,128.0,107.0,108.0,100.0,93.0
1775065933000,2.0,2.0,2.0,2.0,2.0,516.0,519.0,551.0,614.0,97.38,97.94,97.6,96.97,23.62,23.54,23.62,23.7,123.0,112.0,114.0,111.0,91.0
1775066233000,2.0,2.0,2.0,2.0,2.0,561.0,546.0,574.0,566.0,97.29,98.02,97.41,96.92,23.59,23.52,23.61,23.68,118.0,115.0,98.0,111.0,95.0
1775066534000,2.0,2.0,2.0,2.0,2.0,543.0,550.0,579.0,578.0,97.39,98.02,97.59,97.04,23.58,23.53,23.61,23.69,127.0,106.0,115.0,99.0,99.0
1775066834000,2.0,2.0,2.0,2.0,2.0,540.0,527.0,555.0,554.0,97.65,98.07,97.66,96.91,23.57,23.5,23.59,23.67,133.0,111.0,112.0,93.0,112.0
1775067135000,2.0,2.0,2.0,2.0,2.0,543.0,501.0,557.0,561.0,97.69,98.09,97.63,96.69,23.57,23.5,23.59,23.66,130.0,102.0,99.0,84.0,104.0
1775067435000,2.0,2.0,2.0,2.0,2.0,543.0,528.0,536.0,569.0,97.95,98.26,97.57,96.47,23.56,23.5,23.57,23.65,132.0,107.0,99.0,81.0,97.0
1775067736000,2.0,2.0,2.0,2.0,2.0,565.0,533.0,566.0,595.0,98.13,98.39,97.4,96.44,23.56,23.5,23.56,23.63,133.0,104.0,86.0,77.0,93.0
1775068036000,2.0,2.0,2.0,2.0,2.0,544.0,527.0,538.0,562.0,98.38,98.2,97.55,96.5,23.57,23.49,23.56,23.62,136.0,87.0,90.0,76.0,78.0
1775068337000,2.0,2.0,2.0,2.0,2.0,543.0,583.0,575.0,536.0,98.45,98.39,97.49,96.47,23.56,23.49,23.55,23.6,130.0,108.0,88.0,77.0,86.0
1775068638000,2.0,2.0,2.0,2.0,2.0,548.0,521.0,566.0,579.0,98.43,98.52,97.64,96.64,23.55,23.48,23.54,23.59,123.0,113.0,101.0,77.0,82.0
1775068938000,2.0,2.0,2.0,2.0,2.0,533.0,549.0,540.0,592.0,98.5,98.63,97.87,96.83,23.55,23.48,23.55,23.58,122.0,116.0,109.0,83.0,77.0
1775069239000,2.0,2.0,2.0,2.0,2.0,508.0,502.0,585.0,590.0,98.47,98.82,97.91,96.98,23.55,23.48,23.55,23.56,130.0,115.0,101.0,75.0,70.0
1775069539000,2.0,2.0,2.0,2.0,2.0,556.0,537.0,548.0,615.0,98.67,98.74,97.97,96.97,23.55,23.47,23.54,23.56,132.0,107.0,78.0,71.0,89.0
1775069840000,2.0,2.0,2.0,2.0,2.0,564.0,586.0,579.0,566.0,98.51,98.63,97.75,96.77,23.54,23.48,23.54,23.56,118.0,94.0,87.0,73.0,95.0
1775070140000,2.0,2.0,2.0,2.0,2.0,580.0,576.0,566.0,571.0,98.72,98.62,97.72,96.77,23.55,23.46,23.52,23.54,118.0,101.0,96.0,77.0,88.0
1775070441000,2.0,2.0,2.0,2.0,2.0,549.0,596.0,600.0,595.0,98.68,98.84,97.7,96.84,23.55,23.46,23.51,23.54,125.0,112.0,88.0,74.0,77.0
1775070742000,2.0,2.0,2.0,1.0,2.0,542.0,563.0,571.0,607.0,98.8,98.65,97.78,96.88,23.54,23.46,23.51,23.52,125.0,94.0,85.0,62.0,72.0
1775071042000,2.0,2.0,2.0,1.0,2.0,557.0,584.0,579.0,588.0,98.84,98.64,97.77,96.97,23.54,23.46,23.5,23.52,126.0,96.0,77.0,67.0,78.0
1775071343000,2.0,2.0,2.0,2.0,2.0,570.0,561.0,588.0,589.0,98.93,98.82,97.91,97.1,23.54,23.46,23.51,23.51,126.0,105.0,93.0,71.0,76.0
1775071643000,2.0,2.0,2.0,2.0,2.0,542.0,550.0,552.0,616.0,99.06,98.88,98.01,97.21,23.54,23.46,23.5,23.5,132.0,97.0,82.0,76.0,78.0
1775071944000,2.0,2.0,2.0,1.0,2.0,516.0,587.0,596.0,592.0,99.11,98.97,98.1,97.23,23.55,23.45,23.5,23.5,125.0,106.0,85.0,67.0,83.0
1775072244000,2.0,2.0,2.0,2.0,2.0,584.0,590.0,596.0,583.0,99.23,99.09,98.1,97.2,23.55,23.45,23.49,23.5,121.0,107.0,98.0,74.0,85.0
1775072545000,2.0,2.0,2.0,2.0,2.0,540.0,601.0,574.0,583.0,99.26,99.05,98.07,97.23,23.54,23.46,23.47,23.49,120.0,105.0,91.0,73.0,77.0
1775072846000,2.0,2.0,2.0,2.0,2.0,577.0,559.0,582.0,574.0,98.56,98.71,98.01,97.29,23.54,23.46,23.49,23.5,110.0,104.0,106.0,98.0,77.0
1775073146000,2.0,2.0,2.0,2.0,2.0,543.0,502.0,571.0,613.0,98.16,98.48,98.26,97.54,23.52,23.45,23.49,23.49,120.0,112.0,122.0,94.0,73.0
1775073447000,2.0,2.0,2.0,2.0,1.0,565.0,531.0,534.0,615.0,98.16,98.76,98.42,97.63,23.52,23.44,23.49,23.49,126.0,110.0,121.0,69.0,62.0
1775073747000,2.0,2.0,2.0,1.0,2.0,536.0,527.0,612.0,614.0,98.47,99.05,98.55,97.63,23.51,23.44,23.48,23.48,123.0,127.0,94.0,55.0,69.0
1775074048000,2.0,2.0,2.0,1.0,2.0,545.0,510.0,607.0,614.0,98.57,99.2,98.6,97.72,23.49,23.43,23.47,23.48,115.0,112.0,86.0,62.0,77.0
1775074348000,2.0,2.0,2.0,2.0,2.0,529.0,542.0,630.0,603.0,98.42,99.3,98.67,97.78,23.51,23.44,23.48,23.49,123.0,115.0,92.0,69.0,72.0
1775074649000,2.0,2.0,2.0,1.0,2.0,534.0,536.0,638.0,604.0,98.57,99.36,98.69,97.77,23.5,23.43,23.48,23.49,131.0,119.0,91.0,62.0,69.0
1775074949000,2.0,2.0,2.0,2.0,2.0,535.0,593.0,621.0,627.0,98.84,99.34,98.49,97.69,23.5,23.43,23.48,23.5,129.0,105.0,80.0,73.0,79.0
1775075250000,2.0,2.0,2.0,2.0,2.0,565.0,598.0,594.0,615.0,99.08,99.42,98.59,97.77,23.51,23.43,23.48,23.48,129.0,103.0,88.0,68.0,75.0
1775075551000,2.0,2.0,2.0,2.0,2.0,551.0,623.0,632.0,658.0,99.26,99.42,98.68,97.83,23.51,23.44,23.48,23.48,130.0,95.0,88.0,74.0,77.0
1775075851000,2.0,2.0,2.0,2.0,2.0,564.0,583.0,620.0,630.0,99.06,99.6,98.68,97.87,23.51,23.43,23.48,23.49,126.0,112.0,86.0,71.0,75.0
1775076152000,2.0,2.0,2.0,1.0,2.0,556.0,566.0,648.0,640.0,99.13,99.61,98.75,98.02,23.5,23.43,23.48,23.48,127.0,114.0,95.0,65.0,69.0
1775076452000,2.0,2.0,2.0,2.0,2.0,524.0,551.0,602.0,640.0,98.93,99.68,99.1,98.2,23.5,23.43,23.48,23.48,118.0,117.0,127.0,84.0,69.0
1775076753000,2.0,2.0,2.0,2.0,2.0,556.0,558.0,563.0,584.0,98.78,99.5,99.22,98.39,23.49,23.42,23.49,23.49,115.0,119.0,128.0,101.0,74.0
1775077053000,2.0,2.0,2.0,2.0,2.0,551.0,552.0,569.0,534.0,98.61,99.34,99.16,98.51,23.5,23.42,23.49,23.49,110.0,113.0,127.0,130.0,95.0
1775077354000,2.0,2.0,2.0,2.0,2.0,520.0,509.0,566.0,566.0,97.92,98.62,98.8,98.17,23.49,23.42,23.48,23.48,102.0,95.0,112.0,133.0,112.0
1775077655000,2.0,2.0,2.0,2.0,2.0,536.0,544.0,555.0,568.0,98.12,98.71,98.6,98.21,23.47,23.41,23.48,23.49,107.0,103.0,109.0,116.0,91.0
1775077955000,2.0,2.0,2.0,2.0,2.0,550.0,571.0,553.0,542.0,98.34,99.0,98.74,98.41,23.47,23.39,23.47,23.49,106.0,113.0,111.0,98.0,77.0
1775078256000,2.0,2.0,2.0,2.0,1.0,529.0,528.0,577.0,578.0,98.52,99.19,98.89,98.57,23.46,23.38,23.46,23.49,112.0,112.0,106.0,82.0,65.0
1775078556000,2.0,2.0,2.0,1.0,2.0,542.0,562.0,581.0,662.0,98.8,99.38,99.1,98.63,23.46,23.38,23.44,23.47,119.0,117.0,106.0,65.0,69.0
1775078857000,2.0,2.0,2.0,2.0,2.0,555.0,572.0,594.0,622.0,98.93,99.51,99.18,98.6,23.46,23.37,23.47,23.48,123.0,110.0,100.0,85.0,74.0
1775079157000,2.0,2.0,2.0,2.0,2.0,584.0,519.0,586.0,607.0,98.82,99.53,99.23,98.66,23.44,23.37,23.46,23.49,116.0,110.0,106.0,110.0,73.0
1775079458000,2.0,2.0,2.0,2.0,2.0,541.0,540.0,556.0,626.0,98.96,99.58,99.31,98.74,23.44,23.38,23.46,23.5,113.0,110.0,129.0,92.0,73.0
1775079759000,2.0,2.0,2.0,2.0,2.0,552.0,554.0,575.0,662.0,99.07,99.65,99.32,98.75,23.43,23.36,23.45,23.49,114.0,113.0,109.0,73.0,77.0
1775080059000,2.0,2.0,2.0,2.0,2.0,547.0,526.0,534.0,618.0,99.12,99.71,99.33,98.7,23.44,23.37,23.45,23.49,116.0,114.0,104.0,97.0,73.0
1775080360000,2.0,2.0,2.0,2.0,2.0,533.0,538.0,532.0,564.0,99.02,99.68,99.38,98.81,23.42,23.36,23.45,23.5,119.0,104.0,110.0,108.0,75.0
1775080660000,2.0,2.0,2.0,1.0,2.0,522.0,565.0,625.0,631.0,98.94,99.76,99.42,98.86,23.42,23.36,23.43,23.5,120.0,116.0,101.0,66.0,76.0
1775080961000,2.0,2.0,2.0,1.0,2.0,519.0,562.0,661.0,673.0,99.38,99.9,99.48,98.76,23.44,23.37,23.44,23.5,138.0,117.0,74.0,62.0,106.0
1775081261000,2.0,2.0,2.0,2.0,2.0,562.0,546.0,598.0,604.0,99.45,99.98,99.02,98.16,23.43,23.36,23.44,23.49,138.0,123.0,93.0,91.0,110.0
1775081562000,2.0,2.0,2.0,2.0,2.0,526.0,548.0,567.0,598.0,99.67,99.77,98.78,98.03,23.44,23.36,23.45,23.49,129.0,101.0,88.0,86.0,91.0
1775081863000,2.0,2.0,2.0,2.0,2.0,543.0,558.0,590.0,593.0,99.77,99.68,98.66,97.98,23.44,23.37,23.45,23.49,122.0,101.0,85.0,72.0,76.0
1775082163000,2.0,2.0,2.0,2.0,1.0,607.0,559.0,632.0,622.0,99.58,99.8,98.81,98.08,23.46,23.37,23.44,23.46,116.0,103.0,96.0,69.0,66.0
1775082464000,2.0,2.0,2.0,1.0,2.0,576.0,543.0,630.0,613.0,99.5,99.81,98.78,97.97,23.46,23.38,23.43,23.47,126.0,107.0,80.0,62.0,69.0
1775082764000,2.0,2.0,2.0,1.0,2.0,563.0,593.0,626.0,640.0,99.56,99.77,98.77,97.98,23.46,23.37,23.44,23.43,124.0,102.0,84.0,58.0,71.0
1775083065000,2.0,2.0,2.0,1.0,1.0,537.0,579.0,649.0,586.0,99.52,99.86,98.92,98.15,23.45,23.38,23.42,23.44,118.0,108.0,94.0,60.0,63.0
1775083365000,2.0,2.0,2.0,1.0,1.0,567.0,559.0,601.0,637.0,99.67,99.92,98.98,98.2,23.46,23.39,23.42,23.44,118.0,113.0,89.0,64.0,59.0
1775083666000,2.0,2.0,2.0,1.0,1.0,563.0,576.0,632.0,596.0,99.54,99.66,98.85,98.15,23.47,23.39,23.42,23.42,121.0,90.0,75.0,57.0,60.0
1775083966000,2.0,2.0,2.0,1.0,2.0,582.0,552.0,643.0,643.0,99.67,99.79,99.03,98.34,23.46,23.39,23.43,23.43,122.0,100.0,90.0,68.0,70.0
1775084267000,2.0,2.0,2.0,2.0,2.0,629.0,591.0,616.0,661.0,99.29,99.78,99.08,98.39,23.47,23.38,23.42,23.42,118.0,116.0,103.0,72.0,68.0
1775084568000,2.0,2.0,2.0,1.0,2.0,544.0,589.0,650.0,651.0,99.45,99.86,99.21,98.47,23.48,23.4,23.43,23.42,119.0,110.0,91.0,67.0,66.0
1775084868000,2.0,2.0,2.0,1.0,2.0,565.0,605.0,667.0,662.0,99.51,99.9,99.18,98.51,23.47,23.38,23.42,23.42,119.0,112.0,76.0,58.0,70.0
1775085169000,2.0,2.0,2.0,2.0,2.0,581.0,577.0,677.0,646.0,99.54,99.91,99.3,98.57,23.47,23.39,23.43,23.43,123.0,107.0,92.0,70.0,67.0
1775085469000,2.0,2.0,2.0,2.0,1.0,535.0,568.0,593.0,655.0,99.56,99.9,99.6,98.69,23.46,23.4,23.42,23.43,121.0,118.0,131.0,79.0,66.0
1775085770000,2.0,2.0,2.0,2.0,2.0,557.0,590.0,607.0,655.0,99.41,99.9,99.72,98.78,23.47,23.4,23.42,23.43,121.0,114.0,131.0,78.0,73.0
1775086070000,2.0,2.0,2.0,2.0,2.0,568.0,595.0,642.0,645.0,99.63,99.94,99.73,98.87,23.47,23.4,23.44,23.44,122.0,112.0,112.0,68.0,75.0
1775086371000,2.0,2.0,2.0,1.0,2.0,594.0,591.0,667.0,640.0,99.71,99.97,99.75,98.86,23.48,23.4,23.44,23.43,120.0,117.0,90.0,62.0,69.0
1775086672000,2.0,2.0,2.0,1.0,2.0,592.0,589.0,597.0,681.0,99.46,99.87,99.44,98.96,23.47,23.4,23.45,23.46,119.0,111.0,109.0,64.0,72.0
1775086972000,2.0,2.0,2.0,2.0,2.0,579.0,567.0,631.0,605.0,98.9,99.68,99.31,98.83,23.48,23.4,23.44,23.46,111.0,103.0,111.0,117.0,67.0
1775087273000,2.0,2.0,2.0,1.0,1.0,537.0,559.0,642.0,646.0,99.16,99.75,99.49,98.87,23.48,23.4,23.45,23.47,123.0,109.0,81.0,66.0,67.0
1775087573000,2.0,2.0,2.0,1.0,2.0,581.0,561.0,600.0,703.0,99.5,99.9,99.53,98.88,23.49,23.41,23.46,23.48,118.0,110.0,88.0,66.0,83.0
1775087874000,2.0,2.0,2.0,2.0,2.0,565.0,547.0,601.0,670.0,99.34,99.84,99.6,98.84,23.49,23.41,23.49,23.48,114.0,102.0,120.0,97.0,75.0
1775088174000,2.0,2.0,2.0,2.0,2.0,547.0,544.0,570.0,617.0,98.85,99.2,99.37,98.77,23.5,23.42,23.48,23.5,115.0,101.0,130.0,113.0,82.0
1775088475000,2.0,2.0,2.0,2.0,2.0,532.0,563.0,553.0,572.0,98.79,99.26,99.1,98.54,23.51,23.43,23.48,23.51,114.0,108.0,112.0,120.0,99.0
1775088776000,2.0,2.0,2.0,2.0,2.0,549.0,539.0,585.0,600.0,98.83,99.34,98.94,98.58,23.53,23.43,23.49,23.52,117.0,122.0,106.0,103.0,74.0
1775089076000,2.0,2.0,2.0,2.0,2.0,537.0,557.0,598.0,589.0,99.18,99.71,99.25,98.35,23.53,23.45,23.5,23.54,131.0,117.0,117.0,92.0,88.0
1775089377000,2.0,2.0,2.0,2.0,2.0,541.0,542.0,554.0,578.0,97.9,98.62,98.49,97.88,23.55,23.47,23.53,23.56,105.0,95.0,91.0,97.0,94.0
1775089677000,2.0,2.0,2.0,2.0,2.0,510.0,562.0,567.0,591.0,97.44,98.11,97.9,97.65,23.56,23.48,23.51,23.58,95.0,77.0,84.0,92.0,97.0
1775089978000,2.0,2.0,2.0,2.0,2.0,547.0,546.0,564.0,548.0,97.66,98.36,98.04,97.29,23.59,23.51,23.54,23.6,97.0,99.0,99.0,92.0,86.0
1775090278000,2.0,2.0,2.0,2.0,2.0,539.0,523.0,529.0,550.0,97.3,97.98,97.67,97.21,23.6,23.54,23.55,23.63,100.0,87.0,78.0,92.0,95.0
1775090579000,2.0,2.0,2.0,2.0,2.0,513.0,517.0,550.0,554.0,97.02,97.87,97.73,96.97,23.62,23.57,23.57,23.66,106.0,96.0,98.0,97.0,90.0
1775090879000,2.0,2.0,2.0,2.0,2.0,547.0,584.0,582.0,544.0,97.2,98.0,97.63,96.95,23.66,23.6,23.6,23.71,99.0,101.0,97.0,103.0,98.0
1775091180000,2.0,2.0,2.0,2.0,2.0,560.0,559.0,562.0,517.0,97.26,97.81,97.56,96.83,23.69,23.63,23.63,23.73,102.0,95.0,95.0,101.0,90.0
1775091481000,2.0,2.0,2.0,2.0,2.0,506.0,520.0,561.0,539.0,96.72,97.22,97.05,96.34,23.72,23.66,23.66,23.77,88.0,96.0,97.0,90.0,89.0
1775091781000,2.0,2.0,2.0,2.0,2.0,547.0,567.0,567.0,570.0,96.58,97.19,97.02,96.08,23.75,23.7,23.7,23.81,103.0,103.0,90.0,83.0,84.0
1775092082000,2.0,2.0,2.0,2.0,2.0,512.0,499.0,562.0,542.0,96.44,97.29,97.22,95.98,23.79,23.73,23.74,23.85,109.0,95.0,107.0,84.0,97.0
1775092382000,2.0,2.0,2.0,2.0,2.0,516.0,560.0,554.0,531.0,96.65,97.39,97.22,95.96,23.83,23.77,23.77,23.89,100.0,110.0,111.0,93.0,98.0
1775092683000,2.0,2.0,2.0,2.0,2.0,544.0,516.0,533.0,520.0,96.44,96.89,96.47,95.53,23.87,23.81,23.82,23.93,115.0,94.0,78.0,81.0,78.0
1775092983000,2.0,2.0,2.0,2.0,2.0,514.0,552.0,523.0,533.0,96.46,97.13,96.63,95.77,23.91,23.85,23.86,23.98,121.0,117.0,100.0,76.0,67.0
1775093284000,2.0,2.0,2.0,2.0,2.0,509.0,523.0,544.0,546.0,96.14,96.92,96.43,95.67,23.97,23.91,23.89,24.04,107.0,105.0,84.0,90.0,88.0
1775093585000,2.0,2.0,2.0,2.0,2.0,521.0,514.0,533.0,581.0,96.43,96.73,96.56,95.51,24.02,23.95,23.93,24.07,115.0,96.0,107.0,90.0,90.0
1775093885000,2.0,2.0,2.0,2.0,2.0,510.0,542.0,512.0,536.0,96.33,96.8,96.4,95.23,24.06,23.99,23.99,24.12,113.0,106.0,111.0,94.0,101.0
1775094186000,2.0,2.0,2.0,2.0,2.0,530.0,516.0,541.0,532.0,96.28,97.0,96.49,95.19,24.11,24.05,24.04,24.19,116.0,114.0,106.0,104.0,96.0
1775094486000,2.0,2.0,2.0,2.0,2.0,530.0,519.0,572.0,565.0,96.07,96.52,96.04,94.98,24.16,24.1,24.1,24.24,120.0,121.0,96.0,101.0,96.0
1775094787000,2.0,2.0,2.0,2.0,2.0,536.0,509.0,544.0,560.0,95.84,96.5,95.64,95.0,24.2,24.15,24.14,24.29,128.0,120.0,103.0,110.0,104.0
1775095087000,2.0,2.0,2.0,2.0,2.0,516.0,532.0,552.0,515.0,95.68,96.05,95.14,94.24,24.26,24.21,24.2,24.34,132.0,112.0,91.0,99.0,104.0
1775095388000,2.0,2.0,2.0,2.0,2.0,520.0,503.0,536.0,546.0,95.74,96.27,95.42,94.21,24.31,24.26,24.24,24.42,137.0,130.0,107.0,94.0,92.0
1775095689000,2.0,2.0,2.0,2.0,2.0,563.0,522.0,546.0,542.0,95.81,96.18,95.4,94.08,24.36,24.32,24.32,24.48,135.0,123.0,113.0,104.0,102.0
1775095989000,2.0,2.0,2.0,2.0,2.0,520.0,519.0,553.0,564.0,95.62,95.59,95.23,94.23,24.44,24.39,24.36,24.53,132.0,111.0,99.0,107.0,133.0
1775096290000,2.0,2.0,2.0,2.0,2.0,538.0,537.0,549.0,580.0,95.88,95.44,94.87,93.76,24.5,24.44,24.43,24.57,134.0,126.0,100.0,96.0,107.0
1775096590000,2.0,2.0,2.0,2.0,2.0,505.0,553.0,552.0,541.0,95.17,95.72,94.69,93.11,24.58,24.51,24.5,24.66,128.0,135.0,108.0,83.0,91.0
1775096891000,2.0,2.0,2.0,2.0,2.0,543.0,531.0,537.0,535.0,94.8,95.46,94.14,92.67,24.65,24.6,24.57,24.74,140.0,134.0,87.0,88.0,101.0
1775097191000,2.0,2.0,2.0,2.0,2.0,509.0,529.0,520.0,555.0,94.69,94.88,93.49,92.08,24.73,24.68,24.66,24.87,127.0,113.0,83.0,87.0,88.0
1775097492000,2.0,2.0,2.0,2.0,2.0,507.0,510.0,537.0,537.0,94.01,94.51,94.0,92.35,24.84,24.77,24.78,24.97,109.0,117.0,124.0,120.0,114.0
1775097793000,2.0,2.0,2.0,2.0,2.0,542.0,524.0,529.0,536.0,93.53,93.19,93.21,91.59,24.93,24.89,24.89,25.1,107.0,91.0,80.0,97.0,106.0
1775098093000,2.0,2.0,2.0,2.0,2.0,503.0,525.0,541.0,545.0,93.31,93.16,92.8,91.48,25.06,25.04,25.05,25.26,126.0,101.0,102.0,104.0,100.0
1775098394000,2.0,2.0,2.0,2.0,2.0,526.0,537.0,512.0,569.0,93.28,92.82,91.73,91.07,25.23,25.2,25.18,25.44,120.0,108.0,100.0,112.0,121.0
1775098694000,2.0,2.0,2.0,2.0,2.0,502.0,527.0,523.0,518.0,91.64,92.17,91.24,90.27,25.4,25.37,25.36,25.62,109.0,118.0,109.0,118.0,123.0
1775098995000,2.0,2.0,2.0,2.0,2.0,491.0,520.0,506.0,544.0,91.34,92.18,91.81,89.91,25.58,25.54,25.56,25.84,129.0,131.0,156.0,129.0,126.0
1775099295000,2.0,2.0,2.0,2.0,2.0,544.0,517.0,506.0,533.0,91.43,91.66,90.47,89.03,25.77,25.76,25.78,26.03,129.0,132.0,115.0,125.0,127.0
1775099596000,2.0,2.0,2.0,2.0,2.0,526.0,492.0,507.0,532.0,90.85,91.14,90.14,88.82,25.97,25.95,25.98,26.24,137.0,125.0,110.0,119.0,128.0
1775099897000,2.0,2.0,2.0,2.0,2.0,511.0,506.0,493.0,530.0,90.29,90.1,88.86,87.77,26.18,26.16,26.17,26.43,148.0,119.0,108.0,120.0,126.0
1775100197000,2.0,2.0,2.0,2.0,2.0,521.0,545.0,534.0,514.0,88.99,89.13,87.98,86.81,26.35,26.33,26.35,26.61,124.0,119.0,113.0,121.0,124.0
1775100498000,2.0,2.0,2.0,2.0,2.0,533.0,514.0,520.0,536.0,88.18,89.25,88.18,87.38,26.55,26.51,26.53,26.77,124.0,143.0,120.0,127.0,145.0
1775100798000,2.0,2.0,2.0,2.0,2.0,498.0,511.0,517.0,522.0,87.6,88.52,87.49,86.31,26.74,26.69,26.7,26.94,129.0,130.0,121.0,135.0,159.0
1775101099000,2.0,2.0,2.0,2.0,2.0,497.0,502.0,499.0,517.0,85.47,86.99,86.1,85.37,26.94,26.86,26.88,27.12,117.0,121.0,110.0,131.0,152.0
1775101399000,2.0,2.0,2.0,2.0,2.0,512.0,512.0,514.0,508.0,85.51,86.39,85.72,84.76,27.11,27.03,27.06,27.3,142.0,126.0,127.0,143.0,144.0
1775101700000,2.0,2.0,2.0,2.0,2.0,504.0,481.0,510.0,498.0,83.62,85.49,84.89,84.1,27.28,27.19,27.22,27.45,130.0,133.0,135.0,145.0,153.0
1775102001000,2.0,2.0,2.0,2.0,2.0,490.0,510.0,528.0,512.0,83.45,84.72,84.4,83.22,27.4,27.3,27.32,27.56,139.0,141.0,127.0,144.0,149.0
1775102301000,2.0,2.0,2.0,2.0,2.0,487.0,520.0,512.0,560.0,83.6,84.56,84.03,82.79,27.48,27.36,27.4,27.63,154.0,143.0,136.0,148.0,153.0
1775102602000,2.0,2.0,2.0,2.0,2.0,507.0,457.0,514.0,521.0,83.63,84.82,83.95,82.63,27.54,27.4,27.46,27.67,163.0,148.0,139.0,150.0,154.0
1775102902000,2.0,2.0,2.0,2.0,2.0,466.0,516.0,527.0,547.0,84.17,84.95,84.1,83.14,27.56,27.44,27.49,27.72,173.0,153.0,143.0,159.0,174.0
1775103203000,2.0,2.0,2.0,2.0,2.0,486.0,544.0,510.0,537.0,84.37,85.45,84.16,83.17,27.59,27.46,27.49,27.72,178.0,172.0,147.0,164.0,170.0
1775103503000,2.0,2.0,2.0,2.0,2.0,514.0,499.0,499.0,507.0,83.36,85.44,84.14,82.93,27.61,27.47,27.52,27.73,147.0,175.0,154.0,152.0,164.0
1775103804000,2.0,2.0,2.0,2.0,2.0,511.0,508.0,495.0,518.0,83.31,85.68,84.25,82.95,27.62,27.47,27.53,27.73,145.0,193.0,148.0,154.0,172.0
1775104105000,2.0,2.0,2.0,2.0,2.0,522.0,492.0,507.0,505.0,83.75,85.07,84.15,83.09,27.63,27.48,27.53,27.72,171.0,158.0,149.0,152.0,156.0
1775104405000,2.0,2.0,2.0,2.0,2.0,516.0,506.0,496.0,546.0,83.58,85.31,84.35,83.34,27.64,27.5,27.53,27.73,160.0,169.0,152.0,162.0,167.0
1775104706000,2.0,2.0,2.0,2.0,2.0,510.0,526.0,523.0,541.0,83.7,85.64,84.85,83.67,27.64,27.48,27.53,27.72,164.0,165.0,151.0,164.0,171.0
1775105006000,2.0,2.0,2.0,2.0,2.0,473.0,502.0,516.0,534.0,83.59,85.94,84.69,83.68,27.65,27.49,27.51,27.7,172.0,177.0,152.0,159.0,162.0
1775105307000,2.0,2.0,2.0,2.0,2.0,463.0,480.0,457.0,493.0,83.16,85.12,84.88,83.28,27.66,27.49,27.51,27.71,147.0,155.0,168.0,168.0,167.0
1775105607000,2.0,2.0,2.0,2.0,2.0,484.0,464.0,496.0,519.0,82.85,84.88,84.56,83.3,27.67,27.51,27.54,27.72,147.0,154.0,153.0,156.0,178.0
1775105908000,2.0,2.0,2.0,2.0,2.0,493.0,504.0,494.0,514.0,83.04,84.87,84.34,83.01,27.7,27.52,27.56,27.77,164.0,158.0,145.0,159.0,165.0
1775106209000,2.0,2.0,2.0,2.0,2.0,474.0,466.0,484.0,467.0,82.3,84.31,83.9,82.9,27.73,27.56,27.59,27.78,141.0,159.0,138.0,149.0,178.0
1775106509000,2.0,2.0,2.0,2.0,2.0,487.0,467.0,486.0,481.0,82.57,84.26,84.11,83.14,27.76,27.59,27.61,27.82,153.0,153.0,158.0,172.0,183.0
1775106810000,2.0,2.0,2.0,2.0,2.0,488.0,439.0,485.0,530.0,82.7,84.42,84.36,83.23,27.81,27.64,27.66,27.85,162.0,161.0,171.0,180.0,172.0
1775107110000,2.0,2.0,2.0,2.0,2.0,509.0,500.0,473.0,511.0,83.02,84.64,84.21,83.02,27.88,27.71,27.73,27.94,172.0,168.0,162.0,179.0,167.0
1775107411000,2.0,2.0,2.0,2.0,2.0,447.0,491.0,473.0,466.0,83.16,84.26,84.0,82.9,27.98,27.83,27.83,28.05,180.0,175.0,162.0,186.0,185.0
1775107711000,2.0,2.0,2.0,2.0,2.0,473.0,524.0,488.0,501.0,82.71,84.62,84.12,82.81,28.1,27.96,27.98,28.21,170.0,190.0,168.0,191.0,202.0
1775108012000,2.0,2.0,2.0,2.0,2.0,470.0,463.0,493.0,513.0,82.41,84.24,83.83,82.71,28.25,28.13,28.14,28.4,177.0,194.0,169.0,194.0,204.0
1775108313000,2.0,2.0,2.0,2.0,2.0,504.0,427.0,516.0,450.0,82.11,83.14,83.02,81.65,28.43,28.3,28.33,28.58,191.0,177.0,167.0,180.0,191.0
1775108613000,2.0,2.0,2.0,2.0,2.0,462.0,478.0,488.0,510.0,80.92,82.38,82.26,80.94,28.59,28.5,28.52,28.79,171.0,184.0,178.0,180.0,204.0
1775108914000,2.0,2.0,2.0,2.0,2.0,464.0,476.0,478.0,528.0,80.3,82.08,81.8,80.21,28.75,28.66,28.71,28.98,170.0,186.0,165.0,178.0,228.0
1775109214000,2.0,2.0,2.0,2.0,2.0,446.0,446.0,503.0,462.0,79.83,81.23,80.63,79.77,28.92,28.82,28.88,29.18,173.0,182.0,175.0,198.0,197.0
1775109515000,2.0,2.0,2.0,2.0,2.0,447.0,491.0,476.0,482.0,78.97,80.49,80.34,79.31,29.09,29.0,29.06,29.36,158.0,184.0,166.0,202.0,225.0
1775109815000,2.0,2.0,2.0,2.0,3.0,446.0,463.0,453.0,500.0,78.65,80.46,80.4,78.96,29.25,29.17,29.25,29.56,182.0,196.0,193.0,212.0,236.0
1775110116000,2.0,2.0,2.0,2.0,2.0,485.0,499.0,478.0,465.0,78.29,80.07,79.98,78.22,29.41,29.3,29.41,29.72,194.0,212.0,193.0,207.0,223.0
1775110417000,2.0,2.0,2.0,2.0,2.0,459.0,416.0,468.0,474.0,78.09,79.79,79.66,78.02,29.55,29.46,29.56,29.86,184.0,202.0,193.0,215.0,206.0
1775110717000,2.0,2.0,2.0,2.0,3.0,480.0,470.0,494.0,475.0,78.03,79.53,79.18,77.66,29.64,29.56,29.66,29.98,205.0,203.0,190.0,217.0,231.0
1775111018000,2.0,2.0,2.0,2.0,3.0,436.0,456.0,470.0,477.0,77.81,79.6,79.49,78.01,29.74,29.64,29.74,30.06,199.0,210.0,202.0,225.0,233.0
1775111318000,2.0,2.0,2.0,2.0,2.0,467.0,475.0,505.0,514.0,77.31,78.94,78.92,77.58,29.83,29.69,29.81,30.12,205.0,214.0,197.0,227.0,215.0
1775111619000,2.0,3.0,2.0,2.0,2.0,453.0,472.0,484.0,495.0,77.03,79.32,78.84,77.36,29.85,29.76,29.86,30.14,204.0,238.0,213.0,222.0,221.0
1775111919000,2.0,3.0,2.0,2.0,2.0,459.0,493.0,486.0,496.0,77.17,79.21,78.98,77.34,29.89,29.79,29.9,30.16,210.0,233.0,222.0,214.0,225.0
1775112220000,2.0,2.0,2.0,2.0,3.0,438.0,492.0,456.0,471.0,76.6,78.86,78.47,76.92,29.91,29.81,29.9,30.18,192.0,219.0,197.0,205.0,251.0
1775112520000,2.0,3.0,2.0,2.0,3.0,453.0,466.0,498.0,515.0,76.7,78.99,78.33,76.96,29.95,29.85,29.94,30.23,200.0,230.0,193.0,213.0,224.0
1775112821000,2.0,3.0,2.0,2.0,3.0,468.0,481.0,512.0,541.0,76.86,78.91,78.37,76.76,30.0,29.88,29.99,30.27,219.0,241.0,203.0,220.0,234.0
1775113122000,2.0,3.0,2.0,3.0,3.0,459.0,479.0,482.0,482.0,76.28,78.5,78.21,76.62,30.04,29.93,30.03,30.31,204.0,228.0,208.0,227.0,236.0
1775113422000,2.0,2.0,2.0,2.0,2.0,449.0,445.0,441.0,490.0,76.18,78.43,77.63,76.17,30.05,29.95,30.07,30.36,210.0,216.0,193.0,216.0,219.0
1775113723000,2.0,3.0,2.0,2.0,3.0,458.0,472.0,476.0,493.0,76.25,78.45,77.68,76.22,30.09,29.99,30.11,30.41,204.0,229.0,195.0,221.0,235.0
1775114023000,2.0,2.0,2.0,2.0,2.0,480.0,442.0,487.0,481.0,76.24,78.08,77.41,75.78,30.15,30.04,30.17,30.47,219.0,217.0,188.0,209.0,218.0
1775114324000,2.0,3.0,2.0,2.0,2.0,461.0,421.0,466.0,460.0,76.33,78.07,77.61,75.78,30.19,30.11,30.23,30.54,222.0,226.0,209.0,216.0,214.0
1775114624000,2.0,2.0,2.0,2.0,2.0,459.0,440.0,463.0,501.0,75.89,77.74,77.18,75.46,30.26,30.16,30.3,30.62,214.0,221.0,201.0,212.0,219.0
1775114925000,2.0,3.0,2.0,2.0,3.0,461.0,457.0,470.0,483.0,75.87,78.15,77.22,75.36,30.32,30.23,30.36,30.68,219.0,242.0,188.0,215.0,229.0
1775115225000,2.0,3.0,2.0,2.0,3.0,444.0,443.0,478.0,493.0,75.63,77.75,77.41,75.51,30.37,30.28,30.43,30.76,211.0,242.0,211.0,215.0,234.0
1775115526000,2.0,3.0,2.0,2.0,2.0,452.0,466.0,436.0,481.0,75.48,78.05,76.97,75.35,30.42,30.33,30.49,30.83,208.0,236.0,190.0,215.0,217.0
1775115827000,3.0,3.0,2.0,3.0,3.0,492.0,469.0,499.0,491.0,76.04,78.41,77.13,75.26,30.46,30.39,30.57,30.88,229.0,235.0,187.0,225.0,242.0
1775116127000,2.0,3.0,2.0,2.0,3.0,449.0,444.0,472.0,497.0,75.96,77.93,77.09,75.38,30.5,30.47,30.62,30.93,220.0,229.0,197.0,217.0,235.0
1775116428000,3.0,2.0,2.0,2.0,3.0,483.0,500.0,490.0,488.0,76.16,77.82,76.95,75.24,30.54,30.52,30.67,30.97,222.0,219.0,195.0,217.0,229.0
1775116728000,2.0,2.0,2.0,2.0,2.0,479.0,488.0,507.0,521.0,76.34,77.81,76.23,74.89,30.55,30.53,30.69,30.96,212.0,218.0,185.0,212.0,213.0
1775117029000,2.0,2.0,2.0,2.0,2.0,452.0,478.0,506.0,494.0,75.44,76.88,75.78,74.4,30.55,30.49,30.67,30.93,200.0,207.0,182.0,197.0,208.0
1775117329000,2.0,2.0,2.0,2.0,2.0,504.0,491.0,496.0,523.0,75.63,77.34,76.3,74.85,30.49,30.44,30.63,30.86,194.0,206.0,179.0,201.0,228.0
1775117630000,2.0,2.0,2.0,2.0,2.0,502.0,454.0,507.0,511.0,75.68,77.14,76.26,75.07,30.46,30.41,30.57,30.81,203.0,207.0,177.0,206.0,216.0
1775117931000,2.0,2.0,2.0,2.0,2.0,487.0,460.0,491.0,506.0,75.68,77.0,76.24,75.02,30.45,30.38,30.55,30.75,193.0,208.0,174.0,198.0,217.0
1775118231000,2.0,2.0,2.0,2.0,2.0,467.0,475.0,552.0,466.0,75.63,77.08,76.25,75.23,30.4,30.34,30.5,30.68,193.0,203.0,175.0,193.0,206.0
1775118532000,2.0,2.0,2.0,2.0,2.0,516.0,494.0,491.0,523.0,75.82,77.43,76.81,75.87,30.35,30.29,30.41,30.57,195.0,206.0,171.0,196.0,212.0
1775118832000,2.0,2.0,2.0,2.0,3.0,483.0,461.0,501.0,555.0,75.98,77.94,77.3,76.5,30.29,30.22,30.34,30.48,196.0,208.0,177.0,215.0,253.0
1775119133000,2.0,2.0,2.0,2.0,2.0,498.0,458.0,492.0,520.0,75.9,77.56,77.03,75.95,30.23,30.16,30.26,30.35,195.0,198.0,173.0,201.0,212.0
1775119433000,2.0,2.0,2.0,2.0,2.0,508.0,509.0,490.0,511.0,75.84,77.63,76.98,75.85,30.17,30.09,30.17,30.28,190.0,194.0,166.0,185.0,196.0
1775119734000,2.0,2.0,2.0,2.0,2.0,463.0,466.0,489.0,489.0,75.68,77.62,77.17,76.12,30.09,30.01,30.08,30.17,187.0,189.0,163.0,172.0,186.0
1775120034000,2.0,2.0,2.0,2.0,2.0,487.0,507.0,517.0,485.0,75.91,77.53,77.46,76.23,30.02,29.92,29.99,30.08,187.0,189.0,160.0,180.0,173.0
1775120335000,2.0,2.0,2.0,2.0,2.0,463.0,446.0,486.0,509.0,75.9,77.7,77.31,76.33,29.93,29.84,29.9,29.98,183.0,183.0,164.0,178.0,175.0
1775120636000,2.0,2.0,2.0,2.0,2.0,501.0,486.0,489.0,488.0,76.06,77.98,77.41,76.45,29.86,29.75,29.81,29.89,178.0,184.0,165.0,171.0,183.0
1775120936000,2.0,2.0,2.0,2.0,2.0,485.0,476.0,522.0,480.0,76.34,78.03,77.48,76.63,29.75,29.66,29.72,29.8,179.0,187.0,155.0,176.0,180.0
1775121237000,2.0,2.0,2.0,2.0,2.0,490.0,466.0,483.0,490.0,76.21,77.86,77.17,76.38,29.64,29.56,29.62,29.73,172.0,180.0,154.0,169.0,179.0
1775121537000,2.0,2.0,2.0,2.0,2.0,484.0,483.0,455.0,462.0,76.14,77.66,77.09,76.09,29.54,29.47,29.54,29.61,166.0,178.0,153.0,167.0,175.0
1775121838000,2.0,2.0,2.0,2.0,2.0,456.0,495.0,468.0,487.0,76.12,77.55,77.2,76.32,29.42,29.37,29.42,29.52,160.0,172.0,147.0,170.0,161.0
1775122138000,2.0,2.0,2.0,2.0,2.0,453.0,436.0,478.0,460.0,76.32,77.84,77.27,76.1,29.29,29.24,29.32,29.4,158.0,171.0,138.0,157.0,160.0
1775122439000,2.0,2.0,2.0,2.0,2.0,487.0,464.0,484.0,488.0,76.31,77.73,77.03,76.04,29.15,29.11,29.19,29.28,163.0,164.0,135.0,151.0,156.0
1775122740000,2.0,2.0,2.0,2.0,2.0,453.0,487.0,463.0,508.0,76.53,78.04,77.3,76.28,29.01,28.99,29.05,29.14,158.0,154.0,136.0,152.0,154.0
1775123040000,2.0,2.0,2.0,2.0,2.0,490.0,476.0,486.0,491.0,76.74,78.21,77.56,76.52,28.91,28.85,28.92,29.0,155.0,157.0,136.0,152.0,153.0
1775123341000,2.0,2.0,2.0,2.0,2.0,479.0,484.0,492.0,482.0,76.99,78.42,77.67,76.7,28.78,28.71,28.8,28.86,142.0,152.0,128.0,142.0,154.0
1775123641000,2.0,2.0,2.0,2.0,2.0,457.0,460.0,476.0,478.0,77.27,78.62,77.75,77.07,28.64,28.58,28.66,28.71,146.0,143.0,127.0,140.0,150.0
1775123942000,2.0,2.0,2.0,2.0,2.0,493.0,465.0,511.0,473.0,77.38,78.95,78.18,77.46,28.5,28.46,28.53,28.59,151.0,142.0,128.0,144.0,154.0
1775124242000,2.0,2.0,2.0,2.0,2.0,502.0,479.0,472.0,473.0,77.83,79.35,78.73,77.89,28.38,28.33,28.4,28.48,142.0,143.0,125.0,141.0,147.0
1775124543000,2.0,2.0,2.0,2.0,2.0,501.0,469.0,457.0,490.0,78.24,79.53,78.57,77.89,28.27,28.21,28.28,28.36,145.0,136.0,120.0,145.0,148.0
1775124844000,2.0,2.0,2.0,2.0,2.0,453.0,484.0,503.0,509.0,78.44,79.67,78.83,78.05,28.16,28.09,28.15,28.2,135.0,140.0,123.0,135.0,146.0
1775125144000,2.0,2.0,2.0,2.0,2.0,492.0,491.0,483.0,467.0,78.74,79.94,79.31,78.32,28.03,27.96,28.02,28.1,138.0,140.0,121.0,129.0,143.0
1775125445000,2.0,2.0,2.0,2.0,2.0,475.0,476.0,505.0,471.0,78.85,80.16,79.47,78.43,27.92,27.84,27.89,27.97,131.0,142.0,121.0,150.0,134.0
1775125745000,2.0,2.0,2.0,2.0,2.0,493.0,477.0,464.0,501.0,79.09,80.39,79.79,78.85,27.8,27.71,27.75,27.82,128.0,126.0,114.0,126.0,128.0
1775126046000,2.0,2.0,2.0,2.0,2.0,472.0,470.0,485.0,470.0,79.42,80.56,80.13,79.18,27.66,27.57,27.61,27.69,121.0,121.0,112.0,121.0,127.0
1775126346000,2.0,2.0,2.0,2.0,2.0,502.0,488.0,521.0,463.0,79.46,80.77,80.21,79.29,27.52,27.42,27.47,27.54,116.0,122.0,102.0,110.0,126.0
1775126647000,2.0,2.0,2.0,2.0,2.0,471.0,496.0,478.0,507.0,79.71,81.04,80.43,79.47,27.38,27.28,27.32,27.39,115.0,118.0,101.0,110.0,122.0
1775126948000,2.0,2.0,2.0,2.0,2.0,468.0,465.0,467.0,518.0,80.06,81.2,80.68,79.86,27.23,27.14,27.17,27.25,111.0,110.0,94.0,112.0,119.0
1775127248000,2.0,2.0,2.0,2.0,2.0,469.0,488.0,493.0,484.0,80.46,81.66,81.2,80.33,27.11,27.0,27.04,27.12,105.0,111.0,95.0,108.0,109.0
1775127549000,2.0,2.0,2.0,2.0,2.0,479.0,492.0,477.0,486.0,80.75,82.12,81.58,80.62,26.98,26.87,26.88,26.99,106.0,108.0,95.0,109.0,113.0
1775127849000,2.0,2.0,2.0,2.0,2.0,444.0,473.0,464.0,509.0,81.06,82.49,82.0,81.02,26.84,26.73,26.74,26.84,103.0,103.0,95.0,106.0,114.0
1775128150000,2.0,2.0,2.0,2.0,2.0,502.0,499.0,462.0,525.0,81.52,82.85,82.34,81.52,26.7,26.6,26.61,26.72,103.0,99.0,93.0,104.0,110.0
1775128450000,2.0,2.0,2.0,2.0,2.0,481.0,493.0,486.0,485.0,81.97,83.14,82.87,81.96,26.59,26.48,26.49,26.59,101.0,100.0,92.0,103.0,108.0
1775128751000,2.0,2.0,2.0,2.0,2.0,477.0,479.0,514.0,509.0,82.41,83.68,83.33,82.52,26.48,26.36,26.36,26.47,100.0,91.0,88.0,96.0,109.0
1775129052000,2.0,2.0,2.0,2.0,2.0,494.0,485.0,483.0,486.0,82.86,84.13,83.79,82.86,26.37,26.25,26.24,26.35,95.0,88.0,84.0,97.0,110.0
1775129352000,2.0,2.0,2.0,2.0,2.0,505.0,486.0,467.0,499.0,83.21,84.49,84.27,83.3,26.28,26.15,26.13,26.23,97.0,90.0,83.0,88.0,100.0
1775129653000,2.0,2.0,2.0,2.0,2.0,490.0,481.0,512.0,522.0,83.64,84.98,84.69,83.75,26.18,26.03,26.03,26.12,89.0,89.0,85.0,92.0,99.0
1775129953000,2.0,2.0,2.0,2.0,2.0,492.0,492.0,528.0,518.0,84.04,85.38,85.13,84.26,26.09,25.95,25.94,26.02,88.0,82.0,76.0,84.0,97.0
1775130254000,2.0,2.0,2.0,2.0,2.0,471.0,488.0,464.0,516.0,84.44,85.82,85.61,84.8,26.01,25.88,25.86,25.96,87.0,84.0,83.0,88.0,90.0
1775130554000,2.0,2.0,2.0,2.0,2.0,470.0,470.0,466.0,523.0,84.84,86.21,85.99,85.08,25.97,25.78,25.78,25.87,83.0,81.0,82.0,84.0,94.0
1775130855000,2.0,2.0,2.0,2.0,2.0,499.0,497.0,485.0,499.0,85.17,86.57,86.35,85.44,25.89,25.73,25.73,25.81,87.0,84.0,80.0,85.0,94.0
1775131156000,2.0,2.0,2.0,2.0,2.0,493.0,529.0,515.0,511.0,85.5,86.91,86.65,85.9,25.83,25.67,25.66,25.74,92.0,80.0,80.0,91.0,89.0
1775131456000,2.0,2.0,2.0,2.0,2.0,512.0,495.0,507.0,498.0,85.9,87.24,87.11,86.32,25.77,25.62,25.62,25.7,84.0,83.0,77.0,87.0,96.0
1775131757000,2.0,2.0,2.0,2.0,2.0,480.0,512.0,511.0,499.0,86.17,87.5,87.46,86.58,25.72,25.57,25.55,25.64,84.0,85.0,81.0,87.0,101.0
1775132057000,2.0,2.0,2.0,2.0,2.0,482.0,497.0,463.0,518.0,86.37,87.72,87.56,86.77,25.68,25.52,25.53,25.6,87.0,83.0,78.0,86.0,95.0
1775132358000,2.0,2.0,2.0,2.0,2.0,494.0,493.0,535.0,507.0,86.58,87.97,87.77,86.95,25.63,25.48,25.48,25.58,79.0,83.0,84.0,86.0,92.0
1775132658000,2.0,2.0,2.0,2.0,2.0,514.0,517.0,536.0,523.0,86.79,88.1,87.94,87.08,25.61,25.44,25.44,25.52,82.0,77.0,80.0,83.0,93.0
1775132959000,2.0,2.0,2.0,2.0,2.0,507.0,490.0,481.0,520.0,86.97,88.33,88.12,87.33,25.57,25.41,25.41,25.5,81.0,80.0,77.0,85.0,94.0
1775133260000,2.0,2.0,2.0,2.0,2.0,496.0,492.0,519.0,504.0,87.21,88.51,88.4,87.53,25.54,25.36,25.38,25.47,81.0,78.0,78.0,85.0,97.0
1775133560000,2.0,2.0,2.0,2.0,2.0,468.0,506.0,522.0,504.0,87.47,88.81,88.72,87.89,25.52,25.33,25.34,25.44,80.0,76.0,78.0,86.0,95.0
1775133861000,2.0,2.0,2.0,2.0,2.0,479.0,487.0,509.0,531.0,87.73,89.06,88.92,88.13,25.49,25.31,25.32,25.42,78.0,72.0,79.0,85.0,96.0
1775134161000,2.0,2.0,2.0,2.0,2.0,518.0,509.0,504.0,533.0,87.88,89.2,89.25,88.44,25.45,25.29,25.29,25.39,82.0,72.0,73.0,83.0,94.0
1775134462000,2.0,1.0,2.0,2.0,2.0,480.0,519.0,510.0,535.0,88.16,89.49,89.52,88.73,25.44,25.27,25.28,25.36,73.0,71.0,75.0,83.0,99.0
1775134762000,2.0,1.0,2.0,2.0,2.0,486.0,517.0,542.0,476.0,88.24,89.67,89.63,88.9,25.41,25.25,25.26,25.34,81.0,69.0,74.0,93.0,104.0
1775135063000,2.0,1.0,2.0,2.0,2.0,510.0,526.0,512.0,553.0,88.46,89.78,89.77,88.92,25.4,25.24,25.23,25.34,80.0,69.0,79.0,91.0,100.0
1775135363000,2.0,1.0,2.0,2.0,2.0,490.0,532.0,490.0,545.0,88.58,89.88,89.78,89.12,25.39,25.22,25.23,25.32,79.0,70.0,91.0,119.0,97.0
1775135664000,2.0,2.0,2.0,2.0,2.0,522.0,528.0,498.0,552.0,88.66,89.96,89.9,89.17,25.38,25.21,25.21,25.31,82.0,76.0,81.0,89.0,106.0
1775135965000,2.0,2.0,2.0,2.0,2.0,483.0,498.0,529.0,512.0,88.75,90.1,90.0,89.23,25.36,25.2,25.2,25.3,81.0,77.0,84.0,93.0,100.0
1775136265000,2.0,2.0,2.0,2.0,2.0,491.0,504.0,525.0,539.0,88.83,90.2,90.09,89.29,25.36,25.18,25.2,25.28,82.0,82.0,84.0,95.0,102.0
1775136566000,2.0,2.0,2.0,2.0,2.0,503.0,514.0,464.0,538.0,88.94,90.18,90.13,89.44,25.34,25.17,25.18,25.26,80.0,77.0,84.0,86.0,98.0
1775136866000,2.0,2.0,2.0,2.0,2.0,495.0,484.0,516.0,502.0,89.03,90.25,90.08,89.4,25.33,25.17,25.17,25.27,86.0,74.0,75.0,82.0,95.0
1775137167000,2.0,2.0,2.0,2.0,2.0,496.0,490.0,524.0,523.0,89.12,90.33,90.27,89.6,25.32,25.17,25.16,25.24,82.0,75.0,90.0,92.0,90.0
1775137467000,2.0,2.0,2.0,2.0,2.0,507.0,506.0,526.0,534.0,89.23,90.58,90.51,89.78,25.32,25.14,25.13,25.23,82.0,73.0,88.0,86.0,91.0
1775137768000,2.0,2.0,2.0,2.0,2.0,501.0,544.0,513.0,529.0,89.37,90.78,90.67,89.95,25.32,25.14,25.13,25.22,78.0,78.0,85.0,89.0,98.0
1775138069000,2.0,2.0,2.0,2.0,2.0,489.0,502.0,529.0,482.0,89.49,90.86,90.79,90.08,25.29,25.11,25.12,25.22,77.0,72.0,85.0,90.0,92.0
1775138369000,2.0,2.0,2.0,2.0,2.0,514.0,500.0,540.0,523.0,89.67,90.96,90.96,90.38,25.29,25.11,25.11,25.2,82.0,76.0,87.0,90.0,95.0
1775138670000,2.0,2.0,2.0,2.0,2.0,539.0,489.0,532.0,534.0,89.7,91.02,90.9,90.33,25.27,25.1,25.1,25.19,81.0,74.0,86.0,88.0,99.0
1775138970000,2.0,2.0,2.0,2.0,2.0,494.0,509.0,527.0,520.0,89.75,90.99,91.03,90.33,25.26,25.09,25.09,25.18,77.0,75.0,75.0,88.0,89.0
1775139271000,2.0,2.0,2.0,2.0,2.0,482.0,513.0,488.0,526.0,89.75,91.23,91.14,90.49,25.25,25.07,25.08,25.17,79.0,66.0,78.0,79.0,87.0
1775139571000,2.0,2.0,2.0,1.0,2.0,542.0,535.0,543.0,537.0,89.99,91.29,91.22,90.46,25.25,25.06,25.04,25.15,74.0,69.0,73.0,74.0,91.0
1775139872000,2.0,2.0,2.0,2.0,2.0,498.0,497.0,514.0,539.0,90.22,91.61,91.59,90.78,25.22,25.05,25.06,25.14,77.0,67.0,72.0,80.0,85.0
1775140173000,2.0,2.0,2.0,2.0,2.0,510.0,511.0,551.0,522.0,90.45,91.79,91.79,90.87,25.22,25.05,25.04,25.13,76.0,68.0,78.0,81.0,83.0
1775140473000,2.0,1.0,2.0,2.0,2.0,523.0,546.0,520.0,536.0,90.57,91.9,91.93,91.29,25.2,25.05,25.03,25.12,75.0,66.0,79.0,80.0,92.0
1775140774000,2.0,2.0,2.0,2.0,2.0,525.0,523.0,522.0,522.0,90.57,91.98,91.97,91.33,25.2,25.04,25.05,25.11,83.0,73.0,76.0,86.0,87.0
1775141074000,2.0,2.0,2.0,2.0,2.0,500.0,518.0,526.0,545.0,90.59,91.94,91.92,91.5,25.19,25.04,25.03,25.13,75.0,74.0,82.0,93.0,97.0
1775141375000,2.0,2.0,2.0,2.0,2.0,525.0,534.0,555.0,529.0,90.65,91.97,92.09,91.7,25.19,25.03,25.03,25.1,78.0,72.0,78.0,95.0,83.0
1775141675000,2.0,1.0,2.0,2.0,2.0,531.0,509.0,550.0,564.0,90.72,92.06,92.21,91.79,25.18,25.02,25.02,25.1,75.0,70.0,79.0,94.0,91.0
1775141976000,2.0,2.0,2.0,2.0,2.0,516.0,531.0,531.0,554.0,90.82,92.13,92.29,91.72,25.17,25.03,25.02,25.1,72.0,66.0,82.0,94.0,83.0
1775142277000,2.0,1.0,2.0,2.0,2.0,519.0,516.0,517.0,519.0,90.87,92.26,92.26,91.67,25.17,25.0,25.02,25.09,76.0,66.0,78.0,86.0,82.0
1775142577000,2.0,1.0,2.0,2.0,2.0,466.0,499.0,553.0,551.0,91.09,92.54,92.48,91.86,25.16,25.01,25.01,25.09,75.0,68.0,81.0,85.0,79.0
1775142878000,2.0,2.0,2.0,2.0,2.0,535.0,549.0,533.0,585.0,91.27,92.69,92.48,91.8,25.17,25.01,25.0,25.08,76.0,73.0,85.0,84.0,84.0
1775143178000,2.0,2.0,1.0,2.0,2.0,515.0,527.0,579.0,531.0,91.25,92.67,92.46,91.75,25.15,25.0,25.01,25.07,79.0,75.0,48.0,85.0,85.0
1775143479000,2.0,2.0,1.0,2.0,2.0,546.0,481.0,530.0,553.0,91.3,92.58,92.38,91.94,25.16,24.98,25.0,25.08,73.0,71.0,42.0,76.0,88.0
1775143779000,2.0,2.0,1.0,2.0,2.0,516.0,522.0,545.0,555.0,91.51,92.69,92.69,92.21,25.15,24.99,25.0,25.06,77.0,69.0,38.0,80.0,91.0
1775144080000,2.0,1.0,1.0,2.0,2.0,521.0,548.0,560.0,566.0,91.64,92.76,92.74,92.32,25.14,24.98,24.99,25.06,75.0,65.0,37.0,90.0,88.0
1775144381000,2.0,1.0,1.0,2.0,2.0,562.0,540.0,539.0,578.0,91.77,92.93,92.84,92.28,25.13,24.98,24.99,25.05,79.0,67.0,38.0,91.0,94.0
1775144681000,2.0,2.0,1.0,2.0,2.0,543.0,537.0,564.0,533.0,92.04,93.35,93.28,92.61,25.12,24.97,24.98,25.05,84.0,66.0,37.0,97.0,88.0
1775144982000,2.0,2.0,1.0,2.0,2.0,525.0,542.0,552.0,540.0,92.01,93.23,93.28,92.44,25.13,24.97,24.98,25.05,85.0,76.0,50.0,94.0,80.0
1775145282000,2.0,2.0,1.0,2.0,2.0,515.0,562.0,568.0,574.0,91.94,93.27,93.41,92.74,25.11,24.96,24.97,25.04,81.0,77.0,54.0,93.0,79.0
1775145583000,2.0,2.0,1.0,2.0,1.0,554.0,520.0,549.0,566.0,92.02,93.29,93.47,92.68,25.12,24.96,24.98,25.03,84.0,76.0,55.0,95.0,48.0
1775145883000,2.0,2.0,1.0,2.0,1.0,532.0,544.0,581.0,579.0,92.25,93.46,93.47,92.96,25.11,24.96,24.97,25.03,81.0,76.0,51.0,89.0,53.0
1775146184000,2.0,2.0,1.0,2.0,1.0,556.0,576.0,570.0,567.0,92.32,93.59,93.61,93.17,25.12,24.96,24.96,25.03,79.0,77.0,45.0,84.0,51.0
1775146485000,1.0,2.0,1.0,2.0,1.0,559.0,550.0,558.0,534.0,92.39,93.55,93.72,93.23,25.09,24.95,24.96,25.02,40.0,69.0,44.0,91.0,52.0
1775146785000,1.0,2.0,1.0,2.0,1.0,546.0,574.0,553.0,559.0,92.37,93.57,93.84,93.32,25.09,24.95,24.94,25.01,39.0,68.0,48.0,92.0,54.0
1775147086000,1.0,2.0,1.0,2.0,1.0,579.0,541.0,572.0,574.0,92.68,93.62,94.03,93.31,25.09,24.94,24.95,25.02,35.0,70.0,43.0,90.0,54.0
1775147386000,1.0,2.0,1.0,2.0,1.0,553.0,547.0,578.0,557.0,92.76,93.77,93.78,93.18,25.09,24.94,24.94,25.0,39.0,70.0,52.0,90.0,59.0
1775147687000,1.0,1.0,1.0,2.0,1.0,546.0,563.0,553.0,546.0,92.62,93.84,94.06,93.47,25.08,24.93,24.93,25.0,46.0,70.0,42.0,88.0,58.0
1775147987000,1.0,2.0,1.0,1.0,1.0,528.0,567.0,577.0,558.0,92.56,93.87,93.99,93.44,25.08,24.93,24.94,24.99,39.0,75.0,49.0,57.0,60.0
1775148288000,1.0,2.0,1.0,1.0,1.0,555.0,574.0,549.0,569.0,92.71,93.93,94.15,93.74,25.06,24.92,24.93,24.98,37.0,75.0,46.0,58.0,65.0
1775148589000,1.0,1.0,1.0,1.0,1.0,590.0,551.0,591.0,563.0,93.03,94.2,94.32,93.72,25.07,24.92,24.92,24.98,38.0,71.0,48.0,64.0,56.0
1775148889000,1.0,2.0,1.0,1.0,1.0,562.0,542.0,582.0,580.0,93.12,94.36,94.49,93.76,25.07,24.9,24.9,24.96,39.0,70.0,46.0,63.0,55.0
1775149190000,1.0,2.0,1.0,1.0,1.0,581.0,594.0,578.0,591.0,93.41,94.52,94.75,93.92,25.06,24.89,24.89,24.95,45.0,77.0,53.0,58.0,51.0
1775149490000,1.0,2.0,1.0,1.0,1.0,553.0,552.0,577.0,578.0,93.32,94.42,94.78,94.0,25.04,24.89,24.9,24.95,45.0,82.0,54.0,64.0,46.0
1775149791000,1.0,2.0,1.0,1.0,1.0,560.0,564.0,601.0,582.0,93.2,94.67,94.85,94.11,25.04,24.87,24.89,24.95,36.0,70.0,57.0,63.0,68.0
1775150091000,1.0,1.0,1.0,1.0,1.0,597.0,556.0,547.0,577.0,93.58,94.67,94.73,94.2,25.03,24.86,24.87,24.94,41.0,45.0,50.0,63.0,68.0
1775150392000,1.0,1.0,1.0,1.0,1.0,557.0,562.0,584.0,588.0,93.56,94.6,94.71,94.29,25.02,24.88,24.85,24.93,43.0,45.0,48.0,61.0,62.0
1775150693000,1.0,1.0,1.0,1.0,1.0,536.0,574.0,580.0,565.0,93.78,94.78,94.93,94.36,25.02,24.85,24.85,24.91,39.0,47.0,40.0,57.0,53.0
1775150993000,1.0,1.0,1.0,1.0,1.0,591.0,582.0,573.0,565.0,93.75,94.66,94.75,94.24,25.0,24.86,24.86,24.92,44.0,40.0,48.0,59.0,53.0
1775151294000,1.0,1.0,1.0,1.0,1.0,536.0,564.0,554.0,593.0,93.62,94.78,94.75,94.22,25.01,24.85,24.85,24.9,42.0,40.0,40.0,50.0,52.0
1775151594000,1.0,1.0,1.0,1.0,1.0,544.0,565.0,593.0,568.0,93.61,94.85,94.93,94.31,25.0,24.83,24.85,24.9,37.0,42.0,40.0,50.0,55.0
1775151895000,1.0,1.0,1.0,1.0,1.0,588.0,541.0,568.0,563.0,93.54,95.03,95.09,94.38,24.99,24.84,24.84,24.91,38.0,47.0,49.0,57.0,63.0
1775152195000,1.0,1.0,1.0,1.0,1.0,570.0,580.0,589.0,595.0,93.58,95.0,94.94,94.27,25.0,24.83,24.83,24.89,39.0,48.0,47.0,52.0,50.0
1775152496000,1.0,1.0,1.0,1.0,1.0,569.0,601.0,561.0,564.0,93.64,95.07,94.91,94.42,24.99,24.84,24.84,24.9,37.0,43.0,46.0,50.0,52.0
1775152797000,1.0,1.0,1.0,1.0,1.0,582.0,591.0,566.0,584.0,93.66,95.13,95.04,94.62,24.98,24.82,24.84,24.89,31.0,48.0,40.0,52.0,50.0
1775153097000,1.0,1.0,1.0,1.0,1.0,553.0,546.0,587.0,566.0,93.66,95.01,94.92,94.66,24.98,24.82,24.82,24.89,35.0,43.0,43.0,57.0,48.0
1775153398000,1.0,1.0,1.0,1.0,1.0,564.0,593.0,605.0,560.0,94.08,95.2,95.0,94.65,24.98,24.81,24.81,24.88,33.0,38.0,33.0,55.0,55.0
1775153698000,1.0,1.0,1.0,1.0,1.0,582.0,612.0,618.0,606.0,94.12,95.11,95.28,94.82,24.99,24.83,24.82,24.87,40.0,41.0,42.0,55.0,57.0
1775153999000,1.0,1.0,1.0,1.0,1.0,582.0,573.0,587.0,581.0,94.1,95.29,95.34,94.82,24.96,24.82,24.82,24.87,40.0,36.0,42.0,56.0,54.0
1775154299000,1.0,1.0,1.0,1.0,1.0,571.0,595.0,627.0,621.0,94.29,95.35,95.58,94.94,24.97,24.82,24.82,24.87,37.0,42.0,42.0,58.0,47.0
1775154600000,1.0,1.0,1.0,1.0,1.0,599.0,586.0,645.0,595.0,94.34,95.47,95.33,94.72,24.98,24.81,24.81,24.88,44.0,44.0,44.0,53.0,47.0
1775154901000,1.0,1.0,1.0,1.0,1.0,627.0,610.0,615.0,610.0,94.32,95.61,95.55,95.02,24.97,24.81,24.81,24.87,41.0,47.0,41.0,48.0,49.0
1775155201000,1.0,1.0,1.0,1.0,1.0,590.0,560.0,616.0,629.0,94.55,95.65,95.24,94.81,24.96,24.81,24.81,24.87,42.0,49.0,46.0,49.0,50.0
1775155502000,1.0,1.0,1.0,1.0,1.0,594.0,605.0,616.0,583.0,94.63,95.71,95.56,95.01,24.95,24.79,24.81,24.86,44.0,50.0,39.0,40.0,54.0
1775155802000,1.0,1.0,1.0,1.0,2.0,559.0,603.0,626.0,616.0,94.58,95.89,95.39,95.05,24.96,24.8,24.8,24.87,43.0,48.0,40.0,44.0,74.0
1775156103000,1.0,1.0,1.0,1.0,2.0,595.0,596.0,622.0,594.0,94.5,95.66,95.63,95.33,24.96,24.78,24.78,24.86,40.0,49.0,40.0,54.0,68.0
1775156403000,1.0,1.0,1.0,1.0,1.0,596.0,586.0,596.0,654.0,94.33,95.48,95.52,95.36,24.94,24.78,24.78,24.84,31.0,37.0,38.0,64.0,56.0
1775156704000,1.0,1.0,1.0,1.0,1.0,593.0,591.0,587.0,607.0,94.39,95.51,95.3,95.12,24.94,24.78,24.8,24.85,27.0,29.0,38.0,59.0,49.0
1775157005000,1.0,1.0,1.0,1.0,1.0,596.0,606.0,580.0,618.0,94.53,95.65,95.41,95.11,24.94,24.78,24.78,24.84,32.0,35.0,35.0,49.0,47.0
1775157305000,1.0,1.0,1.0,1.0,1.0,583.0,599.0,617.0,611.0,94.5,95.62,95.57,95.24,24.94,24.78,24.77,24.85,35.0,36.0,37.0,49.0,44.0
1775157606000,1.0,1.0,1.0,1.0,1.0,535.0,593.0,613.0,618.0,94.36,95.65,95.44,95.01,24.93,24.77,24.78,24.83,30.0,39.0,38.0,45.0,45.0
1775157906000,1.0,1.0,1.0,1.0,1.0,604.0,591.0,599.0,624.0,94.23,95.75,95.57,95.08,24.92,24.77,24.76,24.81,31.0,41.0,36.0,42.0,44.0
1775158207000,1.0,1.0,1.0,1.0,1.0,571.0,631.0,634.0,653.0,94.37,95.73,95.5,95.14,24.91,24.75,24.76,24.82,30.0,36.0,41.0,42.0,46.0
1775158507000,1.0,1.0,1.0,1.0,1.0,602.0,606.0,586.0,633.0,94.42,95.67,95.37,95.14,24.9,24.74,24.74,24.8,35.0,38.0,32.0,41.0,41.0
1775158808000,1.0,1.0,1.0,1.0,1.0,589.0,588.0,600.0,611.0,94.38,95.57,95.55,95.15,24.89,24.74,24.73,24.8,33.0,32.0,29.0,47.0,42.0
1775159109000,1.0,1.0,1.0,1.0,1.0,581.0,583.0,620.0,591.0,94.72,95.82,95.48,95.22,24.89,24.74,24.73,24.8,35.0,39.0,36.0,43.0,45.0
1775159409000,1.0,1.0,1.0,1.0,1.0,569.0,604.0,643.0,623.0,94.35,95.72,95.52,95.32,24.89,24.73,24.72,24.8,42.0,37.0,38.0,47.0,52.0
1775159710000,1.0,1.0,1.0,1.0,1.0,596.0,596.0,589.0,607.0,94.35,95.55,95.65,95.2,24.89,24.72,24.72,24.77,39.0,36.0,38.0,41.0,51.0
1775160010000,1.0,1.0,1.0,1.0,1.0,572.0,582.0,604.0,636.0,94.49,95.67,95.79,95.33,24.87,24.71,24.73,24.78,31.0,33.0,38.0,43.0,44.0
1775160311000,1.0,1.0,1.0,1.0,1.0,557.0,602.0,572.0,616.0,94.52,95.88,95.69,95.1,24.87,24.71,24.7,24.77,34.0,37.0,35.0,43.0,41.0
1775160611000,1.0,1.0,1.0,1.0,1.0,571.0,630.0,603.0,602.0,94.51,95.86,95.77,95.21,24.86,24.69,24.7,24.76,35.0,36.0,36.0,33.0,37.0
1775160912000,1.0,1.0,1.0,1.0,1.0,585.0,601.0,605.0,641.0,94.88,95.92,96.0,95.31,24.87,24.69,24.69,24.75,36.0,37.0,38.0,37.0,39.0
1775161213000,1.0,1.0,1.0,1.0,1.0,577.0,574.0,584.0,602.0,94.66,95.86,95.87,95.25,24.85,24.69,24.69,24.75,42.0,37.0,40.0,44.0,42.0
1775161513000,1.0,1.0,1.0,1.0,1.0,591.0,610.0,624.0,613.0,94.81,95.88,95.97,95.39,24.85,24.69,24.69,24.75,34.0,38.0,42.0,36.0,33.0
1775161814000,1.0,1.0,1.0,1.0,1.0,608.0,587.0,578.0,619.0,94.85,96.04,95.9,95.43,24.83,24.68,24.68,24.73,40.0,37.0,38.0,42.0,40.0
1775162114000,1.0,1.0,1.0,1.0,1.0,556.0,578.0,640.0,596.0,94.92,96.03,96.05,95.52,24.84,24.67,24.69,24.74,40.0,37.0,32.0,42.0,37.0
1775162415000,1.0,1.0,1.0,1.0,1.0,579.0,571.0,601.0,614.0,94.95,96.1,96.08,95.59,24.83,24.66,24.68,24.73,34.0,40.0,33.0,43.0,40.0
1775162715000,1.0,1.0,1.0,1.0,1.0,606.0,579.0,601.0,613.0,94.94,96.14,96.14,95.67,24.83,24.67,24.69,24.74,35.0,32.0,33.0,43.0,43.0
1775163016000,1.0,1.0,1.0,1.0,1.0,602.0,576.0,641.0,582.0,95.06,96.21,96.24,95.77,24.82,24.66,24.69,24.73,40.0,36.0,37.0,45.0,41.0
1775163317000,1.0,1.0,1.0,1.0,1.0,589.0,590.0,597.0,603.0,95.23,96.32,96.22,95.85,24.82,24.66,24.67,24.74,38.0,40.0,39.0,49.0,43.0
1775163617000,1.0,1.0,1.0,1.0,1.0,559.0,576.0,605.0,596.0,95.1,96.33,96.32,95.78,24.81,24.67,24.67,24.73,40.0,42.0,44.0,51.0,51.0
1775163918000,1.0,1.0,1.0,1.0,1.0,553.0,561.0,588.0,592.0,95.4,96.27,96.33,95.8,24.81,24.64,24.66,24.72,41.0,44.0,46.0,47.0,51.0
1775164218000,1.0,1.0,1.0,1.0,1.0,598.0,583.0,577.0,614.0,95.21,96.38,96.43,95.66,24.81,24.66,24.67,24.72,44.0,44.0,43.0,49.0,45.0
1775164519000,1.0,1.0,1.0,1.0,1.0,576.0,591.0,595.0,628.0,95.38,96.52,96.43,95.81,24.8,24.64,24.66,24.72,44.0,43.0,43.0,41.0,58.0
1775164819000,1.0,1.0,1.0,1.0,2.0,570.0,556.0,580.0,584.0,95.44,96.57,96.58,96.22,24.81,24.65,24.66,24.72,44.0,48.0,43.0,52.0,103.0
1775165120000,1.0,1.0,1.0,1.0,2.0,568.0,560.0,606.0,585.0,95.41,96.59,96.41,96.06,24.81,24.64,24.66,24.71,42.0,45.0,44.0,55.0,76.0
1775165421000,1.0,1.0,1.0,1.0,1.0,585.0,559.0,612.0,603.0,95.38,96.43,96.58,96.3,24.81,24.65,24.66,24.72,40.0,46.0,34.0,54.0,58.0
1775165721000,1.0,1.0,1.0,1.0,1.0,573.0,566.0,552.0,596.0,95.29,96.45,96.59,95.99,24.79,24.66,24.67,24.73,40.0,36.0,36.0,50.0,45.0
1775166022000,1.0,1.0,1.0,1.0,1.0,600.0,574.0,577.0,596.0,95.19,96.56,96.61,96.15,24.78,24.65,24.65,24.71,33.0,37.0,41.0,45.0,43.0
1775166322000,1.0,1.0,1.0,1.0,1.0,583.0,588.0,603.0,582.0,95.38,96.55,96.49,95.89,24.79,24.66,24.65,24.71,32.0,35.0,40.0,51.0,36.0
1775166623000,1.0,1.0,1.0,1.0,1.0,592.0,580.0,641.0,608.0,95.5,96.49,96.72,96.22,24.8,24.64,24.65,24.71,34.0,41.0,40.0,39.0,40.0
1775166923000,1.0,1.0,1.0,1.0,1.0,591.0,571.0,594.0,621.0,95.43,96.58,96.64,96.07,24.78,24.63,24.64,24.71,38.0,35.0,36.0,43.0,34.0
1775167224000,1.0,1.0,1.0,1.0,1.0,595.0,590.0,597.0,598.0,95.43,96.52,96.67,96.07,24.78,24.63,24.65,24.7,38.0,33.0,34.0,37.0,31.0
1775167525000,1.0,1.0,1.0,1.0,1.0,572.0,619.0,576.0,585.0,95.4,96.69,96.55,96.15,24.78,24.63,24.64,24.72,33.0,32.0,33.0,39.0,41.0
1775167825000,1.0,1.0,1.0,1.0,1.0,603.0,624.0,630.0,630.0,95.5,96.7,96.61,96.03,24.8,24.64,24.64,24.7,33.0,37.0,32.0,39.0,33.0
1775168126000,1.0,1.0,1.0,1.0,1.0,558.0,575.0,624.0,601.0,95.42,96.66,96.68,96.1,24.79,24.63,24.63,24.7,34.0,36.0,37.0,37.0,37.0
1775168426000,1.0,1.0,1.0,1.0,1.0,585.0,586.0,623.0,610.0,95.61,96.74,96.72,96.25,24.78,24.61,24.62,24.69,32.0,39.0,40.0,39.0,44.0
1775168727000,1.0,1.0,1.0,1.0,1.0,606.0,624.0,629.0,651.0,95.68,96.97,96.79,96.41,24.78,24.62,24.62,24.69,36.0,38.0,42.0,45.0,41.0
1775169027000,1.0,1.0,1.0,1.0,1.0,577.0,609.0,601.0,614.0,95.72,96.96,96.72,96.39,24.77,24.61,24.63,24.68,36.0,41.0,37.0,42.0,49.0
1775169328000,1.0,1.0,1.0,1.0,1.0,591.0,594.0,596.0,624.0,95.57,96.9,96.65,96.21,24.76,24.62,24.62,24.69,41.0,44.0,35.0,48.0,44.0
1775169629000,1.0,1.0,1.0,1.0,1.0,575.0,596.0,603.0,602.0,95.7,96.83,96.9,96.31,24.76,24.61,24.61,24.68,36.0,41.0,33.0,43.0,45.0
1775169929000,1.0,1.0,1.0,1.0,1.0,567.0,583.0,602.0,598.0,95.81,96.86,96.69,96.36,24.76,24.61,24.62,24.68,36.0,36.0,37.0,39.0,34.0
1775170230000,1.0,1.0,1.0,1.0,1.0,602.0,609.0,623.0,632.0,95.96,96.99,96.76,96.21,24.77,24.59,24.62,24.66,36.0,38.0,31.0,42.0,35.0
1775170530000,1.0,1.0,1.0,1.0,1.0,641.0,579.0,637.0,638.0,96.21,97.09,96.87,96.36,24.76,24.6,24.62,24.67,42.0,35.0,32.0,35.0,61.0
1775170831000,1.0,1.0,1.0,1.0,2.0,594.0,621.0,599.0,646.0,96.21,97.19,96.9,96.48,24.76,24.59,24.6,24.67,49.0,39.0,35.0,41.0,75.0
1775171131000,1.0,1.0,1.0,1.0,1.0,576.0,610.0,617.0,611.0,95.89,96.98,96.94,96.38,24.73,24.59,24.6,24.66,46.0,45.0,44.0,46.0,52.0
1775171432000,1.0,1.0,1.0,1.0,1.0,589.0,579.0,632.0,633.0,95.75,97.0,97.17,96.55,24.75,24.58,24.61,24.66,43.0,43.0,43.0,43.0,47.0
1775171733000,1.0,1.0,1.0,1.0,1.0,581.0,591.0,638.0,618.0,95.69,96.96,97.05,96.53,24.74,24.59,24.6,24.66,40.0,42.0,42.0,47.0,40.0
1775172033000,1.0,1.0,1.0,1.0,1.0,595.0,604.0,592.0,605.0,95.72,96.97,97.03,96.59,24.75,24.58,24.6,24.65,31.0,38.0,34.0,44.0,35.0
1775172334000,1.0,1.0,1.0,1.0,1.0,591.0,587.0,608.0,616.0,95.69,96.93,97.01,96.51,24.74,24.59,24.6,24.67,35.0,41.0,37.0,44.0,38.0
1775172634000,1.0,1.0,1.0,1.0,1.0,557.0,582.0,608.0,582.0,95.76,96.88,96.91,96.55,24.74,24.58,24.61,24.66,35.0,43.0,37.0,45.0,38.0
1775172935000,1.0,1.0,1.0,1.0,1.0,568.0,591.0,598.0,608.0,95.72,97.03,96.96,96.54,24.74,24.6,24.6,24.68,42.0,45.0,34.0,42.0,34.0
1775173235000,1.0,1.0,1.0,1.0,1.0,588.0,580.0,580.0,574.0,95.96,97.15,97.03,96.54,24.75,24.59,24.62,24.67,44.0,40.0,39.0,45.0,39.0
1775173536000,1.0,1.0,1.0,1.0,1.0,585.0,575.0,607.0,583.0,96.17,97.14,96.94,96.59,24.76,24.62,24.63,24.69,44.0,42.0,38.0,44.0,66.0
1775173837000,1.0,1.0,1.0,1.0,2.0,567.0,558.0,548.0,585.0,95.8,96.67,96.46,96.04,24.78,24.64,24.63,24.7,49.0,48.0,41.0,45.0,73.0
1775174137000,1.0,1.0,1.0,1.0,1.0,509.0,528.0,534.0,518.0,95.54,96.35,96.21,95.7,24.77,24.63,24.63,24.69,50.0,45.0,41.0,39.0,49.0
1775174438000,1.0,1.0,1.0,1.0,1.0,513.0,532.0,554.0,526.0,95.44,96.34,96.21,95.68,24.76,24.62,24.58,24.66,45.0,38.0,33.0,30.0,29.0
1775174738000,1.0,1.0,1.0,1.0,1.0,524.0,507.0,499.0,501.0,95.29,96.12,96.14,95.53,24.75,24.61,24.54,24.61,36.0,35.0,29.0,35.0,34.0
1775175039000,1.0,1.0,1.0,1.0,1.0,497.0,539.0,526.0,532.0,95.25,96.02,96.08,95.46,24.71,24.59,24.5,24.59,30.0,30.0,34.0,29.0,31.0
1775175339000,1.0,1.0,1.0,1.0,1.0,553.0,513.0,535.0,514.0,95.35,96.15,96.25,95.59,24.7,24.57,24.46,24.55,32.0,37.0,38.0,34.0,37.0
1775175640000,1.0,1.0,1.0,1.0,1.0,496.0,511.0,486.0,506.0,95.33,96.13,96.19,95.62,24.67,24.56,24.44,24.54,32.0,41.0,38.0,39.0,39.0
1775175941000,1.0,1.0,1.0,1.0,1.0,485.0,501.0,505.0,478.0,95.33,96.04,96.2,95.58,24.67,24.54,24.41,24.52,41.0,44.0,37.0,37.0,39.0
1775176241000,1.0,1.0,1.0,1.0,1.0,479.0,504.0,485.0,511.0,95.11,95.82,96.01,95.37,24.67,24.55,24.41,24.51,34.0,42.0,40.0,41.0,41.0
1775176542000,1.0,1.0,1.0,1.0,1.0,491.0,516.0,519.0,488.0,95.08,95.89,96.12,95.39,24.67,24.57,24.42,24.51,47.0,49.0,42.0,46.0,52.0
1775176842000,1.0,1.0,1.0,1.0,1.0,490.0,460.0,514.0,529.0,94.98,95.66,95.85,95.2,24.7,24.59,24.43,24.53,33.0,40.0,37.0,36.0,44.0
1775177143000,1.0,1.0,1.0,1.0,1.0,488.0,491.0,499.0,510.0,94.24,95.31,95.31,94.85,24.74,24.62,24.44,24.54,36.0,36.0,38.0,34.0,35.0
1775177443000,1.0,1.0,1.0,1.0,1.0,483.0,469.0,524.0,509.0,94.1,94.94,95.17,94.54,24.78,24.65,24.49,24.59,37.0,35.0,38.0,36.0,34.0
1775177744000,1.0,1.0,1.0,1.0,1.0,498.0,484.0,524.0,483.0,94.42,95.18,95.45,94.73,24.82,24.71,24.53,24.62,33.0,34.0,36.0,39.0,34.0
1775178045000,1.0,1.0,1.0,1.0,1.0,487.0,481.0,503.0,493.0,94.37,95.23,95.53,94.82,24.87,24.78,24.61,24.69,37.0,36.0,37.0,43.0,43.0
1775178345000,1.0,1.0,1.0,1.0,1.0,493.0,531.0,490.0,517.0,93.65,94.42,94.75,94.33,24.97,24.87,24.69,24.78,44.0,42.0,43.0,50.0,52.0
1775178646000,1.0,1.0,1.0,1.0,1.0,473.0,479.0,534.0,502.0,93.19,94.0,94.32,93.74,25.06,24.94,24.77,24.83,43.0,42.0,41.0,44.0,47.0
1775178946000,1.0,1.0,1.0,1.0,1.0,489.0,517.0,544.0,527.0,92.86,93.71,94.15,93.44,25.14,25.04,24.86,24.9,43.0,45.0,47.0,40.0,46.0
1775179247000,1.0,1.0,1.0,1.0,1.0,462.0,483.0,535.0,511.0,92.58,93.66,93.85,93.22,25.23,25.12,24.94,24.98,43.0,43.0,43.0,43.0,49.0
1775179547000,1.0,1.0,1.0,1.0,1.0,496.0,503.0,550.0,516.0,92.55,94.45,94.3,94.32,25.29,25.19,25.04,25.08,46.0,45.0,46.0,47.0,53.0
1775179848000,1.0,1.0,1.0,1.0,1.0,508.0,513.0,537.0,535.0,94.06,94.95,95.47,95.49,25.39,25.28,25.13,25.18,50.0,50.0,42.0,48.0,50.0
1775180149000,1.0,1.0,1.0,1.0,1.0,493.0,507.0,537.0,545.0,94.86,95.86,96.76,96.75,25.51,25.38,25.24,25.25,53.0,54.0,50.0,58.0,49.0
1775180449000,1.0,1.0,1.0,1.0,2.0,507.0,476.0,507.0,528.0,96.77,97.1,98.56,98.05,25.61,25.5,25.35,25.36,50.0,53.0,57.0,54.0,68.0
1775180750000,1.0,1.0,1.0,1.0,2.0,541.0,546.0,544.0,525.0,97.82,98.17,99.22,98.76,25.66,25.56,25.42,25.45,44.0,57.0,58.0,57.0,74.0
1775181050000,1.0,1.0,1.0,1.0,2.0,512.0,557.0,539.0,555.0,98.7,99.17,97.82,98.28,25.68,25.62,25.49,25.51,43.0,52.0,57.0,62.0,75.0
1775181351000,2.0,2.0,2.0,2.0,2.0,517.0,547.0,539.0,525.0,98.62,99.28,98.75,98.89,25.73,25.66,25.54,25.6,77.0,115.0,107.0,92.0,106.0
1775181651000,2.0,2.0,2.0,2.0,2.0,528.0,501.0,580.0,543.0,98.17,98.91,98.82,99.11,25.7,25.62,25.52,25.48,79.0,109.0,103.0,87.0,139.0
1775181952000,2.0,2.0,2.0,2.0,2.0,483.0,546.0,545.0,552.0,98.85,99.7,99.07,99.53,25.71,25.61,25.48,25.3,108.0,136.0,90.0,78.0,115.0
1775182253000,2.0,2.0,2.0,2.0,2.0,498.0,515.0,539.0,561.0,98.87,99.63,99.73,99.98,25.71,25.59,25.45,25.17,108.0,113.0,91.0,79.0,130.0
1775182553000,2.0,2.0,2.0,2.0,2.0,525.0,542.0,551.0,550.0,99.74,100.0,100.0,100.0,25.78,25.6,25.46,25.14,118.0,119.0,92.0,91.0,157.0
1775182854000,2.0,2.0,2.0,2.0,2.0,500.0,550.0,527.0,513.0,99.65,100.0,99.72,100.0,25.85,25.66,25.49,25.15,109.0,114.0,88.0,88.0,111.0
1775183154000,2.0,2.0,2.0,2.0,2.0,492.0,494.0,515.0,551.0,99.14,99.87,99.76,100.0,25.93,25.73,25.55,25.2,103.0,99.0,89.0,87.0,128.0
1775183455000,2.0,2.0,2.0,2.0,2.0,483.0,521.0,535.0,552.0,99.25,100.0,100.0,100.0,26.03,25.85,25.65,25.3,106.0,104.0,100.0,92.0,128.0
1775183755000,2.0,2.0,2.0,2.0,2.0,495.0,494.0,561.0,504.0,98.69,100.0,99.96,100.0,26.16,25.98,25.78,25.43,107.0,111.0,94.0,93.0,130.0
1775184056000,2.0,2.0,2.0,2.0,2.0,492.0,502.0,525.0,528.0,98.41,100.0,99.14,100.0,26.3,26.15,25.92,25.56,110.0,114.0,111.0,96.0,130.0
1775184357000,2.0,2.0,2.0,2.0,2.0,499.0,515.0,535.0,531.0,97.84,99.9,99.7,100.0,26.46,26.3,26.11,25.72,109.0,122.0,100.0,101.0,130.0
1775184657000,2.0,2.0,2.0,2.0,2.0,479.0,510.0,528.0,542.0,97.61,98.44,97.59,100.0,26.64,26.48,26.31,25.9,113.0,124.0,106.0,111.0,131.0
1775184958000,2.0,2.0,2.0,2.0,2.0,545.0,519.0,534.0,557.0,97.75,99.5,99.36,100.0,26.82,26.68,26.53,26.09,124.0,129.0,112.0,116.0,138.0
1775185258000,2.0,2.0,2.0,2.0,2.0,543.0,515.0,535.0,584.0,97.56,98.06,99.12,100.0,27.01,26.87,26.73,26.31,117.0,130.0,106.0,119.0,130.0
1775185559000,2.0,2.0,2.0,2.0,2.0,527.0,523.0,526.0,561.0,97.38,97.86,98.26,99.72,27.18,27.07,26.94,26.55,115.0,122.0,104.0,117.0,144.0
1775185859000,2.0,2.0,2.0,2.0,2.0,486.0,481.0,555.0,556.0,96.96,96.37,97.06,98.66,27.37,27.25,27.13,26.77,115.0,121.0,115.0,119.0,151.0
1775186160000,2.0,2.0,2.0,2.0,2.0,472.0,495.0,549.0,551.0,95.71,95.99,96.24,98.57,27.54,27.43,27.33,27.02,116.0,128.0,112.0,128.0,160.0
1775186461000,2.0,2.0,2.0,2.0,2.0,516.0,520.0,584.0,562.0,94.88,96.23,95.91,98.06,27.71,27.6,27.52,27.26,125.0,127.0,121.0,128.0,165.0
1775186761000,2.0,2.0,2.0,2.0,2.0,503.0,471.0,533.0,563.0,93.6,94.27,95.12,96.63,27.88,27.76,27.7,27.45,128.0,143.0,146.0,145.0,177.0
1775187062000,2.0,2.0,2.0,2.0,2.0,474.0,495.0,505.0,466.0,92.21,92.44,92.49,94.68,28.02,27.89,27.83,27.64,139.0,149.0,127.0,142.0,172.0
1775187362000,2.0,2.0,2.0,2.0,2.0,500.0,515.0,547.0,520.0,91.67,93.02,92.37,93.97,28.16,28.04,27.99,27.85,143.0,149.0,131.0,141.0,166.0
1775187663000,2.0,2.0,2.0,2.0,2.0,482.0,516.0,495.0,508.0,90.68,90.62,90.58,92.99,28.31,28.2,28.15,28.02,142.0,143.0,129.0,153.0,171.0
1775187963000,2.0,2.0,2.0,2.0,2.0,518.0,489.0,499.0,486.0,89.76,91.6,89.78,91.63,28.48,28.35,28.32,28.22,134.0,148.0,132.0,149.0,176.0
1775188264000,2.0,2.0,2.0,2.0,2.0,499.0,486.0,518.0,508.0,91.22,92.52,90.78,91.5,28.63,28.52,28.49,28.38,141.0,148.0,137.0,151.0,165.0
1775188565000,2.0,2.0,2.0,2.0,2.0,515.0,538.0,525.0,512.0,90.7,91.35,91.0,91.74,28.77,28.66,28.65,28.56,138.0,151.0,135.0,154.0,171.0
1775188865000,2.0,2.0,2.0,2.0,2.0,486.0,515.0,512.0,537.0,90.09,90.65,91.06,91.64,28.9,28.8,28.8,28.72,142.0,152.0,142.0,161.0,179.0
1775189166000,2.0,2.0,2.0,2.0,2.0,497.0,471.0,513.0,522.0,90.46,92.0,91.55,91.68,29.04,28.95,28.95,28.87,148.0,161.0,142.0,174.0,186.0
1775189466000,2.0,2.0,2.0,2.0,2.0,456.0,512.0,520.0,489.0,88.16,90.26,89.66,90.69,29.17,29.09,29.08,29.01,139.0,156.0,147.0,171.0,194.0
1775189767000,2.0,2.0,2.0,2.0,2.0,480.0,494.0,496.0,539.0,86.36,87.58,87.74,89.23,29.31,29.24,29.22,29.16,152.0,156.0,150.0,178.0,200.0
1775190067000,2.0,2.0,2.0,2.0,2.0,467.0,510.0,492.0,510.0,84.82,85.64,86.93,86.94,29.44,29.36,29.37,29.34,162.0,159.0,156.0,177.0,203.0
1775190368000,2.0,2.0,2.0,2.0,2.0,505.0,507.0,512.0,469.0,83.87,84.73,86.21,86.1,29.58,29.52,29.55,29.51,162.0,170.0,151.0,174.0,206.0
1775190669000,2.0,2.0,2.0,2.0,2.0,469.0,494.0,483.0,481.0,83.38,86.26,85.67,86.19,29.75,29.7,29.73,29.7,161.0,172.0,152.0,185.0,204.0
1775190969000,2.0,2.0,2.0,2.0,2.0,492.0,500.0,502.0,518.0,84.78,86.69,85.17,86.25,29.93,29.87,29.9,29.87,168.0,180.0,163.0,188.0,205.0
1775191270000,2.0,2.0,2.0,2.0,2.0,499.0,471.0,537.0,525.0,84.57,85.73,86.29,87.28,30.07,30.01,30.07,30.07,169.0,179.0,166.0,197.0,210.0
1775191570000,2.0,2.0,2.0,2.0,2.0,487.0,493.0,506.0,499.0,83.4,84.86,86.06,85.61,30.24,30.18,30.24,30.22,161.0,181.0,166.0,203.0,230.0
1775191871000,2.0,2.0,2.0,2.0,3.0,426.0,481.0,547.0,528.0,82.99,84.55,85.08,85.13,30.37,30.33,30.39,30.38,172.0,190.0,171.0,199.0,226.0
1775192171000,2.0,2.0,2.0,2.0,2.0,485.0,515.0,522.0,546.0,84.21,85.8,84.88,84.55,30.51,30.44,30.52,30.5,178.0,196.0,174.0,204.0,222.0
1775192472000,2.0,2.0,2.0,2.0,2.0,497.0,510.0,536.0,526.0,83.67,83.94,83.7,83.38,30.62,30.55,30.62,30.61,181.0,194.0,170.0,214.0,229.0
1775192772000,2.0,2.0,2.0,2.0,3.0,516.0,514.0,495.0,534.0,84.31,84.79,83.88,83.73,30.73,30.65,30.72,30.72,187.0,208.0,181.0,214.0,232.0
1775193073000,2.0,2.0,2.0,2.0,3.0,499.0,487.0,483.0,516.0,81.09,83.95,82.65,82.96,30.79,30.74,30.82,30.82,176.0,216.0,173.0,209.0,234.0
1775193374000,2.0,2.0,2.0,2.0,2.0,509.0,479.0,495.0,503.0,79.87,81.79,82.16,81.96,30.88,30.82,30.91,30.92,183.0,206.0,179.0,212.0,219.0
1775193674000,2.0,2.0,2.0,2.0,2.0,492.0,513.0,495.0,514.0,78.68,80.43,80.28,80.07,30.99,30.93,31.02,31.0,178.0,209.0,175.0,198.0,222.0
1775193975000,2.0,2.0,2.0,2.0,2.0,508.0,487.0,504.0,526.0,79.97,82.48,81.21,81.42,31.08,31.02,31.12,31.12,195.0,222.0,179.0,214.0,221.0
1775194275000,2.0,2.0,2.0,2.0,3.0,512.0,495.0,538.0,496.0,78.86,80.28,80.65,81.09,31.17,31.14,31.24,31.24,189.0,212.0,177.0,215.0,223.0
1775194576000,2.0,2.0,2.0,2.0,3.0,472.0,498.0,503.0,537.0,78.05,80.17,79.91,81.36,31.28,31.24,31.35,31.34,196.0,216.0,179.0,217.0,242.0
1775194876000,2.0,3.0,2.0,2.0,3.0,494.0,456.0,505.0,470.0,78.47,80.62,80.55,80.69,31.38,31.34,31.43,31.44,200.0,225.0,180.0,215.0,257.0
1775195177000,2.0,3.0,2.0,2.0,3.0,466.0,486.0,535.0,488.0,78.47,80.06,80.34,80.49,31.5,31.45,31.53,31.55,203.0,225.0,182.0,216.0,248.0
1775195478000,2.0,2.0,2.0,2.0,3.0,487.0,451.0,495.0,492.0,77.25,79.26,79.32,79.1,31.59,31.55,31.64,31.64,197.0,218.0,181.0,210.0,245.0
1775195778000,2.0,3.0,2.0,2.0,3.0,506.0,501.0,509.0,501.0,77.37,80.05,79.8,79.45,31.68,31.66,31.75,31.76,209.0,223.0,185.0,227.0,242.0
1775196079000,2.0,3.0,2.0,3.0,3.0,515.0,449.0,532.0,518.0,77.64,80.06,79.93,80.0,31.78,31.76,31.84,31.86,204.0,228.0,191.0,229.0,259.0
1775196379000,2.0,3.0,2.0,3.0,3.0,497.0,471.0,492.0,526.0,77.72,79.85,79.5,79.79,31.88,31.84,31.92,31.92,216.0,227.0,184.0,234.0,259.0
1775196680000,2.0,3.0,2.0,2.0,3.0,477.0,507.0,514.0,526.0,77.95,79.92,79.77,79.1,31.96,31.93,32.0,31.99,210.0,233.0,195.0,223.0,260.0
1775196980000,2.0,3.0,2.0,2.0,3.0,482.0,534.0,504.0,506.0,76.75,78.98,78.21,77.69,32.03,31.99,32.06,32.06,207.0,235.0,186.0,216.0,243.0
1775197281000,2.0,3.0,2.0,2.0,2.0,472.0,482.0,479.0,504.0,75.38,78.23,76.92,76.34,32.08,32.05,32.11,32.11,211.0,225.0,182.0,211.0,225.0
1775197582000,2.0,3.0,2.0,2.0,3.0,457.0,474.0,492.0,463.0,75.57,78.04,77.66,77.14,32.13,32.1,32.18,32.18,222.0,239.0,184.0,207.0,226.0
1775197882000,2.0,3.0,2.0,2.0,3.0,479.0,476.0,478.0,470.0,74.93,78.02,77.31,77.08,32.17,32.15,32.22,32.23,216.0,236.0,189.0,220.0,231.0
1775198183000,2.0,3.0,2.0,2.0,3.0,462.0,457.0,461.0,471.0,74.6,76.87,76.78,76.3,32.22,32.2,32.27,32.28,217.0,236.0,187.0,211.0,229.0
1775198483000,2.0,3.0,2.0,2.0,3.0,460.0,460.0,482.0,473.0,74.45,76.56,75.87,75.94,32.25,32.23,32.32,32.32,209.0,232.0,181.0,216.0,237.0
1775198784000,2.0,3.0,2.0,2.0,3.0,477.0,478.0,536.0,456.0,73.6,76.21,76.09,75.43,32.31,32.28,32.39,32.38,202.0,236.0,196.0,219.0,244.0
1775199084000,2.0,3.0,2.0,2.0,3.0,468.0,436.0,508.0,506.0,74.7,76.03,75.84,75.29,32.34,32.32,32.44,32.45,211.0,231.0,188.0,209.0,238.0
1775199385000,2.0,3.0,2.0,3.0,3.0,480.0,493.0,498.0,501.0,75.13,76.11,76.23,75.72,32.39,32.39,32.47,32.49,215.0,235.0,184.0,221.0,249.0
1775199686000,2.0,3.0,2.0,2.0,3.0,517.0,448.0,499.0,483.0,74.48,75.66,75.78,75.35,32.45,32.44,32.52,32.53,221.0,242.0,189.0,226.0,247.0
1775199986000,2.0,3.0,2.0,3.0,3.0,443.0,515.0,479.0,517.0,74.38,76.21,75.59,75.3,32.48,32.49,32.56,32.57,216.0,243.0,191.0,227.0,244.0
1775200287000,2.0,3.0,2.0,3.0,3.0,472.0,458.0,477.0,487.0,75.23,76.69,75.96,75.63,32.53,32.54,32.61,32.62,227.0,241.0,187.0,235.0,249.0
1775200587000,2.0,3.0,2.0,2.0,3.0,472.0,493.0,480.0,514.0,74.89,76.15,75.39,75.54,32.59,32.58,32.67,32.67,216.0,242.0,191.0,221.0,244.0
1775200888000,2.0,3.0,2.0,3.0,3.0,482.0,481.0,467.0,512.0,74.49,75.94,75.04,75.03,32.62,32.61,32.69,32.7,220.0,241.0,190.0,225.0,246.0
1775201188000,3.0,3.0,2.0,2.0,3.0,451.0,453.0,458.0,504.0,74.56,76.33,75.53,75.29,32.67,32.67,32.74,32.75,231.0,251.0,196.0,230.0,255.0
1775201489000,3.0,3.0,2.0,3.0,3.0,471.0,445.0,467.0,526.0,74.9,76.43,76.07,76.22,32.73,32.71,32.8,32.81,230.0,258.0,203.0,230.0,271.0
1775201790000,3.0,3.0,2.0,2.0,3.0,481.0,429.0,512.0,496.0,74.8,76.15,75.76,75.9,32.77,32.75,32.86,32.85,234.0,250.0,193.0,230.0,264.0
1775202090000,3.0,3.0,2.0,3.0,3.0,430.0,452.0,499.0,478.0,74.55,75.79,75.19,75.27,32.79,32.78,32.89,32.87,234.0,250.0,192.0,233.0,262.0
1775202391000,3.0,3.0,2.0,3.0,3.0,478.0,435.0,502.0,511.0,74.5,75.91,75.67,76.41,32.81,32.8,32.92,32.9,235.0,261.0,193.0,235.0,273.0
1775202691000,3.0,3.0,2.0,3.0,3.0,443.0,476.0,468.0,469.0,74.46,75.67,75.01,75.4,32.81,32.8,32.92,32.92,234.0,244.0,197.0,230.0,280.0
1775202992000,3.0,3.0,2.0,3.0,3.0,428.0,442.0,512.0,552.0,74.42,76.0,75.3,76.58,32.79,32.77,32.91,32.91,243.0,250.0,199.0,237.0,281.0
1775203292000,3.0,3.0,2.0,3.0,3.0,476.0,448.0,478.0,498.0,74.22,75.6,75.12,76.41,32.76,32.74,32.9,32.91,232.0,246.0,193.0,238.0,278.0
1775203593000,3.0,3.0,2.0,3.0,3.0,470.0,472.0,462.0,482.0,74.04,75.38,74.55,75.04,32.7,32.68,32.84,32.86,235.0,242.0,190.0,236.0,259.0
1775203894000,2.0,3.0,2.0,2.0,3.0,470.0,486.0,487.0,491.0,73.78,74.97,74.25,74.66,32.64,32.61,32.77,32.79,220.0,234.0,184.0,219.0,240.0
1775204194000,2.0,3.0,2.0,2.0,3.0,458.0,461.0,460.0,511.0,73.78,75.2,74.28,74.35,32.56,32.52,32.69,32.71,216.0,233.0,184.0,221.0,237.0
1775204495000,2.0,3.0,2.0,2.0,3.0,471.0,458.0,483.0,518.0,74.06,75.49,75.44,75.3,32.46,32.43,32.6,32.64,208.0,233.0,181.0,218.0,243.0
1775204795000,2.0,3.0,2.0,2.0,3.0,447.0,467.0,493.0,509.0,74.2,75.51,75.2,75.44,32.35,32.34,32.51,32.54,203.0,221.0,174.0,219.0,247.0
1775205096000,2.0,3.0,2.0,2.0,3.0,471.0,460.0,466.0,498.0,74.44,75.64,75.1,74.79,32.25,32.25,32.41,32.45,218.0,222.0,172.0,213.0,228.0
1775205396000,2.0,3.0,2.0,2.0,2.0,471.0,469.0,451.0,492.0,74.68,75.79,75.1,75.0,32.16,32.14,32.29,32.34,213.0,231.0,172.0,208.0,227.0
1775205697000,2.0,2.0,2.0,2.0,3.0,441.0,458.0,469.0,461.0,74.89,76.12,75.39,75.34,32.04,32.04,32.18,32.22,219.0,219.0,177.0,208.0,226.0
1775205998000,2.0,2.0,2.0,2.0,2.0,448.0,494.0,484.0,502.0,75.18,76.22,75.83,76.19,31.91,31.89,32.04,32.1,204.0,215.0,170.0,200.0,222.0
1775206298000,2.0,2.0,2.0,2.0,3.0,466.0,451.0,506.0,457.0,75.28,76.61,76.17,75.92,31.77,31.75,31.92,31.98,189.0,210.0,161.0,189.0,229.0
1775206599000,2.0,2.0,2.0,2.0,2.0,455.0,469.0,469.0,473.0,75.7,77.0,76.26,75.94,31.61,31.6,31.78,31.82,203.0,205.0,162.0,188.0,221.0
1775206899000,2.0,2.0,2.0,2.0,2.0,485.0,493.0,535.0,508.0,76.12,77.25,76.72,76.66,31.45,31.43,31.63,31.69,177.0,192.0,164.0,191.0,213.0
1775207200000,2.0,2.0,2.0,2.0,2.0,474.0,448.0,481.0,477.0,76.65,77.68,76.8,76.7,31.28,31.27,31.48,31.56,184.0,198.0,149.0,179.0,205.0
1775207500000,2.0,2.0,2.0,2.0,2.0,433.0,457.0,470.0,497.0,76.74,77.94,76.98,77.02,31.1,31.09,31.32,31.39,181.0,183.0,152.0,179.0,206.0
1775207801000,2.0,2.0,2.0,2.0,2.0,455.0,455.0,477.0,476.0,76.97,78.04,77.02,76.83,30.92,30.91,31.16,31.23,169.0,186.0,151.0,182.0,202.0
1775208101000,2.0,2.0,2.0,2.0,2.0,454.0,485.0,452.0,516.0,77.39,78.44,77.38,77.51,30.74,30.72,30.99,31.07,162.0,175.0,143.0,169.0,193.0
1775208402000,2.0,2.0,2.0,2.0,2.0,477.0,465.0,494.0,551.0,77.91,78.84,77.78,77.6,30.57,30.54,30.82,30.91,161.0,175.0,136.0,168.0,201.0
1775208703000,2.0,2.0,2.0,2.0,2.0,440.0,488.0,484.0,504.0,78.06,79.16,78.06,77.68,30.41,30.37,30.64,30.73,169.0,165.0,137.0,167.0,191.0
1775209003000,2.0,2.0,2.0,2.0,2.0,473.0,493.0,505.0,521.0,78.6,79.91,78.94,78.36,30.23,30.21,30.49,30.57,157.0,168.0,137.0,162.0,193.0
1775209304000,2.0,2.0,2.0,2.0,2.0,472.0,493.0,456.0,498.0,79.15,80.29,79.29,78.99,30.09,30.07,30.31,30.42,150.0,167.0,129.0,164.0,189.0
1775209604000,2.0,2.0,2.0,2.0,2.0,490.0,484.0,493.0,502.0,79.67,80.58,80.08,79.62,29.94,29.94,30.18,30.28,154.0,165.0,136.0,159.0,187.0
1775209905000,2.0,2.0,2.0,2.0,2.0,450.0,516.0,548.0,528.0,80.11,81.38,80.71,80.26,29.84,29.81,30.05,30.13,149.0,165.0,131.0,162.0,187.0
1775210205000,2.0,2.0,2.0,2.0,2.0,482.0,512.0,501.0,542.0,80.52,81.88,81.01,80.9,29.72,29.7,29.9,30.01,145.0,164.0,130.0,160.0,190.0
1775210506000,2.0,2.0,2.0,2.0,2.0,490.0,521.0,513.0,543.0,80.93,82.37,81.83,81.46,29.62,29.6,29.77,29.88,149.0,158.0,127.0,155.0,182.0
1775210807000,2.0,2.0,2.0,2.0,2.0,483.0,502.0,522.0,532.0,81.33,82.74,82.32,81.94,29.51,29.49,29.66,29.75,146.0,160.0,123.0,154.0,173.0
1775211107000,2.0,2.0,2.0,2.0,2.0,466.0,509.0,497.0,522.0,81.7,82.85,82.39,81.89,29.42,29.37,29.55,29.62,145.0,157.0,124.0,154.0,166.0
1775211408000,2.0,2.0,2.0,2.0,2.0,523.0,515.0,524.0,515.0,82.02,83.15,82.58,82.66,29.32,29.29,29.43,29.51,144.0,153.0,123.0,147.0,176.0
1775211708000,2.0,2.0,2.0,2.0,2.0,534.0,500.0,522.0,540.0,82.4,83.57,83.09,82.94,29.24,29.18,29.3,29.39,143.0,149.0,121.0,148.0,172.0
1775212009000,2.0,2.0,2.0,2.0,2.0,541.0,515.0,554.0,537.0,82.61,83.96,83.77,83.48,29.14,29.09,29.18,29.27,141.0,148.0,113.0,146.0,170.0
1775212309000,2.0,2.0,2.0,2.0,2.0,487.0,501.0,550.0,530.0,82.77,84.1,83.95,83.71,29.06,28.98,29.06,29.15,138.0,145.0,113.0,146.0,170.0
1775212610000,2.0,2.0,2.0,2.0,2.0,524.0,551.0,555.0,572.0,83.36,84.79,84.54,84.06,28.95,28.89,28.94,29.04,130.0,140.0,113.0,142.0,169.0
1775212910000,2.0,2.0,2.0,2.0,2.0,488.0,537.0,546.0,561.0,83.36,84.79,84.51,84.08,28.84,28.77,28.82,28.92,131.0,140.0,111.0,141.0,167.0
1775213211000,2.0,2.0,2.0,2.0,2.0,522.0,524.0,515.0,554.0,83.4,85.1,85.0,84.58,28.74,28.66,28.69,28.79,127.0,135.0,108.0,136.0,163.0
1775213512000,2.0,2.0,2.0,2.0,2.0,517.0,540.0,542.0,554.0,84.04,85.63,85.39,84.96,28.62,28.52,28.56,28.66,127.0,131.0,105.0,138.0,155.0
1775213812000,2.0,2.0,2.0,2.0,2.0,540.0,523.0,543.0,569.0,84.63,86.0,85.57,85.36,28.51,28.42,28.45,28.53,124.0,130.0,110.0,137.0,151.0
1775214113000,2.0,2.0,2.0,2.0,2.0,520.0,542.0,527.0,563.0,84.89,86.12,85.76,85.44,28.4,28.29,28.32,28.41,126.0,133.0,101.0,133.0,150.0
1775214413000,2.0,2.0,2.0,2.0,2.0,530.0,522.0,551.0,556.0,85.21,85.97,85.88,85.58,28.3,28.17,28.21,28.3,122.0,124.0,101.0,130.0,136.0
1775214714000,2.0,2.0,2.0,2.0,2.0,542.0,525.0,563.0,527.0,85.25,86.51,86.87,86.0,28.18,28.07,28.1,28.17,121.0,116.0,97.0,127.0,134.0
1775215015000,2.0,2.0,2.0,2.0,2.0,534.0,544.0,544.0,583.0,85.49,87.05,87.05,86.49,28.1,27.98,27.98,28.06,116.0,118.0,98.0,117.0,141.0
1775215315000,2.0,2.0,2.0,2.0,2.0,537.0,560.0,538.0,527.0,85.87,87.34,87.24,86.7,27.99,27.87,27.86,27.95,108.0,117.0,93.0,118.0,147.0
1775215616000,2.0,2.0,2.0,2.0,2.0,576.0,565.0,532.0,570.0,86.52,87.96,87.75,87.22,27.89,27.77,27.77,27.84,108.0,118.0,90.0,114.0,132.0
1775215916000,2.0,2.0,2.0,2.0,2.0,540.0,538.0,586.0,572.0,86.71,88.12,88.39,87.71,27.8,27.67,27.66,27.73,108.0,112.0,94.0,114.0,143.0
1775216217000,2.0,2.0,2.0,2.0,2.0,542.0,544.0,547.0,542.0,86.84,88.39,88.86,87.93,27.7,27.56,27.55,27.65,108.0,114.0,88.0,114.0,131.0
1775216517000,2.0,2.0,2.0,2.0,2.0,564.0,598.0,576.0,602.0,87.54,89.12,89.54,88.25,27.63,27.48,27.45,27.54,98.0,105.0,90.0,116.0,124.0
1775216818000,2.0,2.0,2.0,2.0,2.0,572.0,558.0,575.0,592.0,87.92,89.14,89.65,88.53,27.51,27.38,27.36,27.43,103.0,112.0,100.0,107.0,147.0
1775217119000,2.0,2.0,2.0,2.0,2.0,549.0,573.0,558.0,530.0,88.2,89.59,89.85,88.74,27.43,27.29,27.26,27.32,107.0,107.0,94.0,115.0,145.0
1775217419000,2.0,2.0,2.0,2.0,2.0,529.0,548.0,545.0,604.0,87.9,89.59,90.03,89.36,27.35,27.2,27.17,27.25,103.0,100.0,94.0,109.0,132.0
1775217720000,2.0,2.0,2.0,2.0,2.0,565.0,543.0,573.0,591.0,88.15,89.67,90.4,89.39,27.27,27.1,27.08,27.16,100.0,98.0,91.0,107.0,116.0
1775218020000,2.0,2.0,2.0,2.0,2.0,515.0,559.0,591.0,532.0,88.35,90.05,90.25,89.46,27.2,27.04,26.99,27.07,89.0,97.0,92.0,107.0,111.0
1775218321000,2.0,2.0,2.0,2.0,2.0,538.0,527.0,569.0,581.0,88.33,89.9,90.23,90.09,27.12,26.95,26.91,26.99,89.0,97.0,82.0,98.0,105.0
1775218621000,2.0,2.0,2.0,2.0,2.0,526.0,543.0,555.0,551.0,88.2,89.89,90.21,89.78,27.05,26.87,26.83,26.91,87.0,91.0,76.0,98.0,100.0
1775218922000,2.0,2.0,2.0,2.0,2.0,517.0,547.0,525.0,543.0,88.22,90.12,90.42,90.55,26.96,26.81,26.76,26.84,83.0,92.0,79.0,92.0,95.0
1775219223000,2.0,2.0,2.0,2.0,2.0,550.0,559.0,546.0,581.0,89.3,90.82,90.75,90.9,26.9,26.73,26.69,26.76,88.0,86.0,75.0,88.0,96.0
1775219523000,2.0,2.0,2.0,2.0,2.0,543.0,535.0,571.0,561.0,89.57,90.97,91.37,90.58,26.84,26.66,26.61,26.69,84.0,87.0,71.0,97.0,92.0
1775219824000,2.0,2.0,2.0,2.0,2.0,536.0,560.0,573.0,598.0,89.79,91.18,91.82,91.17,26.78,26.6,26.55,26.64,85.0,89.0,74.0,92.0,100.0
1775220124000,2.0,2.0,2.0,2.0,2.0,527.0,553.0,592.0,605.0,89.93,90.93,92.09,91.62,26.71,26.54,26.48,26.56,86.0,86.0,80.0,95.0,96.0
1775220425000,2.0,2.0,2.0,2.0,2.0,554.0,552.0,570.0,571.0,90.55,91.65,92.2,91.44,26.65,26.47,26.41,26.5,83.0,83.0,80.0,98.0,98.0
1775220725000,2.0,2.0,2.0,2.0,2.0,566.0,559.0,595.0,564.0,90.84,91.76,92.46,91.67,26.58,26.4,26.36,26.44,84.0,79.0,79.0,94.0,105.0
1775221026000,2.0,2.0,2.0,2.0,2.0,574.0,567.0,555.0,572.0,90.85,92.35,92.53,91.9,26.51,26.34,26.28,26.37,91.0,71.0,74.0,89.0,100.0
1775221326000,2.0,2.0,2.0,2.0,2.0,555.0,580.0,567.0,604.0,91.18,92.46,92.47,92.06,26.44,26.27,26.24,26.31,81.0,79.0,73.0,88.0,107.0
1775221627000,2.0,2.0,2.0,2.0,2.0,564.0,594.0,603.0,610.0,91.41,92.77,92.81,92.31,26.39,26.22,26.19,26.26,85.0,87.0,75.0,77.0,100.0
1775221928000,2.0,2.0,1.0,2.0,2.0,568.0,582.0,576.0,582.0,91.39,92.87,93.15,92.62,26.35,26.16,26.15,26.21,84.0,79.0,67.0,85.0,90.0
1775222228000,2.0,2.0,1.0,2.0,2.0,546.0,597.0,571.0,617.0,91.41,92.83,93.46,92.93,26.29,26.12,26.09,26.16,78.0,76.0,69.0,82.0,88.0
1775222529000,2.0,2.0,2.0,2.0,2.0,572.0,586.0,626.0,582.0,91.63,93.39,93.73,93.17,26.24,26.05,26.04,26.12,82.0,76.0,74.0,85.0,91.0
1775222829000,2.0,2.0,2.0,2.0,2.0,557.0,564.0,594.0,611.0,91.44,93.16,93.87,93.34,26.19,26.01,26.0,26.06,78.0,79.0,78.0,86.0,95.0
1775223130000,2.0,2.0,2.0,2.0,2.0,607.0,567.0,609.0,585.0,91.83,93.9,94.02,93.44,26.13,25.97,25.94,26.0,71.0,73.0,75.0,83.0,91.0
1775223430000,1.0,2.0,2.0,2.0,2.0,558.0,547.0,614.0,588.0,92.23,93.72,94.24,93.66,26.09,25.9,25.89,25.95,66.0,72.0,77.0,86.0,104.0
1775223731000,2.0,1.0,2.0,2.0,2.0,584.0,612.0,651.0,608.0,92.42,94.22,94.59,93.82,26.06,25.86,25.85,25.91,70.0,71.0,75.0,78.0,95.0
1775224032000,1.0,2.0,2.0,2.0,2.0,565.0,559.0,583.0,591.0,92.4,93.92,94.47,93.94,26.01,25.82,25.79,25.85,68.0,77.0,76.0,78.0,89.0
1775224332000,2.0,2.0,2.0,2.0,2.0,586.0,613.0,585.0,621.0,92.58,94.12,94.7,94.17,25.97,25.76,25.76,25.81,69.0,70.0,72.0,78.0,86.0
1775224633000,2.0,1.0,2.0,2.0,2.0,569.0,592.0,649.0,606.0,92.95,94.66,94.88,94.31,25.92,25.73,25.71,25.76,71.0,65.0,69.0,80.0,88.0
1775224933000,1.0,1.0,2.0,2.0,2.0,566.0,601.0,611.0,629.0,93.13,94.93,95.1,94.37,25.88,25.67,25.66,25.72,68.0,65.0,70.0,80.0,90.0
1775225234000,2.0,2.0,2.0,2.0,2.0,625.0,621.0,660.0,607.0,93.24,95.0,95.13,94.4,25.83,25.63,25.64,25.67,73.0,74.0,73.0,79.0,92.0
1775225534000,1.0,1.0,2.0,2.0,2.0,608.0,629.0,635.0,615.0,93.61,95.04,95.12,94.46,25.8,25.57,25.58,25.63,70.0,68.0,69.0,70.0,86.0
1775225835000,1.0,1.0,2.0,2.0,2.0,575.0,573.0,646.0,598.0,93.7,95.16,95.3,94.71,25.76,25.54,25.54,25.59,71.0,63.0,67.0,73.0,90.0
1775226136000,2.0,2.0,1.0,2.0,2.0,624.0,624.0,643.0,660.0,93.85,95.28,95.36,94.89,25.73,25.51,25.5,25.56,73.0,71.0,67.0,68.0,101.0
1775226436000,2.0,2.0,2.0,2.0,2.0,614.0,586.0,613.0,607.0,94.03,95.42,95.53,95.13,25.67,25.47,25.48,25.51,69.0,68.0,66.0,73.0,105.0
1775226737000,1.0,1.0,2.0,2.0,2.0,640.0,629.0,644.0,611.0,94.1,95.46,95.51,95.15,25.66,25.43,25.43,25.49,63.0,67.0,69.0,79.0,103.0
1775227037000,2.0,2.0,2.0,2.0,2.0,635.0,608.0,623.0,647.0,94.17,95.49,95.62,95.25,25.64,25.4,25.4,25.46,68.0,68.0,68.0,79.0,96.0
1775227338000,1.0,1.0,1.0,2.0,2.0,615.0,650.0,662.0,646.0,94.29,95.57,95.67,95.31,25.59,25.37,25.37,25.42,66.0,64.0,66.0,74.0,86.0
1775227638000,1.0,1.0,1.0,2.0,2.0,627.0,653.0,659.0,658.0,94.41,95.66,95.81,95.41,25.56,25.34,25.35,25.41,60.0,61.0,64.0,69.0,89.0
1775227939000,1.0,1.0,1.0,1.0,2.0,635.0,636.0,651.0,624.0,94.52,95.67,95.86,95.66,25.53,25.33,25.32,25.36,60.0,55.0,65.0,67.0,79.0
1775228239000,1.0,1.0,1.0,1.0,2.0,630.0,638.0,627.0,620.0,94.56,95.8,96.01,95.74,25.51,25.3,25.29,25.34,66.0,56.0,56.0,66.0,81.0
1775228540000,1.0,1.0,1.0,1.0,2.0,626.0,638.0,684.0,681.0,94.57,95.78,96.16,95.83,25.49,25.28,25.26,25.32,61.0,50.0,64.0,67.0,81.0
1775228841000,1.0,1.0,1.0,1.0,2.0,651.0,692.0,640.0,651.0,94.65,95.86,96.26,95.95,25.47,25.26,25.25,25.3,64.0,54.0,59.0,65.0,73.0
1775229141000,1.0,1.0,1.0,1.0,2.0,621.0,612.0,635.0,635.0,94.63,95.86,95.98,95.88,25.44,25.24,25.21,25.28,58.0,54.0,57.0,62.0,72.0
1775229442000,1.0,1.0,1.0,1.0,2.0,637.0,621.0,623.0,635.0,94.58,95.81,96.22,95.91,25.4,25.2,25.18,25.24,58.0,50.0,53.0,61.0,70.0
1775229742000,1.0,1.0,1.0,1.0,2.0,646.0,634.0,638.0,630.0,94.6,95.75,96.21,95.85,25.39,25.17,25.16,25.21,55.0,45.0,52.0,59.0,71.0
1775230043000,1.0,1.0,1.0,1.0,2.0,607.0,636.0,622.0,623.0,94.63,95.9,96.3,96.04,25.36,25.15,25.13,25.17,54.0,44.0,47.0,51.0,69.0
1775230343000,1.0,1.0,1.0,1.0,2.0,595.0,641.0,589.0,657.0,94.75,96.13,96.3,96.14,25.33,25.12,25.1,25.16,52.0,46.0,46.0,57.0,73.0
1775230644000,1.0,1.0,1.0,1.0,2.0,634.0,645.0,661.0,626.0,94.81,96.11,96.45,96.15,25.3,25.1,25.07,25.13,44.0,45.0,51.0,58.0,69.0
1775230945000,1.0,1.0,1.0,1.0,1.0,634.0,620.0,662.0,656.0,94.89,96.4,96.72,96.33,25.29,25.08,25.06,25.1,49.0,45.0,47.0,57.0,61.0
1775231245000,1.0,1.0,1.0,1.0,1.0,593.0,602.0,705.0,634.0,94.98,96.21,96.65,96.29,25.24,25.04,25.03,25.07,53.0,50.0,52.0,54.0,61.0
1775231546000,1.0,1.0,1.0,1.0,2.0,648.0,646.0,679.0,691.0,95.15,96.31,96.74,96.34,25.23,25.03,25.01,25.05,51.0,51.0,52.0,53.0,67.0
1775231846000,1.0,1.0,1.0,1.0,2.0,662.0,623.0,644.0,658.0,95.32,96.37,96.88,96.27,25.22,25.0,24.99,25.03,50.0,45.0,51.0,56.0,71.0
1775232147000,1.0,1.0,1.0,1.0,1.0,640.0,629.0,631.0,667.0,95.37,96.55,96.9,96.49,25.2,24.98,24.97,25.03,49.0,43.0,45.0,53.0,65.0
1775232447000,1.0,1.0,1.0,1.0,2.0,631.0,658.0,625.0,620.0,95.49,96.57,97.14,96.74,25.19,24.98,24.97,25.01,54.0,42.0,51.0,50.0,73.0
1775232748000,1.0,1.0,1.0,1.0,2.0,640.0,671.0,644.0,674.0,95.56,96.92,97.11,96.79,25.19,24.99,24.95,25.01,50.0,47.0,49.0,51.0,68.0
1775233049000,1.0,1.0,1.0,1.0,1.0,632.0,664.0,726.0,675.0,95.64,96.87,97.24,96.91,25.19,24.99,24.97,25.04,51.0,45.0,48.0,51.0,70.0
1775233349000,1.0,1.0,1.0,1.0,1.0,593.0,666.0,661.0,673.0,95.57,96.82,97.14,96.82,25.19,25.0,24.97,25.03,45.0,55.0,51.0,51.0,71.0
1775233650000,1.0,1.0,1.0,1.0,2.0,638.0,601.0,663.0,670.0,95.69,96.78,97.06,96.71,25.19,25.0,24.99,25.04,49.0,47.0,47.0,52.0,67.0
1775233950000,1.0,1.0,1.0,1.0,1.0,626.0,660.0,683.0,680.0,95.69,96.77,97.06,96.75,25.21,25.02,24.99,25.06,44.0,41.0,45.0,51.0,61.0
1775234251000,1.0,1.0,1.0,1.0,1.0,620.0,636.0,641.0,654.0,95.65,96.68,96.97,96.62,25.21,25.01,25.01,25.07,47.0,41.0,45.0,51.0,62.0
1775234551000,1.0,1.0,1.0,1.0,1.0,584.0,591.0,651.0,678.0,95.54,96.61,96.98,96.66,25.23,25.03,25.02,25.09,40.0,41.0,43.0,49.0,64.0
1775234852000,1.0,1.0,1.0,1.0,1.0,596.0,631.0,654.0,657.0,95.55,96.62,96.86,96.54,25.23,25.04,25.03,25.1,45.0,41.0,48.0,49.0,59.0
1775235153000,1.0,1.0,1.0,1.0,1.0,574.0,579.0,629.0,635.0,95.49,96.54,96.71,96.44,25.25,25.06,25.04,25.11,35.0,37.0,46.0,46.0,52.0
1775235453000,1.0,1.0,1.0,1.0,1.0,577.0,603.0,658.0,618.0,95.39,96.55,96.97,96.25,25.24,25.06,25.06,25.12,41.0,36.0,43.0,49.0,58.0
1775235754000,1.0,1.0,1.0,1.0,1.0,584.0,616.0,634.0,639.0,95.45,96.5,97.04,96.42,25.25,25.08,25.07,25.13,36.0,34.0,49.0,43.0,57.0
1775236054000,1.0,1.0,1.0,1.0,1.0,584.0,589.0,626.0,563.0,95.42,96.47,96.79,96.28,25.27,25.09,25.08,25.14,33.0,37.0,50.0,45.0,58.0
1775236355000,1.0,1.0,1.0,1.0,1.0,548.0,602.0,584.0,603.0,95.4,96.42,96.57,96.11,25.28,25.09,25.09,25.16,36.0,34.0,42.0,43.0,59.0
1775236655000,1.0,1.0,1.0,1.0,1.0,564.0,570.0,618.0,637.0,95.38,96.39,96.75,96.31,25.27,25.1,25.1,25.15,31.0,32.0,40.0,41.0,54.0
1775236956000,1.0,1.0,1.0,1.0,1.0,546.0,563.0,633.0,631.0,95.36,96.45,96.93,96.43,25.28,25.11,25.11,25.16,34.0,39.0,39.0,41.0,56.0
1775237257000,1.0,1.0,1.0,1.0,1.0,606.0,597.0,580.0,608.0,95.38,96.45,96.75,96.43,25.29,25.1,25.1,25.15,32.0,39.0,42.0,49.0,49.0
1775237557000,1.0,1.0,1.0,1.0,1.0,584.0,615.0,611.0,620.0,95.39,96.7,97.04,96.65,25.3,25.1,25.11,25.16,33.0,39.0,45.0,46.0,52.0
1775237858000,1.0,1.0,1.0,1.0,1.0,579.0,602.0,626.0,620.0,95.5,96.71,96.99,96.46,25.29,25.1,25.12,25.17,32.0,36.0,46.0,53.0,60.0
1775238158000,1.0,1.0,1.0,1.0,1.0,589.0,605.0,614.0,616.0,95.48,96.68,96.87,96.44,25.3,25.12,25.12,25.17,32.0,42.0,50.0,51.0,67.0
1775238459000,1.0,1.0,1.0,1.0,1.0,560.0,586.0,593.0,609.0,95.44,96.53,96.84,96.41,25.29,25.11,25.12,25.17,39.0,38.0,48.0,50.0,56.0
1775238759000,1.0,1.0,1.0,1.0,1.0,590.0,591.0,612.0,597.0,95.46,96.59,96.87,96.37,25.3,25.12,25.13,25.18,35.0,40.0,46.0,47.0,53.0
1775239060000,1.0,1.0,1.0,1.0,1.0,563.0,566.0,586.0,607.0,95.43,96.54,96.61,96.1,25.31,25.11,25.12,25.18,33.0,38.0,45.0,41.0,53.0
1775239361000,1.0,1.0,1.0,1.0,1.0,555.0,591.0,566.0,584.0,95.4,96.41,96.49,96.13,25.3,25.12,25.12,25.17,37.0,36.0,41.0,38.0,57.0
1775239661000,1.0,1.0,1.0,1.0,1.0,566.0,565.0,579.0,578.0,95.34,96.37,96.4,96.32,25.3,25.12,25.11,25.17,37.0,38.0,35.0,40.0,51.0
1775239962000,1.0,1.0,1.0,1.0,1.0,533.0,558.0,564.0,543.0,95.26,96.24,96.23,95.96,25.3,25.11,25.12,25.18,34.0,31.0,36.0,43.0,50.0
1775240262000,1.0,1.0,1.0,1.0,1.0,550.0,596.0,574.0,575.0,95.28,96.26,96.28,95.9,25.29,25.1,25.12,25.16,29.0,34.0,36.0,38.0,46.0
1775240563000,1.0,1.0,1.0,1.0,1.0,556.0,558.0,563.0,557.0,95.17,96.21,96.16,95.8,25.28,25.09,25.11,25.16,35.0,37.0,35.0,38.0,47.0
1775240863000,1.0,1.0,1.0,1.0,1.0,564.0,553.0,550.0,561.0,95.1,96.1,96.13,95.91,25.27,25.09,25.1,25.15,33.0,40.0,38.0,38.0,44.0
1775241164000,1.0,1.0,1.0,1.0,1.0,540.0,553.0,550.0,555.0,95.07,96.09,96.08,95.82,25.27,25.09,25.1,25.15,38.0,40.0,36.0,40.0,45.0
1775241465000,1.0,1.0,1.0,1.0,1.0,571.0,526.0,561.0,605.0,95.12,96.12,96.2,96.21,25.27,25.08,25.08,25.14,37.0,34.0,38.0,36.0,46.0
1775241765000,1.0,1.0,1.0,1.0,1.0,543.0,558.0,581.0,556.0,95.03,96.02,95.98,95.83,25.26,25.06,25.08,25.12,33.0,41.0,35.0,36.0,43.0
1775242066000,1.0,1.0,1.0,1.0,1.0,559.0,581.0,532.0,576.0,95.05,96.06,96.03,96.01,25.24,25.04,25.07,25.12,31.0,39.0,34.0,40.0,42.0
1775242366000,1.0,1.0,1.0,1.0,1.0,544.0,562.0,555.0,564.0,95.04,96.07,96.05,95.8,25.23,25.04,25.05,25.12,36.0,35.0,35.0,45.0,42.0
1775242667000,1.0,1.0,1.0,1.0,1.0,543.0,569.0,547.0,548.0,94.94,96.06,95.89,95.61,25.21,25.03,25.03,25.09,35.0,35.0,36.0,39.0,41.0
1775242967000,1.0,1.0,1.0,1.0,1.0,515.0,544.0,532.0,559.0,94.89,96.05,95.91,95.76,25.21,25.02,25.02,25.09,35.0,34.0,37.0,39.0,45.0
1775243268000,1.0,1.0,1.0,1.0,1.0,528.0,509.0,504.0,514.0,94.94,95.99,95.91,95.7,25.2,25.0,25.0,25.08,37.0,34.0,31.0,38.0,48.0
1775243569000,1.0,1.0,1.0,1.0,1.0,499.0,552.0,545.0,531.0,94.83,95.9,95.83,95.48,25.18,24.99,24.98,25.06,33.0,36.0,34.0,41.0,48.0
1775243869000,1.0,1.0,1.0,1.0,1.0,510.0,541.0,513.0,528.0,94.81,95.88,95.8,95.41,25.17,24.98,24.98,25.05,34.0,36.0,33.0,38.0,41.0
1775244170000,1.0,1.0,1.0,1.0,1.0,546.0,518.0,568.0,558.0,94.88,95.93,95.92,95.49,25.15,24.97,24.96,25.03,35.0,40.0,33.0,36.0,38.0
1775244470000,1.0,1.0,1.0,1.0,1.0,521.0,562.0,536.0,531.0,94.9,95.98,95.91,95.56,25.15,24.95,24.95,25.02,32.0,39.0,36.0,37.0,42.0
1775244771000,1.0,1.0,1.0,1.0,1.0,559.0,518.0,567.0,550.0,94.95,96.04,95.98,95.61,25.14,24.94,24.94,25.01,37.0,35.0,38.0,33.0,41.0
1775245071000,1.0,1.0,1.0,1.0,1.0,564.0,511.0,528.0,550.0,94.96,96.02,96.1,95.9,25.13,24.93,24.93,25.0,35.0,37.0,34.0,36.0,43.0
1775245372000,1.0,1.0,1.0,1.0,1.0,541.0,529.0,528.0,561.0,95.0,96.11,96.11,96.03,25.12,24.91,24.91,24.98,31.0,39.0,39.0,37.0,44.0
1775245673000,1.0,1.0,1.0,1.0,1.0,551.0,539.0,507.0,566.0,95.06,96.09,96.05,95.8,25.12,24.91,24.92,24.98,34.0,36.0,37.0,44.0,46.0
1775245973000,1.0,1.0,1.0,1.0,1.0,496.0,535.0,541.0,551.0,95.03,96.12,96.04,95.66,25.09,24.91,24.91,24.97,29.0,35.0,37.0,48.0,47.0
1775246274000,1.0,1.0,1.0,1.0,1.0,506.0,545.0,555.0,557.0,95.0,96.1,95.96,95.87,25.09,24.9,24.9,24.96,33.0,34.0,37.0,39.0,43.0
1775246574000,1.0,1.0,1.0,1.0,1.0,561.0,533.0,535.0,526.0,94.96,96.13,96.0,95.64,25.07,24.89,24.88,24.94,34.0,38.0,36.0,37.0,46.0
1775246875000,1.0,1.0,1.0,1.0,1.0,523.0,505.0,566.0,557.0,94.99,96.07,96.04,95.54,25.06,24.88,24.86,24.93,37.0,35.0,32.0,31.0,44.0
1775247175000,1.0,1.0,1.0,1.0,1.0,544.0,536.0,513.0,540.0,95.01,96.12,95.98,95.65,25.06,24.86,24.86,24.93,40.0,36.0,36.0,35.0,40.0
1775247476000,1.0,1.0,1.0,1.0,1.0,540.0,530.0,545.0,545.0,95.03,96.16,96.12,95.78,25.05,24.86,24.85,24.93,35.0,33.0,35.0,37.0,44.0
1775247777000,1.0,1.0,1.0,1.0,1.0,551.0,558.0,545.0,536.0,95.12,96.19,96.29,95.86,25.03,24.84,24.85,24.92,33.0,41.0,34.0,35.0,41.0
1775248077000,1.0,1.0,1.0,1.0,1.0,535.0,568.0,570.0,575.0,95.28,96.34,96.33,96.11,25.03,24.84,24.83,24.91,34.0,38.0,37.0,37.0,46.0
1775248378000,1.0,1.0,1.0,1.0,1.0,524.0,524.0,539.0,549.0,95.31,96.37,96.3,95.97,25.03,24.83,24.83,24.89,37.0,40.0,34.0,38.0,44.0
1775248678000,1.0,1.0,1.0,1.0,1.0,539.0,531.0,541.0,527.0,95.33,96.37,96.28,95.86,25.02,24.83,24.84,24.89,38.0,39.0,34.0,37.0,52.0
1775248979000,1.0,1.0,1.0,1.0,1.0,528.0,535.0,539.0,538.0,95.35,96.32,96.28,95.83,25.01,24.82,24.83,24.89,35.0,41.0,33.0,41.0,50.0
1775249279000,1.0,1.0,1.0,1.0,1.0,520.0,534.0,561.0,550.0,95.31,96.31,96.3,95.91,25.0,24.81,24.82,24.88,37.0,44.0,38.0,37.0,46.0
1775249580000,1.0,1.0,1.0,1.0,1.0,502.0,526.0,507.0,574.0,95.35,96.39,96.29,95.94,25.0,24.82,24.8,24.88,40.0,38.0,40.0,37.0,41.0
1775249880000,1.0,1.0,1.0,1.0,1.0,542.0,547.0,525.0,557.0,95.39,96.41,96.29,95.9,24.98,24.8,24.8,24.87,37.0,38.0,36.0,38.0,40.0
1775250181000,1.0,1.0,1.0,1.0,1.0,531.0,522.0,519.0,557.0,95.39,96.38,96.25,95.93,24.98,24.79,24.78,24.88,42.0,43.0,31.0,37.0,38.0
1775250482000,1.0,1.0,1.0,1.0,1.0,536.0,523.0,527.0,549.0,95.34,96.36,96.32,95.9,24.97,24.78,24.8,24.87,40.0,44.0,42.0,35.0,42.0
1775250782000,1.0,1.0,1.0,1.0,1.0,524.0,518.0,570.0,555.0,95.39,96.46,96.41,96.06,24.96,24.76,24.78,24.85,41.0,42.0,39.0,39.0,40.0
1775251083000,1.0,1.0,1.0,1.0,1.0,515.0,548.0,499.0,556.0,95.47,96.47,96.45,95.95,24.96,24.77,24.77,24.84,44.0,40.0,39.0,40.0,36.0
1775251383000,1.0,1.0,1.0,1.0,1.0,534.0,496.0,552.0,519.0,95.44,96.47,96.42,95.91,24.93,24.76,24.77,24.84,45.0,40.0,37.0,41.0,46.0
1775251684000,1.0,1.0,1.0,1.0,1.0,566.0,526.0,531.0,515.0,95.47,96.5,96.37,95.9,24.93,24.75,24.75,24.84,39.0,45.0,39.0,36.0,43.0
1775251984000,1.0,1.0,1.0,1.0,1.0,529.0,537.0,562.0,487.0,95.52,96.57,96.48,95.94,24.92,24.75,24.75,24.82,43.0,40.0,34.0,35.0,36.0
1775252285000,1.0,1.0,1.0,1.0,1.0,520.0,554.0,509.0,502.0,95.55,96.6,96.45,95.95,24.9,24.73,24.73,24.81,45.0,49.0,42.0,35.0,35.0
1775252586000,1.0,1.0,1.0,1.0,1.0,537.0,514.0,518.0,529.0,95.62,96.65,96.5,95.99,24.91,24.73,24.72,24.79,41.0,43.0,35.0,34.0,35.0
1775252886000,1.0,1.0,1.0,1.0,1.0,538.0,539.0,530.0,554.0,95.69,96.66,96.58,96.12,24.9,24.7,24.72,24.78,37.0,42.0,34.0,35.0,34.0
1775253187000,1.0,1.0,1.0,1.0,1.0,531.0,553.0,525.0,537.0,95.74,96.77,96.7,96.2,24.87,24.71,24.69,24.78,40.0,42.0,36.0,32.0,37.0
1775253487000,1.0,1.0,1.0,1.0,1.0,486.0,516.0,554.0,552.0,95.8,96.83,96.79,96.28,24.88,24.69,24.69,24.76,37.0,40.0,31.0,31.0,41.0
1775253788000,1.0,1.0,1.0,1.0,1.0,529.0,538.0,522.0,560.0,95.89,96.89,96.8,96.32,24.86,24.67,24.68,24.75,39.0,38.0,35.0,33.0,41.0
1775254089000,1.0,1.0,1.0,1.0,1.0,521.0,534.0,551.0,543.0,95.93,96.92,96.88,96.45,24.85,24.69,24.67,24.74,41.0,42.0,36.0,35.0,43.0
1775254389000,1.0,1.0,1.0,1.0,1.0,543.0,553.0,517.0,568.0,96.02,96.99,96.99,96.6,24.85,24.66,24.66,24.74,37.0,42.0,35.0,36.0,43.0
1775254690000,1.0,1.0,1.0,1.0,1.0,582.0,505.0,547.0,556.0,96.08,97.06,97.0,96.74,24.84,24.66,24.66,24.75,40.0,40.0,34.0,40.0,42.0
1775254990000,1.0,1.0,1.0,1.0,1.0,567.0,536.0,562.0,578.0,96.22,97.12,97.08,96.86,24.83,24.65,24.66,24.73,42.0,36.0,38.0,40.0,49.0
1775255291000,1.0,1.0,1.0,1.0,1.0,550.0,517.0,552.0,536.0,96.27,97.15,97.12,96.78,24.83,24.66,24.65,24.74,39.0,39.0,37.0,49.0,46.0
1775255591000,1.0,1.0,1.0,1.0,1.0,550.0,536.0,557.0,574.0,96.29,97.24,97.25,96.95,24.83,24.66,24.65,24.73,37.0,40.0,36.0,46.0,45.0
1775255892000,1.0,1.0,1.0,1.0,1.0,540.0,559.0,575.0,562.0,96.33,97.25,97.32,96.87,24.82,24.65,24.65,24.73,39.0,44.0,37.0,52.0,47.0
1775256192000,1.0,1.0,1.0,1.0,1.0,531.0,519.0,544.0,560.0,96.35,97.34,97.25,96.8,24.81,24.65,24.65,24.72,35.0,37.0,33.0,47.0,48.0
1775256493000,1.0,1.0,1.0,1.0,1.0,539.0,565.0,521.0,530.0,96.27,97.31,97.21,96.71,24.82,24.65,24.64,24.72,37.0,41.0,35.0,43.0,45.0
1775256794000,1.0,1.0,1.0,1.0,1.0,510.0,545.0,533.0,578.0,96.17,97.17,97.11,96.59,24.82,24.65,24.63,24.72,40.0,39.0,35.0,36.0,38.0
1775257094000,1.0,1.0,1.0,1.0,1.0,504.0,557.0,560.0,535.0,96.15,97.1,97.04,96.55,24.81,24.64,24.63,24.71,41.0,37.0,38.0,33.0,40.0
1775257395000,1.0,1.0,1.0,1.0,1.0,529.0,545.0,539.0,529.0,96.21,97.11,97.02,96.67,24.81,24.63,24.62,24.71,36.0,39.0,30.0,27.0,31.0
1775257695000,1.0,1.0,1.0,1.0,1.0,487.0,533.0,550.0,511.0,96.07,97.05,97.04,96.5,24.8,24.64,24.62,24.69,31.0,39.0,29.0,35.0,33.0
1775257996000,1.0,1.0,1.0,1.0,1.0,510.0,554.0,526.0,537.0,96.01,97.03,96.98,96.46,24.79,24.61,24.61,24.68,32.0,39.0,34.0,31.0,32.0
1775258296000,1.0,1.0,1.0,1.0,1.0,505.0,520.0,486.0,511.0,95.99,97.04,96.94,96.41,24.79,24.62,24.59,24.67,39.0,36.0,29.0,36.0,33.0
1775258597000,1.0,1.0,1.0,1.0,1.0,532.0,538.0,529.0,523.0,95.99,97.01,96.99,96.37,24.79,24.61,24.58,24.67,38.0,38.0,32.0,35.0,35.0
1775258898000,1.0,1.0,1.0,1.0,1.0,494.0,552.0,546.0,515.0,95.99,97.0,97.03,96.5,24.78,24.6,24.58,24.68,34.0,37.0,36.0,34.0,33.0
1775259198000,1.0,1.0,1.0,1.0,1.0,500.0,544.0,520.0,569.0,96.07,97.09,97.1,96.56,24.77,24.61,24.59,24.67,32.0,39.0,36.0,35.0,32.0
1775259499000,1.0,1.0,1.0,1.0,1.0,531.0,518.0,538.0,549.0,96.18,97.16,97.22,96.78,24.77,24.61,24.58,24.68,40.0,39.0,39.0,36.0,32.0
1775259799000,1.0,1.0,1.0,1.0,1.0,521.0,538.0,534.0,557.0,96.27,97.35,97.35,96.84,24.77,24.62,24.6,24.68,34.0,40.0,36.0,38.0,36.0
1775260100000,1.0,1.0,1.0,1.0,1.0,546.0,543.0,541.0,565.0,96.37,97.4,97.39,96.84,24.78,24.63,24.6,24.69,39.0,36.0,39.0,40.0,43.0
1775260400000,1.0,1.0,1.0,1.0,1.0,575.0,520.0,588.0,563.0,96.35,97.35,97.37,96.78,24.79,24.63,24.61,24.7,38.0,43.0,39.0,47.0,49.0
1775260701000,1.0,1.0,1.0,1.0,1.0,526.0,516.0,544.0,543.0,96.28,97.3,97.3,96.69,24.79,24.63,24.62,24.71,39.0,45.0,43.0,49.0,41.0
1775261002000,1.0,1.0,1.0,1.0,1.0,486.0,491.0,513.0,529.0,96.34,97.29,97.37,96.7,24.8,24.65,24.64,24.72,40.0,41.0,41.0,42.0,44.0
1775261302000,1.0,1.0,1.0,1.0,1.0,518.0,533.0,519.0,504.0,96.34,97.28,97.31,96.64,24.81,24.66,24.65,24.74,38.0,42.0,38.0,46.0,40.0
1775261603000,1.0,1.0,1.0,1.0,1.0,510.0,532.0,525.0,509.0,96.32,97.25,97.28,96.63,24.81,24.67,24.67,24.74,34.0,43.0,41.0,42.0,42.0
1775261903000,1.0,1.0,1.0,1.0,1.0,493.0,509.0,511.0,533.0,96.31,97.24,97.24,96.61,24.84,24.69,24.69,24.77,41.0,44.0,38.0,40.0,39.0
1775262204000,1.0,1.0,1.0,1.0,1.0,534.0,525.0,505.0,528.0,96.29,97.22,97.15,96.56,24.85,24.7,24.7,24.8,37.0,46.0,40.0,35.0,42.0
1775262504000,1.0,1.0,1.0,1.0,1.0,507.0,513.0,507.0,550.0,96.34,97.28,97.33,96.56,24.85,24.73,24.72,24.82,43.0,43.0,37.0,39.0,42.0
1775262805000,1.0,1.0,1.0,1.0,1.0,503.0,476.0,536.0,514.0,96.45,97.31,97.4,96.65,24.89,24.76,24.74,24.86,41.0,42.0,37.0,44.0,46.0
1775263106000,1.0,1.0,1.0,1.0,1.0,530.0,526.0,546.0,495.0,96.58,97.48,97.37,96.72,24.91,24.78,24.77,24.89,42.0,42.0,38.0,45.0,45.0
1775263406000,1.0,1.0,1.0,1.0,1.0,530.0,521.0,486.0,509.0,96.69,97.34,97.25,96.57,24.96,24.82,24.82,24.91,42.0,43.0,35.0,44.0,46.0
1775263707000,1.0,1.0,1.0,1.0,1.0,501.0,503.0,466.0,474.0,96.64,97.19,97.17,96.44,24.97,24.85,24.82,24.94,36.0,43.0,41.0,40.0,45.0
1775264007000,1.0,1.0,1.0,1.0,1.0,495.0,493.0,488.0,525.0,96.47,97.12,97.16,96.4,25.0,24.88,24.83,24.95,36.0,47.0,39.0,43.0,40.0
1775264308000,1.0,1.0,1.0,1.0,1.0,502.0,509.0,508.0,511.0,96.38,97.08,97.09,96.34,25.03,24.93,24.83,24.97,30.0,48.0,32.0,43.0,40.0
1775264608000,1.0,1.0,1.0,1.0,1.0,491.0,479.0,527.0,518.0,96.21,96.85,96.97,96.21,25.06,24.96,24.83,24.98,32.0,42.0,32.0,39.0,42.0
1775264909000,1.0,1.0,1.0,1.0,1.0,497.0,517.0,474.0,494.0,95.96,96.53,96.78,95.89,25.09,24.98,24.83,24.99,33.0,46.0,35.0,38.0,43.0
1775265210000,1.0,1.0,1.0,1.0,1.0,499.0,503.0,500.0,515.0,95.8,96.52,96.91,96.0,25.11,25.02,24.84,25.02,37.0,45.0,39.0,44.0,46.0
1775265510000,1.0,1.0,1.0,1.0,1.0,507.0,489.0,504.0,516.0,95.78,96.42,96.97,95.95,25.14,25.06,24.89,25.06,39.0,46.0,37.0,48.0,42.0
1775265811000,1.0,1.0,1.0,1.0,1.0,491.0,515.0,530.0,503.0,95.9,96.46,96.98,95.88,25.21,25.11,24.94,25.12,44.0,49.0,47.0,49.0,54.0
1775266111000,1.0,1.0,1.0,1.0,1.0,512.0,516.0,514.0,523.0,95.75,96.34,96.62,95.54,25.28,25.17,25.01,25.17,49.0,55.0,48.0,52.0,48.0
1775266412000,1.0,1.0,1.0,1.0,1.0,480.0,501.0,502.0,484.0,95.45,95.98,96.45,95.45,25.33,25.23,25.06,25.25,45.0,49.0,39.0,48.0,53.0
1775266712000,1.0,1.0,1.0,1.0,1.0,499.0,474.0,485.0,507.0,95.07,95.66,96.12,95.1,25.31,25.24,25.04,25.24,38.0,54.0,39.0,42.0,49.0
1775267013000,1.0,1.0,1.0,1.0,1.0,482.0,486.0,480.0,494.0,94.89,95.48,96.0,94.93,25.29,25.2,25.0,25.22,37.0,45.0,37.0,40.0,43.0
1775267314000,1.0,1.0,1.0,1.0,1.0,491.0,473.0,488.0,482.0,94.92,95.36,95.98,94.78,25.26,25.18,24.95,25.19,35.0,44.0,29.0,44.0,36.0
1775267614000,1.0,1.0,1.0,1.0,1.0,505.0,474.0,499.0,469.0,94.99,95.46,96.1,94.87,25.24,25.16,24.93,25.17,29.0,42.0,34.0,39.0,42.0
1775267915000,1.0,1.0,1.0,1.0,1.0,459.0,467.0,483.0,476.0,95.09,95.58,96.27,94.87,25.24,25.18,24.95,25.19,34.0,44.0,32.0,43.0,42.0
1775268215000,1.0,1.0,1.0,1.0,1.0,477.0,474.0,519.0,464.0,95.73,96.16,96.84,95.44,25.27,25.21,24.97,25.21,34.0,43.0,32.0,43.0,44.0
1775268516000,1.0,1.0,1.0,1.0,1.0,472.0,485.0,449.0,441.0,95.77,96.2,97.0,95.55,25.32,25.28,25.05,25.26,41.0,53.0,41.0,45.0,47.0
1775268816000,1.0,1.0,1.0,1.0,1.0,502.0,475.0,498.0,478.0,95.16,95.61,96.34,95.04,25.43,25.37,25.13,25.35,38.0,51.0,42.0,46.0,51.0
1775269117000,1.0,1.0,1.0,1.0,1.0,486.0,483.0,499.0,436.0,95.49,95.86,96.57,95.13,25.53,25.46,25.22,25.44,47.0,56.0,45.0,51.0,59.0
1775269418000,1.0,1.0,1.0,1.0,1.0,476.0,492.0,446.0,445.0,94.63,94.91,95.86,94.54,25.61,25.56,25.32,25.53,43.0,55.0,46.0,51.0,57.0
1775269718000,1.0,1.0,1.0,1.0,1.0,479.0,470.0,501.0,449.0,94.41,94.87,95.67,94.42,25.69,25.64,25.39,25.6,41.0,54.0,50.0,53.0,55.0
1775270019000,1.0,1.0,1.0,1.0,1.0,476.0,475.0,491.0,505.0,93.71,94.05,95.0,93.72,25.76,25.69,25.44,25.68,42.0,60.0,43.0,49.0,58.0
1775270319000,1.0,1.0,1.0,1.0,1.0,475.0,469.0,495.0,502.0,93.08,93.55,94.38,93.15,25.76,25.7,25.46,25.69,43.0,55.0,48.0,49.0,51.0
1775270620000,1.0,1.0,1.0,1.0,1.0,442.0,491.0,471.0,466.0,93.32,93.94,94.57,93.31,25.76,25.71,25.46,25.7,38.0,47.0,47.0,51.0,58.0
1775270920000,1.0,1.0,1.0,1.0,1.0,491.0,489.0,523.0,480.0,93.13,93.63,94.27,93.06,25.76,25.73,25.48,25.71,33.0,52.0,42.0,48.0,48.0
1775271221000,1.0,1.0,1.0,1.0,1.0,440.0,475.0,492.0,501.0,93.07,93.41,94.19,92.9,25.74,25.72,25.47,25.7,37.0,52.0,40.0,47.0,49.0
1775271522000,1.0,1.0,1.0,1.0,1.0,509.0,452.0,484.0,485.0,93.04,93.4,94.17,92.84,25.73,25.72,25.44,25.68,33.0,47.0,43.0,43.0,50.0
1775272123000,1.0,1.0,1.0,1.0,1.0,486.0,475.0,477.0,529.0,93.62,93.89,94.7,93.21,25.7,25.72,25.44,25.66,35.0,54.0,46.0,46.0,52.0
1775272423000,1.0,1.0,1.0,1.0,1.0,487.0,486.0,500.0,492.0,95.95,96.0,95.83,93.46,25.74,25.75,25.48,25.71,48.0,62.0,45.0,53.0,51.0
1775272724000,1.0,1.0,1.0,1.0,1.0,517.0,520.0,514.0,521.0,97.37,97.63,98.22,96.23,25.8,25.81,25.56,25.76,48.0,60.0,55.0,58.0,58.0
1775273024000,1.0,1.0,1.0,1.0,1.0,495.0,529.0,509.0,477.0,97.01,97.46,98.26,96.0,25.83,25.83,25.62,25.83,39.0,61.0,52.0,51.0,56.0
1775273325000,1.0,1.0,1.0,1.0,1.0,530.0,496.0,486.0,494.0,96.55,96.74,97.66,95.43,25.9,25.89,25.7,25.91,43.0,61.0,55.0,56.0,62.0
1775273626000,1.0,1.0,1.0,1.0,2.0,507.0,519.0,534.0,515.0,96.28,95.54,97.29,95.32,25.99,25.97,25.8,26.0,51.0,62.0,59.0,64.0,68.0
1775273926000,1.0,2.0,2.0,1.0,2.0,489.0,525.0,504.0,515.0,95.91,95.41,96.27,94.61,26.09,26.06,25.9,26.11,57.0,72.0,66.0,67.0,80.0
1775274227000,2.0,2.0,2.0,2.0,2.0,470.0,479.0,508.0,493.0,95.69,95.6,96.39,94.43,26.2,26.18,26.02,26.23,65.0,82.0,78.0,80.0,84.0
1775274527000,2.0,2.0,2.0,2.0,2.0,480.0,483.0,484.0,488.0,95.83,95.06,95.6,94.23,26.31,26.3,26.17,26.35,69.0,84.0,82.0,83.0,124.0
1775274828000,2.0,2.0,2.0,2.0,2.0,488.0,492.0,505.0,517.0,95.85,95.94,96.11,95.25,26.45,26.43,26.29,26.49,89.0,117.0,94.0,94.0,98.0
1775275128000,2.0,2.0,2.0,2.0,2.0,515.0,505.0,528.0,502.0,96.71,96.0,97.28,96.86,26.56,26.51,26.4,26.61,127.0,126.0,136.0,135.0,172.0
1775275429000,2.0,2.0,2.0,2.0,2.0,507.0,490.0,524.0,526.0,96.61,95.3,96.56,96.39,26.65,26.62,26.49,26.68,114.0,113.0,107.0,109.0,122.0
1775275730000,2.0,2.0,2.0,2.0,2.0,493.0,520.0,547.0,515.0,96.15,94.98,96.18,95.26,26.79,26.74,26.6,26.79,111.0,117.0,102.0,109.0,132.0
1775276030000,2.0,2.0,2.0,2.0,2.0,499.0,503.0,508.0,526.0,95.85,94.32,95.77,94.77,26.95,26.9,26.78,26.95,108.0,117.0,108.0,114.0,136.0
1775276331000,2.0,2.0,2.0,2.0,2.0,474.0,503.0,496.0,512.0,94.24,93.37,95.56,93.85,27.12,27.08,26.95,27.13,115.0,117.0,111.0,120.0,136.0
1775276631000,2.0,2.0,2.0,2.0,2.0,499.0,508.0,484.0,487.0,93.46,92.52,93.98,92.44,27.29,27.25,27.14,27.31,119.0,112.0,117.0,118.0,137.0
1775276932000,2.0,2.0,2.0,2.0,2.0,479.0,509.0,524.0,471.0,91.68,91.43,92.84,91.53,27.47,27.42,27.33,27.49,123.0,121.0,112.0,125.0,138.0
1775277232000,2.0,2.0,2.0,2.0,2.0,466.0,474.0,503.0,476.0,90.82,91.13,92.36,90.59,27.62,27.58,27.49,27.67,121.0,120.0,111.0,120.0,129.0
1775277533000,2.0,2.0,2.0,2.0,2.0,490.0,485.0,460.0,489.0,89.59,89.89,90.87,89.48,27.77,27.71,27.64,27.82,122.0,122.0,109.0,128.0,135.0
1775277834000,2.0,2.0,2.0,2.0,2.0,476.0,488.0,515.0,475.0,88.54,89.17,91.68,88.8,27.88,27.84,27.77,27.96,115.0,122.0,114.0,128.0,135.0
1775278134000,2.0,2.0,2.0,2.0,2.0,459.0,535.0,502.0,539.0,88.22,88.83,90.96,88.56,28.0,27.95,27.91,28.08,112.0,129.0,113.0,125.0,145.0
1775278435000,2.0,2.0,2.0,2.0,2.0,506.0,513.0,506.0,527.0,89.68,90.38,90.1,89.56,28.11,28.06,28.0,28.15,118.0,135.0,115.0,131.0,144.0
1775278735000,2.0,2.0,2.0,2.0,2.0,472.0,495.0,506.0,523.0,88.92,90.11,91.3,88.88,28.18,28.14,28.09,28.25,114.0,131.0,126.0,125.0,140.0
1775279036000,2.0,2.0,2.0,2.0,2.0,510.0,533.0,506.0,524.0,88.71,91.01,90.94,89.52,28.27,28.24,28.17,28.34,114.0,151.0,123.0,133.0,154.0
1775279336000,2.0,2.0,2.0,2.0,2.0,516.0,482.0,476.0,510.0,88.14,89.65,89.57,88.61,28.36,28.31,28.27,28.42,121.0,139.0,119.0,134.0,145.0
1775279637000,2.0,2.0,2.0,2.0,2.0,498.0,485.0,474.0,496.0,88.06,88.95,88.94,88.07,28.46,28.42,28.35,28.51,125.0,143.0,128.0,141.0,155.0
1775279938000,2.0,2.0,2.0,2.0,2.0,452.0,492.0,501.0,479.0,87.61,89.41,88.83,88.24,28.56,28.52,28.48,28.64,126.0,147.0,135.0,146.0,157.0
1775280238000,2.0,2.0,2.0,2.0,2.0,481.0,486.0,494.0,532.0,87.15,88.53,88.33,87.84,28.66,28.62,28.6,28.76,130.0,146.0,135.0,147.0,164.0
1775280539000,2.0,2.0,2.0,2.0,2.0,484.0,499.0,501.0,496.0,86.8,88.7,89.51,87.76,28.77,28.77,28.74,28.89,140.0,156.0,140.0,157.0,168.0
1775280839000,2.0,2.0,2.0,2.0,2.0,502.0,470.0,493.0,493.0,86.27,87.78,88.28,87.09,28.91,28.89,28.87,29.02,133.0,156.0,138.0,156.0,176.0
1775281140000,2.0,2.0,2.0,2.0,2.0,474.0,471.0,475.0,486.0,85.36,86.62,87.35,86.56,29.02,29.0,29.0,29.14,136.0,154.0,140.0,162.0,169.0
1775281440000,2.0,2.0,2.0,2.0,2.0,450.0,525.0,526.0,483.0,85.1,87.08,90.18,87.54,29.14,29.13,29.15,29.27,146.0,165.0,156.0,170.0,180.0
1775281741000,2.0,2.0,2.0,2.0,2.0,474.0,534.0,510.0,534.0,85.12,87.62,87.43,86.13,29.26,29.26,29.27,29.4,149.0,174.0,151.0,167.0,184.0
1775282042000,2.0,2.0,2.0,2.0,2.0,485.0,508.0,493.0,506.0,84.76,86.62,86.73,85.66,29.36,29.37,29.38,29.51,147.0,168.0,154.0,162.0,187.0
1775282342000,2.0,2.0,2.0,2.0,2.0,498.0,504.0,524.0,554.0,84.78,86.62,86.75,87.4,29.44,29.4,29.44,29.57,141.0,165.0,142.0,169.0,179.0
1775282643000,2.0,2.0,2.0,2.0,2.0,470.0,514.0,505.0,530.0,84.06,85.6,85.76,85.7,29.44,29.4,29.44,29.57,129.0,159.0,135.0,153.0,174.0
1775282943000,2.0,2.0,2.0,2.0,2.0,492.0,488.0,505.0,519.0,83.89,85.36,85.54,85.33,29.39,29.33,29.41,29.53,128.0,152.0,139.0,158.0,177.0
1775283244000,2.0,2.0,2.0,2.0,2.0,510.0,476.0,503.0,502.0,83.61,84.97,85.46,85.94,29.33,29.26,29.36,29.46,120.0,151.0,128.0,155.0,176.0
1775283544000,2.0,2.0,2.0,2.0,2.0,453.0,462.0,486.0,512.0,83.36,84.68,85.04,84.7,29.25,29.16,29.29,29.38,120.0,142.0,130.0,149.0,174.0
1775283845000,2.0,2.0,2.0,2.0,2.0,448.0,474.0,508.0,522.0,83.34,84.65,84.76,84.66,29.15,29.07,29.2,29.28,120.0,144.0,128.0,143.0,176.0
1775284145000,2.0,2.0,2.0,2.0,2.0,507.0,561.0,550.0,555.0,84.82,86.43,86.78,86.82,29.05,28.98,29.12,29.21,122.0,145.0,129.0,144.0,166.0
1775284446000,2.0,2.0,2.0,2.0,2.0,505.0,503.0,527.0,528.0,84.52,86.41,86.33,86.33,28.98,28.91,29.05,29.13,119.0,141.0,119.0,144.0,159.0
1775284747000,2.0,2.0,2.0,2.0,2.0,447.0,501.0,512.0,512.0,84.66,85.91,85.49,85.32,28.91,28.84,28.98,29.06,116.0,138.0,120.0,146.0,171.0
1775285047000,2.0,2.0,2.0,2.0,2.0,469.0,451.0,500.0,505.0,84.38,85.53,85.16,84.97,28.86,28.79,28.92,29.0,121.0,140.0,125.0,134.0,154.0
1775285348000,2.0,2.0,2.0,2.0,2.0,491.0,489.0,456.0,526.0,85.12,85.84,85.55,85.47,28.8,28.73,28.87,28.95,117.0,141.0,117.0,138.0,147.0
1775285949000,2.0,2.0,2.0,2.0,2.0,451.0,479.0,478.0,497.0,84.51,85.94,85.85,84.9,28.75,28.71,28.84,28.94,114.0,138.0,117.0,137.0,151.0
1775286249000,2.0,2.0,2.0,2.0,2.0,452.0,487.0,529.0,527.0,85.35,86.13,86.44,85.68,28.78,28.74,28.88,28.98,122.0,140.0,124.0,134.0,149.0
1775286550000,2.0,2.0,2.0,2.0,2.0,470.0,476.0,502.0,481.0,84.95,86.0,85.96,85.34,28.82,28.79,28.92,29.05,121.0,140.0,123.0,142.0,147.0
1775286851000,2.0,2.0,2.0,2.0,2.0,472.0,461.0,499.0,567.0,85.05,86.13,86.48,86.81,28.85,28.83,28.99,29.1,122.0,144.0,130.0,150.0,162.0
1775287151000,2.0,2.0,2.0,2.0,2.0,471.0,478.0,486.0,493.0,84.5,85.13,85.05,85.58,28.91,28.9,29.04,29.15,122.0,145.0,123.0,145.0,169.0
1775287452000,2.0,2.0,2.0,2.0,2.0,469.0,514.0,476.0,532.0,84.14,85.57,85.03,84.99,28.96,28.95,29.1,29.21,123.0,149.0,125.0,152.0,173.0
1775287752000,2.0,2.0,2.0,2.0,2.0,504.0,516.0,503.0,502.0,84.33,85.07,84.86,84.71,29.0,29.0,29.16,29.27,127.0,150.0,134.0,158.0,177.0
1775288053000,2.0,2.0,2.0,2.0,2.0,475.0,503.0,509.0,513.0,83.63,84.79,84.84,85.46,29.04,29.03,29.22,29.31,121.0,149.0,132.0,149.0,163.0
1775288353000,2.0,2.0,2.0,2.0,2.0,486.0,496.0,513.0,505.0,83.29,84.36,84.13,84.12,29.04,29.05,29.24,29.34,123.0,145.0,133.0,144.0,171.0
1775288654000,2.0,2.0,2.0,2.0,2.0,478.0,497.0,498.0,440.0,82.77,84.29,83.75,83.42,29.04,29.06,29.24,29.35,121.0,146.0,132.0,146.0,155.0
1775288955000,2.0,2.0,2.0,2.0,2.0,502.0,513.0,485.0,519.0,83.71,84.65,84.31,84.59,29.04,29.05,29.25,29.34,121.0,142.0,136.0,141.0,151.0
1775289255000,2.0,2.0,2.0,2.0,2.0,462.0,504.0,497.0,473.0,83.61,84.61,83.83,83.53,29.05,29.04,29.25,29.34,122.0,143.0,128.0,143.0,154.0
1775289556000,2.0,2.0,2.0,2.0,2.0,454.0,511.0,467.0,450.0,83.14,84.51,83.51,83.19,29.05,29.04,29.25,29.34,121.0,143.0,122.0,139.0,154.0
1775289856000,2.0,2.0,2.0,2.0,2.0,417.0,472.0,463.0,477.0,83.11,84.2,83.3,82.67,29.03,29.02,29.22,29.33,122.0,142.0,118.0,133.0,147.0
1775290157000,2.0,2.0,2.0,2.0,2.0,478.0,488.0,523.0,526.0,83.0,83.83,83.33,83.32,29.0,28.99,29.2,29.31,119.0,135.0,122.0,136.0,145.0
1775290458000,2.0,2.0,2.0,2.0,2.0,482.0,502.0,482.0,437.0,81.27,82.1,81.36,80.96,28.92,28.91,29.13,29.22,107.0,132.0,109.0,122.0,131.0
1775290758000,2.0,2.0,2.0,2.0,2.0,428.0,475.0,467.0,476.0,81.03,82.05,81.11,80.5,28.67,28.68,28.79,28.97,109.0,163.0,112.0,126.0,143.0
1775291059000,2.0,2.0,2.0,2.0,2.0,476.0,479.0,463.0,450.0,81.32,82.09,81.55,80.47,28.29,28.36,28.33,28.58,76.0,104.0,72.0,87.0,93.0
1775291359000,2.0,2.0,1.0,2.0,2.0,464.0,488.0,505.0,483.0,81.57,82.07,81.87,80.69,27.92,28.05,27.89,28.15,73.0,94.0,63.0,77.0,82.0
1775291660000,2.0,2.0,1.0,2.0,2.0,456.0,471.0,478.0,493.0,82.32,82.68,82.79,81.61,27.59,27.76,27.49,27.74,68.0,89.0,60.0,75.0,66.0
1775291960000,1.0,2.0,1.0,1.0,1.0,463.0,492.0,469.0,479.0,82.86,83.1,83.57,82.42,27.26,27.48,27.16,27.37,64.0,81.0,55.0,62.0,62.0
1775292261000,1.0,2.0,1.0,1.0,1.0,440.0,476.0,474.0,482.0,83.48,83.67,84.08,82.86,26.98,27.22,26.84,27.04,60.0,82.0,47.0,57.0,58.0
1775292562000,1.0,2.0,1.0,1.0,1.0,461.0,499.0,476.0,491.0,83.9,83.86,84.66,83.56,26.75,26.98,26.6,26.77,50.0,71.0,44.0,54.0,53.0
1775292862000,1.0,2.0,1.0,1.0,1.0,484.0,478.0,467.0,482.0,84.49,84.17,85.38,84.27,26.59,26.82,26.44,26.6,52.0,66.0,46.0,55.0,52.0
1775293163000,1.0,2.0,1.0,1.0,1.0,483.0,516.0,485.0,500.0,85.1,84.79,85.78,85.07,26.51,26.71,26.37,26.53,56.0,71.0,49.0,56.0,59.0
1775293463000,1.0,2.0,1.0,1.0,1.0,478.0,505.0,480.0,496.0,85.45,85.38,86.35,85.36,26.49,26.64,26.34,26.5,54.0,71.0,58.0,61.0,59.0
1775293764000,1.0,1.0,1.0,1.0,2.0,506.0,486.0,464.0,505.0,85.91,85.81,86.58,85.7,26.48,26.59,26.36,26.52,57.0,65.0,54.0,63.0,69.0
1775294064000,1.0,1.0,1.0,1.0,2.0,461.0,470.0,470.0,510.0,86.26,86.37,86.9,85.82,26.48,26.59,26.38,26.53,51.0,72.0,59.0,64.0,73.0
1775294365000,1.0,1.0,1.0,1.0,2.0,474.0,514.0,492.0,498.0,86.43,86.28,87.27,85.94,26.51,26.57,26.42,26.57,58.0,69.0,56.0,67.0,78.0
1775294665000,1.0,2.0,1.0,2.0,2.0,501.0,517.0,486.0,512.0,86.36,86.66,86.97,86.11,26.53,26.59,26.45,26.62,58.0,70.0,60.0,70.0,78.0
1775294966000,1.0,2.0,1.0,2.0,2.0,513.0,497.0,491.0,508.0,85.68,86.14,86.31,85.56,26.53,26.59,26.49,26.65,61.0,71.0,61.0,71.0,78.0
1775295267000,1.0,2.0,1.0,2.0,2.0,480.0,519.0,513.0,494.0,85.59,85.81,86.41,85.78,26.54,26.6,26.53,26.68,55.0,71.0,65.0,74.0,79.0
1775295567000,1.0,1.0,1.0,2.0,2.0,528.0,542.0,500.0,529.0,85.48,86.35,86.22,85.98,26.54,26.58,26.56,26.7,55.0,69.0,60.0,72.0,77.0
1775295868000,1.0,2.0,1.0,2.0,2.0,493.0,541.0,538.0,487.0,85.08,86.8,86.68,85.85,26.53,26.56,26.57,26.71,57.0,71.0,65.0,76.0,74.0
1775296168000,1.0,2.0,1.0,2.0,2.0,508.0,516.0,528.0,549.0,85.04,87.01,86.47,85.9,26.52,26.54,26.57,26.7,55.0,69.0,62.0,77.0,83.0
1775296469000,1.0,2.0,1.0,2.0,2.0,488.0,559.0,546.0,512.0,84.58,86.11,86.76,85.42,26.48,26.5,26.55,26.7,54.0,69.0,67.0,74.0,80.0
1775296769000,1.0,2.0,1.0,2.0,2.0,525.0,502.0,529.0,549.0,84.89,85.77,86.28,85.29,26.45,26.47,26.55,26.66,53.0,68.0,63.0,72.0,77.0
1775297070000,1.0,2.0,1.0,2.0,2.0,542.0,515.0,543.0,524.0,85.67,86.03,86.25,85.43,26.42,26.42,26.5,26.65,59.0,72.0,63.0,74.0,75.0
1775297371000,1.0,1.0,1.0,2.0,2.0,519.0,514.0,532.0,544.0,85.07,85.69,85.91,85.34,26.4,26.38,26.48,26.6,55.0,65.0,64.0,70.0,73.0
1775297671000,1.0,2.0,1.0,1.0,2.0,545.0,548.0,483.0,507.0,85.16,86.08,85.87,85.18,26.35,26.36,26.43,26.55,55.0,66.0,62.0,65.0,70.0
1775297972000,1.0,2.0,1.0,2.0,1.0,557.0,515.0,557.0,527.0,85.21,85.85,85.92,85.1,26.33,26.31,26.39,26.51,54.0,68.0,54.0,70.0,66.0
1775298272000,1.0,1.0,1.0,2.0,1.0,542.0,564.0,554.0,564.0,85.36,86.19,86.07,85.55,26.27,26.25,26.34,26.47,53.0,64.0,60.0,69.0,66.0
1775298573000,1.0,1.0,1.0,1.0,1.0,514.0,548.0,566.0,523.0,85.51,86.08,86.82,85.4,26.23,26.2,26.29,26.41,53.0,64.0,57.0,64.0,68.0
1775298873000,1.0,1.0,1.0,1.0,1.0,524.0,529.0,555.0,564.0,85.23,86.48,86.18,85.8,26.18,26.15,26.22,26.35,56.0,59.0,52.0,65.0,64.0
1775299174000,1.0,1.0,1.0,1.0,1.0,515.0,559.0,539.0,574.0,85.58,86.65,86.52,85.94,26.14,26.09,26.17,26.29,50.0,62.0,53.0,62.0,65.0
1775299475000,1.0,1.0,1.0,1.0,1.0,522.0,570.0,554.0,577.0,85.99,86.99,86.81,86.25,26.1,26.05,26.11,26.23,51.0,60.0,55.0,58.0,59.0
1775299775000,1.0,1.0,1.0,1.0,1.0,562.0,555.0,518.0,568.0,86.18,87.25,86.69,86.3,26.05,25.98,26.04,26.16,53.0,57.0,50.0,61.0,58.0
1775300076000,1.0,1.0,1.0,1.0,1.0,520.0,512.0,579.0,555.0,85.46,86.87,86.77,86.19,25.99,25.92,25.97,26.11,51.0,55.0,50.0,59.0,57.0
1775300376000,1.0,1.0,1.0,1.0,1.0,504.0,553.0,559.0,579.0,84.94,86.74,86.16,86.64,25.92,25.86,25.91,26.03,53.0,56.0,45.0,57.0,58.0
1775300977000,1.0,1.0,1.0,1.0,1.0,549.0,558.0,522.0,573.0,86.81,87.91,87.38,87.39,25.81,25.73,25.77,25.9,47.0,56.0,47.0,55.0,59.0
1775301278000,1.0,1.0,1.0,1.0,1.0,599.0,574.0,544.0,572.0,87.57,88.38,88.13,87.43,25.76,25.66,25.7,25.83,50.0,53.0,41.0,55.0,58.0
1775301579000,1.0,1.0,1.0,1.0,1.0,529.0,581.0,592.0,532.0,87.59,88.29,88.33,87.52,25.7,25.62,25.65,25.76,46.0,48.0,45.0,57.0,53.0
1775301879000,1.0,1.0,1.0,1.0,1.0,571.0,556.0,574.0,571.0,87.6,88.55,88.42,88.09,25.65,25.57,25.58,25.72,51.0,49.0,45.0,55.0,60.0
1775302180000,1.0,1.0,1.0,1.0,1.0,600.0,574.0,571.0,564.0,87.87,88.69,88.76,88.47,25.6,25.5,25.53,25.64,52.0,50.0,47.0,52.0,54.0
1775302480000,1.0,1.0,1.0,1.0,1.0,547.0,577.0,595.0,588.0,88.12,89.01,88.84,88.59,25.54,25.46,25.47,25.6,46.0,54.0,47.0,54.0,55.0
1775302781000,1.0,1.0,1.0,1.0,1.0,531.0,583.0,548.0,563.0,87.6,89.25,88.88,88.63,25.49,25.39,25.41,25.52,46.0,54.0,43.0,56.0,56.0
1775303081000,1.0,1.0,1.0,1.0,1.0,550.0,579.0,570.0,545.0,87.74,89.04,88.52,88.54,25.44,25.32,25.35,25.47,45.0,46.0,43.0,49.0,59.0
1775303382000,1.0,1.0,1.0,1.0,1.0,563.0,586.0,607.0,609.0,87.77,89.0,89.58,89.16,25.38,25.27,25.3,25.41,47.0,50.0,41.0,49.0,55.0
1775303683000,1.0,1.0,1.0,1.0,1.0,569.0,550.0,590.0,596.0,87.9,89.13,89.3,89.28,25.33,25.21,25.24,25.35,46.0,46.0,42.0,49.0,51.0
1775303983000,1.0,1.0,1.0,1.0,1.0,588.0,624.0,625.0,609.0,88.76,89.93,90.02,89.43,25.29,25.16,25.2,25.3,45.0,45.0,45.0,48.0,48.0
1775304284000,1.0,1.0,1.0,1.0,1.0,567.0,558.0,588.0,572.0,89.06,90.05,90.14,89.65,25.23,25.12,25.16,25.25,45.0,43.0,45.0,48.0,46.0
1775304584000,1.0,1.0,1.0,1.0,1.0,581.0,584.0,560.0,596.0,89.46,90.47,90.1,89.99,25.19,25.05,25.1,25.21,47.0,45.0,44.0,47.0,49.0
1775304885000,1.0,1.0,1.0,1.0,1.0,573.0,606.0,590.0,623.0,89.16,90.34,90.57,90.21,25.15,25.02,25.07,25.17,43.0,42.0,44.0,49.0,50.0
1775305185000,1.0,1.0,1.0,1.0,1.0,600.0,608.0,610.0,630.0,89.21,90.69,90.79,90.13,25.12,24.98,25.01,25.12,50.0,45.0,46.0,51.0,51.0
1775305486000,1.0,1.0,1.0,1.0,1.0,607.0,600.0,615.0,635.0,89.3,91.12,90.9,90.31,25.09,24.94,24.98,25.08,51.0,42.0,43.0,51.0,53.0
1775305787000,1.0,1.0,1.0,1.0,1.0,598.0,598.0,612.0,635.0,89.55,90.9,90.91,90.68,25.04,24.91,24.95,25.05,49.0,48.0,38.0,47.0,47.0
1775306087000,1.0,1.0,1.0,1.0,1.0,576.0,592.0,629.0,628.0,89.53,91.09,91.26,90.69,25.02,24.89,24.91,25.01,46.0,46.0,46.0,45.0,51.0
1775306388000,1.0,1.0,1.0,1.0,1.0,620.0,622.0,599.0,635.0,89.74,91.63,91.17,90.86,25.0,24.86,24.89,24.99,45.0,44.0,42.0,47.0,48.0
1775306688000,1.0,1.0,1.0,1.0,1.0,567.0,587.0,569.0,609.0,89.77,91.15,90.79,90.96,24.99,24.84,24.88,24.97,43.0,45.0,46.0,50.0,48.0
1775306989000,1.0,1.0,1.0,1.0,1.0,608.0,593.0,588.0,637.0,90.28,91.57,91.69,91.04,24.97,24.81,24.86,24.94,41.0,47.0,42.0,42.0,49.0
1775307289000,1.0,1.0,1.0,1.0,1.0,600.0,630.0,608.0,641.0,90.57,91.48,91.82,91.32,24.95,24.8,24.84,24.92,44.0,47.0,45.0,41.0,48.0
1775307590000,1.0,1.0,1.0,1.0,1.0,637.0,629.0,633.0,642.0,91.08,91.84,91.95,91.46,24.95,24.78,24.83,24.92,46.0,43.0,43.0,42.0,43.0
1775307891000,1.0,1.0,1.0,1.0,1.0,625.0,606.0,623.0,632.0,90.57,92.37,92.0,91.67,24.92,24.78,24.81,24.9,43.0,45.0,41.0,47.0,40.0
1775308191000,1.0,1.0,1.0,1.0,1.0,602.0,642.0,620.0,639.0,90.9,92.52,92.35,91.88,24.92,24.77,24.8,24.88,44.0,43.0,48.0,46.0,42.0
1775308492000,1.0,1.0,1.0,1.0,1.0,647.0,643.0,645.0,632.0,91.53,92.64,92.5,91.96,24.9,24.76,24.78,24.87,48.0,47.0,43.0,47.0,43.0
1775308792000,1.0,1.0,1.0,1.0,1.0,626.0,644.0,667.0,624.0,91.32,92.9,92.64,92.11,24.88,24.76,24.77,24.86,54.0,51.0,45.0,40.0,47.0
1775309093000,1.0,1.0,1.0,1.0,1.0,611.0,625.0,653.0,638.0,91.61,93.01,92.82,92.24,24.87,24.73,24.75,24.84,53.0,48.0,41.0,46.0,48.0
1775309393000,1.0,1.0,1.0,1.0,1.0,673.0,639.0,623.0,681.0,91.63,92.99,92.66,92.27,24.88,24.73,24.75,24.84,51.0,44.0,42.0,42.0,48.0
1775309694000,1.0,1.0,1.0,1.0,1.0,624.0,665.0,654.0,656.0,91.88,93.2,93.01,92.55,24.88,24.72,24.74,24.83,50.0,46.0,41.0,41.0,45.0
1775309994000,1.0,1.0,1.0,1.0,1.0,639.0,657.0,628.0,653.0,91.85,93.38,93.2,92.55,24.87,24.73,24.73,24.81,46.0,44.0,41.0,50.0,46.0
1775310295000,1.0,1.0,1.0,1.0,1.0,624.0,646.0,652.0,639.0,92.3,93.49,93.34,92.54,24.88,24.72,24.73,24.82,41.0,46.0,43.0,47.0,51.0
1775310596000,1.0,1.0,1.0,1.0,1.0,647.0,675.0,673.0,699.0,92.42,93.55,93.35,92.65,24.88,24.72,24.73,24.82,50.0,44.0,44.0,41.0,53.0
1775310896000,1.0,1.0,1.0,1.0,1.0,687.0,683.0,664.0,654.0,92.55,93.42,93.35,92.69,24.88,24.71,24.72,24.81,49.0,43.0,46.0,48.0,51.0
1775311197000,1.0,1.0,1.0,1.0,1.0,641.0,636.0,654.0,674.0,92.38,93.27,93.47,92.88,24.87,24.7,24.71,24.8,50.0,47.0,48.0,40.0,52.0
1775311497000,1.0,1.0,1.0,1.0,1.0,675.0,664.0,665.0,700.0,92.45,93.7,93.43,93.06,24.87,24.7,24.71,24.77,44.0,41.0,41.0,38.0,47.0
1775311798000,1.0,1.0,1.0,1.0,1.0,666.0,693.0,677.0,681.0,92.66,93.79,93.62,93.1,24.87,24.7,24.71,24.8,46.0,47.0,41.0,46.0,45.0
1775312098000,1.0,1.0,1.0,1.0,1.0,632.0,687.0,662.0,669.0,92.65,93.9,93.75,93.23,24.86,24.7,24.7,24.79,46.0,42.0,38.0,44.0,48.0
1775312399000,1.0,1.0,1.0,1.0,1.0,688.0,668.0,671.0,697.0,92.81,94.07,93.84,93.28,24.85,24.68,24.7,24.78,41.0,46.0,39.0,46.0,54.0
1775312700000,1.0,1.0,1.0,1.0,1.0,654.0,694.0,664.0,667.0,92.78,93.92,93.95,93.35,24.85,24.69,24.69,24.77,40.0,48.0,39.0,44.0,51.0
1775313000000,1.0,1.0,1.0,1.0,1.0,652.0,680.0,679.0,688.0,92.78,93.85,94.11,93.13,24.84,24.67,24.68,24.76,45.0,45.0,40.0,45.0,45.0
1775313301000,1.0,1.0,1.0,1.0,1.0,640.0,697.0,652.0,649.0,92.81,93.99,94.0,93.4,24.84,24.67,24.67,24.75,41.0,42.0,43.0,36.0,45.0
1775313601000,1.0,1.0,1.0,1.0,1.0,656.0,680.0,662.0,715.0,93.05,94.27,94.17,93.57,24.84,24.67,24.67,24.74,44.0,39.0,42.0,39.0,42.0
1775313902000,1.0,1.0,1.0,1.0,1.0,653.0,685.0,646.0,676.0,93.16,94.34,94.27,93.67,24.85,24.66,24.68,24.74,40.0,42.0,43.0,40.0,41.0
1775314202000,1.0,1.0,1.0,1.0,1.0,676.0,662.0,715.0,718.0,93.23,94.48,94.33,93.79,24.82,24.65,24.65,24.74,40.0,42.0,44.0,43.0,39.0
1775314503000,1.0,1.0,1.0,1.0,1.0,676.0,685.0,687.0,677.0,93.38,94.58,94.47,93.78,24.82,24.65,24.64,24.73,46.0,45.0,44.0,35.0,44.0
1775314804000,1.0,1.0,1.0,1.0,1.0,676.0,720.0,665.0,657.0,93.45,94.59,94.51,93.87,24.82,24.64,24.64,24.72,43.0,43.0,47.0,41.0,47.0
1775315104000,1.0,1.0,1.0,1.0,1.0,661.0,677.0,688.0,673.0,93.57,94.64,94.58,93.9,24.82,24.64,24.64,24.71,44.0,49.0,48.0,38.0,49.0
1775315405000,1.0,1.0,1.0,1.0,1.0,706.0,707.0,683.0,704.0,93.61,94.65,94.57,93.93,24.81,24.62,24.62,24.69,50.0,42.0,45.0,38.0,50.0
1775315705000,1.0,1.0,1.0,1.0,1.0,687.0,700.0,693.0,642.0,93.52,94.62,94.61,93.95,24.8,24.61,24.63,24.69,47.0,42.0,43.0,37.0,44.0
1775316006000,1.0,1.0,1.0,1.0,1.0,692.0,684.0,688.0,650.0,93.42,94.58,94.43,94.01,24.8,24.6,24.61,24.68,46.0,41.0,41.0,40.0,41.0
1775316306000,1.0,1.0,1.0,1.0,1.0,688.0,641.0,661.0,686.0,93.03,94.31,94.15,94.06,24.79,24.6,24.59,24.67,43.0,39.0,33.0,39.0,47.0
1775316607000,1.0,1.0,1.0,1.0,1.0,672.0,663.0,690.0,678.0,93.43,94.62,94.41,94.02,24.78,24.59,24.6,24.66,38.0,36.0,39.0,35.0,41.0
1775316908000,1.0,1.0,1.0,1.0,1.0,698.0,710.0,682.0,636.0,93.78,94.76,94.54,93.87,24.76,24.58,24.58,24.66,35.0,38.0,30.0,34.0,45.0
1775317208000,1.0,1.0,1.0,1.0,1.0,677.0,689.0,696.0,668.0,93.74,94.8,94.57,93.87,24.76,24.57,24.58,24.65,36.0,37.0,34.0,33.0,37.0
1775317509000,1.0,1.0,1.0,1.0,1.0,683.0,701.0,643.0,671.0,93.63,94.48,94.42,93.95,24.73,24.57,24.56,24.64,43.0,37.0,34.0,35.0,38.0
1775317809000,1.0,1.0,1.0,1.0,1.0,694.0,682.0,647.0,674.0,93.57,94.76,94.58,94.13,24.73,24.55,24.55,24.64,42.0,39.0,35.0,30.0,41.0
1775318110000,1.0,1.0,1.0,1.0,1.0,656.0,676.0,666.0,688.0,93.46,94.52,94.74,94.25,24.72,24.54,24.55,24.61,41.0,37.0,37.0,31.0,35.0
1775318410000,1.0,1.0,1.0,1.0,1.0,645.0,637.0,660.0,689.0,93.4,94.45,94.58,94.32,24.72,24.54,24.53,24.61,40.0,37.0,38.0,37.0,41.0
1775318711000,1.0,1.0,1.0,1.0,1.0,635.0,670.0,667.0,667.0,93.35,94.59,94.54,94.19,24.71,24.53,24.55,24.6,42.0,39.0,35.0,41.0,37.0
1775319012000,1.0,1.0,1.0,1.0,1.0,684.0,686.0,662.0,657.0,93.47,94.9,94.81,94.41,24.69,24.52,24.52,24.6,33.0,37.0,36.0,36.0,38.0
1775319312000,1.0,1.0,1.0,1.0,1.0,695.0,713.0,710.0,682.0,93.75,95.14,94.96,94.42,24.69,24.52,24.52,24.58,34.0,31.0,37.0,38.0,34.0
1775319613000,1.0,1.0,1.0,1.0,1.0,676.0,688.0,654.0,670.0,93.71,95.04,94.96,94.37,24.68,24.51,24.52,24.58,36.0,41.0,34.0,36.0,39.0
1775319913000,1.0,1.0,1.0,1.0,1.0,650.0,643.0,685.0,693.0,93.36,94.61,94.86,94.34,24.67,24.49,24.51,24.57,44.0,43.0,36.0,40.0,42.0
1775320214000,1.0,1.0,1.0,1.0,1.0,616.0,649.0,642.0,669.0,93.24,94.53,94.9,94.5,24.67,24.48,24.49,24.57,40.0,43.0,37.0,37.0,40.0
1775320514000,1.0,1.0,1.0,1.0,1.0,655.0,638.0,652.0,681.0,93.61,94.91,95.01,94.55,24.67,24.47,24.49,24.55,39.0,38.0,35.0,37.0,38.0
1775320815000,1.0,1.0,1.0,1.0,1.0,677.0,679.0,691.0,681.0,93.94,95.06,94.94,94.57,24.65,24.47,24.48,24.56,35.0,38.0,38.0,35.0,39.0
1775321116000,1.0,1.0,1.0,1.0,1.0,652.0,671.0,685.0,660.0,93.66,94.9,94.9,94.62,24.63,24.46,24.46,24.54,34.0,40.0,39.0,34.0,35.0
1775321416000,1.0,1.0,1.0,1.0,1.0,676.0,661.0,688.0,684.0,93.62,94.67,95.11,94.68,24.63,24.45,24.46,24.54,37.0,35.0,33.0,38.0,36.0
1775321717000,1.0,1.0,1.0,1.0,1.0,626.0,660.0,682.0,656.0,93.66,94.96,95.05,94.76,24.63,24.44,24.46,24.51,34.0,35.0,37.0,35.0,35.0
1775322017000,1.0,1.0,1.0,1.0,1.0,677.0,679.0,679.0,675.0,93.68,95.06,95.14,94.87,24.61,24.43,24.44,24.52,32.0,40.0,36.0,36.0,34.0
1775322318000,1.0,1.0,1.0,1.0,1.0,618.0,635.0,676.0,664.0,93.48,94.79,94.86,94.74,24.6,24.42,24.43,24.5,36.0,35.0,33.0,38.0,31.0
1775322618000,1.0,1.0,1.0,1.0,1.0,574.0,648.0,666.0,691.0,93.39,94.67,94.97,94.79,24.58,24.43,24.43,24.51,33.0,37.0,40.0,35.0,36.0
1775322919000,1.0,1.0,1.0,1.0,1.0,588.0,611.0,643.0,641.0,93.37,94.63,94.91,94.81,24.58,24.42,24.42,24.49,31.0,38.0,34.0,37.0,33.0
1775323220000,1.0,1.0,1.0,1.0,1.0,578.0,648.0,629.0,696.0,93.27,94.66,94.74,94.82,24.57,24.4,24.42,24.48,34.0,38.0,33.0,35.0,39.0
1775323520000,1.0,1.0,1.0,1.0,1.0,631.0,632.0,618.0,647.0,93.71,94.61,94.79,94.86,24.56,24.4,24.4,24.47,30.0,34.0,36.0,35.0,36.0
1775323821000,1.0,1.0,1.0,1.0,1.0,622.0,625.0,655.0,664.0,93.57,94.79,95.05,94.97,24.55,24.39,24.41,24.49,35.0,35.0,31.0,35.0,37.0
1775324121000,1.0,1.0,1.0,1.0,1.0,624.0,605.0,650.0,705.0,93.51,94.82,95.25,95.07,24.55,24.38,24.39,24.48,33.0,36.0,34.0,39.0,34.0
1775324422000,1.0,1.0,1.0,1.0,1.0,613.0,664.0,655.0,667.0,93.56,95.11,95.06,94.92,24.55,24.38,24.39,24.46,36.0,33.0,34.0,34.0,34.0
1775324722000,1.0,1.0,1.0,1.0,1.0,625.0,683.0,649.0,673.0,93.53,95.13,95.31,95.08,24.54,24.35,24.39,24.45,39.0,41.0,41.0,35.0,39.0
1775325023000,1.0,1.0,1.0,1.0,1.0,630.0,662.0,639.0,673.0,93.91,95.23,95.49,95.18,24.53,24.36,24.38,24.45,38.0,35.0,34.0,42.0,43.0
1775325324000,1.0,1.0,1.0,1.0,1.0,689.0,678.0,706.0,704.0,94.45,95.56,95.64,95.29,24.53,24.36,24.38,24.43,37.0,38.0,37.0,41.0,34.0
1775325624000,1.0,1.0,1.0,1.0,1.0,652.0,659.0,719.0,637.0,94.64,95.78,95.74,95.33,24.52,24.36,24.36,24.44,38.0,41.0,41.0,38.0,37.0
1775325925000,1.0,1.0,1.0,1.0,1.0,655.0,677.0,698.0,705.0,94.67,95.82,95.81,95.35,24.51,24.36,24.36,24.43,41.0,42.0,39.0,39.0,38.0
1775326225000,1.0,1.0,1.0,1.0,1.0,693.0,662.0,675.0,699.0,94.71,95.79,95.89,95.47,24.52,24.34,24.37,24.43,47.0,46.0,44.0,41.0,36.0
1775326526000,1.0,1.0,1.0,1.0,1.0,677.0,679.0,700.0,693.0,94.58,95.86,95.95,95.55,24.52,24.35,24.35,24.43,47.0,43.0,48.0,40.0,41.0
1775326826000,1.0,1.0,1.0,1.0,1.0,686.0,684.0,696.0,655.0,94.54,95.74,95.89,95.6,24.51,24.34,24.36,24.42,45.0,45.0,43.0,35.0,42.0
1775327127000,1.0,1.0,1.0,1.0,1.0,645.0,668.0,678.0,684.0,94.59,95.67,95.81,95.61,24.51,24.34,24.35,24.41,42.0,44.0,43.0,41.0,38.0
1775327428000,1.0,1.0,1.0,1.0,1.0,682.0,659.0,702.0,724.0,94.5,95.56,95.96,95.73,24.5,24.32,24.35,24.41,38.0,38.0,42.0,41.0,37.0
1775327728000,1.0,1.0,1.0,1.0,1.0,661.0,693.0,694.0,706.0,94.53,95.82,95.85,95.76,24.5,24.33,24.34,24.4,44.0,43.0,39.0,40.0,41.0
1775328029000,1.0,1.0,1.0,1.0,1.0,632.0,703.0,675.0,675.0,94.45,96.11,95.82,95.66,24.48,24.33,24.34,24.4,37.0,36.0,38.0,35.0,39.0
1775328329000,1.0,1.0,1.0,1.0,1.0,670.0,680.0,675.0,680.0,94.61,95.94,95.81,95.68,24.48,24.33,24.33,24.41,42.0,39.0,42.0,35.0,37.0
1775328630000,1.0,1.0,1.0,1.0,1.0,656.0,693.0,671.0,694.0,94.61,95.89,95.87,95.75,24.47,24.32,24.34,24.4,38.0,41.0,38.0,38.0,41.0
1775328930000,1.0,1.0,1.0,1.0,1.0,683.0,662.0,724.0,697.0,94.74,95.85,96.08,95.79,24.48,24.31,24.34,24.4,36.0,44.0,37.0,34.0,41.0
1775329231000,1.0,1.0,1.0,1.0,1.0,666.0,716.0,706.0,700.0,94.87,96.05,96.18,95.82,24.46,24.31,24.32,24.39,41.0,43.0,34.0,38.0,38.0
1775329531000,1.0,1.0,1.0,1.0,1.0,713.0,722.0,694.0,730.0,95.07,96.24,96.25,95.87,24.47,24.3,24.33,24.37,43.0,42.0,35.0,35.0,38.0
1775329832000,1.0,1.0,1.0,1.0,1.0,729.0,690.0,727.0,698.0,95.34,96.3,96.25,95.86,24.48,24.3,24.32,24.38,42.0,41.0,39.0,40.0,36.0
1775330133000,1.0,1.0,1.0,1.0,1.0,731.0,742.0,731.0,698.0,95.41,96.44,96.35,95.81,24.47,24.31,24.32,24.38,43.0,42.0,41.0,36.0,36.0
1775330433000,1.0,1.0,1.0,1.0,1.0,724.0,719.0,713.0,693.0,95.38,96.44,96.35,95.87,24.48,24.31,24.31,24.37,46.0,44.0,40.0,31.0,37.0
1775330734000,1.0,1.0,1.0,1.0,1.0,673.0,719.0,723.0,680.0,95.41,96.55,96.44,95.94,24.48,24.31,24.31,24.38,48.0,46.0,40.0,39.0,34.0
1775331034000,1.0,1.0,1.0,1.0,1.0,716.0,711.0,743.0,709.0,95.55,96.61,96.54,96.03,24.47,24.3,24.31,24.37,50.0,43.0,41.0,32.0,34.0
1775331335000,1.0,1.0,1.0,1.0,1.0,754.0,733.0,724.0,681.0,95.65,96.7,96.58,96.04,24.47,24.31,24.31,24.36,46.0,43.0,47.0,35.0,38.0
1775331635000,1.0,1.0,1.0,1.0,1.0,707.0,722.0,689.0,689.0,95.63,96.68,96.63,96.05,24.49,24.3,24.31,24.37,49.0,46.0,41.0,37.0,38.0
1775331936000,1.0,1.0,1.0,1.0,1.0,685.0,721.0,707.0,679.0,95.64,96.66,96.58,96.02,24.48,24.3,24.28,24.38,46.0,46.0,45.0,36.0,36.0
1775332237000,1.0,1.0,1.0,1.0,1.0,733.0,738.0,695.0,709.0,95.67,96.63,96.64,96.07,24.49,24.29,24.3,24.36,49.0,43.0,44.0,36.0,33.0
1775332537000,1.0,1.0,1.0,1.0,1.0,699.0,730.0,684.0,690.0,95.59,96.52,96.35,96.01,24.48,24.29,24.3,24.36,45.0,41.0,43.0,33.0,38.0
1775332838000,1.0,1.0,1.0,1.0,1.0,711.0,716.0,722.0,707.0,95.6,96.69,96.56,96.12,24.49,24.28,24.28,24.36,38.0,41.0,37.0,35.0,36.0
1775333138000,1.0,1.0,1.0,1.0,1.0,692.0,731.0,770.0,704.0,95.69,96.79,96.69,96.19,24.47,24.29,24.28,24.35,43.0,39.0,33.0,34.0,35.0
1775333439000,1.0,1.0,1.0,1.0,1.0,694.0,726.0,681.0,731.0,95.69,96.86,96.77,96.27,24.46,24.28,24.28,24.34,36.0,36.0,38.0,33.0,36.0
1775333739000,1.0,1.0,1.0,1.0,1.0,680.0,704.0,698.0,714.0,95.4,96.72,96.82,96.27,24.46,24.28,24.27,24.33,41.0,42.0,37.0,33.0,36.0
1775334040000,1.0,1.0,1.0,1.0,1.0,668.0,672.0,696.0,716.0,95.32,96.63,96.77,96.29,24.46,24.27,24.26,24.32,39.0,39.0,33.0,29.0,32.0
1775334341000,1.0,1.0,1.0,1.0,1.0,687.0,741.0,730.0,677.0,95.41,96.83,96.88,96.28,24.46,24.26,24.26,24.32,32.0,41.0,44.0,32.0,36.0
1775334641000,1.0,1.0,1.0,1.0,1.0,661.0,688.0,699.0,698.0,95.45,96.79,96.85,96.27,24.45,24.25,24.25,24.32,35.0,38.0,39.0,33.0,36.0
1775334942000,1.0,1.0,1.0,1.0,1.0,690.0,697.0,698.0,665.0,95.56,96.78,96.84,96.23,24.43,24.24,24.24,24.3,37.0,36.0,44.0,27.0,37.0
1775335242000,1.0,1.0,1.0,1.0,1.0,657.0,689.0,728.0,691.0,95.35,96.58,96.71,96.27,24.43,24.23,24.23,24.3,40.0,41.0,35.0,32.0,34.0
1775335543000,1.0,1.0,1.0,1.0,1.0,685.0,702.0,682.0,701.0,95.5,96.8,96.78,96.3,24.42,24.22,24.22,24.29,36.0,39.0,33.0,31.0,30.0
1775335843000,1.0,1.0,1.0,1.0,1.0,676.0,696.0,732.0,678.0,95.61,96.82,96.87,96.37,24.41,24.22,24.22,24.29,34.0,38.0,35.0,27.0,36.0
1775336144000,1.0,1.0,1.0,1.0,1.0,696.0,681.0,682.0,697.0,95.59,96.82,96.76,96.36,24.4,24.21,24.21,24.27,36.0,38.0,34.0,32.0,37.0
1775336445000,1.0,1.0,1.0,1.0,1.0,665.0,634.0,727.0,688.0,95.52,96.67,96.87,96.42,24.4,24.21,24.2,24.28,33.0,37.0,35.0,31.0,31.0
1775336745000,1.0,1.0,1.0,1.0,1.0,643.0,690.0,746.0,679.0,95.64,96.84,96.98,96.53,24.39,24.19,24.2,24.27,33.0,36.0,34.0,32.0,37.0
1775337046000,1.0,1.0,1.0,1.0,1.0,693.0,713.0,722.0,670.0,95.69,96.95,97.16,96.56,24.38,24.19,24.21,24.25,31.0,34.0,29.0,37.0,31.0
1775337346000,1.0,1.0,1.0,1.0,1.0,687.0,689.0,731.0,704.0,95.9,97.12,97.21,96.7,24.39,24.19,24.19,24.25,34.0,35.0,32.0,35.0,35.0
1775337647000,1.0,1.0,1.0,1.0,1.0,675.0,665.0,698.0,653.0,96.13,97.25,97.21,96.69,24.38,24.19,24.19,24.26,31.0,36.0,34.0,39.0,39.0
1775337947000,1.0,1.0,1.0,1.0,1.0,677.0,699.0,694.0,699.0,96.19,97.35,97.31,96.75,24.38,24.17,24.18,24.23,34.0,34.0,37.0,38.0,38.0
1775338248000,1.0,1.0,1.0,1.0,1.0,699.0,696.0,713.0,689.0,96.33,97.43,97.38,96.89,24.37,24.18,24.16,24.23,36.0,39.0,34.0,37.0,39.0
1775338549000,1.0,1.0,1.0,1.0,1.0,699.0,713.0,708.0,706.0,96.36,97.43,97.48,96.98,24.36,24.17,24.17,24.24,41.0,41.0,37.0,40.0,37.0
1775338849000,1.0,1.0,1.0,1.0,1.0,694.0,750.0,741.0,651.0,96.35,97.54,97.52,96.99,24.35,24.17,24.16,24.24,44.0,41.0,38.0,36.0,36.0
1775339150000,1.0,1.0,1.0,1.0,1.0,725.0,672.0,677.0,714.0,96.48,97.55,97.57,97.05,24.36,24.16,24.15,24.23,37.0,40.0,36.0,40.0,37.0
1775339450000,1.0,1.0,1.0,1.0,1.0,662.0,694.0,728.0,688.0,96.51,97.54,97.59,97.08,24.34,24.17,24.17,24.23,41.0,37.0,37.0,38.0,37.0
1775339751000,1.0,1.0,1.0,1.0,1.0,689.0,678.0,707.0,675.0,96.45,97.41,97.54,97.09,24.35,24.15,24.16,24.2,31.0,41.0,38.0,37.0,40.0
1775340051000,1.0,1.0,1.0,1.0,1.0,661.0,697.0,656.0,695.0,96.39,97.46,97.38,97.15,24.34,24.15,24.15,24.22,34.0,36.0,35.0,33.0,39.0
1775340352000,1.0,1.0,1.0,1.0,1.0,662.0,691.0,731.0,718.0,96.53,97.65,97.6,97.28,24.34,24.15,24.16,24.21,31.0,38.0,34.0,34.0,34.0
1775340653000,1.0,1.0,1.0,1.0,1.0,682.0,740.0,737.0,684.0,96.61,97.77,97.69,97.27,24.32,24.15,24.15,24.2,32.0,37.0,33.0,33.0,35.0
1775340953000,1.0,1.0,1.0,1.0,1.0,668.0,700.0,678.0,710.0,96.64,97.8,97.78,97.39,24.34,24.13,24.14,24.21,37.0,31.0,30.0,35.0,37.0
1775341254000,1.0,1.0,1.0,1.0,1.0,672.0,717.0,698.0,704.0,96.66,97.9,97.82,97.35,24.33,24.14,24.14,24.21,35.0,41.0,32.0,40.0,35.0
1775341554000,1.0,1.0,1.0,1.0,1.0,689.0,692.0,702.0,716.0,96.68,97.8,97.87,97.37,24.34,24.14,24.14,24.2,34.0,39.0,36.0,39.0,36.0
1775341855000,1.0,1.0,1.0,1.0,1.0,681.0,702.0,687.0,659.0,96.68,97.87,97.93,97.41,24.33,24.14,24.15,24.2,35.0,40.0,40.0,36.0,37.0
1775342155000,1.0,1.0,1.0,1.0,1.0,748.0,669.0,692.0,708.0,96.88,97.68,97.94,97.43,24.32,24.14,24.14,24.2,40.0,37.0,32.0,33.0,37.0
1775342456000,1.0,1.0,1.0,1.0,1.0,690.0,692.0,668.0,667.0,96.73,97.9,97.96,97.5,24.32,24.13,24.13,24.2,39.0,43.0,38.0,38.0,37.0
1775342757000,1.0,1.0,1.0,1.0,1.0,715.0,730.0,662.0,715.0,96.78,97.93,97.94,97.49,24.32,24.14,24.14,24.18,38.0,38.0,34.0,36.0,38.0
1775343057000,1.0,1.0,1.0,1.0,1.0,695.0,661.0,663.0,686.0,96.8,97.89,97.97,97.51,24.33,24.13,24.13,24.17,37.0,37.0,39.0,35.0,31.0
1775343358000,1.0,1.0,1.0,1.0,1.0,704.0,699.0,688.0,718.0,96.79,97.99,97.96,97.58,24.32,24.13,24.12,24.18,32.0,39.0,35.0,32.0,36.0
1775343658000,1.0,1.0,1.0,1.0,1.0,650.0,716.0,688.0,687.0,96.79,97.97,98.08,97.6,24.31,24.13,24.13,24.18,37.0,35.0,36.0,36.0,28.0
1775343959000,1.0,1.0,1.0,1.0,1.0,719.0,696.0,669.0,699.0,96.98,98.07,98.13,97.61,24.31,24.13,24.12,24.17,39.0,40.0,34.0,34.0,36.0
1775344259000,1.0,1.0,1.0,1.0,1.0,675.0,701.0,693.0,698.0,96.9,97.93,98.11,97.59,24.31,24.12,24.12,24.17,41.0,41.0,35.0,35.0,38.0
1775344560000,1.0,1.0,1.0,1.0,1.0,639.0,665.0,670.0,703.0,96.64,97.79,97.93,97.65,24.29,24.11,24.1,24.17,42.0,39.0,35.0,29.0,42.0
1775344861000,1.0,1.0,1.0,1.0,1.0,635.0,702.0,665.0,673.0,96.59,97.72,97.92,97.58,24.29,24.1,24.1,24.16,37.0,40.0,39.0,32.0,39.0
1775345161000,1.0,1.0,1.0,1.0,1.0,640.0,672.0,704.0,689.0,96.69,97.91,98.0,97.61,24.27,24.1,24.09,24.16,33.0,37.0,34.0,34.0,40.0
1775345462000,1.0,1.0,1.0,1.0,1.0,675.0,720.0,663.0,670.0,96.75,98.05,98.04,97.54,24.28,24.09,24.08,24.15,37.0,34.0,35.0,34.0,38.0
1775345762000,1.0,1.0,1.0,1.0,1.0,684.0,676.0,685.0,687.0,96.69,97.98,98.11,97.57,24.27,24.09,24.09,24.13,40.0,40.0,33.0,36.0,33.0
1775346063000,1.0,1.0,1.0,1.0,1.0,636.0,660.0,700.0,676.0,96.56,97.81,98.1,97.58,24.28,24.09,24.09,24.13,36.0,35.0,31.0,32.0,33.0
1775346363000,1.0,1.0,1.0,1.0,1.0,635.0,620.0,623.0,620.0,96.43,97.65,97.84,97.42,24.26,24.08,24.08,24.13,37.0,39.0,34.0,33.0,37.0
1775346664000,1.0,1.0,1.0,1.0,1.0,628.0,642.0,674.0,642.0,96.63,97.67,97.76,97.44,24.25,24.08,24.08,24.13,39.0,40.0,36.0,29.0,33.0
1775346965000,1.0,1.0,1.0,1.0,1.0,641.0,672.0,667.0,662.0,96.59,97.74,97.83,97.53,24.24,24.06,24.07,24.14,40.0,38.0,38.0,32.0,34.0
1775347265000,1.0,1.0,1.0,1.0,1.0,618.0,602.0,588.0,656.0,96.56,97.43,97.52,97.48,24.26,24.07,24.07,24.13,35.0,33.0,37.0,33.0,30.0
1775347566000,1.0,1.0,1.0,1.0,1.0,603.0,647.0,605.0,628.0,96.5,97.67,97.75,97.54,24.24,24.08,24.08,24.12,39.0,39.0,37.0,29.0,33.0
1775347866000,1.0,1.0,1.0,1.0,1.0,666.0,663.0,599.0,631.0,96.8,97.9,97.87,97.45,24.25,24.07,24.07,24.12,38.0,33.0,31.0,31.0,35.0
1775348167000,1.0,1.0,1.0,1.0,1.0,659.0,633.0,664.0,695.0,96.91,98.03,97.93,97.58,24.25,24.08,24.07,24.12,38.0,34.0,38.0,33.0,35.0
1775348467000,1.0,1.0,1.0,1.0,1.0,657.0,659.0,657.0,677.0,96.85,97.98,98.04,97.65,24.26,24.08,24.07,24.14,37.0,36.0,33.0,33.0,42.0
1775348768000,1.0,1.0,1.0,1.0,1.0,605.0,602.0,641.0,641.0,96.53,97.75,98.0,97.67,24.28,24.08,24.08,24.13,38.0,34.0,34.0,34.0,54.0
1775349069000,1.0,1.0,1.0,1.0,1.0,612.0,596.0,630.0,621.0,96.51,97.71,97.96,97.55,24.26,24.09,24.08,24.12,37.0,43.0,38.0,36.0,54.0
1775349369000,1.0,1.0,1.0,1.0,1.0,602.0,630.0,601.0,631.0,96.56,97.68,97.85,97.55,24.26,24.09,24.09,24.13,39.0,42.0,37.0,40.0,50.0
1775349670000,1.0,1.0,1.0,1.0,1.0,620.0,601.0,620.0,633.0,96.53,97.69,97.76,97.46,24.27,24.1,24.1,24.14,39.0,39.0,40.0,36.0,53.0
1775349970000,1.0,1.0,1.0,1.0,1.0,639.0,582.0,608.0,639.0,96.57,97.68,97.77,97.48,24.28,24.11,24.12,24.15,40.0,39.0,41.0,32.0,51.0
1775350271000,1.0,1.0,1.0,1.0,1.0,603.0,595.0,561.0,611.0,96.53,97.66,97.7,97.36,24.29,24.12,24.12,24.15,42.0,39.0,38.0,34.0,47.0
1775350571000,1.0,1.0,1.0,1.0,1.0,581.0,601.0,559.0,612.0,96.56,97.67,97.68,97.43,24.28,24.12,24.12,24.18,39.0,40.0,36.0,38.0,43.0
1775350872000,1.0,1.0,1.0,1.0,1.0,601.0,605.0,623.0,605.0,96.71,97.69,97.75,97.47,24.3,24.13,24.14,24.19,36.0,40.0,39.0,35.0,43.0
1775351173000,1.0,1.0,1.0,1.0,1.0,631.0,610.0,613.0,615.0,96.87,97.89,97.88,97.62,24.31,24.15,24.15,24.19,38.0,39.0,32.0,31.0,36.0
1775351473000,1.0,1.0,1.0,1.0,1.0,612.0,612.0,612.0,608.0,96.85,97.87,97.86,97.51,24.32,24.17,24.17,24.22,38.0,38.0,36.0,36.0,36.0
1775351774000,1.0,1.0,1.0,1.0,1.0,580.0,584.0,593.0,623.0,96.96,97.91,97.93,97.48,24.34,24.18,24.18,24.23,36.0,43.0,42.0,43.0,35.0
1775352074000,1.0,1.0,1.0,1.0,1.0,592.0,629.0,636.0,616.0,96.99,98.07,98.09,97.49,24.35,24.2,24.2,24.24,41.0,41.0,36.0,37.0,35.0
1775352375000,1.0,1.0,1.0,1.0,1.0,627.0,600.0,605.0,641.0,97.13,98.01,98.08,97.62,24.39,24.24,24.23,24.27,32.0,40.0,44.0,38.0,41.0
1775352675000,1.0,1.0,1.0,1.0,1.0,626.0,593.0,647.0,626.0,97.23,98.07,98.24,97.79,24.41,24.26,24.27,24.3,38.0,43.0,48.0,39.0,48.0
1775352976000,1.0,1.0,1.0,1.0,1.0,584.0,629.0,626.0,611.0,97.08,98.06,98.25,97.85,24.46,24.3,24.29,24.33,36.0,41.0,45.0,42.0,57.0
1775353276000,1.0,1.0,1.0,1.0,1.0,578.0,565.0,618.0,624.0,96.82,97.88,98.03,97.65,24.48,24.33,24.31,24.36,41.0,43.0,50.0,49.0,57.0
1775353577000,1.0,1.0,1.0,1.0,1.0,576.0,630.0,575.0,596.0,96.83,97.93,97.95,97.62,24.52,24.38,24.37,24.42,43.0,44.0,47.0,56.0,53.0
1775353878000,1.0,1.0,1.0,1.0,1.0,592.0,618.0,588.0,634.0,96.98,98.01,98.04,97.53,24.56,24.43,24.42,24.46,43.0,45.0,52.0,54.0,58.0
1775354178000,1.0,1.0,1.0,1.0,1.0,641.0,592.0,602.0,622.0,97.07,97.95,97.91,97.53,24.62,24.47,24.47,24.52,43.0,48.0,48.0,65.0,59.0
1775354479000,1.0,1.0,1.0,1.0,1.0,610.0,566.0,631.0,616.0,96.92,97.89,97.87,97.38,24.67,24.54,24.53,24.58,45.0,48.0,51.0,66.0,61.0
1775354779000,1.0,1.0,1.0,1.0,1.0,598.0,580.0,570.0,597.0,96.57,97.55,97.61,97.18,24.73,24.6,24.58,24.64,46.0,50.0,58.0,59.0,62.0
1775355080000,1.0,1.0,1.0,1.0,2.0,580.0,593.0,594.0,602.0,96.52,97.48,97.39,96.98,24.78,24.66,24.65,24.69,47.0,56.0,55.0,53.0,65.0
1775355380000,1.0,1.0,1.0,1.0,1.0,573.0,567.0,557.0,590.0,96.46,97.4,97.25,96.94,24.86,24.72,24.72,24.76,46.0,53.0,51.0,58.0,55.0
1775355681000,1.0,1.0,1.0,1.0,1.0,589.0,598.0,599.0,600.0,96.57,97.32,97.18,96.82,24.91,24.79,24.77,24.82,47.0,55.0,49.0,56.0,57.0
1775355982000,1.0,1.0,1.0,1.0,1.0,549.0,571.0,542.0,548.0,95.93,96.82,96.73,96.43,24.98,24.84,24.84,24.89,43.0,59.0,54.0,53.0,54.0
1775356282000,1.0,1.0,1.0,1.0,1.0,550.0,561.0,567.0,607.0,95.79,96.75,96.71,96.45,25.04,24.91,24.9,24.95,51.0,55.0,55.0,57.0,62.0
1775356583000,1.0,1.0,1.0,1.0,1.0,568.0,572.0,557.0,607.0,95.77,96.76,96.69,96.21,25.09,24.99,24.99,25.03,53.0,53.0,56.0,60.0,56.0
1775356883000,1.0,1.0,1.0,1.0,1.0,586.0,599.0,622.0,586.0,95.75,96.71,96.68,96.13,25.17,25.06,25.05,25.11,55.0,54.0,59.0,64.0,60.0
1775357184000,1.0,1.0,1.0,2.0,2.0,600.0,633.0,563.0,587.0,95.88,96.91,96.56,96.15,25.24,25.13,25.15,25.2,53.0,60.0,64.0,71.0,72.0
1775357485000,1.0,1.0,1.0,2.0,2.0,602.0,553.0,570.0,612.0,95.65,96.51,96.37,96.02,25.34,25.23,25.24,25.29,52.0,62.0,61.0,81.0,73.0
1775357785000,1.0,1.0,1.0,2.0,2.0,572.0,571.0,585.0,566.0,95.54,96.52,96.23,95.86,25.43,25.32,25.33,25.37,60.0,63.0,63.0,78.0,78.0
1775358086000,1.0,2.0,1.0,2.0,2.0,585.0,565.0,583.0,583.0,95.44,96.36,96.03,95.44,25.54,25.43,25.43,25.47,59.0,69.0,68.0,73.0,73.0
1775358386000,1.0,1.0,1.0,2.0,2.0,509.0,497.0,497.0,528.0,93.97,94.68,94.52,94.13,25.59,25.49,25.49,25.55,55.0,65.0,58.0,70.0,71.0
1775358687000,1.0,1.0,1.0,1.0,1.0,516.0,490.0,457.0,460.0,93.32,93.98,93.94,93.45,25.57,25.49,25.46,25.55,50.0,61.0,60.0,63.0,58.0
1775358987000,1.0,1.0,1.0,1.0,1.0,515.0,493.0,475.0,532.0,93.11,93.8,93.91,93.22,25.52,25.45,25.36,25.53,54.0,65.0,47.0,52.0,54.0
1775359288000,1.0,1.0,1.0,1.0,1.0,511.0,516.0,467.0,525.0,92.82,93.53,93.8,92.91,25.5,25.42,25.3,25.52,39.0,52.0,42.0,50.0,46.0
1775359588000,1.0,1.0,1.0,1.0,1.0,513.0,479.0,474.0,509.0,93.03,93.67,93.93,92.86,25.45,25.39,25.26,25.51,38.0,55.0,43.0,48.0,41.0
1775359889000,1.0,1.0,1.0,1.0,1.0,504.0,499.0,494.0,482.0,93.01,93.71,93.91,92.77,25.48,25.4,25.25,25.51,40.0,51.0,40.0,47.0,44.0
1775360190000,1.0,1.0,1.0,1.0,1.0,502.0,489.0,528.0,483.0,92.93,93.56,93.86,92.69,25.47,25.42,25.26,25.52,43.0,51.0,45.0,51.0,43.0
1775360490000,1.0,1.0,1.0,1.0,1.0,473.0,451.0,508.0,509.0,93.08,93.68,93.97,92.61,25.51,25.44,25.27,25.56,39.0,55.0,48.0,51.0,44.0
1775360791000,1.0,1.0,1.0,1.0,1.0,493.0,503.0,450.0,488.0,93.44,94.04,94.4,92.94,25.57,25.5,25.3,25.6,43.0,54.0,47.0,56.0,54.0
1775361091000,1.0,1.0,1.0,1.0,1.0,494.0,481.0,468.0,492.0,93.26,93.92,94.26,92.89,25.65,25.58,25.38,25.67,44.0,55.0,48.0,57.0,50.0
1775361392000,1.0,1.0,1.0,1.0,1.0,482.0,499.0,464.0,483.0,92.9,93.64,93.92,92.52,25.76,25.67,25.46,25.76,43.0,63.0,50.0,64.0,59.0
1775361692000,1.0,1.0,1.0,2.0,1.0,520.0,447.0,460.0,482.0,92.36,93.14,93.49,92.11,25.87,25.79,25.55,25.88,47.0,61.0,55.0,66.0,64.0
1775361993000,1.0,1.0,1.0,1.0,1.0,500.0,491.0,471.0,482.0,92.06,92.8,93.27,91.74,25.99,25.9,25.67,26.0,53.0,63.0,58.0,64.0,67.0
1775362294000,1.0,2.0,1.0,2.0,2.0,500.0,492.0,498.0,493.0,91.59,92.26,92.92,91.4,26.1,26.0,25.79,26.12,52.0,68.0,61.0,68.0,70.0
1775362594000,1.0,2.0,1.0,2.0,2.0,491.0,509.0,498.0,473.0,91.67,92.3,92.86,91.42,26.22,26.14,25.9,26.24,62.0,73.0,58.0,72.0,77.0
1775362895000,1.0,2.0,2.0,2.0,2.0,494.0,467.0,493.0,455.0,91.59,92.35,92.83,91.27,26.34,26.27,26.03,26.38,58.0,74.0,68.0,85.0,79.0
1775363195000,1.0,2.0,2.0,2.0,2.0,499.0,453.0,478.0,464.0,91.33,92.06,92.54,91.03,26.48,26.44,26.17,26.52,60.0,73.0,72.0,89.0,85.0
1775363496000,1.0,2.0,2.0,2.0,2.0,494.0,446.0,462.0,473.0,90.79,91.48,92.11,90.59,26.64,26.59,26.32,26.67,65.0,78.0,71.0,91.0,93.0
1775363796000,1.0,2.0,2.0,2.0,2.0,517.0,455.0,451.0,473.0,90.83,91.61,92.23,90.5,26.77,26.73,26.45,26.82,64.0,90.0,75.0,98.0,94.0
1775364097000,1.0,2.0,2.0,2.0,2.0,494.0,475.0,459.0,474.0,89.91,90.45,91.15,89.65,26.92,26.87,26.58,26.95,66.0,89.0,85.0,93.0,101.0
1775364398000,2.0,2.0,2.0,2.0,2.0,478.0,477.0,473.0,482.0,90.12,90.88,91.65,89.95,27.04,26.99,26.71,27.08,74.0,92.0,81.0,103.0,101.0
1775364698000,2.0,2.0,2.0,2.0,2.0,499.0,451.0,441.0,492.0,90.01,90.81,91.55,89.89,27.14,27.12,26.83,27.21,79.0,91.0,88.0,103.0,108.0
1775364999000,2.0,2.0,2.0,2.0,2.0,513.0,483.0,474.0,480.0,89.47,90.21,91.03,89.33,27.3,27.25,26.96,27.34,84.0,96.0,88.0,107.0,116.0
1775365299000,2.0,2.0,2.0,2.0,2.0,497.0,473.0,483.0,476.0,89.46,90.18,90.86,89.15,27.45,27.4,27.09,27.5,82.0,105.0,93.0,118.0,119.0
1775365600000,2.0,2.0,2.0,2.0,2.0,449.0,474.0,448.0,473.0,88.59,89.35,90.3,88.53,27.58,27.54,27.23,27.66,82.0,109.0,92.0,118.0,123.0
1775365900000,2.0,2.0,2.0,2.0,2.0,444.0,469.0,465.0,440.0,88.08,88.85,89.68,87.78,27.7,27.7,27.36,27.79,81.0,110.0,93.0,127.0,127.0
1775366201000,2.0,2.0,2.0,2.0,2.0,469.0,437.0,450.0,496.0,88.06,88.76,89.59,87.65,27.81,27.83,27.5,27.92,87.0,118.0,102.0,127.0,132.0
1775366502000,2.0,2.0,2.0,2.0,2.0,463.0,477.0,483.0,443.0,87.45,88.05,89.12,87.18,27.94,27.94,27.61,28.07,90.0,115.0,104.0,122.0,134.0
1775366802000,2.0,2.0,2.0,2.0,2.0,472.0,475.0,477.0,469.0,87.46,88.01,89.01,87.03,28.06,28.08,27.73,28.21,94.0,123.0,104.0,134.0,137.0
1775367103000,2.0,2.0,2.0,2.0,2.0,454.0,455.0,450.0,462.0,86.8,87.42,88.48,86.38,28.17,28.21,27.85,28.32,96.0,123.0,102.0,136.0,143.0
1775367403000,2.0,2.0,2.0,2.0,2.0,468.0,468.0,478.0,484.0,87.09,87.58,88.51,86.4,28.27,28.33,27.94,28.46,101.0,128.0,109.0,139.0,152.0
1775367704000,2.0,2.0,2.0,2.0,2.0,492.0,482.0,462.0,480.0,86.1,86.72,87.61,85.59,28.37,28.44,28.02,28.56,105.0,130.0,112.0,137.0,146.0
1775368004000,2.0,2.0,2.0,2.0,2.0,463.0,482.0,455.0,487.0,85.97,86.54,87.68,85.41,28.45,28.52,28.11,28.67,107.0,135.0,121.0,148.0,153.0
1775368305000,2.0,2.0,2.0,2.0,2.0,466.0,473.0,440.0,452.0,86.2,86.66,87.9,85.52,28.51,28.6,28.21,28.74,108.0,131.0,119.0,146.0,157.0
1775368606000,2.0,2.0,2.0,2.0,2.0,472.0,442.0,461.0,483.0,86.03,86.42,87.57,85.16,28.59,28.68,28.27,28.82,110.0,136.0,116.0,150.0,161.0
1775368906000,2.0,2.0,2.0,2.0,2.0,492.0,499.0,491.0,464.0,85.27,85.74,86.94,84.45,28.62,28.75,28.35,28.89,110.0,144.0,118.0,147.0,148.0
1775369207000,2.0,2.0,2.0,2.0,2.0,458.0,472.0,474.0,476.0,85.22,85.6,86.63,84.18,28.68,28.82,28.4,28.96,115.0,141.0,118.0,147.0,163.0
1775369507000,2.0,2.0,2.0,2.0,2.0,498.0,461.0,474.0,467.0,85.01,85.33,86.5,83.96,28.74,28.87,28.45,29.01,109.0,145.0,123.0,149.0,166.0
1775369808000,2.0,2.0,2.0,2.0,2.0,464.0,473.0,439.0,451.0,84.52,84.89,86.1,83.57,28.78,28.92,28.5,29.04,115.0,147.0,113.0,153.0,161.0
1775370108000,2.0,2.0,2.0,2.0,2.0,514.0,468.0,462.0,447.0,84.66,84.95,86.14,83.56,28.8,28.92,28.52,29.07,109.0,142.0,121.0,154.0,166.0
1775370409000,2.0,2.0,2.0,2.0,2.0,484.0,452.0,462.0,439.0,84.69,85.0,86.14,83.63,28.77,28.92,28.5,29.04,112.0,138.0,116.0,147.0,155.0
1775370710000,2.0,2.0,2.0,2.0,2.0,466.0,464.0,465.0,465.0,85.12,85.45,86.6,84.07,28.73,28.87,28.45,29.03,109.0,142.0,122.0,150.0,155.0
1775371010000,2.0,2.0,2.0,2.0,2.0,478.0,486.0,463.0,463.0,85.64,85.89,87.15,84.48,28.71,28.83,28.43,28.99,109.0,142.0,122.0,156.0,157.0
1775371311000,2.0,2.0,2.0,2.0,2.0,471.0,440.0,466.0,468.0,85.58,85.73,86.97,84.41,28.7,28.85,28.43,28.99,109.0,144.0,120.0,149.0,162.0
1775371611000,2.0,2.0,2.0,2.0,2.0,452.0,508.0,425.0,476.0,85.59,85.8,87.03,84.52,28.73,28.85,28.48,29.0,118.0,148.0,122.0,159.0,169.0
1775371912000,2.0,2.0,2.0,2.0,2.0,459.0,457.0,434.0,460.0,86.65,86.8,87.92,85.31,28.8,28.91,28.53,29.06,124.0,150.0,123.0,164.0,170.0
1775372212000,2.0,2.0,2.0,2.0,2.0,471.0,449.0,450.0,441.0,85.97,86.19,87.34,84.98,28.87,28.99,28.61,29.12,122.0,158.0,129.0,163.0,174.0
1775372513000,2.0,2.0,2.0,2.0,2.0,448.0,424.0,477.0,467.0,85.98,86.3,87.37,84.93,28.96,29.08,28.67,29.21,130.0,161.0,130.0,163.0,178.0
1775372814000,2.0,2.0,2.0,2.0,2.0,485.0,451.0,459.0,464.0,85.39,85.56,86.75,84.28,29.05,29.16,28.76,29.29,124.0,157.0,134.0,163.0,182.0
1775373114000,2.0,2.0,2.0,2.0,2.0,463.0,456.0,434.0,489.0,85.46,85.68,86.93,84.49,29.11,29.25,28.84,29.37,132.0,163.0,137.0,166.0,182.0
1775373415000,2.0,2.0,2.0,2.0,2.0,488.0,458.0,439.0,458.0,85.58,85.87,86.96,84.51,29.19,29.31,28.93,29.44,134.0,164.0,129.0,176.0,176.0
1775373715000,2.0,2.0,2.0,2.0,2.0,464.0,413.0,454.0,459.0,86.21,86.4,87.41,84.97,29.27,29.4,29.02,29.53,131.0,165.0,135.0,172.0,190.0
1775374016000,2.0,2.0,2.0,2.0,2.0,462.0,449.0,452.0,480.0,85.5,85.58,86.72,84.33,29.35,29.48,29.09,29.59,130.0,166.0,143.0,172.0,186.0
1775374316000,2.0,2.0,2.0,2.0,2.0,474.0,463.0,453.0,443.0,84.75,85.1,86.12,84.01,29.41,29.53,29.17,29.66,140.0,171.0,143.0,186.0,179.0
1775374617000,2.0,2.0,2.0,2.0,2.0,437.0,441.0,469.0,458.0,85.2,85.53,86.63,84.33,29.47,29.6,29.25,29.73,139.0,173.0,146.0,169.0,188.0
1775374918000,2.0,2.0,2.0,2.0,2.0,476.0,468.0,474.0,453.0,85.16,85.5,86.69,84.28,29.53,29.67,29.31,29.79,144.0,171.0,148.0,185.0,190.0
1775375218000,2.0,2.0,2.0,2.0,2.0,416.0,429.0,440.0,464.0,85.14,85.34,86.5,83.9,29.58,29.74,29.37,29.86,139.0,176.0,145.0,182.0,188.0
1775375519000,2.0,2.0,2.0,2.0,2.0,466.0,452.0,469.0,412.0,85.16,85.25,86.4,83.88,29.63,29.79,29.41,29.92,135.0,176.0,147.0,185.0,196.0
1775375819000,2.0,2.0,2.0,2.0,2.0,438.0,436.0,437.0,456.0,85.12,85.29,86.54,84.47,29.67,29.82,29.44,29.89,137.0,179.0,142.0,185.0,191.0
1775376120000,2.0,2.0,2.0,2.0,2.0,444.0,452.0,437.0,488.0,84.96,85.11,86.34,84.6,29.71,29.86,29.47,29.84,138.0,180.0,140.0,183.0,195.0
1775376420000,2.0,2.0,2.0,2.0,2.0,460.0,441.0,449.0,438.0,85.24,85.51,86.82,85.13,29.74,29.91,29.52,29.83,145.0,183.0,151.0,183.0,202.0
1775376721000,2.0,2.0,2.0,2.0,2.0,460.0,439.0,438.0,482.0,85.16,85.33,86.34,84.98,29.77,29.94,29.57,29.79,143.0,185.0,143.0,187.0,194.0
1775377022000,2.0,2.0,2.0,2.0,2.0,442.0,459.0,423.0,460.0,85.58,85.62,86.7,85.41,29.8,29.98,29.6,29.78,151.0,185.0,148.0,192.0,191.0
1775377322000,2.0,2.0,2.0,2.0,2.0,430.0,465.0,455.0,462.0,84.96,85.01,86.11,85.13,29.8,30.02,29.64,29.8,145.0,176.0,144.0,188.0,190.0
1775377623000,2.0,2.0,2.0,2.0,2.0,444.0,443.0,461.0,421.0,84.92,84.84,85.98,84.96,29.84,30.05,29.67,29.8,142.0,178.0,149.0,187.0,192.0
1775377923000,2.0,2.0,2.0,2.0,2.0,453.0,482.0,447.0,423.0,84.56,84.45,85.6,84.74,29.85,30.06,29.69,29.79,143.0,179.0,147.0,183.0,190.0
1775378224000,2.0,2.0,2.0,2.0,2.0,440.0,467.0,435.0,446.0,84.68,84.69,85.58,84.73,29.84,30.06,29.69,29.77,141.0,181.0,144.0,186.0,184.0
1775378524000,2.0,2.0,2.0,2.0,2.0,449.0,445.0,436.0,447.0,84.78,84.63,85.69,84.77,29.81,30.05,29.67,29.74,137.0,187.0,142.0,180.0,180.0
1775378825000,2.0,2.0,2.0,2.0,2.0,453.0,441.0,451.0,447.0,85.12,84.79,85.9,85.2,29.8,30.03,29.66,29.71,145.0,184.0,146.0,186.0,191.0
1775379126000,2.0,2.0,2.0,2.0,2.0,454.0,440.0,438.0,461.0,85.65,85.48,86.77,85.92,29.81,30.03,29.65,29.68,147.0,181.0,150.0,183.0,186.0
1775379426000,2.0,2.0,2.0,2.0,2.0,438.0,451.0,433.0,468.0,85.57,85.4,86.64,85.97,29.81,30.04,29.66,29.68,145.0,177.0,147.0,184.0,186.0
1775379727000,2.0,2.0,2.0,2.0,2.0,469.0,439.0,467.0,464.0,86.15,85.98,87.14,86.21,29.81,30.05,29.67,29.67,146.0,182.0,147.0,180.0,188.0
1775380027000,2.0,2.0,2.0,2.0,2.0,471.0,453.0,439.0,449.0,85.75,85.66,86.66,86.23,29.78,30.04,29.65,29.63,145.0,185.0,146.0,179.0,183.0
1775380328000,2.0,2.0,2.0,2.0,2.0,448.0,439.0,427.0,482.0,85.86,85.73,86.9,86.24,29.75,29.98,29.62,29.57,145.0,176.0,148.0,173.0,180.0
1775380628000,2.0,2.0,2.0,2.0,2.0,464.0,416.0,439.0,458.0,86.35,86.16,87.2,86.75,29.7,29.91,29.54,29.5,137.0,179.0,146.0,172.0,180.0
1775380929000,2.0,2.0,2.0,2.0,2.0,462.0,422.0,438.0,464.0,86.03,85.83,87.0,86.64,29.63,29.84,29.46,29.43,141.0,171.0,136.0,172.0,176.0
1775381230000,2.0,2.0,2.0,2.0,2.0,476.0,434.0,474.0,432.0,86.04,85.92,87.1,86.65,29.56,29.75,29.36,29.34,137.0,169.0,137.0,169.0,168.0
1775381530000,2.0,2.0,2.0,3.0,2.0,477.0,469.0,473.0,463.0,85.61,85.64,86.72,88.94,29.45,29.64,29.25,29.18,133.0,163.0,129.0,347.0,174.0
1775381831000,2.0,2.0,2.0,3.0,2.0,441.0,433.0,484.0,488.0,85.96,85.92,87.08,90.16,29.34,29.5,29.1,28.96,131.0,161.0,128.0,313.0,165.0
1775382131000,2.0,2.0,2.0,3.0,2.0,497.0,453.0,464.0,496.0,86.38,86.52,87.52,91.37,29.22,29.38,28.96,28.78,131.0,160.0,123.0,316.0,158.0
1775382432000,2.0,2.0,2.0,3.0,2.0,494.0,447.0,499.0,461.0,86.37,86.45,87.66,91.69,29.11,29.25,28.83,28.62,131.0,156.0,117.0,273.0,157.0
1775382732000,2.0,2.0,2.0,3.0,2.0,486.0,452.0,491.0,506.0,86.57,86.7,87.93,92.29,29.02,29.14,28.69,28.49,129.0,155.0,122.0,268.0,146.0
1775383033000,2.0,2.0,2.0,3.0,2.0,473.0,421.0,485.0,466.0,86.47,86.56,87.91,92.3,28.89,28.99,28.55,28.33,116.0,147.0,117.0,259.0,142.0
1775383334000,2.0,2.0,2.0,3.0,2.0,481.0,464.0,440.0,447.0,86.53,86.69,88.05,92.4,28.76,28.85,28.39,28.17,119.0,144.0,112.0,261.0,143.0
1775383634000,2.0,2.0,2.0,3.0,2.0,487.0,472.0,461.0,478.0,86.89,87.09,88.49,92.47,28.59,28.65,28.22,27.99,113.0,137.0,104.0,245.0,133.0
1775383935000,2.0,2.0,2.0,2.0,2.0,466.0,473.0,488.0,474.0,86.97,87.34,88.68,92.53,28.42,28.45,28.02,27.82,107.0,129.0,100.0,225.0,126.0
1775384235000,2.0,2.0,2.0,2.0,2.0,465.0,460.0,478.0,487.0,87.42,87.84,89.16,92.65,28.25,28.29,27.83,27.62,104.0,126.0,94.0,198.0,111.0
1775384536000,2.0,2.0,2.0,2.0,2.0,468.0,468.0,462.0,507.0,88.08,88.51,89.87,93.04,28.07,28.1,27.65,27.46,105.0,125.0,97.0,203.0,117.0
1775384836000,2.0,2.0,2.0,2.0,2.0,487.0,465.0,502.0,479.0,88.68,89.06,90.4,93.41,27.92,27.92,27.49,27.31,97.0,120.0,93.0,195.0,116.0
1775385137000,2.0,2.0,2.0,2.0,2.0,483.0,458.0,459.0,483.0,88.85,89.26,90.62,93.61,27.75,27.76,27.35,27.15,97.0,114.0,84.0,182.0,103.0
1775385438000,2.0,2.0,2.0,2.0,2.0,492.0,444.0,478.0,506.0,88.85,89.24,90.6,93.52,27.58,27.59,27.17,27.0,85.0,103.0,79.0,163.0,99.0
1775385738000,2.0,2.0,2.0,2.0,2.0,522.0,432.0,505.0,495.0,89.05,89.55,90.85,93.61,27.4,27.44,27.01,26.86,92.0,105.0,78.0,156.0,90.0
1775386039000,2.0,2.0,2.0,2.0,2.0,501.0,470.0,491.0,481.0,89.55,90.08,91.36,93.85,27.26,27.25,26.85,26.69,89.0,104.0,78.0,151.0,92.0
1775386339000,2.0,2.0,2.0,2.0,2.0,505.0,480.0,487.0,472.0,90.0,90.54,91.8,94.12,27.11,27.11,26.7,26.55,86.0,103.0,77.0,145.0,85.0
1775386640000,2.0,2.0,2.0,2.0,2.0,456.0,482.0,511.0,457.0,90.39,90.84,92.13,94.35,26.97,26.96,26.56,26.42,83.0,100.0,76.0,137.0,83.0
1775386940000,2.0,2.0,2.0,2.0,2.0,503.0,473.0,487.0,446.0,90.61,91.12,92.38,94.51,26.82,26.82,26.45,26.3,79.0,94.0,71.0,132.0,78.0
1775387241000,2.0,2.0,2.0,2.0,2.0,492.0,458.0,508.0,494.0,90.94,91.47,92.68,94.66,26.7,26.68,26.31,26.17,77.0,94.0,67.0,121.0,82.0
1775387542000,1.0,2.0,1.0,2.0,2.0,511.0,457.0,479.0,479.0,91.29,91.76,92.96,94.78,26.58,26.56,26.19,26.06,68.0,87.0,61.0,123.0,72.0
1775387842000,1.0,2.0,1.0,2.0,2.0,524.0,467.0,480.0,506.0,91.67,92.08,93.27,94.96,26.45,26.43,26.09,25.96,63.0,80.0,64.0,111.0,71.0
1775388143000,2.0,2.0,1.0,2.0,1.0,494.0,460.0,485.0,506.0,92.03,92.45,93.65,95.2,26.35,26.32,25.97,25.84,68.0,77.0,59.0,111.0,66.0
1775388443000,1.0,2.0,1.0,2.0,1.0,461.0,478.0,474.0,472.0,92.35,92.82,94.0,95.43,26.24,26.2,25.87,25.74,64.0,74.0,59.0,104.0,64.0
1775388744000,1.0,2.0,1.0,2.0,1.0,465.0,492.0,478.0,487.0,92.78,93.26,94.42,95.65,26.15,26.1,25.76,25.64,64.0,72.0,54.0,103.0,60.0
1775389044000,1.0,2.0,1.0,2.0,1.0,492.0,477.0,491.0,482.0,93.17,93.64,94.8,95.89,26.05,25.99,25.66,25.55,65.0,71.0,50.0,90.0,59.0
1775389345000,1.0,1.0,1.0,2.0,1.0,510.0,429.0,496.0,486.0,93.51,93.98,95.12,96.11,25.94,25.9,25.56,25.45,61.0,64.0,51.0,82.0,55.0
1775389646000,1.0,1.0,1.0,2.0,1.0,494.0,494.0,481.0,528.0,93.87,94.32,95.45,96.3,25.85,25.79,25.48,25.36,59.0,66.0,52.0,90.0,56.0
1775389946000,1.0,1.0,1.0,2.0,1.0,513.0,467.0,523.0,477.0,94.22,94.66,95.77,96.51,25.76,25.72,25.39,25.28,55.0,65.0,47.0,80.0,48.0
1775390247000,1.0,1.0,1.0,2.0,1.0,497.0,484.0,504.0,490.0,94.49,94.91,96.05,96.67,25.66,25.63,25.32,25.21,58.0,67.0,47.0,74.0,45.0
1775390547000,1.0,1.0,1.0,2.0,1.0,490.0,482.0,486.0,509.0,94.78,95.14,96.27,96.84,25.59,25.55,25.23,25.13,52.0,57.0,45.0,69.0,47.0
1775390848000,1.0,1.0,1.0,2.0,1.0,498.0,507.0,486.0,480.0,95.1,95.45,96.56,97.09,25.51,25.47,25.15,25.07,51.0,56.0,42.0,69.0,49.0
1775391148000,1.0,1.0,1.0,1.0,1.0,501.0,474.0,482.0,491.0,95.39,95.77,96.83,97.32,25.42,25.39,25.08,25.0,52.0,48.0,43.0,59.0,48.0
1775391449000,1.0,1.0,1.0,1.0,1.0,506.0,498.0,527.0,500.0,95.7,96.04,97.09,97.54,25.35,25.32,25.02,24.91,47.0,55.0,42.0,59.0,39.0
1775391750000,1.0,1.0,1.0,1.0,1.0,500.0,457.0,493.0,482.0,95.85,96.22,97.29,97.74,25.29,25.26,24.96,24.85,46.0,52.0,38.0,62.0,43.0
1775392050000,1.0,1.0,1.0,1.0,1.0,530.0,479.0,517.0,479.0,96.16,96.51,97.56,97.92,25.22,25.18,24.9,24.81,49.0,50.0,38.0,56.0,39.0
1775392351000,1.0,1.0,1.0,1.0,1.0,499.0,497.0,497.0,499.0,96.49,96.84,97.83,98.17,25.16,25.13,24.85,24.75,47.0,51.0,37.0,53.0,38.0
1775392651000,1.0,1.0,1.0,1.0,1.0,510.0,504.0,488.0,517.0,96.69,97.04,97.99,98.32,25.11,25.06,24.78,24.67,46.0,48.0,33.0,52.0,36.0
1775392952000,1.0,1.0,1.0,1.0,1.0,486.0,486.0,502.0,487.0,96.88,97.22,98.25,98.53,25.05,25.0,24.73,24.62,45.0,46.0,34.0,53.0,33.0
1775393252000,1.0,1.0,1.0,1.0,1.0,506.0,477.0,514.0,508.0,97.16,97.49,98.45,98.7,25.0,24.95,24.66,24.58,43.0,50.0,34.0,48.0,35.0
1775393553000,1.0,1.0,1.0,1.0,1.0,515.0,502.0,509.0,522.0,97.37,97.68,98.71,98.96,24.95,24.91,24.62,24.53,37.0,44.0,39.0,45.0,29.0
1775393854000,1.0,1.0,1.0,1.0,1.0,483.0,513.0,510.0,550.0,97.59,97.85,98.88,99.1,24.91,24.85,24.58,24.5,33.0,43.0,36.0,43.0,28.0
1775394154000,1.0,1.0,1.0,1.0,1.0,521.0,479.0,497.0,499.0,97.43,97.79,98.84,99.04,24.87,24.8,24.54,24.44,39.0,40.0,29.0,45.0,32.0
1775394455000,1.0,1.0,1.0,1.0,1.0,520.0,480.0,538.0,494.0,97.84,98.2,99.19,99.26,24.82,24.75,24.49,24.4,37.0,40.0,34.0,37.0,36.0
1775394755000,1.0,1.0,1.0,1.0,1.0,494.0,490.0,500.0,522.0,97.85,98.12,99.29,99.5,24.77,24.7,24.44,24.35,37.0,39.0,35.0,38.0,37.0
1775395056000,1.0,1.0,1.0,1.0,1.0,511.0,509.0,487.0,483.0,97.99,98.35,99.38,99.6,24.73,24.66,24.41,24.31,35.0,41.0,34.0,39.0,34.0
1775395356000,1.0,1.0,1.0,1.0,1.0,551.0,512.0,515.0,524.0,98.36,98.69,99.68,99.77,24.69,24.62,24.38,24.27,39.0,41.0,36.0,43.0,36.0
1775395657000,1.0,1.0,1.0,1.0,1.0,525.0,513.0,519.0,505.0,98.62,98.89,99.79,99.87,24.65,24.59,24.34,24.24,34.0,38.0,31.0,38.0,33.0
1775395958000,1.0,1.0,1.0,1.0,1.0,533.0,541.0,537.0,540.0,98.79,99.03,99.91,99.93,24.63,24.56,24.32,24.22,38.0,37.0,33.0,32.0,38.0
1775396258000,1.0,1.0,1.0,1.0,1.0,545.0,540.0,520.0,520.0,98.69,98.96,99.81,99.9,24.59,24.52,24.28,24.18,38.0,34.0,37.0,37.0,33.0
1775396559000,1.0,1.0,1.0,1.0,1.0,499.0,493.0,512.0,514.0,98.57,98.86,99.77,99.89,24.56,24.48,24.23,24.14,37.0,36.0,31.0,29.0,27.0
1775396859000,1.0,1.0,1.0,1.0,1.0,526.0,523.0,554.0,490.0,98.77,99.25,99.93,99.98,24.52,24.43,24.2,24.1,41.0,36.0,36.0,39.0,37.0
1775397160000,1.0,1.0,1.0,1.0,1.0,500.0,504.0,533.0,514.0,98.99,99.39,99.99,100.0,24.48,24.4,24.16,24.06,37.0,35.0,33.0,38.0,34.0
1775397460000,1.0,1.0,1.0,1.0,1.0,505.0,527.0,541.0,529.0,98.95,99.42,99.98,100.0,24.44,24.37,24.12,24.02,35.0,33.0,36.0,32.0,37.0
1775397761000,1.0,1.0,1.0,1.0,1.0,520.0,470.0,515.0,536.0,98.99,99.45,100.0,100.0,24.39,24.33,24.09,24.0,41.0,36.0,35.0,34.0,37.0
1775398061000,1.0,1.0,1.0,1.0,1.0,543.0,552.0,509.0,502.0,99.19,99.62,100.0,100.0,24.36,24.29,24.04,23.96,45.0,39.0,37.0,33.0,39.0
1775398362000,1.0,1.0,1.0,1.0,1.0,502.0,517.0,532.0,502.0,99.13,99.5,100.0,100.0,24.31,24.25,24.02,23.92,39.0,35.0,35.0,35.0,39.0
1775398663000,1.0,1.0,1.0,1.0,1.0,524.0,530.0,551.0,561.0,99.14,99.46,100.0,100.0,24.27,24.21,23.95,23.88,40.0,40.0,34.0,33.0,34.0
1775398963000,1.0,1.0,1.0,1.0,1.0,576.0,511.0,553.0,509.0,99.75,99.93,100.0,100.0,24.24,24.19,23.92,23.83,43.0,39.0,35.0,33.0,33.0
1775399264000,1.0,1.0,1.0,1.0,1.0,538.0,522.0,572.0,536.0,99.98,100.0,100.0,100.0,24.22,24.17,23.9,23.82,41.0,45.0,34.0,35.0,39.0
1775399564000,1.0,1.0,1.0,1.0,1.0,520.0,530.0,551.0,516.0,99.99,100.0,100.0,100.0,24.2,24.15,23.9,23.83,43.0,41.0,34.0,36.0,36.0
1775399865000,1.0,1.0,1.0,1.0,1.0,526.0,543.0,556.0,528.0,100.0,100.0,100.0,100.0,24.18,24.15,23.9,23.82,37.0,39.0,33.0,35.0,34.0
1775400165000,1.0,1.0,1.0,1.0,1.0,535.0,557.0,564.0,554.0,99.97,99.99,100.0,100.0,24.17,24.14,23.88,23.83,41.0,34.0,36.0,34.0,38.0
1775400466000,1.0,1.0,1.0,1.0,1.0,590.0,520.0,508.0,523.0,99.76,99.85,100.0,100.0,24.14,24.11,23.86,23.8,43.0,38.0,37.0,32.0,42.0
1775400767000,1.0,1.0,1.0,1.0,1.0,540.0,507.0,527.0,514.0,99.89,99.93,100.0,100.0,24.09,24.08,23.82,23.76,41.0,30.0,36.0,32.0,38.0
1775401067000,1.0,1.0,1.0,1.0,1.0,548.0,528.0,534.0,521.0,99.92,100.0,100.0,100.0,24.06,24.05,23.79,23.72,37.0,37.0,40.0,33.0,38.0
1775401368000,1.0,1.0,1.0,1.0,1.0,537.0,521.0,539.0,532.0,99.94,100.0,100.0,100.0,24.04,24.0,23.75,23.69,36.0,34.0,37.0,32.0,32.0
1775401668000,1.0,1.0,1.0,1.0,1.0,535.0,541.0,543.0,550.0,99.95,100.0,100.0,100.0,23.99,23.97,23.72,23.66,39.0,40.0,39.0,37.0,34.0
1775401969000,1.0,1.0,1.0,1.0,1.0,559.0,534.0,569.0,574.0,100.0,100.0,100.0,100.0,23.95,23.93,23.7,23.62,46.0,42.0,41.0,39.0,38.0
1775402269000,1.0,1.0,1.0,1.0,1.0,546.0,538.0,571.0,552.0,100.0,100.0,100.0,100.0,23.94,23.92,23.66,23.6,35.0,39.0,40.0,42.0,37.0
1775402570000,1.0,1.0,1.0,1.0,1.0,532.0,530.0,507.0,524.0,100.0,100.0,100.0,100.0,23.92,23.9,23.66,23.59,38.0,40.0,38.0,39.0,38.0
1775402871000,1.0,1.0,1.0,1.0,1.0,534.0,539.0,556.0,536.0,100.0,100.0,100.0,100.0,23.92,23.91,23.65,23.58,35.0,36.0,36.0,38.0,37.0
1775403171000,1.0,1.0,1.0,1.0,1.0,537.0,533.0,535.0,514.0,100.0,100.0,100.0,100.0,23.91,23.88,23.64,23.57,36.0,35.0,36.0,37.0,36.0
1775403472000,1.0,1.0,1.0,1.0,1.0,543.0,540.0,537.0,554.0,100.0,100.0,100.0,100.0,23.88,23.88,23.62,23.56,33.0,35.0,38.0,39.0,36.0
1775403772000,1.0,1.0,1.0,1.0,1.0,540.0,513.0,565.0,550.0,100.0,100.0,100.0,100.0,23.87,23.86,23.62,23.56,33.0,30.0,38.0,38.0,37.0
1775404073000,1.0,1.0,1.0,1.0,1.0,562.0,516.0,542.0,557.0,100.0,100.0,100.0,100.0,23.84,23.86,23.6,23.54,37.0,34.0,33.0,35.0,34.0
1775404373000,1.0,1.0,1.0,1.0,1.0,530.0,551.0,516.0,519.0,100.0,100.0,100.0,100.0,23.84,23.84,23.59,23.54,38.0,35.0,36.0,33.0,35.0
1775404674000,1.0,1.0,1.0,1.0,1.0,542.0,510.0,534.0,529.0,100.0,100.0,100.0,100.0,23.82,23.81,23.56,23.5,38.0,36.0,38.0,35.0,36.0
1775404974000,1.0,1.0,1.0,1.0,1.0,569.0,558.0,541.0,505.0,100.0,100.0,100.0,100.0,23.8,23.79,23.54,23.48,39.0,31.0,37.0,38.0,34.0
1775405275000,1.0,1.0,1.0,1.0,1.0,550.0,529.0,529.0,522.0,100.0,100.0,100.0,100.0,23.78,23.78,23.53,23.47,39.0,34.0,36.0,40.0,34.0
1775405576000,1.0,1.0,1.0,1.0,1.0,530.0,546.0,548.0,520.0,100.0,100.0,100.0,100.0,23.77,23.76,23.51,23.46,40.0,33.0,32.0,32.0,32.0
1775405876000,1.0,1.0,1.0,1.0,1.0,550.0,538.0,553.0,561.0,100.0,100.0,100.0,100.0,23.76,23.75,23.5,23.44,40.0,32.0,35.0,30.0,34.0
1775406177000,1.0,1.0,1.0,1.0,1.0,573.0,555.0,571.0,562.0,100.0,100.0,100.0,100.0,23.73,23.74,23.5,23.43,31.0,31.0,37.0,33.0,29.0
1775406477000,1.0,1.0,1.0,1.0,1.0,572.0,547.0,549.0,546.0,100.0,100.0,100.0,100.0,23.68,23.7,23.47,23.4,35.0,34.0,35.0,36.0,33.0
1775406778000,1.0,1.0,1.0,1.0,1.0,563.0,508.0,578.0,554.0,100.0,100.0,100.0,100.0,23.65,23.67,23.42,23.36,38.0,33.0,31.0,32.0,33.0
1775407078000,1.0,1.0,1.0,1.0,1.0,545.0,501.0,510.0,513.0,100.0,100.0,100.0,100.0,23.63,23.64,23.39,23.32,35.0,35.0,37.0,37.0,32.0
1775407379000,1.0,1.0,1.0,1.0,1.0,534.0,560.0,557.0,522.0,100.0,100.0,100.0,100.0,23.6,23.6,23.36,23.28,32.0,31.0,36.0,32.0,35.0
1775407680000,1.0,1.0,1.0,1.0,1.0,518.0,538.0,537.0,516.0,100.0,100.0,100.0,100.0,23.58,23.59,23.34,23.26,32.0,35.0,33.0,34.0,29.0
1775407980000,1.0,1.0,1.0,1.0,1.0,546.0,546.0,573.0,553.0,100.0,100.0,100.0,100.0,23.56,23.57,23.34,23.26,34.0,36.0,34.0,34.0,29.0
1775408281000,1.0,1.0,1.0,1.0,1.0,542.0,517.0,579.0,517.0,100.0,100.0,100.0,100.0,23.55,23.55,23.31,23.24,31.0,35.0,40.0,31.0,34.0
1775408581000,1.0,1.0,1.0,1.0,1.0,558.0,550.0,551.0,526.0,100.0,100.0,100.0,100.0,23.54,23.55,23.3,23.23,35.0,33.0,35.0,29.0,31.0
1775408882000,1.0,1.0,1.0,1.0,1.0,575.0,547.0,567.0,559.0,100.0,100.0,100.0,100.0,23.53,23.53,23.28,23.23,31.0,37.0,35.0,34.0,36.0
1775409182000,1.0,1.0,1.0,1.0,1.0,576.0,568.0,569.0,548.0,100.0,100.0,100.0,100.0,23.51,23.52,23.26,23.21,33.0,30.0,38.0,33.0,39.0
1775409483000,1.0,1.0,1.0,1.0,1.0,567.0,574.0,575.0,541.0,100.0,100.0,100.0,100.0,23.48,23.48,23.25,23.18,42.0,42.0,46.0,37.0,44.0
1775409784000,1.0,1.0,1.0,1.0,1.0,566.0,598.0,554.0,567.0,100.0,100.0,100.0,100.0,23.44,23.46,23.21,23.13,41.0,43.0,40.0,44.0,45.0
1775410084000,1.0,1.0,1.0,1.0,1.0,582.0,551.0,580.0,545.0,100.0,100.0,100.0,100.0,23.41,23.42,23.16,23.09,38.0,40.0,40.0,37.0,42.0
1775410385000,1.0,1.0,1.0,1.0,1.0,568.0,530.0,582.0,539.0,100.0,100.0,100.0,100.0,23.38,23.38,23.13,23.05,36.0,42.0,42.0,36.0,40.0
1775410685000,1.0,1.0,1.0,1.0,1.0,584.0,523.0,574.0,529.0,100.0,100.0,100.0,100.0,23.35,23.34,23.1,23.01,39.0,41.0,36.0,34.0,41.0
1775410986000,1.0,1.0,1.0,1.0,1.0,597.0,559.0,561.0,564.0,100.0,100.0,100.0,100.0,23.3,23.3,23.06,22.99,29.0,30.0,39.0,36.0,33.0
1775411286000,1.0,1.0,1.0,1.0,1.0,578.0,578.0,583.0,569.0,100.0,100.0,100.0,100.0,23.25,23.27,23.03,22.96,34.0,35.0,33.0,33.0,33.0
1775411587000,1.0,1.0,1.0,1.0,1.0,587.0,554.0,606.0,559.0,100.0,100.0,100.0,100.0,23.25,23.25,22.99,22.91,41.0,32.0,38.0,34.0,28.0
1775411887000,1.0,1.0,1.0,1.0,1.0,577.0,611.0,594.0,560.0,100.0,100.0,100.0,100.0,23.21,23.21,22.97,22.9,40.0,36.0,35.0,35.0,29.0
1775412188000,1.0,1.0,1.0,1.0,1.0,600.0,570.0,581.0,562.0,100.0,100.0,100.0,100.0,23.19,23.19,22.94,22.86,36.0,35.0,41.0,36.0,35.0
1775412489000,1.0,1.0,1.0,1.0,1.0,566.0,542.0,564.0,536.0,100.0,100.0,100.0,100.0,23.17,23.18,22.94,22.86,37.0,35.0,41.0,33.0,33.0
1775412789000,1.0,1.0,1.0,1.0,1.0,590.0,607.0,573.0,580.0,100.0,100.0,100.0,100.0,23.14,23.17,22.91,22.85,37.0,33.0,36.0,33.0,32.0
1775413090000,1.0,1.0,1.0,1.0,1.0,580.0,563.0,545.0,558.0,100.0,100.0,100.0,100.0,23.13,23.14,22.9,22.84,37.0,36.0,37.0,32.0,30.0
1775413390000,1.0,1.0,1.0,1.0,1.0,572.0,577.0,574.0,543.0,100.0,100.0,100.0,100.0,23.12,23.11,22.87,22.81,33.0,39.0,38.0,31.0,31.0
1775413691000,1.0,1.0,1.0,1.0,1.0,617.0,598.0,625.0,572.0,100.0,100.0,100.0,100.0,23.11,23.09,22.87,22.79,33.0,24.0,30.0,32.0,27.0
1775413991000,1.0,1.0,1.0,1.0,1.0,598.0,585.0,576.0,589.0,100.0,100.0,100.0,100.0,23.07,23.08,22.84,22.76,36.0,31.0,40.0,35.0,26.0
1775414292000,1.0,1.0,1.0,1.0,1.0,619.0,603.0,620.0,586.0,100.0,100.0,100.0,100.0,23.04,23.03,22.79,22.72,39.0,30.0,35.0,31.0,30.0
1775414592000,1.0,1.0,1.0,1.0,1.0,620.0,598.0,625.0,616.0,100.0,100.0,100.0,100.0,22.99,23.0,22.75,22.68,31.0,34.0,40.0,40.0,34.0
1775414893000,1.0,1.0,1.0,1.0,1.0,577.0,620.0,597.0,581.0,100.0,100.0,100.0,100.0,22.95,22.95,22.69,22.62,34.0,34.0,35.0,34.0,36.0
1775415194000,1.0,1.0,1.0,1.0,1.0,586.0,561.0,570.0,579.0,100.0,100.0,100.0,100.0,22.91,22.9,22.67,22.59,39.0,41.0,38.0,38.0,32.0
1775415494000,1.0,1.0,1.0,1.0,1.0,566.0,575.0,595.0,585.0,100.0,100.0,100.0,100.0,22.89,22.87,22.64,22.57,40.0,39.0,37.0,35.0,36.0
1775415795000,1.0,1.0,1.0,1.0,1.0,616.0,574.0,598.0,579.0,100.0,100.0,100.0,100.0,22.89,22.86,22.62,22.55,46.0,44.0,40.0,36.0,37.0
1775416095000,1.0,1.0,1.0,1.0,1.0,548.0,551.0,596.0,546.0,100.0,100.0,100.0,100.0,22.87,22.86,22.61,22.53,51.0,43.0,37.0,37.0,39.0
1775416396000,1.0,1.0,1.0,1.0,1.0,604.0,558.0,563.0,573.0,100.0,100.0,100.0,100.0,22.88,22.86,22.6,22.54,54.0,50.0,48.0,45.0,43.0
1775416696000,1.0,1.0,1.0,1.0,1.0,576.0,581.0,573.0,580.0,100.0,100.0,100.0,100.0,22.88,22.85,22.6,22.55,51.0,47.0,38.0,39.0,44.0
1775416997000,1.0,1.0,1.0,1.0,1.0,602.0,587.0,573.0,585.0,100.0,100.0,100.0,100.0,22.89,22.85,22.62,22.56,41.0,43.0,42.0,40.0,39.0
1775417298000,1.0,1.0,1.0,1.0,1.0,582.0,551.0,567.0,573.0,100.0,100.0,100.0,100.0,22.87,22.85,22.62,22.55,44.0,43.0,39.0,36.0,39.0
1775417598000,1.0,1.0,1.0,1.0,1.0,584.0,596.0,582.0,553.0,100.0,100.0,100.0,100.0,22.89,22.86,22.61,22.57,43.0,46.0,36.0,43.0,36.0
1775417899000,1.0,1.0,1.0,1.0,1.0,588.0,581.0,583.0,589.0,100.0,100.0,100.0,100.0,22.9,22.86,22.61,22.58,40.0,42.0,37.0,38.0,38.0
1775418199000,1.0,1.0,1.0,1.0,1.0,589.0,586.0,594.0,566.0,100.0,100.0,100.0,100.0,22.9,22.86,22.63,22.58,44.0,41.0,37.0,33.0,37.0
1775418500000,1.0,1.0,1.0,1.0,1.0,563.0,572.0,581.0,561.0,100.0,100.0,100.0,100.0,22.88,22.86,22.63,22.58,41.0,44.0,36.0,39.0,37.0
1775418800000,1.0,1.0,1.0,1.0,1.0,574.0,563.0,586.0,558.0,100.0,100.0,100.0,100.0,22.88,22.84,22.61,22.56,37.0,42.0,43.0,38.0,36.0
1775419101000,1.0,1.0,1.0,1.0,1.0,597.0,614.0,585.0,574.0,100.0,100.0,100.0,100.0,22.88,22.83,22.61,22.54,46.0,37.0,39.0,41.0,38.0
1775419401000,1.0,1.0,1.0,1.0,1.0,604.0,581.0,607.0,539.0,100.0,100.0,100.0,100.0,22.86,22.82,22.6,22.55,36.0,37.0,38.0,40.0,35.0
1775419702000,1.0,1.0,1.0,1.0,1.0,616.0,604.0,568.0,596.0,100.0,100.0,100.0,100.0,22.84,22.8,22.58,22.53,34.0,37.0,36.0,43.0,33.0
1775420003000,1.0,1.0,1.0,1.0,1.0,611.0,590.0,600.0,613.0,100.0,100.0,100.0,100.0,22.81,22.78,22.56,22.51,44.0,35.0,38.0,39.0,33.0
1775420303000,1.0,1.0,1.0,1.0,1.0,587.0,542.0,574.0,585.0,100.0,100.0,100.0,100.0,22.79,22.77,22.54,22.47,43.0,36.0,44.0,38.0,36.0
1775420604000,1.0,1.0,1.0,1.0,1.0,566.0,545.0,575.0,541.0,100.0,100.0,100.0,100.0,22.79,22.75,22.52,22.46,38.0,35.0,40.0,37.0,37.0
1775420904000,1.0,1.0,1.0,1.0,1.0,673.0,675.0,671.0,624.0,100.0,100.0,100.0,100.0,22.77,22.74,22.52,22.45,33.0,35.0,36.0,33.0,32.0
1775421205000,1.0,1.0,1.0,1.0,1.0,672.0,680.0,704.0,670.0,100.0,100.0,100.0,100.0,22.72,22.71,22.47,22.42,43.0,41.0,38.0,36.0,36.0
1775421505000,1.0,1.0,1.0,1.0,1.0,667.0,664.0,645.0,632.0,100.0,100.0,100.0,100.0,22.65,22.64,22.42,22.35,39.0,38.0,36.0,32.0,34.0
1775421806000,1.0,1.0,1.0,1.0,1.0,673.0,629.0,626.0,619.0,100.0,100.0,100.0,100.0,22.6,22.6,22.35,22.29,37.0,35.0,33.0,34.0,34.0
1775422106000,1.0,1.0,1.0,1.0,1.0,661.0,665.0,639.0,636.0,100.0,100.0,100.0,100.0,22.55,22.54,22.3,22.23,38.0,34.0,37.0,31.0,33.0
1775422407000,1.0,1.0,1.0,1.0,1.0,666.0,648.0,662.0,691.0,100.0,100.0,100.0,100.0,22.51,22.5,22.25,22.19,40.0,32.0,34.0,37.0,35.0
1775422708000,1.0,1.0,1.0,1.0,1.0,687.0,651.0,644.0,641.0,100.0,100.0,100.0,100.0,22.47,22.47,22.22,22.16,33.0,33.0,37.0,34.0,29.0
1775423008000,1.0,1.0,1.0,1.0,1.0,666.0,657.0,688.0,632.0,100.0,100.0,100.0,100.0,22.43,22.44,22.18,22.11,37.0,31.0,38.0,33.0,30.0
1775423309000,1.0,1.0,1.0,1.0,1.0,675.0,634.0,684.0,658.0,100.0,100.0,100.0,100.0,22.39,22.4,22.14,22.08,37.0,32.0,37.0,36.0,35.0
1775423609000,1.0,1.0,1.0,1.0,1.0,680.0,634.0,631.0,642.0,100.0,100.0,100.0,100.0,22.35,22.37,22.1,22.04,40.0,38.0,44.0,41.0,30.0
1775423910000,1.0,1.0,1.0,1.0,1.0,634.0,604.0,613.0,603.0,100.0,100.0,100.0,100.0,22.33,22.34,22.1,22.01,52.0,57.0,49.0,45.0,41.0
1775424210000,1.0,1.0,1.0,1.0,1.0,627.0,578.0,603.0,628.0,100.0,100.0,100.0,100.0,22.31,22.32,22.1,22.02,43.0,44.0,44.0,45.0,35.0
1775424511000,1.0,1.0,1.0,1.0,1.0,638.0,605.0,627.0,610.0,100.0,100.0,100.0,100.0,22.32,22.33,22.11,22.03,42.0,42.0,39.0,43.0,35.0
1775424812000,1.0,1.0,1.0,1.0,1.0,642.0,633.0,635.0,581.0,100.0,100.0,100.0,100.0,22.34,22.35,22.13,22.05,43.0,39.0,36.0,47.0,33.0
1775425112000,1.0,1.0,1.0,1.0,1.0,675.0,671.0,671.0,663.0,100.0,100.0,100.0,100.0,22.34,22.35,22.12,22.09,50.0,51.0,46.0,50.0,38.0
1775425413000,1.0,1.0,1.0,1.0,1.0,659.0,677.0,662.0,641.0,100.0,100.0,100.0,100.0,22.34,22.34,22.11,22.06,47.0,52.0,41.0,52.0,43.0
1775425713000,1.0,1.0,1.0,1.0,1.0,655.0,663.0,655.0,648.0,100.0,100.0,100.0,100.0,22.31,22.32,22.1,22.03,43.0,39.0,43.0,46.0,42.0
1775426014000,1.0,1.0,1.0,1.0,1.0,641.0,586.0,636.0,599.0,100.0,100.0,100.0,100.0,22.29,22.3,22.08,22.02,46.0,46.0,43.0,42.0,38.0
1775426314000,1.0,1.0,1.0,1.0,1.0,637.0,598.0,631.0,606.0,100.0,100.0,100.0,100.0,22.3,22.29,22.07,22.0,53.0,47.0,48.0,53.0,40.0
1775426615000,1.0,1.0,1.0,1.0,1.0,623.0,638.0,611.0,579.0,100.0,100.0,100.0,100.0,22.3,22.28,22.08,22.01,53.0,54.0,51.0,52.0,46.0
1775426915000,1.0,1.0,1.0,1.0,1.0,601.0,586.0,611.0,612.0,100.0,100.0,100.0,100.0,22.32,22.31,22.12,22.05,48.0,44.0,42.0,49.0,41.0
1775427216000,1.0,1.0,1.0,1.0,1.0,610.0,573.0,579.0,587.0,100.0,100.0,100.0,100.0,22.36,22.34,22.14,22.09,41.0,44.0,38.0,49.0,34.0
1775427517000,1.0,1.0,1.0,1.0,1.0,578.0,591.0,584.0,568.0,100.0,100.0,100.0,100.0,22.42,22.39,22.19,22.15,49.0,47.0,46.0,49.0,35.0
1775427817000,1.0,1.0,1.0,1.0,1.0,578.0,557.0,590.0,592.0,100.0,100.0,100.0,100.0,22.44,22.43,22.22,22.18,46.0,51.0,43.0,50.0,38.0
1775428118000,1.0,1.0,1.0,1.0,1.0,564.0,589.0,571.0,556.0,100.0,100.0,100.0,100.0,22.5,22.46,22.26,22.22,43.0,38.0,38.0,47.0,39.0
1775428418000,1.0,1.0,1.0,1.0,1.0,568.0,550.0,581.0,560.0,100.0,100.0,100.0,100.0,22.53,22.49,22.29,22.24,45.0,39.0,41.0,50.0,36.0
1775428719000,1.0,1.0,1.0,1.0,1.0,580.0,570.0,586.0,569.0,100.0,100.0,100.0,100.0,22.56,22.52,22.32,22.27,48.0,46.0,50.0,57.0,40.0
1775429019000,1.0,1.0,1.0,1.0,1.0,558.0,585.0,553.0,553.0,100.0,100.0,100.0,100.0,22.57,22.55,22.33,22.29,49.0,49.0,42.0,54.0,44.0
1775429320000,1.0,1.0,1.0,1.0,1.0,630.0,573.0,590.0,597.0,100.0,100.0,100.0,100.0,22.59,22.56,22.35,22.31,48.0,49.0,50.0,50.0,43.0
1775429621000,1.0,1.0,1.0,1.0,1.0,593.0,554.0,564.0,568.0,100.0,100.0,100.0,100.0,22.59,22.57,22.37,22.31,45.0,44.0,44.0,48.0,41.0
1775429921000,1.0,1.0,1.0,1.0,1.0,574.0,533.0,565.0,568.0,100.0,100.0,100.0,100.0,22.61,22.58,22.35,22.32,39.0,40.0,42.0,46.0,40.0
1775430222000,1.0,1.0,1.0,1.0,1.0,557.0,560.0,545.0,563.0,100.0,100.0,100.0,100.0,22.6,22.59,22.37,22.31,41.0,42.0,36.0,50.0,40.0
1775430522000,1.0,1.0,1.0,1.0,1.0,564.0,595.0,548.0,539.0,100.0,100.0,100.0,100.0,22.59,22.6,22.37,22.32,40.0,45.0,37.0,47.0,36.0
1775430823000,1.0,1.0,1.0,1.0,1.0,588.0,599.0,583.0,569.0,100.0,100.0,100.0,100.0,22.61,22.59,22.37,22.32,40.0,40.0,40.0,46.0,34.0
1775431123000,1.0,1.0,1.0,1.0,1.0,589.0,532.0,563.0,568.0,100.0,100.0,100.0,100.0,22.62,22.59,22.36,22.31,38.0,39.0,37.0,43.0,36.0
1775431424000,1.0,1.0,1.0,1.0,1.0,565.0,560.0,578.0,580.0,100.0,100.0,100.0,100.0,22.6,22.59,22.37,22.32,36.0,37.0,37.0,44.0,36.0
1775431724000,1.0,1.0,1.0,1.0,1.0,593.0,570.0,611.0,562.0,100.0,100.0,100.0,100.0,22.62,22.59,22.37,22.31,36.0,38.0,39.0,46.0,34.0
1775432025000,1.0,1.0,1.0,1.0,1.0,549.0,562.0,583.0,585.0,100.0,100.0,100.0,100.0,22.61,22.6,22.38,22.31,34.0,34.0,33.0,42.0,35.0
1775432326000,1.0,1.0,1.0,1.0,1.0,577.0,592.0,605.0,570.0,100.0,100.0,100.0,100.0,22.62,22.59,22.38,22.33,35.0,38.0,46.0,43.0,36.0
1775432626000,1.0,1.0,1.0,1.0,1.0,536.0,558.0,558.0,575.0,100.0,100.0,100.0,100.0,22.66,22.6,22.4,22.33,38.0,44.0,42.0,47.0,38.0
1775432927000,1.0,1.0,1.0,1.0,1.0,558.0,570.0,594.0,556.0,100.0,100.0,100.0,100.0,22.67,22.63,22.43,22.35,45.0,44.0,47.0,50.0,41.0
1775433227000,1.0,1.0,1.0,1.0,1.0,584.0,570.0,565.0,548.0,100.0,100.0,100.0,100.0,22.7,22.66,22.45,22.39,52.0,46.0,49.0,57.0,46.0
1775433528000,1.0,1.0,1.0,1.0,1.0,581.0,559.0,612.0,570.0,100.0,100.0,100.0,100.0,22.73,22.69,22.49,22.43,50.0,54.0,47.0,60.0,44.0
1775433828000,1.0,1.0,1.0,1.0,1.0,543.0,572.0,582.0,574.0,100.0,100.0,100.0,100.0,22.76,22.72,22.55,22.47,50.0,55.0,58.0,62.0,47.0
1775434129000,1.0,1.0,1.0,1.0,1.0,603.0,561.0,549.0,576.0,100.0,100.0,100.0,100.0,22.81,22.78,22.58,22.53,58.0,62.0,56.0,64.0,56.0
1775434430000,1.0,1.0,1.0,1.0,1.0,590.0,553.0,566.0,570.0,100.0,100.0,100.0,100.0,22.88,22.82,22.64,22.58,64.0,59.0,60.0,69.0,52.0
1775434730000,1.0,1.0,1.0,2.0,1.0,559.0,542.0,575.0,564.0,100.0,100.0,100.0,100.0,22.92,22.87,22.68,22.62,64.0,69.0,64.0,74.0,60.0
1775435031000,1.0,2.0,1.0,2.0,1.0,582.0,566.0,550.0,562.0,100.0,100.0,100.0,100.0,22.97,22.93,22.73,22.68,63.0,70.0,62.0,74.0,61.0
1775435331000,1.0,1.0,1.0,2.0,1.0,553.0,569.0,580.0,587.0,100.0,100.0,100.0,100.0,23.02,22.98,22.79,22.72,65.0,64.0,65.0,72.0,58.0
1775435632000,1.0,2.0,2.0,2.0,1.0,553.0,558.0,565.0,557.0,100.0,100.0,100.0,100.0,23.05,23.03,22.84,22.77,66.0,71.0,77.0,78.0,62.0
1775435932000,1.0,2.0,2.0,2.0,1.0,554.0,569.0,590.0,541.0,100.0,100.0,100.0,100.0,23.13,23.07,22.9,22.81,68.0,71.0,72.0,74.0,60.0
1775436233000,2.0,2.0,2.0,2.0,1.0,578.0,536.0,568.0,541.0,100.0,100.0,100.0,100.0,23.18,23.16,22.96,22.89,72.0,72.0,70.0,83.0,66.0
1775436533000,2.0,2.0,2.0,2.0,2.0,585.0,553.0,563.0,540.0,100.0,100.0,100.0,100.0,23.24,23.21,23.04,22.95,74.0,83.0,72.0,82.0,74.0
1775436834000,2.0,2.0,2.0,2.0,2.0,541.0,554.0,539.0,566.0,100.0,100.0,100.0,100.0,23.31,23.27,23.1,23.01,77.0,82.0,79.0,91.0,80.0
1775437135000,2.0,2.0,2.0,2.0,2.0,546.0,550.0,549.0,562.0,100.0,100.0,100.0,100.0,23.37,23.35,23.16,23.08,80.0,81.0,85.0,87.0,75.0
1775437435000,2.0,2.0,2.0,2.0,2.0,551.0,549.0,609.0,559.0,100.0,100.0,100.0,100.0,23.43,23.41,23.24,23.13,77.0,85.0,84.0,97.0,86.0
1775437736000,2.0,2.0,2.0,2.0,2.0,551.0,539.0,547.0,564.0,100.0,100.0,100.0,100.0,23.49,23.48,23.29,23.19,79.0,82.0,86.0,97.0,86.0
1775438036000,2.0,2.0,2.0,2.0,2.0,565.0,549.0,597.0,543.0,100.0,100.0,100.0,100.0,23.56,23.56,23.37,23.28,81.0,93.0,85.0,93.0,87.0
1775438337000,2.0,2.0,2.0,2.0,2.0,564.0,502.0,541.0,545.0,100.0,100.0,100.0,100.0,23.63,23.64,23.45,23.35,86.0,89.0,87.0,93.0,85.0
1775438637000,2.0,2.0,2.0,2.0,2.0,564.0,562.0,568.0,560.0,100.0,100.0,100.0,100.0,23.73,23.72,23.54,23.41,90.0,89.0,95.0,102.0,90.0
1775438938000,2.0,2.0,2.0,2.0,2.0,571.0,532.0,547.0,541.0,100.0,100.0,100.0,100.0,23.81,23.81,23.63,23.51,83.0,88.0,87.0,101.0,92.0
1775439239000,2.0,2.0,2.0,2.0,2.0,510.0,580.0,545.0,574.0,100.0,100.0,100.0,100.0,23.91,23.9,23.73,23.59,92.0,92.0,93.0,111.0,98.0
1775439539000,2.0,2.0,2.0,2.0,2.0,580.0,576.0,595.0,589.0,100.0,100.0,100.0,100.0,23.99,23.99,23.81,23.69,89.0,103.0,102.0,110.0,103.0
1775439840000,2.0,2.0,2.0,2.0,2.0,565.0,538.0,581.0,536.0,100.0,100.0,100.0,100.0,24.08,24.1,23.91,23.77,96.0,109.0,107.0,122.0,106.0
1775440140000,2.0,2.0,2.0,2.0,2.0,520.0,529.0,556.0,576.0,100.0,100.0,100.0,100.0,24.17,24.18,24.01,23.84,100.0,108.0,104.0,117.0,114.0
1775440441000,2.0,2.0,2.0,2.0,2.0,552.0,534.0,580.0,538.0,100.0,100.0,100.0,100.0,24.27,24.28,24.07,23.92,101.0,104.0,111.0,121.0,112.0
1775440741000,2.0,2.0,2.0,2.0,2.0,549.0,549.0,573.0,558.0,100.0,100.0,100.0,100.0,24.37,24.39,24.19,24.02,101.0,109.0,109.0,122.0,115.0
1775441042000,2.0,2.0,2.0,2.0,2.0,530.0,543.0,561.0,549.0,100.0,100.0,100.0,100.0,24.48,24.49,24.29,24.11,111.0,113.0,114.0,127.0,115.0
1775441342000,2.0,2.0,2.0,2.0,2.0,571.0,552.0,574.0,552.0,100.0,100.0,100.0,100.0,24.64,24.61,24.41,24.23,114.0,120.0,117.0,128.0,120.0
1775441643000,2.0,2.0,2.0,2.0,2.0,543.0,529.0,531.0,547.0,100.0,100.0,100.0,100.0,24.8,24.75,24.54,24.36,121.0,121.0,127.0,144.0,132.0
1775441944000,2.0,2.0,2.0,2.0,2.0,552.0,515.0,547.0,540.0,100.0,100.0,100.0,100.0,25.0,24.91,24.68,24.49,130.0,133.0,130.0,146.0,140.0
1775442244000,2.0,2.0,2.0,2.0,2.0,547.0,521.0,584.0,537.0,100.0,100.0,100.0,100.0,25.19,25.08,24.86,24.65,136.0,139.0,141.0,158.0,149.0
1775442545000,2.0,2.0,2.0,2.0,2.0,550.0,536.0,555.0,521.0,100.0,100.0,100.0,100.0,25.41,25.3,25.04,24.86,139.0,145.0,150.0,166.0,157.0
1775442845000,2.0,2.0,2.0,2.0,2.0,522.0,517.0,551.0,521.0,100.0,100.0,100.0,100.0,25.64,25.49,25.23,25.05,159.0,155.0,152.0,178.0,173.0
1775443146000,2.0,2.0,2.0,2.0,2.0,512.0,544.0,520.0,531.0,100.0,100.0,100.0,100.0,25.9,25.71,25.45,25.26,156.0,163.0,157.0,192.0,179.0
1775443446000,2.0,2.0,2.0,2.0,2.0,533.0,540.0,509.0,567.0,100.0,100.0,100.0,100.0,26.17,25.94,25.66,25.48,167.0,165.0,165.0,203.0,199.0
1775443747000,2.0,2.0,2.0,2.0,2.0,536.0,514.0,554.0,504.0,99.51,99.97,100.0,100.0,26.41,26.18,25.88,25.69,164.0,167.0,172.0,204.0,206.0
1775444048000,2.0,2.0,2.0,2.0,2.0,514.0,507.0,514.0,521.0,98.54,99.49,100.0,100.0,26.66,26.4,26.09,25.92,172.0,179.0,186.0,217.0,217.0
1775444348000,2.0,2.0,2.0,2.0,3.0,537.0,499.0,535.0,537.0,97.49,98.75,99.9,100.0,26.9,26.63,26.33,26.13,174.0,181.0,188.0,217.0,225.0
1775444649000,2.0,2.0,2.0,3.0,2.0,527.0,561.0,519.0,536.0,96.61,98.11,99.5,99.98,27.14,26.85,26.53,26.33,188.0,196.0,195.0,239.0,223.0
1775444949000,2.0,2.0,2.0,3.0,2.0,502.0,497.0,472.0,479.0,96.37,97.64,99.06,99.63,27.36,27.05,26.72,26.53,184.0,204.0,201.0,237.0,229.0
1775445250000,2.0,2.0,2.0,3.0,3.0,531.0,494.0,513.0,510.0,95.69,96.93,98.26,98.97,27.57,27.24,26.92,26.7,184.0,203.0,211.0,241.0,241.0
1775445550000,2.0,2.0,2.0,3.0,3.0,489.0,541.0,514.0,505.0,94.4,95.78,97.06,98.14,27.73,27.42,27.07,26.87,178.0,214.0,209.0,243.0,251.0
1775445851000,2.0,2.0,2.0,3.0,3.0,507.0,491.0,511.0,523.0,93.17,94.71,96.03,97.35,27.87,27.57,27.22,27.0,190.0,217.0,213.0,260.0,248.0
1775446152000,2.0,2.0,2.0,3.0,3.0,512.0,445.0,537.0,492.0,93.36,95.01,96.25,97.13,28.03,27.72,27.36,27.14,194.0,219.0,220.0,266.0,257.0
1775446452000,2.0,3.0,2.0,3.0,3.0,519.0,473.0,466.0,505.0,93.0,94.51,95.84,97.03,28.19,27.86,27.5,27.26,196.0,229.0,214.0,266.0,266.0
1775446753000,2.0,3.0,3.0,3.0,3.0,518.0,476.0,503.0,484.0,92.45,94.09,95.39,96.56,28.31,28.01,27.64,27.42,199.0,233.0,231.0,287.0,259.0
1775447053000,2.0,2.0,3.0,3.0,3.0,502.0,474.0,514.0,501.0,92.16,93.62,95.01,95.93,28.41,28.11,27.75,27.51,202.0,227.0,227.0,282.0,267.0
1775447354000,2.0,3.0,3.0,3.0,3.0,484.0,475.0,499.0,493.0,91.74,93.18,94.54,95.57,28.48,28.19,27.83,27.6,199.0,231.0,230.0,287.0,277.0
1775447654000,2.0,3.0,3.0,3.0,3.0,490.0,498.0,482.0,508.0,91.87,93.32,94.65,95.71,28.56,28.29,27.93,27.69,207.0,240.0,238.0,285.0,287.0
1775447955000,2.0,3.0,3.0,3.0,3.0,464.0,492.0,519.0,505.0,92.25,93.51,95.04,95.64,28.66,28.4,28.06,27.84,218.0,263.0,241.0,307.0,293.0
1775448256000,3.0,3.0,3.0,3.0,3.0,488.0,496.0,484.0,486.0,91.74,92.94,94.56,95.14,28.8,28.56,28.2,27.98,229.0,268.0,258.0,321.0,310.0
1775448556000,3.0,3.0,3.0,3.0,3.0,476.0,519.0,508.0,496.0,91.23,92.39,93.92,95.0,28.99,28.75,28.4,28.18,236.0,285.0,259.0,334.0,333.0
1775448857000,3.0,3.0,3.0,3.0,3.0,492.0,504.0,476.0,502.0,90.93,92.27,93.78,94.68,29.19,28.95,28.61,28.39,247.0,293.0,287.0,355.0,332.0
1775449157000,3.0,3.0,3.0,3.0,3.0,457.0,528.0,472.0,489.0,90.33,91.32,92.85,93.78,29.42,29.2,28.83,28.63,256.0,301.0,294.0,365.0,364.0
1775449458000,3.0,3.0,3.0,3.0,3.0,507.0,486.0,493.0,492.0,89.93,90.93,92.17,93.3,29.63,29.42,29.1,28.86,270.0,311.0,297.0,381.0,374.0
1775449758000,3.0,3.0,3.0,3.0,3.0,478.0,463.0,492.0,489.0,88.92,90.04,91.37,92.53,29.86,29.65,29.31,29.09,276.0,316.0,306.0,379.0,381.0
1775450059000,3.0,3.0,3.0,3.0,3.0,470.0,494.0,471.0,465.0,87.74,89.16,90.06,91.61,30.06,29.87,29.53,29.31,279.0,333.0,317.0,393.0,385.0
1775450360000,3.0,3.0,3.0,3.0,3.0,450.0,452.0,496.0,475.0,85.96,87.35,88.52,89.83,30.25,30.07,29.72,29.49,288.0,329.0,322.0,397.0,393.0
1775450660000,3.0,3.0,3.0,3.0,3.0,492.0,484.0,488.0,490.0,84.24,85.51,86.77,88.2,30.4,30.22,29.88,29.64,287.0,339.0,318.0,399.0,390.0
1775450961000,3.0,3.0,3.0,3.0,3.0,483.0,503.0,473.0,469.0,82.82,84.11,85.31,86.85,30.54,30.37,30.03,29.77,289.0,331.0,314.0,391.0,385.0
1775451261000,3.0,3.0,3.0,3.0,3.0,495.0,465.0,470.0,512.0,82.1,83.58,84.71,86.54,30.69,30.53,30.18,29.92,288.0,346.0,319.0,389.0,399.0
1775451562000,3.0,3.0,3.0,3.0,3.0,468.0,464.0,472.0,468.0,81.43,82.87,84.28,85.84,30.85,30.7,30.35,30.07,296.0,356.0,328.0,407.0,405.0
1775451862000,3.0,3.0,3.0,3.0,3.0,466.0,461.0,467.0,454.0,80.76,82.02,83.23,84.93,31.02,30.87,30.53,30.24,306.0,358.0,325.0,404.0,402.0
1775452163000,3.0,3.0,3.0,3.0,3.0,519.0,481.0,473.0,469.0,80.48,82.19,83.66,84.79,31.18,31.05,30.69,30.42,311.0,366.0,347.0,423.0,407.0
1775452464000,3.0,3.0,3.0,3.0,3.0,479.0,441.0,485.0,515.0,79.83,81.36,82.35,84.78,31.35,31.21,30.89,30.6,313.0,366.0,348.0,431.0,417.0
1775452766000,3.0,3.0,3.0,3.0,3.0,442.0,427.0,478.0,482.0,79.04,80.46,81.57,83.68,31.52,31.4,31.07,30.77,324.0,379.0,359.0,444.0,432.0
1775453067000,3.0,3.0,3.0,3.0,3.0,464.0,482.0,495.0,492.0,78.97,80.37,81.34,83.38,31.66,31.54,31.22,30.91,335.0,392.0,361.0,444.0,440.0
1775453367000,3.0,3.0,3.0,3.0,3.0,474.0,456.0,483.0,483.0,79.07,80.96,82.08,83.68,31.81,31.7,31.39,31.06,349.0,393.0,391.0,460.0,441.0
1775453668000,3.0,3.0,3.0,3.0,3.0,461.0,451.0,487.0,470.0,78.54,80.05,81.34,82.7,31.95,31.85,31.54,31.2,344.0,400.0,360.0,451.0,448.0
1775453968000,3.0,3.0,3.0,3.0,3.0,440.0,495.0,497.0,465.0,79.02,80.3,81.41,82.23,32.07,31.97,31.67,31.35,344.0,423.0,377.0,454.0,458.0
1775454269000,3.0,3.0,3.0,3.0,3.0,460.0,478.0,467.0,455.0,78.77,79.91,80.84,81.88,32.17,32.09,31.8,31.46,350.0,401.0,381.0,462.0,465.0
1775454570000,3.0,3.0,3.0,3.0,3.0,431.0,458.0,464.0,484.0,78.59,79.57,80.37,81.95,32.28,32.21,31.9,31.57,364.0,416.0,382.0,468.0,459.0
1775454870000,3.0,3.0,3.0,3.0,3.0,453.0,422.0,469.0,468.0,78.02,78.75,79.52,80.85,32.37,32.33,32.0,31.69,375.0,431.0,377.0,461.0,460.0
1775455171000,3.0,3.0,3.0,3.0,3.0,464.0,426.0,448.0,469.0,78.51,79.69,80.38,81.09,32.49,32.44,32.12,31.8,373.0,435.0,392.0,472.0,483.0
1775455471000,3.0,3.0,3.0,3.0,3.0,453.0,443.0,434.0,426.0,77.75,79.01,79.75,80.98,32.59,32.55,32.23,31.91,375.0,439.0,399.0,472.0,484.0
1775455772000,3.0,3.0,3.0,3.0,3.0,483.0,419.0,481.0,436.0,78.43,79.56,80.5,81.09,32.7,32.68,32.37,32.03,376.0,443.0,403.0,494.0,494.0
1775456072000,3.0,3.0,3.0,3.0,3.0,495.0,448.0,477.0,469.0,77.38,78.67,80.01,80.69,32.8,32.8,32.48,32.17,384.0,442.0,401.0,492.0,484.0
1775456373000,3.0,3.0,3.0,3.0,3.0,446.0,461.0,475.0,461.0,76.64,77.57,78.87,79.74,32.9,32.92,32.6,32.28,389.0,441.0,403.0,486.0,485.0
1775456674000,3.0,3.0,3.0,3.0,3.0,427.0,479.0,429.0,461.0,76.88,77.74,78.57,80.0,33.0,33.03,32.69,32.4,395.0,451.0,395.0,495.0,488.0
1775456974000,3.0,3.0,3.0,3.0,3.0,465.0,460.0,465.0,459.0,74.98,75.86,76.66,78.47,33.1,33.15,32.82,32.54,386.0,444.0,393.0,488.0,486.0
1775457275000,3.0,3.0,3.0,3.0,3.0,426.0,441.0,454.0,477.0,74.42,75.11,76.22,77.43,33.2,33.26,32.95,32.63,397.0,442.0,389.0,482.0,491.0
1775457575000,3.0,3.0,3.0,3.0,3.0,463.0,427.0,453.0,447.0,74.37,74.89,76.24,77.1,33.31,33.37,33.05,32.74,388.0,454.0,397.0,490.0,489.0
1775457876000,3.0,3.0,3.0,3.0,3.0,483.0,457.0,432.0,457.0,73.89,74.52,75.52,76.24,33.45,33.5,33.19,32.86,395.0,451.0,402.0,486.0,500.0
1775458176000,3.0,3.0,3.0,3.0,3.0,460.0,445.0,447.0,441.0,73.46,74.12,75.48,76.1,33.58,33.62,33.31,33.0,401.0,460.0,410.0,497.0,494.0
1775458477000,3.0,3.0,3.0,3.0,3.0,463.0,439.0,471.0,469.0,72.27,72.95,74.04,75.63,33.71,33.74,33.43,33.13,405.0,451.0,396.0,506.0,498.0
1775458778000,3.0,3.0,3.0,3.0,3.0,471.0,460.0,482.0,461.0,72.46,73.32,74.31,75.29,33.79,33.85,33.53,33.23,412.0,468.0,393.0,510.0,512.0
1775459078000,3.0,3.0,3.0,3.0,3.0,427.0,451.0,479.0,448.0,72.7,73.34,74.51,74.92,33.87,33.95,33.66,33.34,409.0,462.0,410.0,482.0,500.0
1775459379000,3.0,3.0,3.0,3.0,3.0,458.0,449.0,435.0,434.0,72.91,73.55,74.27,75.01,33.97,34.04,33.78,33.43,428.0,473.0,424.0,527.0,511.0
1775459679000,3.0,3.0,3.0,3.0,3.0,453.0,458.0,464.0,475.0,72.89,73.05,73.95,74.89,34.04,34.15,33.9,33.53,431.0,473.0,408.0,509.0,516.0
1775459980000,3.0,3.0,3.0,3.0,3.0,437.0,412.0,437.0,449.0,72.78,73.31,73.61,74.77,34.11,34.24,34.0,33.59,418.0,479.0,421.0,524.0,510.0
1775460280000,3.0,3.0,3.0,3.0,3.0,461.0,420.0,430.0,436.0,73.89,73.66,74.41,75.42,34.19,34.32,34.11,33.68,437.0,498.0,427.0,534.0,535.0
1775460581000,3.0,3.0,3.0,3.0,3.0,438.0,403.0,475.0,459.0,73.85,73.7,74.3,75.24,34.26,34.42,34.21,33.76,433.0,492.0,443.0,529.0,527.0
1775460882000,3.0,3.0,3.0,3.0,3.0,463.0,428.0,463.0,456.0,72.78,72.85,73.34,74.64,34.3,34.51,34.29,33.83,425.0,485.0,426.0,513.0,516.0
1775461182000,3.0,3.0,3.0,3.0,3.0,423.0,477.0,476.0,503.0,72.51,72.71,72.77,74.46,34.33,34.58,34.36,33.88,441.0,490.0,436.0,528.0,542.0
1775461483000,3.0,3.0,3.0,3.0,3.0,403.0,443.0,452.0,430.0,72.68,72.73,73.4,74.18,34.35,34.63,34.42,33.92,435.0,488.0,442.0,529.0,515.0
1775461783000,3.0,3.0,3.0,3.0,3.0,446.0,505.0,470.0,434.0,72.41,72.4,72.79,74.14,34.35,34.68,34.47,33.95,429.0,506.0,430.0,521.0,528.0
1775462084000,3.0,3.0,3.0,3.0,3.0,457.0,495.0,489.0,474.0,72.24,72.51,72.92,74.02,34.35,34.7,34.5,33.98,433.0,501.0,440.0,529.0,524.0
1775462384000,3.0,3.0,3.0,3.0,3.0,497.0,453.0,534.0,432.0,72.39,72.41,73.25,74.09,34.38,34.71,34.54,34.07,436.0,492.0,431.0,524.0,528.0
1775462685000,3.0,3.0,3.0,3.0,3.0,467.0,498.0,517.0,463.0,72.45,72.53,73.26,74.04,34.41,34.69,34.57,34.17,443.0,501.0,421.0,534.0,561.0
1775462986000,3.0,3.0,3.0,3.0,3.0,444.0,518.0,490.0,496.0,72.01,72.64,73.11,73.99,34.44,34.69,34.6,34.28,447.0,503.0,441.0,537.0,603.0
1775463286000,3.0,3.0,3.0,3.0,3.0,457.0,484.0,504.0,531.0,72.47,72.88,73.03,73.93,34.46,34.67,34.6,34.36,460.0,496.0,453.0,527.0,615.0
1775463587000,3.0,3.0,3.0,3.0,3.0,469.0,521.0,519.0,511.0,72.48,73.11,73.2,73.71,34.48,34.66,34.62,34.44,463.0,501.0,459.0,554.0,627.0
1775463887000,3.0,3.0,3.0,3.0,3.0,456.0,510.0,512.0,517.0,72.83,73.3,73.26,73.79,34.48,34.64,34.61,34.51,470.0,513.0,456.0,553.0,623.0
1775464188000,3.0,3.0,3.0,3.0,3.0,491.0,503.0,504.0,565.0,72.61,73.2,73.26,73.73,34.51,34.64,34.64,34.55,478.0,512.0,456.0,568.0,587.0
1775464488000,3.0,3.0,3.0,3.0,3.0,479.0,478.0,518.0,525.0,72.77,73.49,73.32,73.74,34.54,34.66,34.65,34.6,476.0,515.0,448.0,546.0,608.0
1775464789000,3.0,3.0,3.0,3.0,3.0,456.0,513.0,516.0,549.0,72.94,73.69,73.53,73.73,34.55,34.65,34.67,34.65,473.0,495.0,458.0,581.0,601.0
1775465090000,3.0,3.0,3.0,3.0,3.0,479.0,509.0,524.0,538.0,72.98,73.81,73.68,73.8,34.56,34.65,34.68,34.69,463.0,512.0,451.0,571.0,609.0
1775465390000,3.0,3.0,3.0,3.0,3.0,460.0,542.0,490.0,540.0,72.25,73.45,73.33,73.91,34.58,34.64,34.67,34.7,469.0,504.0,457.0,582.0,614.0
1775465691000,3.0,3.0,3.0,3.0,3.0,474.0,475.0,511.0,582.0,71.41,72.68,73.06,73.7,34.56,34.6,34.65,34.73,449.0,516.0,461.0,570.0,619.0
1775465991000,3.0,3.0,3.0,3.0,3.0,453.0,480.0,500.0,548.0,70.94,72.32,72.83,73.48,34.54,34.58,34.63,34.73,467.0,505.0,453.0,577.0,588.0
1775466292000,3.0,3.0,3.0,3.0,3.0,499.0,485.0,525.0,539.0,70.9,72.29,72.46,73.21,34.51,34.54,34.61,34.72,464.0,507.0,455.0,568.0,588.0
1775466592000,3.0,3.0,3.0,3.0,3.0,440.0,510.0,514.0,557.0,70.57,72.2,72.55,72.92,34.47,34.49,34.58,34.7,462.0,494.0,453.0,553.0,587.0
1775466893000,3.0,3.0,3.0,3.0,3.0,491.0,520.0,506.0,556.0,70.73,72.21,72.08,72.69,34.43,34.45,34.52,34.67,461.0,506.0,448.0,548.0,588.0
1775467194000,3.0,3.0,3.0,3.0,3.0,492.0,528.0,520.0,531.0,71.18,72.42,72.02,72.52,34.36,34.36,34.46,34.62,460.0,502.0,441.0,546.0,557.0
1775467494000,3.0,3.0,3.0,3.0,3.0,474.0,518.0,533.0,565.0,71.17,72.37,72.23,72.65,34.31,34.3,34.39,34.57,456.0,492.0,441.0,560.0,569.0
1775467795000,3.0,3.0,3.0,3.0,3.0,519.0,514.0,542.0,598.0,71.56,72.79,72.45,72.89,34.24,34.24,34.36,34.52,466.0,500.0,456.0,562.0,566.0
1775468095000,3.0,3.0,3.0,3.0,3.0,508.0,499.0,516.0,593.0,72.44,72.98,72.83,73.02,34.2,34.2,34.28,34.47,464.0,489.0,444.0,571.0,572.0
1775468396000,3.0,3.0,3.0,3.0,3.0,499.0,486.0,527.0,550.0,72.64,73.32,72.99,73.2,34.13,34.11,34.2,34.4,471.0,485.0,440.0,549.0,542.0
1775468696000,3.0,3.0,3.0,3.0,3.0,451.0,495.0,589.0,578.0,73.19,74.08,73.58,73.34,34.05,34.02,34.12,34.33,475.0,490.0,446.0,538.0,543.0
1775468997000,3.0,3.0,3.0,3.0,3.0,515.0,539.0,581.0,610.0,73.51,74.48,74.01,73.6,33.98,33.95,34.06,34.24,474.0,486.0,442.0,538.0,556.0
1775469298000,3.0,3.0,3.0,3.0,4.0,526.0,563.0,600.0,803.0,73.76,74.87,74.51,74.76,33.9,33.86,33.97,34.16,471.0,506.0,451.0,623.0,709.0
1775469598000,3.0,3.0,3.0,4.0,4.0,548.0,602.0,563.0,826.0,73.95,75.14,74.56,74.86,33.83,33.79,33.93,34.16,483.0,528.0,439.0,661.0,675.0
1775469899000,3.0,3.0,3.0,3.0,3.0,575.0,628.0,604.0,754.0,74.21,75.28,74.58,74.76,33.77,33.72,33.88,34.2,470.0,515.0,449.0,626.0,585.0
1775470199000,3.0,3.0,3.0,3.0,3.0,609.0,596.0,556.0,760.0,74.45,75.32,74.64,74.74,33.67,33.66,33.81,34.18,482.0,506.0,453.0,611.0,573.0
1775470500000,3.0,3.0,3.0,3.0,3.0,547.0,602.0,586.0,735.0,74.31,75.2,74.75,74.67,33.56,33.53,33.71,34.08,467.0,484.0,447.0,587.0,575.0
1775470800000,3.0,3.0,3.0,3.0,3.0,612.0,577.0,621.0,699.0,74.49,75.28,74.76,74.63,33.44,33.4,33.58,33.93,460.0,474.0,426.0,575.0,567.0
1775471101000,3.0,3.0,3.0,3.0,3.0,573.0,612.0,632.0,785.0,74.33,75.15,74.98,75.39,33.29,33.25,33.41,33.78,457.0,472.0,410.0,566.0,568.0
1775471402000,3.0,3.0,3.0,3.0,3.0,613.0,603.0,622.0,739.0,74.46,75.46,75.01,75.78,33.13,33.08,33.25,33.59,430.0,455.0,414.0,569.0,558.0
1775471702000,3.0,3.0,3.0,3.0,3.0,577.0,595.0,616.0,767.0,74.64,75.84,75.15,76.31,32.96,32.9,33.05,33.41,414.0,452.0,393.0,560.0,539.0
1775472003000,3.0,3.0,3.0,3.0,3.0,598.0,623.0,626.0,722.0,75.11,76.4,75.61,75.74,32.78,32.73,32.87,33.19,418.0,445.0,393.0,511.0,559.0
1775472303000,3.0,3.0,3.0,3.0,3.0,648.0,656.0,638.0,1041.0,75.92,76.83,76.04,77.21,32.61,32.55,32.71,33.04,435.0,437.0,381.0,576.0,635.0
1775472604000,3.0,3.0,3.0,3.0,3.0,692.0,668.0,610.0,1025.0,76.3,77.24,76.38,77.49,32.48,32.44,32.6,33.05,438.0,433.0,379.0,574.0,586.0
1775472904000,3.0,3.0,3.0,3.0,3.0,704.0,700.0,653.0,1157.0,76.59,77.6,76.47,77.65,32.35,32.35,32.52,33.07,434.0,441.0,392.0,586.0,578.0
1775473205000,3.0,3.0,3.0,3.0,3.0,685.0,688.0,715.0,1063.0,76.88,77.52,76.74,77.28,32.25,32.27,32.46,33.11,418.0,441.0,385.0,563.0,557.0
1775473506000,3.0,3.0,3.0,3.0,3.0,748.0,712.0,686.0,1158.0,77.24,77.74,76.76,77.29,32.14,32.17,32.37,33.12,418.0,444.0,399.0,566.0,580.0
1775473806000,3.0,3.0,3.0,3.0,3.0,791.0,830.0,738.0,1123.0,77.67,78.31,77.08,76.93,32.02,32.08,32.29,33.13,417.0,441.0,382.0,550.0,546.0
1775474107000,3.0,3.0,3.0,3.0,3.0,798.0,779.0,759.0,1252.0,78.14,78.59,77.47,77.07,31.92,31.97,32.19,33.11,429.0,434.0,392.0,554.0,567.0
1775474407000,3.0,3.0,3.0,3.0,3.0,930.0,894.0,815.0,1102.0,78.95,79.19,77.65,76.63,31.82,31.88,32.11,33.1,432.0,450.0,388.0,551.0,554.0
1775474708000,3.0,3.0,3.0,3.0,3.0,982.0,843.0,807.0,1182.0,79.44,79.47,78.06,76.75,31.71,31.79,32.03,33.07,440.0,432.0,390.0,552.0,572.0
1775475008000,3.0,3.0,3.0,3.0,3.0,937.0,899.0,899.0,1163.0,79.37,79.98,78.42,76.72,31.62,31.71,31.95,33.06,418.0,449.0,389.0,541.0,571.0
1775475309000,3.0,3.0,3.0,3.0,3.0,1086.0,968.0,855.0,1351.0,80.23,80.4,78.6,77.07,31.54,31.62,31.88,33.01,438.0,448.0,393.0,569.0,613.0
1775475609000,3.0,3.0,3.0,3.0,3.0,1093.0,1101.0,930.0,1278.0,80.59,80.99,78.9,76.8,31.46,31.55,31.81,33.0,440.0,451.0,385.0,535.0,589.0
1775475910000,3.0,3.0,3.0,3.0,3.0,1172.0,1243.0,1013.0,1371.0,81.19,81.78,79.5,77.08,31.38,31.48,31.73,32.96,444.0,461.0,394.0,555.0,600.0
1775476211000,3.0,3.0,3.0,3.0,3.0,1125.0,1014.0,1024.0,1424.0,81.22,81.25,79.69,76.86,31.3,31.42,31.66,32.93,428.0,443.0,399.0,547.0,592.0
1775476511000,3.0,3.0,3.0,3.0,3.0,1237.0,1307.0,981.0,1368.0,81.74,82.01,79.75,76.92,31.21,31.35,31.61,32.89,444.0,468.0,388.0,540.0,608.0
1775476812000,3.0,3.0,3.0,3.0,3.0,1095.0,1045.0,1041.0,1476.0,81.15,81.32,79.94,77.21,31.13,31.24,31.54,32.88,413.0,440.0,401.0,538.0,581.0
1775477112000,3.0,3.0,3.0,3.0,3.0,1017.0,1007.0,929.0,1415.0,80.83,80.99,79.27,76.94,31.04,31.17,31.46,32.85,423.0,431.0,395.0,546.0,575.0
1775477413000,3.0,3.0,3.0,3.0,3.0,980.0,975.0,890.0,1446.0,80.56,80.59,78.85,76.75,30.95,31.07,31.39,32.82,393.0,424.0,379.0,531.0,584.0
1775477713000,3.0,3.0,3.0,3.0,3.0,988.0,932.0,954.0,1370.0,80.95,80.65,79.01,76.54,30.86,30.98,31.3,32.8,389.0,410.0,377.0,536.0,550.0
1775478014000,3.0,3.0,3.0,3.0,3.0,1044.0,987.0,931.0,1680.0,81.18,80.8,79.08,77.06,30.78,30.91,31.24,32.76,386.0,409.0,376.0,545.0,602.0
1775478315000,3.0,3.0,3.0,3.0,3.0,1087.0,1000.0,941.0,1387.0,81.4,81.1,79.24,76.39,30.7,30.86,31.19,32.75,385.0,405.0,371.0,533.0,565.0
1775478615000,3.0,3.0,3.0,3.0,3.0,1151.0,1034.0,999.0,1482.0,82.02,81.53,79.55,76.57,30.65,30.82,31.13,32.72,405.0,416.0,377.0,539.0,579.0
1775478916000,3.0,3.0,3.0,3.0,3.0,1161.0,984.0,998.0,1582.0,82.01,81.19,79.47,76.68,30.6,30.78,31.11,32.72,390.0,419.0,378.0,538.0,590.0
1775479216000,3.0,3.0,3.0,3.0,3.0,1138.0,1095.0,1052.0,1611.0,81.99,81.53,79.67,76.77,30.58,30.76,31.11,32.72,405.0,419.0,401.0,561.0,602.0
1775479517000,3.0,3.0,3.0,3.0,3.0,1128.0,1055.0,1035.0,1824.0,81.81,81.52,79.83,77.1,30.54,30.74,31.1,32.7,410.0,428.0,406.0,569.0,597.0
1775479817000,3.0,3.0,3.0,3.0,3.0,1408.0,1315.0,1214.0,1630.0,82.76,82.31,80.36,76.77,30.53,30.75,31.12,32.72,427.0,443.0,400.0,555.0,586.0
1775480118000,3.0,3.0,3.0,3.0,3.0,1515.0,1614.0,1221.0,1704.0,83.43,83.26,80.36,76.83,30.53,30.74,31.12,32.72,443.0,467.0,407.0,561.0,622.0
1775480418000,3.0,3.0,3.0,3.0,3.0,1361.0,1497.0,1220.0,1852.0,83.34,83.41,80.5,76.99,30.51,30.73,31.12,32.73,448.0,468.0,414.0,561.0,588.0
1775480719000,3.0,3.0,3.0,3.0,3.0,1693.0,1629.0,1205.0,1809.0,84.13,83.78,80.6,76.88,30.5,30.73,31.12,32.75,473.0,491.0,423.0,555.0,576.0
1775481020000,3.0,3.0,3.0,3.0,3.0,1534.0,1634.0,1363.0,1822.0,83.86,83.72,80.85,76.89,30.49,30.7,31.12,32.73,454.0,488.0,410.0,564.0,629.0
1775481320000,3.0,3.0,3.0,3.0,3.0,1364.0,1272.0,1157.0,1807.0,83.15,82.61,79.98,76.74,30.46,30.69,31.13,32.75,426.0,449.0,391.0,545.0,599.0
1775481621000,3.0,3.0,3.0,3.0,3.0,1035.0,978.0,995.0,1674.0,81.57,80.96,78.86,76.07,30.43,30.69,31.15,32.76,391.0,414.0,393.0,529.0,597.0
1775481921000,3.0,3.0,3.0,3.0,3.0,1301.0,991.0,949.0,1727.0,82.23,80.71,78.52,75.86,30.39,30.67,31.11,32.76,402.0,408.0,386.0,536.0,581.0
1775482222000,3.0,3.0,3.0,3.0,3.0,1370.0,1366.0,1023.0,1706.0,82.72,81.67,78.78,75.73,30.37,30.66,31.09,32.79,408.0,425.0,379.0,551.0,561.0
1775482522000,3.0,3.0,3.0,3.0,3.0,1283.0,1442.0,1086.0,1696.0,82.64,82.33,79.06,75.7,30.36,30.64,31.07,32.77,402.0,432.0,375.0,545.0,596.0
1775482823000,3.0,3.0,3.0,3.0,3.0,1291.0,1127.0,1029.0,1769.0,82.65,81.82,79.31,75.98,30.33,30.6,31.04,32.76,404.0,416.0,387.0,548.0,588.0
1775483123000,3.0,3.0,3.0,3.0,3.0,1459.0,1392.0,1137.0,1739.0,83.17,82.63,79.56,75.73,30.3,30.55,31.03,32.77,404.0,448.0,384.0,537.0,581.0
1775483424000,3.0,3.0,3.0,3.0,3.0,1328.0,1399.0,1087.0,1762.0,83.11,82.75,79.58,75.77,30.27,30.53,30.98,32.77,397.0,433.0,382.0,553.0,591.0
1775483725000,3.0,3.0,3.0,3.0,3.0,1419.0,1477.0,1080.0,1697.0,83.38,83.08,79.65,75.63,30.24,30.49,30.95,32.76,400.0,444.0,382.0,546.0,561.0
1775484025000,3.0,3.0,3.0,3.0,3.0,1567.0,1514.0,1093.0,1739.0,83.88,83.33,79.85,75.68,30.22,30.46,30.91,32.75,429.0,437.0,388.0,544.0,595.0
1775484326000,3.0,3.0,3.0,3.0,3.0,1500.0,1325.0,1138.0,1820.0,83.88,82.9,80.03,75.87,30.16,30.43,30.88,32.72,408.0,423.0,388.0,537.0,588.0
1775484626000,3.0,3.0,3.0,3.0,3.0,1475.0,1514.0,1259.0,1673.0,83.85,83.44,80.43,75.53,30.14,30.38,30.86,32.73,406.0,436.0,388.0,535.0,560.0
1775484927000,3.0,3.0,3.0,3.0,3.0,1715.0,1494.0,1243.0,1843.0,84.56,83.7,80.51,75.85,30.09,30.36,30.82,32.72,427.0,437.0,383.0,536.0,601.0
1775485227000,3.0,3.0,3.0,3.0,3.0,1460.0,1356.0,1234.0,1788.0,84.17,83.3,80.75,75.73,30.06,30.33,30.8,32.72,394.0,421.0,379.0,525.0,584.0
1775485528000,3.0,3.0,3.0,3.0,3.0,1619.0,1685.0,1261.0,1798.0,84.69,84.25,80.83,75.83,30.04,30.3,30.78,32.71,420.0,450.0,384.0,543.0,596.0
1775485828000,3.0,3.0,3.0,3.0,3.0,1515.0,1457.0,1184.0,1918.0,84.61,83.83,80.7,76.01,30.02,30.29,30.76,32.69,403.0,418.0,381.0,557.0,586.0
1775486129000,3.0,3.0,3.0,3.0,3.0,1420.0,1370.0,1371.0,1859.0,84.35,83.61,81.15,75.83,29.99,30.29,30.75,32.71,405.0,404.0,395.0,536.0,570.0
1775486430000,3.0,3.0,3.0,3.0,3.0,1339.0,1445.0,1225.0,1851.0,83.97,83.68,80.81,75.84,29.98,30.27,30.75,32.71,396.0,431.0,399.0,539.0,589.0
1775486730000,3.0,3.0,3.0,3.0,3.0,1376.0,1329.0,1169.0,1966.0,83.97,83.39,80.53,75.97,29.98,30.25,30.73,32.71,396.0,424.0,391.0,573.0,603.0
1775487031000,3.0,3.0,3.0,3.0,3.0,1543.0,1685.0,1235.0,1718.0,84.55,84.38,80.61,75.42,29.95,30.25,30.74,32.72,401.0,436.0,399.0,542.0,575.0
1775487331000,3.0,3.0,3.0,3.0,3.0,1777.0,1587.0,1199.0,1838.0,85.17,84.27,80.55,75.64,29.97,30.25,30.76,32.73,428.0,436.0,384.0,528.0,613.0
1775487632000,3.0,3.0,3.0,3.0,4.0,1510.0,1376.0,1202.0,1929.0,84.72,83.51,80.55,76.11,29.98,30.3,30.79,32.75,404.0,433.0,397.0,564.0,686.0
1775487932000,3.0,3.0,3.0,3.0,3.0,1532.0,1276.0,1289.0,1930.0,84.61,83.15,80.52,76.03,30.03,30.36,30.88,32.81,413.0,417.0,403.0,587.0,637.0
1775488233000,3.0,3.0,3.0,3.0,3.0,1306.0,1321.0,1188.0,2037.0,83.97,83.01,80.28,76.11,30.04,30.38,30.9,32.85,380.0,412.0,385.0,554.0,589.0
1775488534000,3.0,3.0,3.0,3.0,3.0,1793.0,1876.0,1250.0,1900.0,85.3,84.54,80.33,75.96,30.04,30.36,30.88,32.89,437.0,457.0,388.0,574.0,597.0
1775488834000,3.0,3.0,3.0,3.0,3.0,1599.0,1718.0,1162.0,2088.0,85.03,84.65,80.18,76.46,30.01,30.33,30.87,32.87,395.0,428.0,376.0,588.0,623.0
1775489135000,3.0,3.0,3.0,3.0,3.0,1717.0,1418.0,1189.0,1789.0,85.51,83.93,80.31,75.74,29.98,30.31,30.84,32.88,409.0,418.0,375.0,556.0,596.0
1775489435000,3.0,3.0,3.0,3.0,3.0,1583.0,1320.0,1087.0,1868.0,85.18,83.56,80.27,75.89,29.95,30.28,30.8,32.85,403.0,411.0,383.0,555.0,627.0
1775489736000,3.0,3.0,3.0,3.0,3.0,1465.0,1462.0,1236.0,1898.0,85.05,84.08,80.63,76.01,29.92,30.24,30.76,32.83,403.0,429.0,387.0,546.0,645.0
1775490036000,3.0,3.0,3.0,3.0,3.0,1742.0,1688.0,1339.0,1931.0,86.08,84.91,81.09,76.22,29.89,30.21,30.73,32.81,418.0,448.0,384.0,565.0,613.0
1775490337000,3.0,3.0,3.0,3.0,3.0,1651.0,1666.0,1344.0,2087.0,85.78,85.3,81.21,76.72,29.86,30.18,30.7,32.76,415.0,437.0,393.0,568.0,613.0
1775490637000,3.0,3.0,3.0,3.0,3.0,1803.0,1812.0,1343.0,2176.0,86.35,85.69,81.45,77.03,29.83,30.15,30.67,32.73,431.0,455.0,398.0,595.0,611.0
1775490938000,3.0,3.0,3.0,3.0,3.0,1707.0,1514.0,1365.0,2305.0,86.19,84.81,81.16,77.47,29.8,30.12,30.63,32.69,425.0,433.0,379.0,583.0,628.0
1775491239000,3.0,3.0,3.0,3.0,3.0,1824.0,1472.0,1302.0,2064.0,86.66,84.41,81.01,77.14,29.79,30.07,30.61,32.66,438.0,425.0,387.0,573.0,583.0
1775491539000,3.0,3.0,3.0,3.0,3.0,1866.0,1579.0,1363.0,2218.0,86.89,85.01,81.18,77.52,29.75,30.06,30.59,32.63,435.0,426.0,387.0,587.0,617.0
1775491840000,3.0,3.0,3.0,3.0,3.0,1820.0,1648.0,1562.0,2103.0,86.89,85.1,81.92,77.28,29.73,30.03,30.57,32.61,429.0,439.0,404.0,551.0,605.0
1775492140000,3.0,3.0,3.0,3.0,3.0,1804.0,1747.0,1617.0,2111.0,87.02,85.69,82.2,77.32,29.72,30.02,30.54,32.59,441.0,450.0,407.0,560.0,647.0
1775492441000,3.0,3.0,3.0,3.0,3.0,1670.0,1631.0,1427.0,2286.0,86.29,85.31,81.83,77.87,29.69,30.0,30.53,32.56,410.0,435.0,404.0,569.0,611.0
1775492741000,3.0,3.0,3.0,3.0,3.0,2066.0,1679.0,1440.0,2187.0,87.67,85.45,81.85,77.71,29.68,29.98,30.5,32.54,450.0,437.0,414.0,579.0,604.0
1775493042000,3.0,3.0,3.0,3.0,3.0,2165.0,1576.0,1360.0,2482.0,87.98,85.13,81.72,78.51,29.65,29.95,30.46,32.53,447.0,421.0,393.0,612.0,631.0
1775493343000,3.0,3.0,3.0,3.0,3.0,1794.0,1607.0,1405.0,2240.0,87.19,85.21,81.59,77.83,29.61,29.93,30.44,32.51,429.0,427.0,393.0,567.0,598.0
1775493643000,3.0,3.0,3.0,3.0,3.0,1746.0,1669.0,1413.0,2275.0,87.15,85.44,81.75,77.85,29.58,29.88,30.4,32.51,412.0,418.0,393.0,559.0,598.0
1775493944000,3.0,3.0,3.0,3.0,3.0,1820.0,1704.0,1391.0,2270.0,87.07,85.48,81.79,77.72,29.54,29.86,30.38,32.49,412.0,417.0,374.0,561.0,640.0
1775494244000,3.0,3.0,3.0,3.0,3.0,1966.0,1743.0,1498.0,2168.0,87.63,85.67,81.89,77.58,29.52,29.85,30.36,32.48,428.0,424.0,390.0,559.0,599.0
1775494545000,3.0,3.0,3.0,3.0,3.0,2248.0,1782.0,1485.0,2399.0,88.52,85.9,82.02,78.11,29.51,29.83,30.35,32.47,444.0,425.0,382.0,591.0,612.0
1775494845000,3.0,3.0,3.0,3.0,3.0,2095.0,1896.0,1551.0,2383.0,88.22,86.45,82.2,78.13,29.48,29.82,30.35,32.47,447.0,439.0,384.0,562.0,613.0
1775495146000,3.0,3.0,3.0,3.0,3.0,2069.0,2174.0,1755.0,2244.0,88.34,87.21,82.91,77.92,29.46,29.82,30.34,32.46,436.0,459.0,407.0,565.0,593.0
1775495447000,3.0,3.0,3.0,3.0,3.0,1934.0,1704.0,1471.0,2494.0,87.78,85.83,82.12,78.41,29.46,29.8,30.33,32.47,396.0,411.0,380.0,576.0,602.0
1775495747000,3.0,3.0,3.0,3.0,3.0,1949.0,1743.0,1374.0,2348.0,87.75,85.56,81.7,78.13,29.43,29.78,30.31,32.46,414.0,418.0,369.0,565.0,610.0
1775496048000,3.0,3.0,3.0,3.0,3.0,1831.0,1482.0,1378.0,2670.0,87.24,84.77,81.35,78.81,29.43,29.76,30.3,32.45,382.0,376.0,357.0,591.0,622.0
1775496348000,3.0,3.0,3.0,3.0,3.0,1746.0,1442.0,1466.0,2420.0,86.76,84.38,81.47,78.16,29.39,29.76,30.31,32.43,376.0,361.0,384.0,554.0,575.0
1775496649000,3.0,3.0,3.0,3.0,3.0,1846.0,1463.0,1627.0,2363.0,87.03,84.38,81.88,77.86,29.4,29.74,30.28,32.42,383.0,377.0,378.0,549.0,620.0
1775496949000,3.0,3.0,3.0,3.0,3.0,1935.0,1626.0,1461.0,2450.0,87.25,84.77,81.64,78.11,29.41,29.74,30.3,32.41,394.0,382.0,365.0,540.0,584.0
1775497250000,3.0,3.0,3.0,3.0,3.0,1827.0,1704.0,1518.0,2394.0,86.96,85.03,81.68,77.69,29.42,29.75,30.32,32.41,379.0,389.0,379.0,555.0,622.0
1775497551000,3.0,3.0,3.0,3.0,3.0,1842.0,1684.0,1505.0,2515.0,86.91,84.99,81.57,78.23,29.42,29.76,30.32,32.39,378.0,387.0,362.0,569.0,614.0
1775497851000,3.0,3.0,3.0,3.0,3.0,1826.0,1715.0,1544.0,2443.0,86.93,85.05,81.7,77.86,29.42,29.81,30.33,32.41,387.0,392.0,369.0,538.0,595.0
1775498152000,3.0,3.0,3.0,3.0,3.0,2018.0,1555.0,1488.0,2632.0,87.24,84.15,81.33,78.34,29.41,29.77,30.33,32.39,380.0,363.0,354.0,577.0,615.0
1775498452000,3.0,3.0,3.0,3.0,3.0,1852.0,1717.0,1444.0,2305.0,87.24,84.57,81.12,77.39,29.39,29.77,30.3,32.4,380.0,380.0,357.0,534.0,585.0
1775498753000,3.0,3.0,3.0,3.0,3.0,1937.0,1732.0,1470.0,2223.0,87.13,84.76,81.14,77.18,29.39,29.75,30.28,32.39,382.0,384.0,360.0,545.0,601.0
1775499053000,3.0,3.0,3.0,3.0,3.0,1621.0,1512.0,1489.0,2457.0,85.81,83.9,81.0,77.44,29.38,29.75,30.29,32.39,356.0,381.0,357.0,546.0,575.0
1775499354000,3.0,3.0,3.0,3.0,3.0,1967.0,1692.0,1422.0,2354.0,87.0,84.43,80.79,77.32,29.35,29.73,30.27,32.36,386.0,393.0,357.0,545.0,570.0
1775499655000,3.0,3.0,3.0,3.0,3.0,1740.0,1455.0,1343.0,2312.0,86.14,83.66,80.56,77.18,29.33,29.71,30.25,32.35,362.0,359.0,349.0,534.0,582.0
1775499955000,3.0,3.0,3.0,3.0,3.0,1721.0,1731.0,1424.0,2318.0,86.34,84.14,80.78,77.18,29.3,29.68,30.22,32.33,367.0,378.0,364.0,533.0,556.0
1775500256000,3.0,3.0,3.0,3.0,3.0,1858.0,1613.0,1420.0,2417.0,86.42,84.19,80.66,77.53,29.27,29.65,30.2,32.31,373.0,367.0,351.0,545.0,610.0
1775500556000,3.0,3.0,3.0,3.0,3.0,1928.0,1895.0,1501.0,2500.0,86.58,85.23,80.95,77.44,29.27,29.64,30.18,32.31,370.0,395.0,360.0,541.0,585.0
1775500857000,3.0,3.0,3.0,3.0,3.0,1849.0,1697.0,1481.0,2460.0,86.49,84.7,80.97,77.43,29.22,29.61,30.17,32.32,369.0,383.0,368.0,569.0,566.0
1775501157000,3.0,3.0,3.0,3.0,3.0,1976.0,1584.0,1586.0,2587.0,86.89,84.35,80.96,77.71,29.22,29.61,30.17,32.32,391.0,381.0,360.0,565.0,620.0
1775501458000,3.0,3.0,3.0,3.0,3.0,2125.0,1909.0,1627.0,2441.0,87.57,85.47,81.27,77.42,29.21,29.59,30.15,32.32,409.0,407.0,375.0,535.0,594.0
1775501759000,3.0,3.0,3.0,3.0,3.0,2223.0,1769.0,1517.0,2727.0,87.91,85.06,81.08,78.09,29.17,29.56,30.11,32.31,418.0,387.0,359.0,583.0,629.0
1775502059000,3.0,3.0,3.0,3.0,3.0,1896.0,1964.0,1616.0,2534.0,87.08,85.7,81.55,77.59,29.15,29.53,30.09,32.29,385.0,412.0,376.0,544.0,580.0
1775502360000,3.0,3.0,3.0,3.0,3.0,2012.0,1922.0,1646.0,2482.0,87.59,85.69,81.59,77.4,29.11,29.5,30.07,32.26,412.0,404.0,383.0,541.0,611.0
1775502660000,3.0,3.0,3.0,3.0,3.0,1997.0,1734.0,1551.0,2689.0,87.52,85.07,81.33,78.06,29.1,29.48,30.06,32.28,415.0,389.0,363.0,565.0,617.0
1775502961000,3.0,3.0,3.0,3.0,3.0,1941.0,1850.0,1532.0,2507.0,87.25,85.31,81.29,77.51,29.08,29.48,30.03,32.27,394.0,394.0,362.0,571.0,604.0
1775503261000,3.0,3.0,3.0,3.0,3.0,2194.0,1830.0,1430.0,2821.0,87.97,85.14,81.0,78.28,29.06,29.45,30.0,32.25,419.0,387.0,368.0,594.0,641.0
1775503562000,3.0,3.0,3.0,3.0,3.0,1908.0,1746.0,1652.0,2566.0,87.31,84.92,81.45,77.72,29.03,29.42,29.99,32.24,377.0,391.0,366.0,555.0,652.0
1775503863000,3.0,3.0,3.0,3.0,3.0,2067.0,1871.0,1521.0,2570.0,87.78,85.26,81.29,77.67,29.0,29.39,29.94,32.23,407.0,394.0,358.0,582.0,630.0
1775504163000,3.0,3.0,3.0,3.0,3.0,1807.0,1742.0,1534.0,2724.0,86.91,84.93,81.51,77.89,28.96,29.35,29.92,32.22,356.0,378.0,357.0,572.0,582.0
1775504464000,3.0,3.0,3.0,3.0,3.0,1996.0,1783.0,1505.0,2538.0,87.39,85.21,81.3,77.45,28.93,29.34,29.89,32.23,391.0,372.0,348.0,552.0,574.0
1775504764000,3.0,3.0,3.0,3.0,3.0,2029.0,1765.0,1501.0,2684.0,87.83,85.13,81.29,77.73,28.91,29.31,29.87,32.2,400.0,381.0,360.0,584.0,642.0
1775505065000,3.0,3.0,3.0,3.0,3.0,1761.0,1856.0,1533.0,2301.0,86.81,85.38,81.33,76.6,28.93,29.34,29.91,32.22,380.0,402.0,368.0,510.0,612.0
1775505365000,3.0,3.0,3.0,3.0,3.0,1933.0,1635.0,1654.0,2403.0,87.12,84.55,81.44,76.95,28.9,29.32,29.89,32.18,389.0,371.0,362.0,551.0,600.0
1775505666000,3.0,3.0,3.0,3.0,3.0,2182.0,1854.0,1528.0,2681.0,87.77,84.98,81.16,77.6,28.89,29.28,29.86,32.19,406.0,382.0,359.0,580.0,626.0
1775505967000,3.0,3.0,3.0,3.0,3.0,2031.0,1817.0,1604.0,2422.0,87.54,85.04,81.39,76.81,28.89,29.3,29.88,32.2,392.0,387.0,366.0,562.0,569.0
1775506267000,3.0,3.0,3.0,3.0,3.0,2004.0,1754.0,1625.0,2680.0,87.57,85.03,81.57,77.43,28.88,29.29,29.87,32.19,422.0,407.0,382.0,589.0,617.0
1775506568000,3.0,3.0,3.0,3.0,3.0,1908.0,1772.0,1494.0,2625.0,87.13,84.97,81.2,77.4,28.87,29.25,29.84,32.2,387.0,399.0,362.0,576.0,608.0
1775506868000,3.0,3.0,3.0,3.0,3.0,1785.0,1711.0,1484.0,2547.0,86.75,84.87,81.16,77.14,28.84,29.25,29.85,32.2,386.0,392.0,366.0,569.0,604.0
1775507169000,3.0,3.0,3.0,3.0,3.0,1792.0,1628.0,1619.0,2711.0,86.68,84.57,81.43,77.52,28.83,29.24,29.85,32.19,379.0,386.0,373.0,594.0,638.0
1775507469000,3.0,3.0,3.0,3.0,3.0,1770.0,1710.0,1517.0,2592.0,86.41,84.45,81.16,77.27,28.83,29.24,29.84,32.19,365.0,381.0,362.0,587.0,586.0
1775507770000,3.0,3.0,3.0,3.0,3.0,2021.0,1782.0,1597.0,2587.0,87.15,84.76,81.35,77.21,28.82,29.23,29.83,32.17,417.0,387.0,376.0,609.0,639.0
1775508071000,3.0,3.0,3.0,3.0,3.0,2079.0,1856.0,1529.0,2690.0,87.63,85.33,81.3,77.39,28.81,29.21,29.81,32.19,426.0,405.0,373.0,605.0,621.0
1775508371000,3.0,3.0,3.0,3.0,3.0,1780.0,1715.0,1555.0,2610.0,86.89,84.94,81.26,77.18,28.79,29.2,29.82,32.18,386.0,396.0,363.0,605.0,634.0
1775508672000,3.0,3.0,3.0,3.0,3.0,1854.0,1668.0,1509.0,2835.0,86.92,84.77,81.19,77.59,28.77,29.17,29.77,32.18,407.0,389.0,369.0,615.0,640.0
1775508972000,3.0,3.0,3.0,3.0,3.0,1967.0,1727.0,1618.0,2519.0,87.23,84.97,81.41,76.97,28.74,29.16,29.75,32.17,416.0,401.0,387.0,581.0,656.0
1775509273000,3.0,3.0,3.0,3.0,3.0,1930.0,1806.0,1607.0,2401.0,87.24,85.17,81.42,76.56,28.71,29.13,29.73,32.17,410.0,409.0,363.0,588.0,658.0
1775509573000,3.0,3.0,3.0,3.0,3.0,1870.0,1760.0,1456.0,2667.0,87.07,84.94,81.21,76.97,28.7,29.11,29.72,32.16,406.0,382.0,356.0,594.0,654.0
1775509874000,3.0,3.0,3.0,3.0,3.0,1713.0,1666.0,1548.0,2592.0,86.27,84.54,81.18,77.15,28.68,29.1,29.74,32.16,353.0,361.0,362.0,616.0,603.0
1775510175000,3.0,3.0,3.0,3.0,4.0,1726.0,1834.0,1678.0,2812.0,86.45,85.06,81.42,77.64,28.67,29.08,29.7,32.14,404.0,417.0,376.0,662.0,687.0
1775510475000,3.0,3.0,3.0,3.0,4.0,2110.0,1823.0,1513.0,2628.0,87.58,85.12,80.97,77.04,28.63,29.06,29.68,32.15,450.0,401.0,363.0,597.0,661.0
1775510776000,3.0,3.0,3.0,3.0,4.0,1935.0,1642.0,1605.0,2476.0,87.23,84.63,81.17,76.62,28.62,29.05,29.66,32.14,417.0,392.0,386.0,600.0,651.0
1775511076000,3.0,3.0,3.0,3.0,3.0,1717.0,1717.0,1608.0,2777.0,86.42,84.51,81.22,77.11,28.6,29.02,29.66,32.14,387.0,402.0,384.0,640.0,650.0
1775511377000,3.0,3.0,3.0,3.0,3.0,1945.0,1577.0,1534.0,2751.0,86.86,84.19,80.71,77.07,28.58,29.0,29.63,32.14,430.0,385.0,368.0,647.0,656.0
1775511677000,3.0,3.0,3.0,3.0,3.0,2135.0,1721.0,1590.0,2621.0,87.85,84.52,81.15,76.82,28.54,28.97,29.59,32.12,472.0,414.0,386.0,634.0,663.0
1775511978000,3.0,3.0,3.0,3.0,3.0,1832.0,1564.0,1482.0,2779.0,86.68,83.93,80.83,77.12,28.53,28.95,29.57,32.1,391.0,374.0,355.0,654.0,661.0
1775512279000,3.0,3.0,3.0,3.0,3.0,1963.0,1803.0,1599.0,2575.0,87.27,84.98,81.19,76.71,28.51,28.94,29.57,32.11,461.0,442.0,379.0,630.0,652.0
1775512579000,3.0,3.0,3.0,4.0,4.0,1899.0,1655.0,1549.0,2895.0,87.12,84.66,81.08,77.61,28.5,28.94,29.56,32.08,435.0,419.0,386.0,677.0,702.0
1775512880000,3.0,3.0,3.0,3.0,4.0,1787.0,1640.0,1566.0,2515.0,86.65,84.37,81.0,76.51,28.48,28.89,29.54,32.09,416.0,402.0,377.0,610.0,676.0
1775513180000,3.0,3.0,3.0,3.0,4.0,2194.0,1811.0,1493.0,2560.0,88.2,84.93,80.89,76.6,28.43,28.86,29.5,32.09,502.0,431.0,369.0,656.0,682.0
1775513481000,3.0,3.0,3.0,4.0,4.0,2087.0,1683.0,1452.0,2741.0,87.9,84.74,80.86,77.05,28.42,28.86,29.5,32.07,473.0,414.0,373.0,676.0,738.0
1775513782000,3.0,3.0,3.0,3.0,4.0,1939.0,1778.0,1447.0,2634.0,87.55,84.75,81.02,76.7,28.41,28.85,29.5,32.08,471.0,412.0,382.0,645.0,660.0
1775514082000,3.0,3.0,3.0,4.0,4.0,2007.0,1686.0,1519.0,2754.0,87.75,84.66,81.04,77.01,28.39,28.85,29.47,32.06,481.0,433.0,385.0,676.0,727.0
1775514383000,3.0,3.0,3.0,4.0,4.0,1805.0,1766.0,1423.0,2672.0,87.12,84.8,80.99,76.91,28.38,28.84,29.48,32.08,447.0,433.0,381.0,692.0,694.0
1775514683000,3.0,3.0,3.0,3.0,4.0,1886.0,1644.0,1398.0,2503.0,87.43,84.64,81.09,76.3,28.37,28.83,29.47,32.08,457.0,419.0,374.0,649.0,693.0
1775514984000,3.0,3.0,3.0,4.0,4.0,2075.0,1815.0,1616.0,2740.0,88.0,85.28,81.71,76.96,28.37,28.81,29.46,32.08,498.0,468.0,422.0,719.0,682.0
1775515284000,3.0,3.0,3.0,3.0,4.0,1905.0,1654.0,1515.0,2567.0,87.53,85.19,81.49,76.41,28.36,28.81,29.45,32.08,454.0,444.0,415.0,632.0,739.0
1775515585000,3.0,3.0,3.0,4.0,4.0,1899.0,1717.0,1469.0,2449.0,87.56,85.36,81.35,76.29,28.36,28.82,29.45,32.07,499.0,443.0,388.0,655.0,718.0
1775515886000,3.0,3.0,3.0,4.0,4.0,2081.0,1873.0,1504.0,2762.0,88.24,85.66,81.34,77.11,28.35,28.82,29.47,32.08,548.0,469.0,412.0,715.0,708.0
1775516186000,3.0,3.0,3.0,4.0,4.0,1858.0,1641.0,1471.0,2585.0,87.7,84.97,81.33,76.75,28.36,28.81,29.47,32.09,484.0,443.0,415.0,699.0,688.0
1775516487000,3.0,3.0,3.0,4.0,4.0,1912.0,1706.0,1663.0,2887.0,87.73,85.29,81.62,77.49,28.38,28.82,29.47,32.07,525.0,476.0,430.0,752.0,758.0
1775516787000,3.0,3.0,3.0,4.0,4.0,2130.0,1908.0,1623.0,2675.0,88.21,85.71,81.58,77.23,28.38,28.83,29.49,32.09,587.0,492.0,423.0,732.0,783.0
1775517088000,3.0,3.0,3.0,4.0,4.0,1896.0,1877.0,1719.0,2788.0,87.79,85.84,81.83,77.23,28.39,28.84,29.5,32.07,519.0,514.0,461.0,728.0,788.0
1775517388000,3.0,3.0,3.0,4.0,4.0,1920.0,1772.0,1534.0,2847.0,87.6,85.46,81.47,77.58,28.37,28.84,29.49,32.07,538.0,489.0,410.0,746.0,767.0
1775517689000,3.0,3.0,3.0,4.0,4.0,2055.0,1800.0,1618.0,2764.0,87.95,85.41,81.4,77.29,28.38,28.84,29.47,32.07,560.0,487.0,446.0,748.0,756.0
1775517990000,3.0,3.0,3.0,4.0,4.0,1851.0,1813.0,1555.0,2921.0,87.39,85.23,81.43,77.51,28.36,28.83,29.47,32.07,506.0,497.0,435.0,779.0,819.0
1775518290000,3.0,3.0,3.0,4.0,4.0,2013.0,1796.0,1573.0,2849.0,87.8,85.37,81.53,77.44,28.37,28.83,29.47,32.08,572.0,510.0,462.0,774.0,785.0
1775518591000,3.0,3.0,3.0,4.0,4.0,1925.0,1930.0,1757.0,2746.0,87.82,86.17,82.04,77.35,28.38,28.86,29.5,32.09,587.0,565.0,504.0,776.0,814.0
1775518891000,3.0,3.0,3.0,4.0,4.0,2101.0,1691.0,1619.0,3030.0,88.29,85.45,81.77,78.33,28.42,28.88,29.52,32.09,643.0,524.0,482.0,868.0,864.0
1775519192000,3.0,3.0,3.0,4.0,4.0,1826.0,1670.0,1619.0,2637.0,87.63,85.32,81.81,77.14,28.44,28.9,29.56,32.11,561.0,523.0,495.0,693.0,888.0
1775519492000,3.0,3.0,3.0,4.0,4.0,1866.0,1905.0,1733.0,2700.0,87.64,85.93,82.28,77.43,28.48,28.92,29.56,32.13,576.0,578.0,530.0,782.0,856.0
1775519793000,3.0,3.0,3.0,4.0,4.0,1854.0,1738.0,1540.0,2938.0,87.53,85.53,81.97,77.85,28.51,28.96,29.58,32.15,590.0,535.0,468.0,828.0,833.0
1775520094000,3.0,3.0,3.0,4.0,4.0,1944.0,1780.0,1734.0,2845.0,87.68,85.96,82.6,77.59,28.57,29.01,29.63,32.17,609.0,579.0,548.0,808.0,776.0
1775520417000,3.0,3.0,3.0,4.0,4.0,1896.0,1772.0,1634.0,2601.0,88.13,86.11,82.83,77.88,28.42,28.88,29.49,31.98,717.0,649.0,573.0,863.0,981.0
1775520717000,3.0,3.0,3.0,4.0,4.0,1837.0,1759.0,1565.0,2427.0,88.46,86.84,83.23,78.02,28.51,28.96,29.57,32.02,553.0,533.0,432.0,684.0,770.0
1775521018000,3.0,3.0,3.0,4.0,4.0,1692.0,1661.0,1518.0,2440.0,88.52,86.89,83.47,77.86,28.57,28.95,29.54,32.03,492.0,471.0,416.0,662.0,849.0
1775521318000,3.0,3.0,3.0,3.0,4.0,1415.0,1432.0,1401.0,2354.0,88.24,86.66,83.41,77.6,28.57,28.95,29.51,32.0,385.0,428.0,388.0,632.0,700.0
1775521619000,3.0,3.0,3.0,3.0,3.0,1376.0,1357.0,1280.0,2063.0,88.32,86.74,83.57,77.1,28.55,28.95,29.49,32.0,399.0,403.0,381.0,590.0,618.0
1775521919000,3.0,3.0,3.0,3.0,4.0,1284.0,1226.0,1176.0,2090.0,88.17,86.49,83.34,77.41,28.58,28.95,29.47,32.0,375.0,372.0,342.0,592.0,715.0
1775522220000,3.0,3.0,3.0,3.0,3.0,1222.0,1274.0,1080.0,2044.0,88.18,86.64,83.47,77.36,28.61,28.97,29.47,31.98,342.0,374.0,341.0,588.0,608.0
1775522521000,3.0,3.0,3.0,3.0,4.0,1201.0,1143.0,1129.0,1898.0,88.25,86.72,83.74,77.38,28.64,29.01,29.48,31.99,338.0,366.0,345.0,584.0,666.0
1775522821000,3.0,3.0,3.0,3.0,3.0,1161.0,1143.0,1065.0,1829.0,88.2,86.86,84.02,77.52,28.68,29.04,29.51,32.02,350.0,359.0,348.0,597.0,634.0
1775523122000,3.0,3.0,3.0,3.0,3.0,1037.0,1107.0,1114.0,1851.0,88.3,86.78,84.17,77.54,28.74,29.11,29.56,32.05,304.0,340.0,353.0,625.0,586.0
1775523422000,3.0,3.0,3.0,3.0,3.0,1041.0,1136.0,1044.0,1782.0,88.27,86.95,84.25,77.48,28.82,29.17,29.6,32.1,320.0,371.0,347.0,589.0,568.0
1775523723000,3.0,3.0,3.0,3.0,3.0,1127.0,1106.0,978.0,1539.0,88.44,87.07,84.36,77.27,28.89,29.26,29.68,32.14,355.0,357.0,342.0,555.0,574.0
1775524023000,3.0,3.0,3.0,3.0,3.0,1029.0,1158.0,1011.0,1651.0,88.35,87.24,84.39,77.77,29.02,29.36,29.8,32.18,320.0,391.0,363.0,593.0,606.0
1775524324000,3.0,3.0,3.0,3.0,3.0,1028.0,1085.0,1035.0,1589.0,88.42,86.85,84.32,77.62,29.13,29.49,29.9,32.25,346.0,388.0,370.0,560.0,602.0
1775524624000,3.0,3.0,3.0,3.0,3.0,1041.0,982.0,1008.0,1315.0,87.93,85.82,84.32,76.73,29.24,29.6,30.02,32.31,351.0,349.0,390.0,504.0,584.0
1775524925000,3.0,3.0,3.0,3.0,3.0,973.0,912.0,993.0,1225.0,87.15,85.23,83.75,76.15,29.36,29.69,30.13,32.38,326.0,324.0,367.0,487.0,582.0
1775525226000,3.0,3.0,3.0,3.0,3.0,1009.0,968.0,857.0,1293.0,87.42,85.44,83.26,76.15,29.47,29.83,30.22,32.44,333.0,355.0,335.0,491.0,593.0
1775525526000,3.0,3.0,3.0,3.0,4.0,1034.0,966.0,930.0,1320.0,86.88,85.39,82.94,76.39,29.59,29.93,30.33,32.51,342.0,361.0,353.0,536.0,724.0
1775525827000,3.0,3.0,3.0,3.0,3.0,931.0,893.0,865.0,1528.0,85.87,84.53,82.33,76.83,29.7,30.02,30.42,32.58,316.0,341.0,347.0,621.0,643.0
1775526127000,3.0,3.0,3.0,3.0,3.0,852.0,841.0,792.0,1549.0,84.99,83.61,81.39,76.91,29.79,30.11,30.46,32.66,317.0,329.0,321.0,622.0,600.0
1775526428000,3.0,3.0,3.0,3.0,3.0,838.0,864.0,810.0,1356.0,84.85,83.63,81.37,75.9,29.88,30.21,30.56,32.7,315.0,330.0,345.0,542.0,578.0
1775526728000,3.0,3.0,3.0,3.0,3.0,792.0,797.0,861.0,1319.0,85.01,83.4,81.59,75.98,29.99,30.3,30.66,32.77,277.0,323.0,356.0,558.0,580.0
1775527029000,3.0,3.0,3.0,3.0,3.0,773.0,793.0,778.0,1186.0,84.44,83.3,81.14,75.48,30.08,30.38,30.73,32.83,290.0,320.0,341.0,529.0,574.0
1775527330000,3.0,3.0,3.0,3.0,3.0,799.0,826.0,811.0,1298.0,84.26,83.18,81.18,75.8,30.2,30.48,30.85,32.9,324.0,344.0,353.0,555.0,570.0
1775527630000,3.0,3.0,3.0,3.0,3.0,768.0,845.0,794.0,1189.0,83.99,82.93,80.8,75.3,30.34,30.62,31.0,32.99,320.0,362.0,370.0,548.0,547.0
1775527931000,3.0,3.0,3.0,3.0,3.0,760.0,787.0,788.0,1183.0,83.45,82.58,80.51,75.25,30.49,30.77,31.13,33.04,321.0,350.0,352.0,539.0,585.0
1775528231000,3.0,3.0,3.0,3.0,3.0,732.0,759.0,750.0,1113.0,82.87,82.03,80.26,75.06,30.65,30.93,31.28,33.13,323.0,339.0,370.0,545.0,546.0
1775528532000,3.0,3.0,3.0,3.0,3.0,698.0,740.0,814.0,953.0,82.06,81.56,80.03,74.29,30.81,31.08,31.43,33.2,309.0,349.0,371.0,480.0,534.0
1775528832000,3.0,3.0,3.0,3.0,3.0,671.0,727.0,732.0,1011.0,81.19,81.14,79.32,74.3,30.99,31.23,31.57,33.25,293.0,357.0,366.0,514.0,537.0
1775529133000,3.0,3.0,3.0,3.0,3.0,639.0,719.0,690.0,907.0,80.72,80.85,78.75,74.23,31.17,31.4,31.73,33.35,310.0,364.0,351.0,521.0,554.0
1775529434000,3.0,3.0,3.0,3.0,3.0,705.0,722.0,763.0,854.0,80.86,80.51,78.95,74.06,31.36,31.58,31.88,33.4,342.0,365.0,413.0,503.0,552.0
1775529734000,3.0,3.0,3.0,3.0,3.0,648.0,670.0,732.0,885.0,80.07,79.83,78.54,73.89,31.54,31.71,32.04,33.44,322.0,357.0,389.0,500.0,563.0
1775530035000,3.0,3.0,3.0,3.0,3.0,598.0,646.0,646.0,823.0,78.49,78.37,77.5,73.29,31.7,31.88,32.17,33.46,286.0,342.0,366.0,463.0,510.0
1775530335000,3.0,3.0,3.0,3.0,3.0,556.0,571.0,587.0,707.0,77.22,77.59,76.45,72.58,31.83,31.99,32.24,33.46,280.0,320.0,343.0,421.0,463.0
1775530636000,3.0,3.0,3.0,3.0,3.0,582.0,537.0,610.0,670.0,77.08,76.98,75.89,72.07,31.93,32.07,32.31,33.39,290.0,339.0,342.0,416.0,458.0
1775530936000,3.0,3.0,3.0,3.0,3.0,554.0,598.0,545.0,607.0,76.04,76.37,75.46,71.91,32.03,32.13,32.34,33.32,275.0,329.0,333.0,400.0,413.0
1775531237000,3.0,3.0,3.0,3.0,3.0,554.0,543.0,560.0,586.0,75.82,76.11,75.31,71.86,32.11,32.18,32.37,33.24,275.0,316.0,324.0,377.0,413.0
1775531537000,3.0,3.0,3.0,3.0,3.0,552.0,569.0,592.0,603.0,75.46,75.64,74.98,71.84,32.18,32.22,32.41,33.17,278.0,315.0,327.0,392.0,409.0
1775531838000,3.0,3.0,3.0,3.0,3.0,490.0,551.0,572.0,593.0,75.0,74.98,74.4,71.74,32.25,32.27,32.44,33.12,271.0,319.0,328.0,384.0,403.0
1775532139000,3.0,3.0,3.0,3.0,3.0,527.0,557.0,606.0,594.0,74.94,75.32,74.52,71.92,32.34,32.35,32.48,33.09,283.0,322.0,313.0,391.0,410.0
1775532439000,3.0,3.0,3.0,3.0,3.0,507.0,504.0,531.0,565.0,74.44,75.25,74.27,72.0,32.44,32.43,32.54,33.09,276.0,311.0,322.0,375.0,406.0
1775532740000,3.0,3.0,3.0,3.0,3.0,550.0,522.0,523.0,563.0,74.75,75.45,74.52,72.21,32.58,32.52,32.65,33.12,293.0,324.0,330.0,391.0,413.0
1775533040000,3.0,3.0,3.0,3.0,3.0,490.0,534.0,527.0,584.0,74.66,75.42,74.77,72.45,32.7,32.64,32.74,33.17,298.0,329.0,334.0,402.0,411.0
1775533341000,3.0,3.0,3.0,3.0,3.0,513.0,549.0,540.0,587.0,73.85,74.61,74.2,72.45,32.83,32.77,32.85,33.23,299.0,339.0,332.0,401.0,418.0
1775533641000,3.0,3.0,3.0,3.0,3.0,511.0,531.0,522.0,564.0,73.31,74.09,73.57,72.13,32.96,32.9,32.97,33.33,312.0,337.0,336.0,402.0,410.0
1775533942000,3.0,3.0,3.0,3.0,3.0,498.0,517.0,519.0,523.0,72.22,72.82,72.67,71.51,33.08,33.0,33.09,33.42,308.0,339.0,343.0,408.0,422.0
1775534243000,3.0,3.0,3.0,3.0,3.0,529.0,564.0,542.0,525.0,71.25,71.65,71.63,70.62,33.19,33.13,33.19,33.5,329.0,347.0,354.0,395.0,424.0
1775534543000,3.0,3.0,3.0,3.0,3.0,511.0,511.0,533.0,569.0,70.08,70.82,70.78,69.81,33.28,33.22,33.28,33.57,316.0,341.0,346.0,392.0,433.0
1775534844000,3.0,3.0,3.0,3.0,3.0,489.0,532.0,524.0,559.0,69.25,69.78,69.74,68.75,33.38,33.32,33.36,33.65,331.0,348.0,349.0,390.0,418.0
1775535144000,3.0,3.0,3.0,3.0,3.0,520.0,487.0,537.0,593.0,68.54,69.11,69.31,68.2,33.46,33.43,33.44,33.72,327.0,353.0,362.0,416.0,427.0
1775535445000,3.0,3.0,3.0,3.0,3.0,509.0,523.0,521.0,554.0,67.91,68.58,68.7,67.71,33.57,33.51,33.53,33.81,329.0,361.0,345.0,419.0,417.0
1775535745000,3.0,3.0,3.0,3.0,3.0,506.0,528.0,510.0,574.0,67.58,68.33,68.36,67.24,33.68,33.63,33.64,33.9,337.0,368.0,354.0,425.0,417.0
1775536046000,3.0,3.0,3.0,3.0,3.0,525.0,474.0,510.0,580.0,67.17,67.89,67.9,67.05,33.83,33.76,33.78,34.0,351.0,378.0,345.0,413.0,430.0
1775536347000,3.0,3.0,3.0,3.0,3.0,479.0,485.0,520.0,514.0,66.69,67.15,67.24,66.34,33.94,33.92,33.91,34.12,357.0,372.0,362.0,409.0,423.0
1775536647000,3.0,3.0,3.0,3.0,3.0,472.0,499.0,493.0,492.0,66.41,67.27,67.34,66.5,34.09,34.04,34.03,34.17,361.0,379.0,371.0,409.0,415.0
1775536948000,3.0,3.0,3.0,3.0,3.0,488.0,487.0,475.0,497.0,66.42,67.47,67.43,66.89,34.21,34.17,34.12,34.18,360.0,395.0,355.0,411.0,426.0
1775537248000,3.0,3.0,3.0,3.0,3.0,466.0,501.0,466.0,580.0,66.49,67.24,67.34,66.74,34.36,34.29,34.2,34.21,374.0,391.0,357.0,411.0,435.0
1775537549000,3.0,3.0,3.0,3.0,3.0,472.0,479.0,479.0,502.0,64.58,65.84,65.47,66.22,34.46,34.39,34.27,34.25,352.0,383.0,339.0,414.0,425.0
1775537849000,3.0,3.0,3.0,3.0,3.0,476.0,455.0,484.0,470.0,64.49,65.64,65.24,65.18,34.55,34.48,34.33,34.27,365.0,392.0,352.0,401.0,413.0
1775538150000,3.0,3.0,3.0,3.0,3.0,474.0,491.0,503.0,499.0,64.0,65.09,64.86,64.8,34.63,34.54,34.37,34.34,372.0,392.0,360.0,398.0,411.0
1775538451000,3.0,3.0,3.0,3.0,3.0,503.0,498.0,469.0,486.0,63.79,65.04,64.61,64.27,34.71,34.63,34.42,34.42,368.0,388.0,344.0,395.0,475.0
1775538751000,3.0,3.0,3.0,3.0,3.0,457.0,481.0,488.0,461.0,63.59,64.95,64.13,63.97,34.8,34.71,34.49,34.52,372.0,404.0,354.0,403.0,412.0
1775539052000,3.0,3.0,3.0,3.0,3.0,474.0,509.0,473.0,493.0,62.72,63.84,63.69,63.24,34.88,34.8,34.59,34.63,377.0,399.0,364.0,397.0,441.0
1775539352000,3.0,3.0,3.0,3.0,3.0,476.0,478.0,478.0,468.0,62.07,62.81,62.83,62.04,34.96,34.89,34.64,34.77,382.0,398.0,351.0,385.0,402.0
1775539653000,3.0,3.0,3.0,3.0,3.0,431.0,418.0,489.0,501.0,60.66,61.77,61.91,61.13,35.04,34.99,34.74,34.9,367.0,392.0,366.0,397.0,435.0
1775539953000,3.0,3.0,3.0,3.0,3.0,462.0,428.0,487.0,500.0,59.73,60.84,61.33,60.17,35.12,35.04,34.81,34.98,375.0,386.0,363.0,381.0,404.0
1775540254000,3.0,3.0,3.0,3.0,3.0,495.0,465.0,458.0,511.0,59.22,60.68,60.85,59.93,35.2,35.14,34.9,35.09,386.0,399.0,374.0,395.0,415.0
1775540555000,3.0,3.0,3.0,3.0,3.0,478.0,425.0,465.0,500.0,58.27,59.55,59.48,58.55,35.31,35.22,34.99,35.21,369.0,384.0,349.0,379.0,401.0
1775540855000,3.0,3.0,3.0,3.0,3.0,470.0,469.0,448.0,500.0,58.95,60.05,60.38,59.04,35.4,35.33,35.08,35.32,394.0,406.0,369.0,413.0,420.0
1775541156000,3.0,3.0,3.0,3.0,3.0,492.0,461.0,478.0,457.0,57.68,58.68,59.12,57.89,35.5,35.44,35.2,35.45,388.0,397.0,345.0,390.0,408.0
1775541456000,3.0,3.0,3.0,3.0,3.0,470.0,464.0,479.0,466.0,57.25,58.41,58.6,57.52,35.6,35.56,35.33,35.57,386.0,402.0,374.0,407.0,424.0
1775541757000,3.0,3.0,3.0,3.0,3.0,451.0,492.0,494.0,487.0,57.53,58.98,59.64,57.22,35.74,35.71,35.5,35.74,418.0,440.0,401.0,437.0,436.0
1775542057000,3.0,3.0,3.0,3.0,3.0,490.0,593.0,499.0,517.0,56.98,59.76,59.96,58.06,35.94,35.92,35.76,35.98,431.0,532.0,427.0,465.0,485.0
1775542358000,3.0,3.0,3.0,3.0,3.0,532.0,612.0,560.0,544.0,56.97,59.02,59.45,58.28,36.16,36.19,36.02,36.24,512.0,535.0,474.0,490.0,512.0
1775542659000,3.0,3.0,3.0,3.0,3.0,549.0,618.0,619.0,651.0,57.06,58.75,59.36,58.36,36.4,36.43,36.31,36.5,533.0,551.0,509.0,556.0,513.0
1775542959000,3.0,4.0,3.0,3.0,3.0,647.0,713.0,665.0,654.0,57.92,60.07,59.35,58.07,36.65,36.7,36.58,36.76,637.0,670.0,548.0,546.0,589.0
1775543260000,4.0,4.0,3.0,3.0,3.0,662.0,652.0,660.0,624.0,58.47,59.63,59.41,58.19,36.89,36.94,36.86,37.0,685.0,668.0,565.0,572.0,651.0
1775543560000,4.0,4.0,3.0,3.0,3.0,723.0,739.0,655.0,643.0,59.43,59.63,59.31,57.91,37.12,37.17,37.1,37.24,801.0,702.0,581.0,597.0,651.0
1775543861000,4.0,4.0,3.0,3.0,3.0,791.0,740.0,679.0,675.0,59.84,60.16,60.0,58.22,37.33,37.41,37.35,37.45,838.0,738.0,631.0,614.0,667.0
1775544161000,4.0,4.0,3.0,3.0,4.0,724.0,723.0,679.0,700.0,59.47,60.04,59.7,58.67,37.54,37.63,37.57,37.66,815.0,751.0,606.0,648.0,690.0
1775544462000,4.0,4.0,3.0,3.0,4.0,703.0,740.0,683.0,690.0,58.95,59.93,59.94,58.5,37.74,37.81,37.79,37.86,776.0,746.0,621.0,657.0,697.0
1775544763000,4.0,4.0,3.0,4.0,4.0,678.0,744.0,729.0,715.0,58.23,59.68,59.74,58.7,37.92,38.01,37.97,38.03,727.0,747.0,638.0,679.0,729.0
1775545063000,4.0,4.0,4.0,4.0,4.0,775.0,749.0,777.0,690.0,58.91,59.4,59.8,58.14,38.08,38.18,38.17,38.17,849.0,760.0,682.0,670.0,731.0
1775545364000,4.0,4.0,3.0,4.0,4.0,772.0,813.0,751.0,740.0,58.72,59.58,59.4,58.53,38.24,38.34,38.3,38.34,847.0,787.0,656.0,698.0,741.0
1775545664000,4.0,4.0,4.0,4.0,4.0,769.0,756.0,765.0,761.0,58.68,59.3,58.99,58.56,38.37,38.45,38.42,38.44,854.0,766.0,664.0,690.0,802.0
1775545965000,4.0,4.0,3.0,4.0,4.0,765.0,783.0,757.0,721.0,58.49,59.01,58.71,58.23,38.49,38.57,38.55,38.54,838.0,779.0,665.0,715.0,748.0
1775546265000,4.0,4.0,4.0,4.0,4.0,808.0,789.0,806.0,827.0,58.42,58.96,58.83,58.59,38.6,38.68,38.66,38.64,882.0,782.0,669.0,752.0,824.0
1775546566000,4.0,4.0,4.0,4.0,4.0,782.0,857.0,762.0,826.0,58.01,59.19,58.79,58.81,38.69,38.77,38.75,38.73,817.0,832.0,686.0,763.0,772.0
1775546867000,4.0,4.0,4.0,4.0,4.0,824.0,794.0,803.0,817.0,58.11,58.73,58.75,58.61,38.77,38.85,38.82,38.81,880.0,798.0,692.0,754.0,792.0
1775547167000,4.0,4.0,4.0,4.0,4.0,828.0,825.0,787.0,822.0,58.23,58.78,58.53,58.57,38.84,38.92,38.89,38.88,900.0,815.0,693.0,757.0,791.0
1775547468000,4.0,4.0,4.0,4.0,4.0,802.0,826.0,837.0,816.0,57.84,58.78,58.47,58.12,38.91,38.95,38.94,38.91,850.0,827.0,711.0,732.0,815.0
1775547768000,4.0,4.0,4.0,4.0,4.0,822.0,816.0,845.0,816.0,58.12,58.63,58.51,58.04,38.94,39.01,38.98,38.95,888.0,803.0,717.0,752.0,764.0
1775548069000,4.0,4.0,4.0,4.0,4.0,805.0,793.0,792.0,816.0,57.77,58.29,58.25,57.68,38.96,39.03,39.01,38.98,867.0,789.0,699.0,738.0,786.0
1775548369000,4.0,4.0,4.0,4.0,4.0,875.0,865.0,821.0,801.0,58.13,58.69,58.23,57.66,38.98,39.03,39.04,39.0,920.0,854.0,697.0,731.0,806.0
1775548670000,4.0,4.0,4.0,4.0,4.0,907.0,834.0,823.0,831.0,58.49,58.56,58.1,57.41,38.98,39.04,39.02,39.0,947.0,816.0,697.0,724.0,797.0
1775548970000,4.0,4.0,4.0,4.0,4.0,914.0,884.0,807.0,815.0,58.38,58.73,58.12,57.7,38.98,39.03,39.04,39.0,917.0,839.0,687.0,755.0,727.0
1775549271000,4.0,4.0,4.0,4.0,4.0,839.0,907.0,834.0,895.0,58.27,59.01,58.35,58.07,38.97,39.02,39.02,38.98,877.0,886.0,726.0,791.0,739.0
1775549572000,4.0,4.0,4.0,4.0,4.0,895.0,849.0,816.0,823.0,58.69,58.97,58.5,57.69,38.96,39.0,39.01,38.97,955.0,829.0,714.0,744.0,760.0
1775549872000,4.0,4.0,4.0,4.0,4.0,845.0,844.0,919.0,779.0,58.5,59.12,58.99,57.76,38.92,38.97,38.98,38.93,899.0,854.0,759.0,733.0,678.0
1775550173000,4.0,4.0,3.0,4.0,4.0,978.0,849.0,816.0,857.0,59.58,59.07,58.79,58.57,38.89,38.93,38.95,38.9,985.0,810.0,684.0,760.0,765.0
1775550473000,4.0,4.0,4.0,4.0,4.0,926.0,820.0,793.0,901.0,59.41,59.18,58.96,59.01,38.83,38.87,38.89,38.85,937.0,808.0,689.0,778.0,710.0
1775550774000,4.0,4.0,4.0,4.0,4.0,852.0,849.0,788.0,854.0,59.48,59.72,59.26,58.77,38.77,38.8,38.83,38.8,889.0,797.0,696.0,737.0,744.0
1775551074000,4.0,4.0,4.0,4.0,4.0,946.0,889.0,811.0,835.0,59.92,60.19,59.62,59.03,38.71,38.74,38.76,38.75,933.0,833.0,707.0,737.0,773.0
1775551375000,4.0,4.0,4.0,4.0,4.0,874.0,837.0,901.0,830.0,59.92,60.5,59.95,59.23,38.65,38.67,38.7,38.66,863.0,842.0,711.0,758.0,800.0
1775551676000,4.0,4.0,4.0,4.0,4.0,850.0,844.0,807.0,846.0,59.76,60.48,59.74,59.39,38.57,38.6,38.61,38.59,856.0,825.0,711.0,753.0,800.0
1775551976000,4.0,4.0,4.0,4.0,4.0,880.0,875.0,821.0,863.0,60.34,60.81,60.05,59.8,38.51,38.51,38.54,38.5,910.0,835.0,675.0,748.0,805.0
1775552277000,4.0,4.0,4.0,4.0,4.0,887.0,880.0,874.0,880.0,60.28,61.15,60.49,60.11,38.42,38.43,38.45,38.41,845.0,865.0,716.0,765.0,782.0
1775552577000,4.0,4.0,4.0,4.0,4.0,933.0,851.0,879.0,885.0,61.01,61.31,60.85,60.31,38.33,38.34,38.37,38.33,932.0,845.0,714.0,749.0,796.0
1775552878000,4.0,4.0,4.0,4.0,4.0,869.0,934.0,853.0,859.0,60.98,61.89,60.95,60.44,38.22,38.24,38.26,38.22,871.0,871.0,693.0,737.0,759.0
1775553179000,4.0,4.0,4.0,4.0,3.0,890.0,908.0,921.0,874.0,60.84,61.88,61.62,60.86,38.12,38.13,38.18,38.12,802.0,852.0,769.0,763.0,634.0
1775553479000,4.0,4.0,4.0,4.0,3.0,870.0,903.0,958.0,869.0,61.05,62.16,61.51,61.1,38.0,37.98,38.05,38.0,806.0,852.0,717.0,755.0,644.0
1775553780000,4.0,4.0,4.0,4.0,3.0,860.0,917.0,926.0,918.0,61.16,62.42,61.76,61.44,37.84,37.83,37.91,37.86,809.0,843.0,701.0,750.0,658.0
1775554080000,4.0,4.0,4.0,4.0,3.0,928.0,900.0,868.0,885.0,61.67,62.05,61.89,61.44,37.67,37.66,37.72,37.69,875.0,775.0,694.0,742.0,657.0
1775554381000,4.0,4.0,4.0,4.0,3.0,943.0,903.0,884.0,894.0,61.62,62.51,62.07,61.54,37.46,37.46,37.55,37.52,814.0,813.0,702.0,733.0,643.0
1775554681000,3.0,3.0,3.0,3.0,3.0,536.0,549.0,542.0,617.0,57.44,57.98,57.82,57.43,37.18,37.18,37.22,37.26,420.0,442.0,401.0,457.0,432.0
1775554982000,3.0,3.0,3.0,3.0,3.0,488.0,456.0,489.0,520.0,56.59,57.35,56.94,56.44,36.76,36.76,36.71,36.85,352.0,386.0,351.0,411.0,390.0
1775555282000,3.0,3.0,3.0,3.0,3.0,477.0,478.0,478.0,495.0,56.98,57.87,57.54,56.59,36.25,36.24,36.13,36.37,346.0,386.0,328.0,399.0,376.0
1775555583000,3.0,3.0,3.0,3.0,3.0,502.0,465.0,506.0,468.0,57.84,58.83,58.97,57.63,35.75,35.77,35.58,35.88,329.0,370.0,319.0,379.0,380.0
1775555884000,3.0,3.0,3.0,3.0,3.0,455.0,503.0,508.0,492.0,59.15,59.98,60.24,58.96,35.27,35.32,35.06,35.43,315.0,354.0,324.0,376.0,358.0
1775556184000,3.0,3.0,3.0,3.0,3.0,458.0,500.0,470.0,538.0,60.58,61.41,61.7,60.5,34.86,34.89,34.6,34.94,311.0,366.0,309.0,381.0,356.0
1775556485000,3.0,3.0,3.0,3.0,3.0,472.0,520.0,478.0,473.0,61.79,62.58,63.14,61.95,34.48,34.53,34.19,34.49,313.0,341.0,301.0,366.0,355.0
1775556785000,3.0,3.0,3.0,3.0,3.0,485.0,493.0,489.0,526.0,62.84,63.67,64.33,63.29,34.14,34.17,33.81,34.07,299.0,329.0,309.0,366.0,330.0
1775557086000,3.0,3.0,3.0,3.0,3.0,485.0,465.0,468.0,519.0,63.68,64.47,65.08,64.26,33.8,33.85,33.46,33.69,301.0,335.0,287.0,365.0,337.0
1775557420000,3.0,3.0,3.0,3.0,3.0,455.0,472.0,463.0,510.0,64.05,64.87,65.75,64.91,33.44,33.49,33.07,33.27,286.0,309.0,282.0,356.0,337.0
1775557721000,3.0,3.0,3.0,3.0,3.0,482.0,499.0,493.0,547.0,64.78,65.44,66.4,65.85,33.15,33.19,32.75,32.96,270.0,301.0,269.0,348.0,333.0
1775558021000,3.0,3.0,3.0,3.0,3.0,487.0,497.0,463.0,544.0,65.43,66.21,67.15,66.86,32.89,32.89,32.53,32.71,275.0,301.0,275.0,355.0,328.0
1775558322000,3.0,3.0,3.0,3.0,3.0,481.0,467.0,463.0,527.0,65.87,66.69,67.52,67.47,32.67,32.66,32.31,32.52,276.0,289.0,279.0,347.0,324.0
1775558623000,3.0,3.0,3.0,3.0,3.0,498.0,502.0,490.0,579.0,66.26,67.12,67.9,68.07,32.46,32.45,32.12,32.34,268.0,287.0,276.0,369.0,324.0
1775558923000,3.0,3.0,3.0,3.0,3.0,522.0,505.0,503.0,594.0,66.63,67.66,68.3,68.61,32.25,32.24,31.95,32.19,271.0,280.0,264.0,355.0,346.0
1775559224000,3.0,3.0,3.0,3.0,3.0,489.0,507.0,538.0,803.0,67.13,68.03,68.77,69.23,32.08,32.04,31.79,32.06,286.0,286.0,268.0,373.0,399.0
1775559524000,3.0,3.0,3.0,3.0,3.0,503.0,537.0,488.0,775.0,67.61,68.43,69.03,69.63,31.91,31.88,31.65,31.97,274.0,280.0,270.0,379.0,357.0
1775559825000,3.0,3.0,3.0,3.0,3.0,504.0,521.0,502.0,793.0,68.1,68.94,69.53,69.91,31.75,31.73,31.53,31.88,271.0,287.0,278.0,373.0,371.0
1775560125000,3.0,3.0,3.0,3.0,3.0,520.0,539.0,509.0,746.0,68.75,69.49,69.88,70.3,31.59,31.57,31.41,31.81,272.0,275.0,262.0,372.0,344.0
1775560426000,3.0,3.0,3.0,3.0,3.0,534.0,509.0,498.0,860.0,69.27,69.83,70.16,70.44,31.44,31.43,31.28,31.71,260.0,268.0,258.0,364.0,350.0
1775560727000,3.0,3.0,3.0,3.0,3.0,526.0,544.0,567.0,759.0,69.63,70.32,70.47,70.54,31.27,31.27,31.16,31.66,256.0,271.0,263.0,360.0,343.0
1775561027000,3.0,3.0,3.0,3.0,3.0,561.0,548.0,552.0,831.0,69.96,70.63,70.88,70.57,31.14,31.13,31.03,31.56,251.0,258.0,268.0,352.0,359.0
1775561328000,3.0,3.0,3.0,3.0,3.0,526.0,536.0,555.0,776.0,70.39,71.0,71.12,70.82,31.01,31.0,30.94,31.51,252.0,267.0,268.0,352.0,352.0
1775561628000,3.0,3.0,3.0,3.0,3.0,548.0,566.0,540.0,811.0,70.76,71.18,71.33,70.73,30.87,30.87,30.8,31.44,254.0,255.0,264.0,347.0,378.0
1775561929000,3.0,3.0,3.0,3.0,3.0,546.0,585.0,573.0,772.0,70.86,71.44,71.51,71.26,30.73,30.74,30.69,31.39,258.0,263.0,262.0,384.0,329.0
1775562229000,3.0,3.0,3.0,3.0,3.0,554.0,558.0,545.0,786.0,71.19,71.68,71.7,70.78,30.6,30.6,30.58,31.3,244.0,250.0,264.0,334.0,350.0
1775562530000,3.0,3.0,3.0,3.0,3.0,572.0,564.0,542.0,884.0,71.7,71.86,71.85,71.27,30.46,30.46,30.45,31.24,253.0,246.0,249.0,362.0,370.0
1775562831000,3.0,3.0,3.0,3.0,3.0,529.0,535.0,554.0,846.0,71.61,72.09,72.0,71.64,30.31,30.34,30.34,31.17,231.0,239.0,243.0,362.0,336.0
1775563131000,3.0,3.0,3.0,3.0,3.0,527.0,541.0,563.0,738.0,71.83,72.28,72.12,70.91,30.17,30.21,30.21,31.09,226.0,241.0,235.0,322.0,334.0
1775563432000,3.0,3.0,3.0,3.0,3.0,520.0,541.0,551.0,725.0,72.25,72.73,72.41,70.75,30.04,30.09,30.1,31.01,225.0,231.0,238.0,319.0,351.0
1775563732000,2.0,3.0,3.0,3.0,3.0,523.0,540.0,540.0,781.0,72.55,72.93,72.69,70.93,29.92,29.95,30.0,30.91,221.0,227.0,237.0,310.0,321.0
1775564033000,3.0,3.0,3.0,3.0,3.0,537.0,536.0,558.0,851.0,72.92,73.31,73.06,71.44,29.81,29.84,29.9,30.83,224.0,224.0,231.0,320.0,349.0
1775564333000,2.0,2.0,3.0,3.0,3.0,533.0,527.0,556.0,803.0,73.25,73.68,73.31,71.91,29.7,29.74,29.78,30.75,220.0,221.0,230.0,339.0,326.0
1775564634000,2.0,2.0,3.0,3.0,3.0,524.0,565.0,568.0,819.0,73.72,74.02,73.67,71.86,29.59,29.66,29.68,30.66,214.0,222.0,233.0,308.0,329.0
1775564934000,2.0,2.0,2.0,3.0,3.0,526.0,585.0,527.0,941.0,74.07,74.38,74.08,72.57,29.49,29.56,29.59,30.64,220.0,219.0,223.0,337.0,347.0
1775565235000,2.0,2.0,3.0,3.0,3.0,483.0,560.0,556.0,914.0,74.37,74.86,74.53,72.87,29.41,29.5,29.53,30.61,217.0,218.0,233.0,343.0,341.0
1775565536000,2.0,2.0,3.0,3.0,3.0,481.0,532.0,550.0,770.0,74.77,75.06,74.86,72.44,29.32,29.4,29.44,30.54,201.0,218.0,228.0,318.0,322.0
1775565836000,2.0,2.0,2.0,3.0,3.0,520.0,560.0,528.0,859.0,75.25,75.51,75.21,72.95,29.23,29.32,29.38,30.49,203.0,205.0,226.0,326.0,354.0
1775566137000,2.0,2.0,3.0,3.0,3.0,553.0,625.0,595.0,880.0,75.74,76.0,75.65,73.27,29.17,29.27,29.32,30.46,205.0,214.0,229.0,328.0,339.0
1775566437000,2.0,2.0,3.0,3.0,3.0,494.0,540.0,544.0,942.0,76.09,76.31,75.91,73.8,29.08,29.2,29.24,30.41,198.0,213.0,230.0,330.0,346.0
1775566738000,2.0,2.0,2.0,3.0,3.0,565.0,542.0,540.0,893.0,76.46,76.52,76.17,73.99,29.01,29.13,29.19,30.35,203.0,208.0,218.0,334.0,343.0
1775567038000,2.0,2.0,2.0,3.0,3.0,547.0,591.0,532.0,813.0,76.82,76.95,76.55,73.75,28.94,29.06,29.12,30.31,205.0,210.0,224.0,307.0,333.0
1775567339000,2.0,2.0,3.0,3.0,3.0,552.0,568.0,539.0,995.0,77.12,77.24,76.8,74.44,28.9,29.02,29.08,30.28,211.0,223.0,239.0,331.0,362.0
1775567640000,2.0,2.0,2.0,3.0,3.0,543.0,557.0,545.0,994.0,77.28,77.31,76.93,74.91,28.84,28.95,29.04,30.28,210.0,220.0,229.0,343.0,368.0
1775567940000,2.0,2.0,3.0,3.0,3.0,541.0,575.0,520.0,974.0,77.47,77.51,77.11,74.92,28.79,28.9,28.97,30.25,210.0,228.0,237.0,340.0,393.0
1775568241000,2.0,3.0,3.0,3.0,3.0,549.0,530.0,555.0,964.0,77.66,77.66,77.23,74.89,28.73,28.85,28.93,30.25,206.0,221.0,233.0,342.0,400.0
1775568541000,2.0,2.0,3.0,3.0,3.0,548.0,600.0,551.0,991.0,77.9,78.02,77.5,75.3,28.68,28.83,28.89,30.22,213.0,210.0,229.0,352.0,390.0
1775568842000,2.0,2.0,3.0,3.0,3.0,586.0,595.0,588.0,1003.0,78.26,78.19,77.75,75.34,28.61,28.76,28.83,30.2,211.0,222.0,234.0,341.0,393.0
1775569142000,2.0,3.0,3.0,3.0,3.0,569.0,566.0,574.0,965.0,78.48,78.37,77.94,75.18,28.56,28.73,28.79,30.18,218.0,230.0,239.0,341.0,378.0
1775569443000,2.0,2.0,3.0,3.0,3.0,572.0,557.0,560.0,1022.0,78.6,78.49,78.08,75.58,28.51,28.67,28.75,30.16,219.0,219.0,245.0,352.0,389.0
1775569744000,2.0,2.0,3.0,3.0,3.0,575.0,591.0,580.0,971.0,78.84,78.76,78.27,75.33,28.46,28.64,28.72,30.14,212.0,223.0,239.0,330.0,370.0
1775570044000,2.0,3.0,3.0,3.0,3.0,569.0,611.0,578.0,985.0,79.03,78.96,78.48,75.58,28.42,28.59,28.67,30.14,222.0,230.0,244.0,343.0,374.0
1775570345000,2.0,3.0,3.0,3.0,3.0,588.0,613.0,625.0,1027.0,79.46,79.28,78.69,75.56,28.37,28.54,28.64,30.11,220.0,240.0,247.0,333.0,387.0
1775570645000,3.0,3.0,3.0,3.0,3.0,619.0,605.0,588.0,1052.0,79.73,79.54,78.97,76.05,28.33,28.5,28.59,30.09,225.0,232.0,244.0,369.0,390.0
1775570946000,2.0,2.0,2.0,3.0,3.0,605.0,592.0,619.0,989.0,79.91,79.73,79.24,75.94,28.27,28.45,28.54,30.08,213.0,221.0,229.0,337.0,392.0
1775571246000,2.0,2.0,3.0,3.0,3.0,596.0,611.0,592.0,946.0,80.11,79.91,79.45,75.99,28.23,28.42,28.5,30.07,211.0,220.0,245.0,330.0,400.0
1775571547000,2.0,2.0,3.0,3.0,3.0,612.0,595.0,631.0,952.0,80.3,80.19,79.58,76.02,28.19,28.36,28.46,30.04,208.0,213.0,231.0,320.0,393.0
1775571848000,2.0,2.0,3.0,3.0,3.0,632.0,639.0,607.0,911.0,80.8,80.61,79.99,76.02,28.13,28.32,28.43,30.03,211.0,225.0,241.0,329.0,386.0
1775572148000,2.0,2.0,3.0,3.0,3.0,672.0,626.0,639.0,1049.0,81.2,80.83,80.34,76.69,28.08,28.27,28.38,30.0,216.0,215.0,237.0,347.0,391.0
1775572449000,2.0,2.0,2.0,3.0,3.0,625.0,638.0,632.0,1037.0,81.34,81.01,80.43,76.74,28.03,28.24,28.36,29.98,203.0,210.0,224.0,336.0,399.0
1775572749000,2.0,2.0,3.0,3.0,3.0,631.0,645.0,652.0,1065.0,81.44,81.1,80.56,76.97,28.01,28.2,28.32,29.97,215.0,224.0,240.0,342.0,400.0
1775573050000,2.0,2.0,3.0,3.0,3.0,629.0,611.0,647.0,1043.0,81.75,81.37,80.82,77.12,27.96,28.18,28.28,29.91,228.0,223.0,239.0,340.0,413.0
1775573350000,2.0,2.0,3.0,3.0,3.0,620.0,607.0,618.0,1019.0,81.88,81.56,80.97,77.24,27.92,28.12,28.23,29.88,212.0,220.0,238.0,346.0,410.0
1775573651000,2.0,3.0,3.0,3.0,3.0,630.0,624.0,619.0,998.0,82.08,81.72,81.1,77.19,27.86,28.08,28.2,29.86,222.0,234.0,242.0,348.0,400.0
1775573952000,2.0,3.0,3.0,3.0,3.0,636.0,620.0,599.0,1049.0,82.19,81.85,81.22,77.4,27.82,28.06,28.17,29.83,222.0,229.0,244.0,346.0,403.0
1775574252000,2.0,3.0,3.0,3.0,3.0,632.0,631.0,598.0,1055.0,82.3,81.82,81.17,77.44,27.78,27.99,28.11,29.79,220.0,226.0,236.0,347.0,405.0
1775574553000,2.0,2.0,3.0,3.0,3.0,614.0,648.0,632.0,1042.0,82.26,81.79,81.25,77.45,27.74,27.96,28.08,29.77,216.0,221.0,243.0,345.0,407.0
1775574853000,2.0,2.0,3.0,3.0,3.0,639.0,637.0,611.0,1025.0,82.37,81.86,81.35,77.43,27.68,27.92,28.04,29.75,212.0,225.0,243.0,338.0,430.0
1775575154000,2.0,2.0,3.0,3.0,3.0,679.0,660.0,655.0,1101.0,82.53,82.03,81.43,77.73,27.64,27.88,27.99,29.71,210.0,227.0,234.0,350.0,430.0
1775575455000,2.0,3.0,3.0,3.0,3.0,619.0,672.0,637.0,1108.0,82.68,82.17,81.58,77.88,27.59,27.84,27.97,29.69,214.0,226.0,244.0,353.0,424.0
1775575755000,2.0,3.0,3.0,3.0,3.0,661.0,668.0,630.0,990.0,82.92,82.31,81.69,77.68,27.56,27.8,27.93,29.65,218.0,227.0,248.0,322.0,409.0
1775576056000,2.0,2.0,3.0,3.0,3.0,643.0,654.0,615.0,983.0,82.94,82.39,81.76,77.57,27.51,27.75,27.88,29.63,204.0,220.0,231.0,319.0,403.0
1775576356000,2.0,2.0,3.0,3.0,3.0,608.0,662.0,653.0,988.0,83.07,82.52,81.92,77.66,27.46,27.71,27.85,29.57,209.0,207.0,231.0,328.0,411.0
1775576657000,2.0,2.0,3.0,3.0,3.0,646.0,608.0,682.0,974.0,83.21,82.63,82.08,77.69,27.42,27.66,27.81,29.52,212.0,206.0,226.0,318.0,400.0
1775576957000,2.0,2.0,2.0,3.0,3.0,646.0,621.0,643.0,961.0,83.4,82.84,82.24,77.92,27.38,27.61,27.76,29.48,200.0,204.0,228.0,320.0,407.0
1775577258000,2.0,2.0,3.0,3.0,3.0,639.0,660.0,632.0,947.0,83.73,83.08,82.48,78.08,27.35,27.58,27.73,29.45,211.0,212.0,230.0,331.0,420.0
1775577559000,2.0,3.0,3.0,3.0,3.0,632.0,666.0,673.0,976.0,83.81,83.21,82.7,78.27,27.31,27.56,27.68,29.42,214.0,227.0,246.0,336.0,422.0
1775577859000,2.0,2.0,2.0,3.0,3.0,630.0,648.0,654.0,975.0,83.95,83.34,83.11,78.53,27.29,27.53,27.66,29.38,197.0,200.0,214.0,332.0,437.0
1775578160000,2.0,2.0,3.0,3.0,3.0,609.0,635.0,624.0,933.0,84.43,83.79,83.57,78.52,27.24,27.49,27.65,29.35,190.0,193.0,228.0,315.0,417.0
1775578460000,2.0,2.0,2.0,3.0,3.0,639.0,648.0,654.0,840.0,85.04,84.37,84.21,78.73,27.23,27.48,27.63,29.33,198.0,215.0,216.0,302.0,386.0
1775578761000,2.0,2.0,2.0,3.0,3.0,615.0,638.0,657.0,873.0,85.49,84.86,84.49,79.03,27.23,27.47,27.62,29.32,206.0,208.0,216.0,306.0,411.0
1775579061000,2.0,2.0,2.0,3.0,3.0,642.0,670.0,682.0,879.0,85.63,84.98,84.76,79.26,27.24,27.48,27.61,29.32,203.0,205.0,223.0,317.0,388.0
1775579362000,2.0,2.0,2.0,3.0,3.0,643.0,656.0,640.0,883.0,85.74,85.08,84.78,79.37,27.23,27.47,27.62,29.33,206.0,202.0,220.0,306.0,399.0
1775579663000,2.0,2.0,2.0,3.0,3.0,638.0,613.0,668.0,872.0,85.76,85.13,84.79,79.37,27.23,27.48,27.62,29.33,189.0,212.0,225.0,310.0,409.0
1775579963000,2.0,2.0,2.0,3.0,3.0,658.0,631.0,663.0,875.0,85.82,85.13,84.72,79.44,27.21,27.48,27.62,29.31,189.0,193.0,222.0,312.0,382.0
1775580264000,2.0,2.0,2.0,3.0,3.0,630.0,644.0,643.0,865.0,85.86,85.11,84.8,79.35,27.22,27.46,27.61,29.3,192.0,193.0,212.0,304.0,383.0
1775580564000,2.0,2.0,2.0,3.0,3.0,648.0,628.0,677.0,852.0,85.9,85.13,84.92,79.35,27.2,27.47,27.6,29.29,208.0,199.0,204.0,308.0,382.0
1775580865000,2.0,2.0,2.0,3.0,3.0,656.0,661.0,702.0,864.0,86.02,85.16,84.88,79.48,27.19,27.45,27.59,29.26,192.0,191.0,222.0,304.0,379.0
1775581165000,2.0,2.0,2.0,3.0,3.0,666.0,671.0,661.0,873.0,86.14,85.19,85.01,79.59,27.19,27.44,27.57,29.25,184.0,190.0,199.0,294.0,374.0
1775581466000,2.0,2.0,2.0,3.0,3.0,629.0,659.0,675.0,884.0,86.08,85.15,85.13,79.7,27.18,27.42,27.56,29.23,189.0,178.0,205.0,297.0,351.0
1775581767000,2.0,2.0,2.0,3.0,3.0,640.0,659.0,662.0,832.0,86.02,85.19,85.18,79.52,27.16,27.4,27.53,29.22,197.0,191.0,211.0,289.0,370.0
1775582067000,2.0,2.0,2.0,3.0,3.0,682.0,674.0,718.0,882.0,86.31,85.53,85.38,79.83,27.15,27.38,27.5,29.17,216.0,186.0,214.0,303.0,374.0
1775582368000,2.0,2.0,2.0,3.0,3.0,614.0,641.0,636.0,783.0,86.29,85.47,85.47,79.81,27.13,27.35,27.47,29.15,190.0,180.0,201.0,297.0,374.0
1775582668000,2.0,2.0,2.0,3.0,3.0,646.0,640.0,660.0,874.0,86.35,85.58,85.51,79.92,27.1,27.34,27.43,29.1,202.0,184.0,204.0,291.0,366.0
1775582969000,2.0,2.0,2.0,3.0,3.0,638.0,680.0,623.0,827.0,86.36,85.76,85.56,79.86,27.08,27.32,27.41,29.08,183.0,179.0,184.0,289.0,373.0
1775583269000,2.0,2.0,2.0,3.0,3.0,644.0,620.0,675.0,892.0,86.56,85.83,85.74,80.26,27.05,27.3,27.38,29.06,178.0,172.0,183.0,297.0,365.0
1775583570000,2.0,2.0,2.0,3.0,3.0,662.0,763.0,677.0,858.0,86.59,86.11,85.8,80.07,27.02,27.26,27.34,29.03,212.0,167.0,184.0,269.0,350.0
1775583871000,2.0,2.0,2.0,3.0,3.0,712.0,722.0,733.0,889.0,86.83,86.09,85.9,80.13,26.99,27.23,27.33,28.98,183.0,164.0,183.0,266.0,344.0
1775584171000,3.0,2.0,2.0,3.0,3.0,700.0,696.0,731.0,907.0,86.92,86.15,85.89,80.32,26.96,27.22,27.29,28.94,245.0,171.0,177.0,273.0,357.0
1775584472000,3.0,2.0,2.0,3.0,3.0,689.0,715.0,720.0,890.0,87.07,86.25,85.97,80.38,26.93,27.17,27.24,28.88,327.0,179.0,182.0,271.0,349.0
1775584772000,3.0,2.0,2.0,3.0,3.0,644.0,706.0,677.0,834.0,87.15,86.3,86.0,80.37,26.9,27.15,27.21,28.86,400.0,175.0,181.0,276.0,342.0
1775585073000,3.0,2.0,2.0,3.0,3.0,655.0,662.0,711.0,856.0,87.28,86.25,86.13,80.46,26.86,27.1,27.16,28.8,353.0,167.0,187.0,261.0,338.0
1775585373000,3.0,2.0,2.0,3.0,3.0,653.0,725.0,672.0,812.0,87.27,86.45,86.2,80.45,26.83,27.07,27.13,28.74,415.0,179.0,199.0,267.0,351.0
1775585674000,3.0,2.0,2.0,3.0,3.0,634.0,690.0,628.0,831.0,87.39,86.47,86.23,80.59,26.81,27.04,27.09,28.68,374.0,172.0,175.0,266.0,353.0
1775585975000,3.0,2.0,2.0,3.0,3.0,682.0,697.0,650.0,808.0,87.44,86.59,86.34,80.73,26.76,27.01,27.04,28.62,370.0,173.0,189.0,267.0,349.0
1775586275000,3.0,2.0,2.0,3.0,3.0,686.0,707.0,690.0,792.0,87.6,86.61,86.55,80.85,26.73,26.98,26.99,28.56,314.0,187.0,198.0,278.0,363.0
1775586576000,3.0,2.0,2.0,3.0,3.0,688.0,692.0,658.0,815.0,87.72,86.8,86.75,81.12,26.69,26.93,26.96,28.5,291.0,187.0,197.0,274.0,353.0
1775586876000,3.0,2.0,2.0,3.0,3.0,620.0,686.0,659.0,843.0,87.85,86.86,86.81,81.41,26.66,26.89,26.91,28.43,505.0,168.0,182.0,267.0,354.0
1775587177000,3.0,2.0,2.0,3.0,3.0,680.0,735.0,709.0,779.0,87.99,87.05,87.05,81.49,26.61,26.83,26.86,28.36,235.0,165.0,176.0,252.0,328.0
1775587477000,3.0,2.0,2.0,3.0,3.0,635.0,705.0,688.0,795.0,88.13,87.33,87.21,81.68,26.58,26.8,26.81,28.28,314.0,166.0,173.0,251.0,342.0
1775587778000,3.0,2.0,2.0,3.0,3.0,666.0,674.0,733.0,785.0,88.37,87.48,87.47,81.92,26.52,26.74,26.76,28.21,292.0,164.0,179.0,255.0,329.0
1775588079000,2.0,2.0,2.0,3.0,3.0,678.0,672.0,679.0,809.0,88.62,87.62,87.5,82.18,26.47,26.71,26.71,28.15,200.0,166.0,168.0,261.0,318.0
1775588379000,3.0,2.0,2.0,3.0,3.0,685.0,720.0,691.0,807.0,88.71,87.8,87.55,82.35,26.45,26.66,26.66,28.06,239.0,157.0,164.0,234.0,309.0
1775588680000,3.0,2.0,2.0,3.0,3.0,700.0,722.0,711.0,801.0,88.87,87.96,87.78,82.58,26.41,26.61,26.62,28.03,253.0,152.0,168.0,234.0,316.0
1775588980000,2.0,2.0,2.0,3.0,3.0,732.0,713.0,687.0,816.0,89.03,88.05,88.02,82.76,26.36,26.56,26.59,27.97,189.0,160.0,178.0,242.0,323.0
1775589281000,3.0,2.0,2.0,3.0,3.0,701.0,695.0,703.0,746.0,89.07,88.21,88.17,82.85,26.32,26.53,26.53,27.9,281.0,174.0,176.0,232.0,314.0
1775589581000,2.0,2.0,2.0,3.0,3.0,656.0,680.0,660.0,774.0,89.13,88.31,88.33,83.05,26.29,26.5,26.5,27.84,208.0,194.0,169.0,243.0,324.0
1775589882000,3.0,2.0,2.0,3.0,3.0,641.0,711.0,667.0,741.0,89.34,88.42,88.45,83.25,26.25,26.45,26.45,27.77,291.0,179.0,167.0,239.0,304.0
1775590183000,3.0,2.0,2.0,3.0,3.0,649.0,682.0,666.0,757.0,89.46,88.49,88.51,83.41,26.21,26.4,26.41,27.7,354.0,208.0,179.0,240.0,330.0
1775590483000,3.0,2.0,2.0,3.0,3.0,665.0,681.0,628.0,768.0,89.57,88.75,88.7,83.64,26.2,26.37,26.36,27.66,288.0,210.0,183.0,248.0,340.0
1775590784000,3.0,3.0,2.0,3.0,3.0,672.0,660.0,661.0,765.0,89.77,88.9,88.9,83.93,26.14,26.33,26.32,27.6,297.0,323.0,172.0,243.0,315.0
1775591084000,3.0,3.0,2.0,3.0,3.0,678.0,706.0,695.0,755.0,89.96,89.15,89.11,84.12,26.13,26.29,26.28,27.55,409.0,269.0,185.0,250.0,316.0
1775591385000,3.0,2.0,2.0,3.0,3.0,634.0,723.0,669.0,736.0,90.12,89.44,89.41,84.3,26.09,26.26,26.25,27.49,266.0,203.0,173.0,239.0,321.0
1775591685000,3.0,3.0,2.0,3.0,3.0,668.0,694.0,681.0,721.0,90.45,89.78,89.74,84.57,26.05,26.22,26.2,27.45,402.0,283.0,174.0,242.0,320.0
1775591986000,3.0,3.0,2.0,3.0,3.0,621.0,711.0,655.0,740.0,90.8,90.03,89.99,85.0,26.02,26.19,26.17,27.39,277.0,250.0,163.0,239.0,305.0
1775592287000,3.0,3.0,2.0,3.0,3.0,641.0,692.0,670.0,781.0,90.84,90.05,89.96,85.21,26.0,26.15,26.15,27.34,350.0,307.0,156.0,227.0,302.0
1775592587000,2.0,2.0,2.0,3.0,3.0,672.0,679.0,726.0,716.0,90.82,90.14,90.14,85.43,25.97,26.12,26.11,27.28,139.0,186.0,155.0,232.0,311.0
1775592888000,2.0,2.0,2.0,2.0,3.0,686.0,740.0,710.0,769.0,90.65,90.06,90.0,85.76,25.94,26.08,26.07,27.23,161.0,152.0,150.0,217.0,293.0
1775593188000,2.0,3.0,2.0,2.0,3.0,756.0,765.0,753.0,862.0,90.47,89.96,89.85,85.68,25.89,26.03,26.02,27.14,150.0,225.0,141.0,220.0,269.0
1775593489000,2.0,2.0,2.0,2.0,3.0,751.0,764.0,710.0,832.0,90.54,90.02,89.85,85.69,25.85,25.95,25.95,27.05,166.0,183.0,138.0,203.0,248.0
1775593789000,2.0,2.0,2.0,2.0,2.0,717.0,743.0,710.0,810.0,90.55,90.14,89.94,85.76,25.77,25.88,25.88,26.92,168.0,193.0,140.0,191.0,218.0
1775594090000,2.0,2.0,2.0,2.0,3.0,719.0,722.0,739.0,810.0,90.79,90.48,90.2,86.25,25.71,25.78,25.79,26.78,144.0,221.0,136.0,190.0,245.0
1775594390000,2.0,2.0,2.0,2.0,3.0,773.0,789.0,753.0,809.0,91.17,90.8,90.47,86.53,25.66,25.75,25.76,26.8,179.0,212.0,134.0,209.0,288.0
1775594691000,2.0,2.0,2.0,2.0,3.0,841.0,843.0,807.0,869.0,91.57,91.05,90.58,86.45,25.67,25.77,25.82,26.99,145.0,203.0,147.0,219.0,316.0
1775594992000,2.0,3.0,2.0,3.0,3.0,740.0,781.0,745.0,937.0,91.55,90.95,90.5,86.07,25.69,25.85,25.93,27.25,158.0,308.0,155.0,263.0,349.0
1775595292000,2.0,3.0,2.0,3.0,3.0,779.0,793.0,765.0,915.0,91.52,90.88,90.37,85.45,25.74,25.95,26.04,27.5,143.0,251.0,160.0,252.0,350.0
1775595593000,2.0,3.0,2.0,3.0,3.0,797.0,824.0,767.0,904.0,91.6,90.84,90.16,84.74,25.81,26.02,26.16,27.76,179.0,279.0,179.0,263.0,356.0
1775595893000,2.0,3.0,2.0,3.0,3.0,776.0,819.0,772.0,866.0,91.44,90.6,89.93,84.2,25.86,26.12,26.26,27.96,190.0,228.0,173.0,265.0,348.0
1775596194000,2.0,3.0,2.0,3.0,3.0,759.0,775.0,714.0,891.0,91.45,90.46,89.78,83.56,25.89,26.17,26.35,28.12,201.0,300.0,167.0,262.0,346.0
1775596494000,2.0,2.0,2.0,3.0,3.0,741.0,759.0,734.0,891.0,91.41,90.36,89.64,83.19,25.93,26.21,26.42,28.27,208.0,191.0,172.0,267.0,365.0
1775596795000,2.0,2.0,2.0,3.0,3.0,795.0,743.0,721.0,867.0,91.28,90.22,89.43,82.75,25.95,26.28,26.48,28.4,199.0,220.0,192.0,265.0,352.0
1775597096000,2.0,3.0,2.0,3.0,3.0,736.0,772.0,765.0,860.0,91.04,90.02,89.14,82.33,25.99,26.36,26.54,28.5,175.0,230.0,167.0,268.0,340.0
1775597396000,2.0,2.0,2.0,3.0,3.0,807.0,793.0,718.0,851.0,90.82,89.61,88.64,81.95,26.02,26.36,26.57,28.58,190.0,192.0,156.0,261.0,360.0
1775597697000,2.0,2.0,2.0,3.0,3.0,826.0,828.0,802.0,890.0,90.64,89.28,88.32,81.51,26.05,26.41,26.61,28.66,135.0,164.0,169.0,257.0,355.0
1775597997000,2.0,2.0,2.0,3.0,3.0,811.0,888.0,761.0,919.0,90.42,89.21,88.08,81.07,26.06,26.43,26.63,28.72,126.0,157.0,149.0,237.0,326.0
1775598298000,2.0,2.0,2.0,3.0,3.0,801.0,825.0,760.0,907.0,90.17,89.04,88.01,80.68,26.06,26.44,26.65,28.76,111.0,149.0,148.0,231.0,316.0
1775598598000,2.0,2.0,2.0,3.0,3.0,761.0,835.0,733.0,891.0,90.14,88.99,87.95,80.46,26.06,26.46,26.65,28.79,105.0,137.0,144.0,231.0,317.0
1775598899000,2.0,2.0,2.0,3.0,3.0,752.0,830.0,751.0,871.0,90.33,89.09,88.04,80.31,26.06,26.44,26.66,28.83,107.0,134.0,152.0,230.0,312.0
1775599200000,2.0,2.0,2.0,3.0,3.0,799.0,812.0,799.0,831.0,90.54,89.3,88.32,80.1,26.07,26.47,26.7,28.84,110.0,138.0,161.0,225.0,329.0
1775599500000,2.0,2.0,2.0,3.0,3.0,791.0,793.0,859.0,822.0,90.85,89.68,88.41,80.46,26.12,26.5,26.76,28.81,122.0,152.0,188.0,229.0,314.0
1775599801000,2.0,2.0,2.0,2.0,3.0,744.0,819.0,760.0,780.0,90.48,89.28,88.28,80.47,26.15,26.53,26.79,28.65,115.0,129.0,168.0,188.0,259.0
1775600101000,2.0,2.0,2.0,2.0,3.0,719.0,760.0,741.0,736.0,90.17,89.0,88.03,80.88,26.16,26.47,26.76,28.39,99.0,118.0,154.0,172.0,248.0
1775600402000,2.0,2.0,2.0,2.0,3.0,754.0,762.0,830.0,813.0,90.22,89.17,88.28,81.63,26.15,26.43,26.73,28.18,92.0,113.0,169.0,176.0,259.0
1775600702000,2.0,2.0,2.0,2.0,3.0,727.0,804.0,799.0,824.0,90.1,89.29,88.23,81.9,26.13,26.4,26.78,28.2,78.0,107.0,153.0,183.0,289.0
1775601003000,2.0,2.0,2.0,2.0,3.0,753.0,803.0,831.0,841.0,90.08,89.29,87.99,81.59,26.12,26.39,26.91,28.36,81.0,109.0,176.0,202.0,311.0
1775601304000,2.0,2.0,2.0,2.0,3.0,735.0,809.0,822.0,819.0,89.87,89.21,87.3,80.83,26.11,26.4,27.11,28.61,80.0,109.0,173.0,199.0,314.0
1775601604000,2.0,2.0,2.0,2.0,3.0,827.0,840.0,877.0,817.0,89.81,89.11,86.68,80.02,26.1,26.41,27.31,28.9,74.0,102.0,174.0,211.0,319.0
1775601905000,2.0,2.0,2.0,3.0,3.0,845.0,837.0,900.0,872.0,89.82,88.92,85.99,79.06,26.1,26.43,27.46,29.18,88.0,102.0,183.0,225.0,309.0
1775602205000,2.0,2.0,2.0,3.0,3.0,835.0,857.0,884.0,891.0,89.95,88.79,85.47,78.18,26.11,26.45,27.62,29.44,87.0,114.0,185.0,225.0,311.0
1775602506000,2.0,2.0,2.0,3.0,3.0,783.0,863.0,919.0,860.0,89.85,88.97,85.12,77.54,26.13,26.48,27.76,29.68,87.0,113.0,194.0,235.0,317.0
1775602806000,2.0,2.0,2.0,3.0,3.0,808.0,785.0,869.0,924.0,90.17,89.21,84.87,77.02,26.16,26.53,27.89,29.91,95.0,113.0,198.0,246.0,324.0
1775603107000,2.0,2.0,2.0,3.0,3.0,775.0,865.0,874.0,863.0,90.12,89.19,84.57,76.31,26.19,26.57,28.01,30.14,92.0,122.0,188.0,242.0,335.0
1775603408000,2.0,2.0,2.0,3.0,3.0,811.0,840.0,871.0,916.0,90.37,89.25,84.34,75.83,26.23,26.61,28.1,30.34,96.0,121.0,191.0,260.0,345.0
1775603708000,2.0,2.0,2.0,3.0,3.0,758.0,851.0,889.0,858.0,90.55,89.48,84.2,75.27,26.28,26.68,28.2,30.53,87.0,122.0,192.0,257.0,333.0
1775604009000,2.0,2.0,2.0,3.0,3.0,834.0,887.0,874.0,907.0,90.51,89.38,83.98,74.92,26.32,26.74,28.31,30.68,87.0,119.0,191.0,263.0,335.0
1775604309000,2.0,2.0,2.0,3.0,3.0,831.0,867.0,985.0,898.0,90.53,89.26,83.96,74.43,26.37,26.8,28.39,30.81,79.0,111.0,205.0,263.0,323.0
1775604610000,2.0,2.0,2.0,3.0,3.0,812.0,819.0,866.0,924.0,90.65,89.34,83.61,74.41,26.43,26.85,28.49,30.87,94.0,116.0,189.0,266.0,336.0
1775604910000,2.0,2.0,2.0,3.0,3.0,841.0,825.0,933.0,864.0,90.83,89.41,83.7,74.24,26.47,26.91,28.57,30.93,93.0,120.0,204.0,258.0,331.0
1775605211000,2.0,2.0,2.0,3.0,3.0,839.0,832.0,851.0,903.0,90.67,89.15,83.32,74.06,26.52,26.96,28.64,30.99,89.0,118.0,185.0,265.0,338.0
1775605511000,2.0,2.0,2.0,3.0,3.0,826.0,839.0,877.0,898.0,90.65,89.27,83.13,73.86,26.57,27.01,28.69,31.05,94.0,114.0,197.0,262.0,343.0
1775605812000,2.0,2.0,2.0,3.0,3.0,819.0,850.0,946.0,901.0,90.71,89.31,83.34,73.74,26.65,27.08,28.75,31.13,114.0,131.0,209.0,272.0,334.0
1775606113000,2.0,2.0,3.0,3.0,3.0,853.0,848.0,951.0,932.0,90.74,89.33,83.16,73.89,26.7,27.13,28.81,31.21,163.0,199.0,237.0,300.0,385.0
1775606413000,2.0,2.0,3.0,3.0,3.0,831.0,800.0,969.0,893.0,90.87,89.35,83.27,73.75,26.76,27.17,28.87,31.24,173.0,197.0,286.0,340.0,403.0
1775606714000,2.0,2.0,3.0,3.0,3.0,790.0,807.0,863.0,883.0,91.01,89.46,83.16,73.75,26.83,27.24,28.95,31.3,171.0,198.0,266.0,340.0,405.0
1775607014000,2.0,2.0,3.0,3.0,3.0,792.0,836.0,888.0,859.0,91.04,89.59,83.26,73.82,26.88,27.29,28.99,31.35,172.0,193.0,277.0,329.0,393.0
1775607315000,2.0,2.0,3.0,3.0,3.0,774.0,780.0,833.0,865.0,91.18,89.54,83.11,73.99,26.97,27.37,29.06,31.39,166.0,183.0,263.0,346.0,398.0
1775607615000,2.0,2.0,3.0,3.0,3.0,734.0,743.0,872.0,811.0,91.2,89.61,83.22,73.89,27.03,27.43,29.12,31.43,150.0,177.0,267.0,327.0,386.0
1775607916000,2.0,2.0,3.0,3.0,3.0,731.0,687.0,814.0,785.0,91.29,89.45,83.16,74.07,27.11,27.5,29.17,31.45,132.0,158.0,239.0,308.0,380.0
1775608217000,2.0,2.0,3.0,3.0,3.0,766.0,772.0,808.0,837.0,91.57,89.67,83.26,74.12,27.17,27.58,29.22,31.48,122.0,150.0,234.0,302.0,369.0
1775608517000,2.0,2.0,2.0,3.0,3.0,699.0,734.0,812.0,850.0,91.11,89.56,83.27,74.41,27.24,27.65,29.28,31.51,116.0,154.0,219.0,304.0,370.0
1775608818000,2.0,2.0,3.0,3.0,3.0,688.0,685.0,803.0,752.0,91.26,89.34,83.28,74.27,27.31,27.73,29.34,31.55,130.0,163.0,238.0,300.0,355.0
1775609118000,2.0,2.0,3.0,3.0,3.0,673.0,683.0,748.0,813.0,91.03,89.02,83.04,74.37,27.4,27.8,29.39,31.56,137.0,171.0,235.0,309.0,379.0
1775609419000,2.0,2.0,3.0,3.0,3.0,667.0,685.0,773.0,743.0,90.94,89.05,83.01,74.11,27.47,27.87,29.44,31.59,138.0,162.0,249.0,313.0,371.0
1775609719000,2.0,2.0,3.0,3.0,3.0,705.0,683.0,800.0,721.0,90.99,88.99,83.03,74.19,27.55,27.94,29.51,31.62,138.0,165.0,248.0,317.0,362.0
1775610020000,2.0,2.0,3.0,3.0,3.0,675.0,688.0,790.0,769.0,91.12,88.74,82.98,74.3,27.62,28.02,29.6,31.69,138.0,166.0,252.0,322.0,375.0
1775610321000,2.0,2.0,3.0,3.0,3.0,591.0,602.0,749.0,758.0,90.61,88.75,82.74,74.31,27.73,28.1,29.68,31.76,129.0,165.0,246.0,328.0,380.0
1775610621000,2.0,2.0,3.0,3.0,3.0,606.0,608.0,667.0,670.0,90.89,88.62,82.52,74.22,27.81,28.18,29.77,31.83,133.0,161.0,235.0,320.0,359.0
1775610922000,2.0,2.0,3.0,3.0,3.0,603.0,646.0,672.0,679.0,90.62,88.58,82.6,74.32,27.91,28.29,29.82,31.85,143.0,176.0,250.0,317.0,362.0
1775611222000,2.0,2.0,2.0,3.0,3.0,619.0,625.0,731.0,706.0,90.12,88.62,82.63,74.35,28.03,28.4,29.91,31.9,150.0,178.0,123.0,328.0,362.0
1775611523000,2.0,2.0,2.0,2.0,2.0,597.0,643.0,709.0,708.0,90.15,88.27,82.44,74.35,28.12,28.51,29.99,31.94,105.0,186.0,123.0,129.0,125.0
1775611823000,2.0,2.0,2.0,2.0,2.0,600.0,634.0,645.0,715.0,89.36,88.05,82.2,74.38,28.22,28.62,30.09,31.99,101.0,94.0,123.0,130.0,112.0
1775612124000,2.0,2.0,2.0,2.0,2.0,593.0,620.0,666.0,709.0,89.79,87.91,82.09,74.45,28.33,28.72,30.18,32.03,107.0,98.0,118.0,129.0,126.0
1775612425000,2.0,2.0,2.0,2.0,2.0,604.0,608.0,663.0,666.0,89.85,87.8,82.1,74.34,28.47,28.83,30.26,32.09,106.0,97.0,129.0,124.0,112.0
1775612725000,2.0,2.0,2.0,2.0,2.0,579.0,610.0,624.0,686.0,89.56,87.52,82.02,74.59,28.59,28.92,30.33,32.11,105.0,101.0,125.0,132.0,124.0
1775613026000,2.0,2.0,2.0,2.0,2.0,581.0,591.0,618.0,705.0,89.23,87.19,81.75,74.53,28.74,29.08,30.41,32.18,110.0,103.0,123.0,132.0,108.0
1775613326000,2.0,2.0,2.0,2.0,2.0,574.0,578.0,635.0,675.0,88.78,87.05,81.78,74.7,28.87,29.19,30.48,32.19,109.0,105.0,122.0,126.0,122.0
1775613627000,2.0,2.0,2.0,2.0,2.0,545.0,589.0,656.0,636.0,87.85,86.34,81.49,74.45,29.01,29.32,30.53,32.23,111.0,99.0,131.0,128.0,114.0
1775613927000,2.0,2.0,2.0,2.0,2.0,563.0,560.0,595.0,618.0,86.97,85.99,81.31,74.62,29.14,29.41,30.61,32.18,111.0,102.0,123.0,125.0,106.0
1775614228000,2.0,2.0,2.0,2.0,2.0,531.0,606.0,646.0,641.0,86.31,85.18,81.03,74.53,29.28,29.51,30.66,32.2,113.0,106.0,129.0,126.0,108.0
1775614529000,2.0,2.0,2.0,2.0,2.0,530.0,542.0,623.0,654.0,86.17,85.05,80.74,74.64,29.43,29.63,30.75,32.22,116.0,110.0,138.0,134.0,103.0
1775614829000,2.0,2.0,2.0,2.0,2.0,527.0,548.0,591.0,642.0,84.76,84.13,80.55,74.31,29.58,29.76,30.83,32.26,115.0,108.0,134.0,127.0,108.0
1775615130000,2.0,2.0,2.0,2.0,2.0,553.0,535.0,628.0,600.0,84.47,83.7,80.16,74.07,29.73,29.91,30.95,32.31,119.0,112.0,133.0,132.0,98.0
1775615430000,2.0,2.0,2.0,2.0,2.0,535.0,528.0,609.0,592.0,84.25,83.7,79.94,74.21,29.88,30.05,31.0,32.3,126.0,122.0,131.0,118.0,92.0
1775615731000,2.0,2.0,2.0,2.0,2.0,522.0,563.0,572.0,595.0,83.34,83.14,79.86,74.28,30.02,30.18,31.04,32.29,129.0,120.0,128.0,125.0,105.0
1775616031000,2.0,2.0,2.0,2.0,2.0,556.0,539.0,592.0,579.0,82.05,82.14,79.49,73.84,30.18,30.31,31.14,32.32,126.0,124.0,145.0,128.0,103.0
1775616332000,2.0,2.0,2.0,2.0,2.0,517.0,539.0,582.0,627.0,81.91,81.66,78.98,73.95,30.36,30.44,31.22,32.35,136.0,131.0,143.0,130.0,99.0
1775616632000,2.0,2.0,2.0,2.0,2.0,512.0,545.0,625.0,593.0,80.99,80.51,78.4,73.59,30.49,30.56,31.26,32.3,136.0,127.0,138.0,123.0,99.0
1775616933000,2.0,2.0,2.0,2.0,2.0,522.0,524.0,508.0,561.0,80.19,80.08,77.98,73.44,30.63,30.69,31.31,32.3,135.0,131.0,137.0,117.0,98.0
1775617234000,2.0,2.0,2.0,2.0,2.0,515.0,509.0,573.0,536.0,79.29,79.17,77.52,73.26,30.75,30.8,31.35,32.29,138.0,134.0,140.0,120.0,100.0
1775617534000,2.0,2.0,2.0,2.0,2.0,486.0,505.0,570.0,520.0,78.85,79.16,77.28,72.9,30.88,30.9,31.39,32.28,141.0,129.0,144.0,115.0,98.0
1775617835000,2.0,2.0,2.0,2.0,2.0,493.0,532.0,506.0,522.0,78.6,78.84,77.04,73.13,31.01,31.01,31.36,32.2,144.0,138.0,124.0,110.0,86.0
1775618135000,2.0,2.0,2.0,2.0,2.0,468.0,473.0,522.0,529.0,78.38,78.58,77.22,73.35,31.11,31.09,31.28,32.06,134.0,126.0,122.0,102.0,84.0
1775618436000,2.0,2.0,2.0,2.0,2.0,538.0,487.0,514.0,538.0,77.38,77.77,77.31,73.61,31.22,31.17,31.19,31.93,141.0,131.0,112.0,105.0,87.0
1775618736000,2.0,2.0,2.0,2.0,2.0,512.0,520.0,562.0,516.0,77.13,77.71,77.6,73.82,31.32,31.24,31.13,31.84,145.0,135.0,120.0,102.0,78.0
1775619037000,2.0,2.0,2.0,2.0,2.0,510.0,482.0,537.0,513.0,75.91,76.65,77.19,73.66,31.42,31.3,31.07,31.76,146.0,137.0,115.0,95.0,84.0
1775619338000,2.0,2.0,2.0,2.0,2.0,503.0,508.0,521.0,547.0,75.61,76.45,77.13,73.82,31.5,31.39,31.06,31.69,153.0,148.0,123.0,102.0,80.0
1775619638000,2.0,2.0,2.0,2.0,2.0,503.0,544.0,521.0,474.0,74.68,75.44,76.35,73.35,31.61,31.45,31.06,31.68,157.0,134.0,119.0,97.0,85.0
1775619939000,2.0,2.0,2.0,2.0,2.0,521.0,528.0,514.0,489.0,74.4,75.02,76.43,73.4,31.7,31.53,31.09,31.67,159.0,139.0,121.0,105.0,82.0
1775620239000,2.0,2.0,2.0,2.0,2.0,521.0,536.0,539.0,508.0,72.88,73.99,75.82,72.71,31.79,31.61,31.13,31.72,148.0,141.0,121.0,98.0,79.0
1775620540000,2.0,2.0,2.0,2.0,2.0,489.0,519.0,474.0,499.0,73.32,73.93,75.63,72.55,31.87,31.7,31.15,31.73,165.0,152.0,115.0,99.0,73.0
1775620840000,2.0,2.0,2.0,2.0,2.0,475.0,525.0,519.0,480.0,72.31,72.98,74.47,71.57,31.94,31.77,31.19,31.77,157.0,142.0,109.0,95.0,74.0
1775621141000,2.0,2.0,2.0,2.0,2.0,456.0,464.0,498.0,468.0,72.81,74.05,75.36,72.37,32.02,31.84,31.26,31.85,163.0,148.0,116.0,97.0,80.0
1775621442000,2.0,2.0,2.0,2.0,2.0,467.0,456.0,481.0,487.0,74.11,75.17,76.47,73.2,32.09,31.91,31.37,31.96,173.0,161.0,127.0,102.0,84.0
1775621742000,2.0,2.0,2.0,2.0,2.0,503.0,495.0,476.0,484.0,73.96,74.75,76.11,72.83,32.18,32.0,31.47,32.08,165.0,151.0,120.0,106.0,75.0
1775622043000,2.0,2.0,2.0,2.0,2.0,528.0,458.0,466.0,482.0,73.56,74.43,75.51,72.35,32.23,32.08,31.59,32.21,172.0,161.0,120.0,111.0,79.0
1775622343000,2.0,2.0,2.0,2.0,2.0,472.0,500.0,515.0,523.0,72.6,73.64,74.72,71.49,32.33,32.19,31.73,32.32,168.0,154.0,120.0,106.0,78.0
1775622644000,2.0,2.0,2.0,2.0,2.0,481.0,467.0,508.0,482.0,71.52,72.51,73.5,70.8,32.42,32.29,31.86,32.44,176.0,159.0,130.0,111.0,81.0
1775622944000,2.0,2.0,2.0,2.0,2.0,499.0,498.0,512.0,459.0,71.46,72.64,73.61,70.7,32.53,32.38,31.99,32.56,178.0,164.0,125.0,111.0,90.0
1775623245000,2.0,2.0,2.0,2.0,2.0,469.0,459.0,462.0,450.0,71.88,72.68,73.87,70.92,32.6,32.47,32.09,32.67,179.0,166.0,136.0,115.0,88.0
1775623546000,2.0,2.0,2.0,2.0,2.0,467.0,484.0,476.0,454.0,71.83,72.71,73.52,70.55,32.7,32.58,32.21,32.78,190.0,176.0,138.0,118.0,94.0
1775623846000,2.0,2.0,2.0,2.0,2.0,457.0,456.0,469.0,476.0,72.69,73.45,74.35,71.46,32.8,32.73,32.35,32.9,194.0,174.0,149.0,126.0,101.0
1775624147000,2.0,2.0,2.0,2.0,2.0,441.0,473.0,484.0,475.0,72.58,73.48,74.51,71.68,32.92,32.85,32.51,33.04,194.0,180.0,148.0,132.0,102.0
1775624447000,2.0,2.0,2.0,2.0,2.0,501.0,458.0,487.0,457.0,71.25,71.96,72.92,70.07,33.01,32.97,32.64,33.14,187.0,170.0,141.0,124.0,94.0
1775624748000,2.0,2.0,2.0,2.0,2.0,487.0,507.0,474.0,510.0,69.83,70.7,71.45,68.9,33.11,33.05,32.74,33.23,191.0,180.0,138.0,123.0,96.0
1775625048000,2.0,2.0,2.0,2.0,2.0,447.0,516.0,433.0,494.0,69.24,69.69,70.3,67.49,33.16,33.11,32.82,33.31,191.0,184.0,141.0,116.0,95.0
1775625349000,2.0,2.0,2.0,2.0,2.0,478.0,456.0,487.0,426.0,70.38,71.15,71.81,69.2,33.23,33.21,32.91,33.42,206.0,190.0,154.0,138.0,101.0
1775625650000,2.0,2.0,2.0,2.0,2.0,482.0,455.0,474.0,454.0,70.41,70.93,71.68,68.92,33.36,33.34,33.04,33.53,206.0,191.0,159.0,134.0,107.0
1775625950000,2.0,2.0,2.0,2.0,2.0,463.0,445.0,463.0,474.0,69.3,69.74,70.4,67.95,33.47,33.45,33.17,33.65,204.0,186.0,152.0,129.0,98.0
1775626251000,2.0,2.0,2.0,2.0,2.0,462.0,478.0,484.0,461.0,69.36,69.99,70.78,67.86,33.54,33.56,33.26,33.75,208.0,198.0,159.0,139.0,110.0
1775626551000,2.0,2.0,2.0,2.0,2.0,460.0,454.0,462.0,462.0,68.3,68.75,69.55,67.05,33.62,33.66,33.36,33.87,208.0,193.0,152.0,142.0,104.0
1775626852000,2.0,2.0,2.0,2.0,2.0,464.0,428.0,486.0,459.0,68.36,68.87,69.49,66.67,33.72,33.77,33.47,33.97,214.0,202.0,153.0,136.0,103.0
1775627152000,2.0,2.0,2.0,2.0,2.0,479.0,458.0,474.0,449.0,66.69,67.21,67.99,65.62,33.79,33.86,33.56,34.05,211.0,191.0,146.0,133.0,107.0
1775627453000,2.0,2.0,2.0,2.0,2.0,461.0,464.0,480.0,480.0,67.97,68.42,69.18,66.45,33.86,33.92,33.63,34.13,223.0,198.0,162.0,138.0,107.0
1775627754000,2.0,2.0,2.0,2.0,2.0,466.0,455.0,496.0,456.0,67.94,68.2,68.98,66.34,33.91,33.98,33.7,34.2,216.0,207.0,162.0,143.0,109.0
1775628054000,2.0,2.0,2.0,2.0,2.0,474.0,453.0,480.0,478.0,68.17,68.39,69.14,66.63,33.96,34.06,33.77,34.27,218.0,206.0,160.0,146.0,112.0
1775628355000,2.0,2.0,2.0,2.0,2.0,449.0,465.0,417.0,443.0,68.36,68.57,69.25,66.64,34.04,34.16,33.85,34.37,219.0,205.0,159.0,147.0,116.0
1775628655000,2.0,2.0,2.0,2.0,2.0,457.0,458.0,424.0,442.0,68.01,68.14,69.04,66.38,34.08,34.24,33.92,34.42,217.0,212.0,157.0,152.0,111.0
1775628956000,3.0,2.0,2.0,2.0,2.0,452.0,449.0,435.0,458.0,67.26,67.25,68.08,65.34,34.12,34.28,33.97,34.49,225.0,207.0,167.0,144.0,112.0
1775629256000,2.0,2.0,2.0,2.0,2.0,435.0,484.0,481.0,462.0,66.69,67.08,67.78,65.27,34.14,34.31,34.0,34.52,219.0,207.0,161.0,149.0,106.0
1775629557000,3.0,2.0,2.0,2.0,2.0,475.0,484.0,502.0,467.0,66.35,66.52,67.29,64.75,34.17,34.35,34.04,34.56,229.0,210.0,165.0,142.0,108.0
1775629858000,3.0,2.0,2.0,2.0,2.0,484.0,471.0,501.0,448.0,66.69,66.44,66.96,64.44,34.16,34.37,34.07,34.57,232.0,211.0,162.0,142.0,109.0
1775630158000,2.0,2.0,2.0,2.0,2.0,469.0,446.0,467.0,463.0,66.7,66.51,67.22,64.42,34.17,34.38,34.08,34.62,222.0,207.0,164.0,141.0,112.0
1775630459000,3.0,2.0,2.0,2.0,2.0,470.0,481.0,499.0,453.0,65.82,65.59,66.3,63.71,34.19,34.43,34.1,34.62,224.0,201.0,158.0,138.0,109.0
1775630759000,3.0,2.0,2.0,2.0,2.0,426.0,483.0,479.0,474.0,66.94,66.94,67.44,64.98,34.19,34.47,34.15,34.67,231.0,220.0,165.0,145.0,120.0
1775631060000,3.0,2.0,2.0,2.0,2.0,445.0,445.0,493.0,486.0,66.64,66.19,66.79,64.31,34.25,34.52,34.17,34.71,229.0,210.0,164.0,147.0,113.0
1775631360000,3.0,2.0,2.0,2.0,2.0,464.0,457.0,471.0,447.0,66.76,66.46,67.1,64.61,34.29,34.57,34.22,34.77,224.0,219.0,171.0,149.0,121.0
1775631661000,3.0,2.0,2.0,2.0,2.0,463.0,497.0,476.0,477.0,67.2,66.64,67.71,65.1,34.35,34.63,34.29,34.82,237.0,222.0,174.0,155.0,118.0
1775631962000,3.0,2.0,2.0,2.0,2.0,479.0,458.0,465.0,468.0,67.02,66.57,67.56,64.91,34.39,34.67,34.35,34.88,246.0,220.0,176.0,154.0,118.0
1775632262000,3.0,3.0,2.0,2.0,2.0,426.0,453.0,490.0,409.0,68.79,68.43,69.27,66.61,34.45,34.74,34.44,34.94,246.0,234.0,187.0,165.0,129.0
1775632563000,3.0,3.0,2.0,2.0,2.0,455.0,495.0,484.0,453.0,69.98,69.52,70.25,67.68,34.52,34.83,34.49,35.04,257.0,235.0,191.0,171.0,135.0
1775632863000,3.0,3.0,2.0,2.0,2.0,459.0,461.0,498.0,440.0,71.04,70.47,71.46,68.7,34.59,34.9,34.52,35.11,257.0,242.0,186.0,177.0,140.0
1775633164000,3.0,3.0,2.0,2.0,2.0,445.0,462.0,457.0,459.0,70.88,70.32,71.43,68.64,34.6,34.95,34.49,35.15,249.0,235.0,178.0,165.0,133.0
1775633464000,3.0,3.0,2.0,2.0,2.0,429.0,467.0,496.0,454.0,70.7,70.17,71.25,68.48,34.61,34.94,34.48,35.14,243.0,233.0,180.0,174.0,135.0
1775633765000,2.0,2.0,2.0,2.0,2.0,436.0,465.0,463.0,470.0,70.44,69.94,71.15,68.31,34.55,34.91,34.39,35.08,235.0,217.0,175.0,162.0,125.0
1775634066000,3.0,3.0,2.0,2.0,2.0,472.0,452.0,493.0,461.0,69.83,69.19,70.7,67.69,34.48,34.82,34.29,35.02,230.0,223.0,166.0,155.0,121.0
1775634366000,3.0,2.0,2.0,2.0,2.0,455.0,508.0,520.0,482.0,69.93,69.3,70.5,67.47,34.38,34.71,34.17,34.92,225.0,211.0,155.0,151.0,116.0
1775634667000,2.0,2.0,2.0,2.0,2.0,494.0,486.0,484.0,488.0,69.83,69.32,70.67,67.37,34.27,34.59,34.05,34.82,222.0,213.0,162.0,156.0,116.0
1775634967000,2.0,2.0,2.0,2.0,2.0,454.0,486.0,492.0,455.0,70.31,69.69,71.12,67.73,34.14,34.45,33.92,34.71,218.0,204.0,158.0,150.0,116.0
1775635268000,2.0,2.0,2.0,2.0,2.0,480.0,451.0,503.0,429.0,69.57,69.21,70.12,66.96,34.01,34.34,33.76,34.59,207.0,210.0,146.0,140.0,107.0
1775635568000,2.0,2.0,2.0,2.0,2.0,459.0,488.0,475.0,454.0,68.45,67.78,69.23,65.87,33.85,34.2,33.6,34.47,196.0,191.0,136.0,126.0,104.0
1775635869000,2.0,2.0,2.0,2.0,2.0,477.0,506.0,488.0,508.0,68.5,67.88,69.38,65.91,33.71,34.03,33.43,34.32,202.0,190.0,138.0,129.0,98.0
1775636170000,2.0,2.0,2.0,2.0,2.0,484.0,499.0,491.0,461.0,67.52,67.04,68.7,65.08,33.55,33.87,33.28,34.18,195.0,181.0,130.0,128.0,91.0
1775636470000,2.0,2.0,2.0,2.0,2.0,464.0,462.0,467.0,451.0,67.22,66.86,68.24,64.69,33.42,33.73,33.14,34.04,187.0,175.0,126.0,116.0,85.0
1775636771000,2.0,2.0,2.0,2.0,2.0,464.0,460.0,437.0,454.0,67.83,67.47,69.01,65.23,33.28,33.6,33.0,33.91,183.0,173.0,129.0,122.0,81.0
1775637071000,2.0,2.0,2.0,2.0,2.0,467.0,507.0,505.0,467.0,66.27,65.78,67.35,63.85,33.16,33.46,32.9,33.77,174.0,161.0,122.0,111.0,80.0
1775637372000,2.0,2.0,2.0,2.0,2.0,464.0,438.0,482.0,499.0,64.96,64.76,66.24,62.74,33.03,33.31,32.75,33.63,171.0,159.0,111.0,108.0,87.0
1775637672000,2.0,2.0,2.0,2.0,2.0,420.0,460.0,481.0,461.0,64.99,64.75,66.11,62.62,32.89,33.15,32.59,33.5,157.0,150.0,104.0,99.0,71.0
1775637973000,2.0,2.0,2.0,2.0,1.0,477.0,499.0,476.0,484.0,64.48,64.25,65.67,62.11,32.75,33.02,32.44,33.36,157.0,141.0,103.0,93.0,60.0
1775638274000,2.0,2.0,2.0,2.0,1.0,440.0,496.0,499.0,457.0,64.32,63.95,65.55,62.11,32.62,32.9,32.3,33.22,152.0,138.0,98.0,92.0,57.0
1775638574000,2.0,2.0,2.0,2.0,1.0,456.0,472.0,470.0,449.0,64.28,63.88,65.3,61.82,32.5,32.77,32.19,33.09,155.0,137.0,91.0,87.0,60.0
1775638875000,2.0,2.0,2.0,2.0,1.0,465.0,480.0,469.0,450.0,64.45,64.3,65.42,61.98,32.38,32.66,32.07,32.97,147.0,133.0,93.0,92.0,55.0
1775639175000,2.0,2.0,2.0,2.0,1.0,467.0,440.0,502.0,459.0,64.61,64.35,65.83,62.28,32.28,32.54,31.95,32.85,143.0,140.0,93.0,82.0,53.0
1775639476000,2.0,2.0,2.0,2.0,1.0,460.0,461.0,498.0,463.0,65.14,64.92,66.44,62.82,32.16,32.43,31.83,32.74,137.0,129.0,88.0,82.0,52.0
1775639776000,2.0,2.0,2.0,2.0,1.0,458.0,478.0,498.0,453.0,65.93,65.74,67.24,63.6,32.04,32.32,31.72,32.62,132.0,123.0,91.0,86.0,50.0
1775640077000,2.0,2.0,2.0,2.0,1.0,493.0,518.0,451.0,466.0,66.23,66.04,67.63,63.97,31.95,32.2,31.62,32.49,137.0,124.0,88.0,85.0,50.0
1775640378000,2.0,2.0,2.0,2.0,1.0,488.0,481.0,467.0,437.0,66.57,66.39,67.89,64.43,31.82,32.06,31.49,32.35,133.0,119.0,87.0,77.0,50.0
1775640678000,2.0,2.0,2.0,2.0,1.0,503.0,468.0,476.0,469.0,67.2,66.97,68.53,64.91,31.69,31.92,31.38,32.21,126.0,114.0,85.0,77.0,46.0
1775640979000,2.0,2.0,2.0,2.0,1.0,449.0,499.0,489.0,451.0,68.24,68.22,69.78,66.1,31.56,31.77,31.24,32.06,120.0,114.0,87.0,79.0,46.0
1775641279000,2.0,2.0,2.0,2.0,1.0,474.0,465.0,479.0,481.0,68.55,68.54,70.12,66.51,31.43,31.63,31.1,31.92,120.0,104.0,81.0,74.0,55.0
1775641580000,2.0,2.0,2.0,2.0,1.0,481.0,521.0,491.0,454.0,69.34,69.41,70.78,67.2,31.3,31.49,30.95,31.82,120.0,106.0,79.0,71.0,57.0
1775641880000,2.0,2.0,2.0,1.0,1.0,468.0,498.0,490.0,500.0,69.94,69.95,71.35,67.66,31.17,31.33,30.82,31.7,121.0,102.0,79.0,67.0,56.0
1775642181000,2.0,2.0,2.0,2.0,1.0,432.0,489.0,485.0,484.0,70.69,70.78,72.23,68.47,31.03,31.17,30.68,31.57,112.0,99.0,83.0,73.0,54.0
1775642482000,2.0,2.0,2.0,2.0,1.0,468.0,487.0,495.0,474.0,71.41,71.58,73.09,69.52,30.9,31.01,30.57,31.39,110.0,99.0,83.0,75.0,56.0
1775642782000,2.0,2.0,2.0,1.0,1.0,485.0,486.0,496.0,498.0,71.66,71.85,73.26,69.91,30.77,30.87,30.44,31.19,109.0,98.0,81.0,62.0,56.0
1775643083000,2.0,2.0,2.0,1.0,1.0,457.0,485.0,457.0,486.0,71.95,72.05,73.42,70.25,30.62,30.71,30.31,30.98,108.0,95.0,72.0,63.0,52.0
1775643383000,2.0,2.0,2.0,1.0,1.0,470.0,494.0,517.0,504.0,72.42,72.7,73.97,71.05,30.49,30.56,30.18,30.8,102.0,90.0,74.0,59.0,64.0
1775643684000,2.0,2.0,2.0,1.0,1.0,473.0,549.0,487.0,494.0,71.9,72.19,73.59,70.74,30.36,30.4,30.04,30.62,103.0,83.0,70.0,53.0,53.0
1775643984000,2.0,2.0,1.0,1.0,1.0,444.0,512.0,513.0,528.0,72.32,72.63,73.83,71.18,30.22,30.25,29.91,30.45,102.0,82.0,66.0,55.0,56.0
1775644285000,2.0,2.0,2.0,1.0,1.0,490.0,515.0,561.0,529.0,72.8,73.19,74.64,71.79,30.07,30.11,29.77,30.36,93.0,84.0,85.0,64.0,60.0
1775644586000,2.0,2.0,2.0,2.0,2.0,470.0,484.0,668.0,630.0,73.04,73.41,74.93,71.95,29.97,29.99,29.74,30.39,94.0,83.0,81.0,66.0,74.0
1775644886000,2.0,2.0,2.0,1.0,1.0,505.0,485.0,589.0,559.0,73.02,73.32,74.6,71.35,29.87,29.9,29.73,30.45,94.0,75.0,70.0,60.0,55.0
1775645187000,2.0,2.0,2.0,2.0,2.0,490.0,484.0,650.0,653.0,73.2,73.5,74.63,71.41,29.76,29.79,29.68,30.49,94.0,77.0,82.0,68.0,94.0
1775645487000,2.0,2.0,2.0,1.0,1.0,494.0,520.0,552.0,554.0,73.44,73.69,74.33,70.86,29.65,29.7,29.65,30.5,89.0,70.0,68.0,62.0,62.0
1775645788000,2.0,2.0,2.0,2.0,1.0,462.0,494.0,556.0,582.0,73.62,73.89,74.3,70.91,29.54,29.61,29.6,30.53,91.0,76.0,69.0,71.0,70.0
1775646088000,2.0,2.0,1.0,1.0,1.0,481.0,520.0,536.0,571.0,73.8,74.11,74.22,70.5,29.42,29.5,29.53,30.54,93.0,73.0,62.0,61.0,65.0
1775646389000,2.0,2.0,1.0,1.0,2.0,483.0,486.0,493.0,584.0,74.21,74.46,74.53,70.7,29.33,29.4,29.49,30.53,87.0,73.0,67.0,64.0,71.0
1775646690000,2.0,,1.0,1.0,2.0,471.0,,561.0,517.0,74.52,,74.61,70.48,29.22,,29.41,30.48,89.0,,61.0,55.0,71.0
1775646990000,2.0,2.0,1.0,1.0,1.0,481.0,521.0,532.0,522.0,74.89,75.07,74.84,70.72,29.13,29.21,29.34,30.46,87.0,65.0,63.0,60.0,63.0
1775647291000,2.0,2.0,1.0,1.0,2.0,492.0,531.0,554.0,508.0,75.5,75.68,75.27,70.98,29.03,29.12,29.27,30.41,85.0,69.0,60.0,61.0,73.0
1775647591000,2.0,2.0,1.0,2.0,2.0,493.0,507.0,611.0,713.0,76.1,76.29,75.96,71.75,28.93,29.04,29.19,30.39,84.0,71.0,65.0,74.0,80.0
1775647892000,2.0,1.0,1.0,1.0,2.0,496.0,532.0,541.0,575.0,76.69,76.82,76.29,71.74,28.84,28.95,29.14,30.35,86.0,64.0,62.0,58.0,73.0
1775648192000,2.0,1.0,1.0,1.0,2.0,486.0,532.0,595.0,695.0,77.13,77.21,76.71,72.3,28.76,28.86,29.06,30.31,81.0,64.0,64.0,72.0,80.0
1775648493000,2.0,1.0,1.0,1.0,2.0,488.0,502.0,524.0,561.0,77.6,77.66,76.98,72.22,28.66,28.78,28.99,30.26,85.0,67.0,59.0,53.0,70.0
1775648794000,2.0,1.0,1.0,1.0,2.0,505.0,480.0,639.0,705.0,77.97,77.98,77.52,72.76,28.56,28.67,28.91,30.21,79.0,62.0,64.0,64.0,72.0
1775649094000,2.0,1.0,1.0,1.0,2.0,510.0,534.0,570.0,572.0,78.31,78.38,77.64,72.64,28.48,28.6,28.83,30.15,78.0,63.0,59.0,46.0,69.0
1775649395000,2.0,1.0,1.0,1.0,2.0,497.0,529.0,621.0,723.0,78.65,78.71,78.17,73.21,28.4,28.52,28.78,30.09,79.0,59.0,66.0,64.0,81.0
1775649695000,2.0,1.0,1.0,1.0,2.0,498.0,518.0,580.0,621.0,79.18,79.25,78.42,73.45,28.31,28.43,28.7,30.01,72.0,57.0,57.0,54.0,71.0
1775649996000,2.0,1.0,2.0,1.0,2.0,560.0,529.0,798.0,780.0,79.74,79.63,79.49,74.25,28.24,28.36,28.64,29.94,76.0,54.0,78.0,66.0,84.0
1775650296000,2.0,1.0,2.0,2.0,2.0,550.0,578.0,779.0,812.0,80.1,79.97,79.71,74.55,28.21,28.36,28.69,30.06,75.0,60.0,73.0,75.0,88.0
1775650597000,2.0,1.0,2.0,2.0,2.0,534.0,538.0,660.0,660.0,80.08,79.92,79.03,73.59,28.23,28.42,28.84,30.24,79.0,61.0,66.0,68.0,77.0
1775650898000,2.0,2.0,2.0,2.0,2.0,538.0,578.0,644.0,641.0,80.15,79.82,78.49,73.06,28.28,28.48,29.0,30.45,87.0,67.0,79.0,76.0,88.0
1775651198000,2.0,2.0,2.0,2.0,2.0,581.0,585.0,929.0,853.0,80.13,79.68,79.06,73.03,28.3,28.53,29.14,30.62,84.0,68.0,97.0,89.0,100.0
1775651499000,2.0,1.0,2.0,2.0,2.0,538.0,584.0,812.0,863.0,80.08,79.59,78.44,72.74,28.32,28.55,29.27,30.77,82.0,69.0,92.0,87.0,108.0
1775651799000,2.0,1.0,2.0,2.0,2.0,524.0,537.0,701.0,679.0,79.95,79.49,77.87,71.79,28.34,28.58,29.36,30.89,84.0,62.0,94.0,78.0,80.0
1775652100000,2.0,2.0,2.0,2.0,2.0,554.0,594.0,671.0,763.0,79.89,79.5,77.27,71.67,28.34,28.6,29.43,30.97,78.0,70.0,75.0,89.0,91.0
1775652400000,2.0,1.0,2.0,2.0,2.0,585.0,591.0,888.0,808.0,80.05,79.56,77.56,71.58,28.36,28.62,29.52,31.08,87.0,68.0,100.0,97.0,114.0
1775652701000,2.0,1.0,2.0,2.0,2.0,554.0,566.0,828.0,793.0,80.1,79.47,77.3,71.3,28.36,28.63,29.58,31.16,84.0,62.0,93.0,94.0,89.0
1775653002000,2.0,1.0,2.0,2.0,2.0,555.0,549.0,648.0,671.0,80.12,79.49,76.71,70.76,28.38,28.67,29.64,31.19,84.0,65.0,81.0,83.0,80.0
1775653302000,2.0,1.0,2.0,2.0,2.0,571.0,555.0,666.0,640.0,80.26,79.53,76.69,70.66,28.38,28.7,29.68,31.25,81.0,66.0,85.0,84.0,92.0
1775653603000,2.0,1.0,2.0,2.0,2.0,592.0,590.0,922.0,901.0,80.34,79.52,77.45,71.29,28.39,28.71,29.71,31.28,82.0,56.0,98.0,96.0,110.0
1775653903000,2.0,1.0,2.0,2.0,2.0,573.0,594.0,859.0,885.0,80.39,79.58,77.1,71.22,28.38,28.72,29.73,31.32,80.0,62.0,94.0,97.0,100.0
1775654204000,2.0,2.0,2.0,2.0,2.0,572.0,568.0,682.0,725.0,80.58,79.77,76.68,70.75,28.39,28.71,29.76,31.37,82.0,68.0,80.0,95.0,73.0
1775654504000,2.0,1.0,2.0,2.0,2.0,586.0,603.0,748.0,764.0,80.64,79.89,76.68,70.8,28.39,28.7,29.77,31.37,77.0,64.0,83.0,89.0,91.0
1775654805000,2.0,1.0,2.0,2.0,2.0,598.0,613.0,903.0,864.0,80.92,79.98,77.19,71.03,28.38,28.69,29.76,31.39,84.0,65.0,102.0,99.0,112.0
1775655106000,2.0,1.0,2.0,2.0,2.0,586.0,586.0,802.0,778.0,80.95,80.0,77.12,70.97,28.36,28.7,29.76,31.4,78.0,59.0,87.0,91.0,87.0
1775655406000,2.0,1.0,2.0,2.0,2.0,550.0,599.0,637.0,693.0,80.96,80.11,76.75,70.56,28.34,28.67,29.75,31.4,73.0,60.0,75.0,77.0,81.0
1775655707000,2.0,1.0,2.0,2.0,2.0,557.0,569.0,706.0,679.0,81.15,80.26,76.96,70.53,28.32,28.64,29.72,31.37,79.0,61.0,89.0,82.0,91.0
1775656007000,2.0,1.0,2.0,2.0,2.0,572.0,609.0,916.0,861.0,81.34,80.49,77.8,71.15,28.27,28.62,29.7,31.37,78.0,61.0,99.0,98.0,140.0
1775656308000,2.0,1.0,2.0,2.0,2.0,583.0,605.0,790.0,851.0,81.6,80.6,77.66,71.27,28.24,28.6,29.69,31.38,75.0,59.0,88.0,98.0,84.0
1775656608000,2.0,1.0,2.0,2.0,2.0,573.0,604.0,648.0,711.0,81.55,80.55,77.21,70.86,28.22,28.57,29.67,31.37,76.0,61.0,78.0,87.0,73.0
1775656909000,2.0,1.0,2.0,2.0,2.0,545.0,626.0,848.0,786.0,81.39,80.55,77.56,71.01,28.17,28.56,29.63,31.36,74.0,60.0,90.0,95.0,95.0
1775657210000,2.0,1.0,2.0,2.0,2.0,657.0,618.0,900.0,835.0,81.61,80.57,77.9,71.11,28.15,28.53,29.6,31.33,71.0,62.0,103.0,91.0,109.0
1775657510000,2.0,1.0,2.0,2.0,2.0,661.0,657.0,862.0,841.0,81.92,80.69,77.83,71.07,28.1,28.49,29.59,31.32,79.0,61.0,89.0,91.0,86.0
1775657811000,2.0,1.0,2.0,2.0,2.0,569.0,611.0,690.0,694.0,81.96,80.89,77.56,70.89,28.08,28.46,29.57,31.3,69.0,60.0,78.0,83.0,83.0
1775658111000,2.0,1.0,2.0,2.0,2.0,618.0,652.0,759.0,741.0,82.21,81.16,77.9,70.97,28.05,28.43,29.55,31.29,77.0,60.0,87.0,85.0,103.0
1775658412000,2.0,1.0,2.0,2.0,2.0,609.0,624.0,1016.0,940.0,82.39,81.34,78.76,71.58,28.01,28.4,29.52,31.3,70.0,64.0,114.0,103.0,115.0
1775658712000,2.0,1.0,2.0,2.0,2.0,635.0,674.0,852.0,823.0,82.54,81.38,78.53,71.51,27.98,28.36,29.5,31.3,77.0,61.0,91.0,86.0,84.0
1775659013000,2.0,1.0,2.0,2.0,1.0,594.0,629.0,723.0,769.0,82.63,81.45,77.96,71.35,27.96,28.33,29.48,31.28,70.0,51.0,75.0,95.0,69.0
1775659314000,2.0,1.0,2.0,2.0,2.0,582.0,653.0,864.0,848.0,82.71,81.76,78.43,71.48,27.92,28.3,29.46,31.24,70.0,60.0,86.0,85.0,84.0
1775659614000,1.0,1.0,2.0,2.0,2.0,637.0,631.0,931.0,904.0,82.93,81.85,79.01,71.8,27.91,28.26,29.42,31.25,69.0,54.0,99.0,95.0,143.0
1775659915000,1.0,1.0,2.0,2.0,2.0,615.0,641.0,829.0,760.0,83.19,81.97,78.85,71.42,27.88,28.24,29.38,31.26,69.0,53.0,83.0,84.0,77.0
1775660215000,1.0,1.0,2.0,2.0,2.0,567.0,582.0,648.0,676.0,83.17,81.96,78.33,71.19,27.85,28.21,29.36,31.23,61.0,46.0,73.0,75.0,80.0
1775660516000,,1.0,2.0,,,,639.0,750.0,,,81.98,78.63,,,28.17,29.29,,,44.0,80.0,,
1775660816000,,1.0,2.0,2.0,2.0,,589.0,963.0,957.0,,82.1,79.33,71.86,,28.12,29.27,31.15,,47.0,100.0,91.0,122.0
1775661117000,1.0,1.0,2.0,2.0,2.0,617.0,617.0,819.0,824.0,83.54,82.28,79.13,71.75,27.73,28.11,29.24,31.12,65.0,45.0,72.0,83.0,80.0
1775661418000,1.0,1.0,1.0,2.0,2.0,561.0,619.0,603.0,676.0,83.46,82.28,78.54,71.5,27.69,28.07,29.21,31.11,56.0,48.0,59.0,78.0,84.0
1775661718000,1.0,1.0,2.0,2.0,2.0,570.0,636.0,821.0,779.0,83.47,82.38,78.96,71.62,27.65,28.05,29.19,31.09,58.0,47.0,75.0,80.0,87.0
1775662019000,1.0,1.0,2.0,2.0,2.0,574.0,611.0,929.0,863.0,83.64,82.5,79.45,71.83,27.63,28.01,29.16,31.08,56.0,44.0,79.0,83.0,108.0
1775662319000,1.0,1.0,1.0,2.0,2.0,567.0,632.0,781.0,788.0,83.89,82.69,79.22,71.69,27.58,27.97,29.12,31.05,60.0,44.0,66.0,72.0,72.0
1775662620000,1.0,1.0,1.0,1.0,2.0,559.0,590.0,639.0,709.0,84.09,82.81,79.1,71.66,27.54,27.94,29.05,30.99,57.0,44.0,65.0,75.0,76.0
1775662920000,1.0,1.0,2.0,2.0,2.0,598.0,630.0,814.0,794.0,84.37,83.07,79.63,72.12,27.51,27.91,29.01,30.96,62.0,46.0,73.0,83.0,90.0
1775663221000,1.0,1.0,2.0,2.0,2.0,619.0,630.0,893.0,890.0,84.33,83.04,80.07,72.53,27.49,27.87,28.98,30.9,55.0,42.0,87.0,85.0,112.0
1775663521000,1.0,1.0,2.0,2.0,2.0,588.0,638.0,783.0,785.0,84.49,83.42,79.92,72.29,27.46,27.84,28.94,30.86,55.0,42.0,66.0,73.0,69.0
1775663822000,1.0,1.0,1.0,1.0,2.0,567.0,584.0,660.0,685.0,84.33,83.17,79.44,72.14,27.42,27.8,28.88,30.83,45.0,35.0,57.0,66.0,66.0
1775664123000,1.0,1.0,1.0,2.0,2.0,598.0,610.0,758.0,798.0,84.37,83.17,79.62,72.25,27.39,27.77,28.83,30.78,51.0,40.0,62.0,73.0,90.0
1775664423000,1.0,1.0,2.0,2.0,2.0,577.0,606.0,930.0,902.0,84.43,83.28,80.31,72.67,27.36,27.74,28.79,30.75,47.0,39.0,75.0,76.0,97.0
1775664724000,1.0,1.0,1.0,1.0,1.0,599.0,655.0,763.0,753.0,84.8,83.65,80.23,72.55,27.33,27.69,28.74,30.68,56.0,36.0,58.0,64.0,63.0
1775665024000,1.0,1.0,1.0,1.0,1.0,573.0,605.0,681.0,718.0,84.98,83.74,80.24,72.77,27.31,27.64,28.68,30.61,50.0,36.0,54.0,64.0,65.0
1775665325000,1.0,1.0,1.0,2.0,2.0,590.0,634.0,805.0,800.0,85.06,83.91,80.66,73.08,27.28,27.63,28.64,30.56,44.0,40.0,64.0,67.0,80.0
1775665625000,1.0,1.0,2.0,2.0,2.0,569.0,627.0,960.0,876.0,85.27,84.05,81.27,73.59,27.25,27.58,28.6,30.52,51.0,35.0,76.0,74.0,89.0
1775665926000,1.0,1.0,1.0,1.0,1.0,608.0,609.0,781.0,720.0,85.49,84.27,81.11,73.29,27.22,27.56,28.56,30.47,53.0,37.0,61.0,58.0,59.0
1775666227000,1.0,1.0,1.0,1.0,1.0,606.0,614.0,675.0,688.0,85.19,84.04,80.65,73.23,27.19,27.52,28.52,30.43,46.0,30.0,49.0,53.0,65.0
1775666527000,1.0,1.0,1.0,1.0,2.0,568.0,583.0,792.0,762.0,85.2,84.09,80.92,73.37,27.16,27.48,28.46,30.36,47.0,33.0,66.0,59.0,78.0
1775666828000,1.0,1.0,1.0,2.0,2.0,573.0,609.0,846.0,887.0,85.27,84.23,81.41,74.0,27.12,27.42,28.38,30.27,43.0,29.0,65.0,70.0,93.0
1775667128000,1.0,1.0,1.0,1.0,1.0,611.0,632.0,767.0,702.0,85.51,84.41,81.28,73.71,27.07,27.37,28.32,30.2,42.0,32.0,53.0,51.0,44.0
1775667429000,1.0,1.0,1.0,1.0,1.0,574.0,602.0,675.0,656.0,85.48,84.41,81.34,73.77,27.0,27.31,28.25,30.11,36.0,29.0,46.0,46.0,52.0
1775667729000,1.0,1.0,1.0,1.0,1.0,592.0,605.0,825.0,773.0,85.62,84.49,81.74,74.21,26.96,27.26,28.18,30.02,39.0,34.0,54.0,52.0,63.0
1775668030000,1.0,1.0,1.0,1.0,2.0,613.0,638.0,956.0,913.0,85.71,84.69,82.49,74.92,26.91,27.18,28.11,29.93,36.0,33.0,63.0,59.0,92.0
1775668331000,1.0,1.0,1.0,1.0,1.0,612.0,625.0,759.0,781.0,86.12,85.1,82.24,74.92,26.86,27.15,28.04,29.85,46.0,38.0,46.0,47.0,40.0
1775668631000,1.0,1.0,1.0,1.0,1.0,574.0,577.0,639.0,669.0,86.25,85.28,82.21,75.07,26.82,27.1,27.98,29.79,43.0,33.0,39.0,50.0,56.0
1775668932000,1.0,1.0,1.0,1.0,2.0,611.0,632.0,689.0,742.0,86.65,85.66,82.67,75.54,26.79,27.06,27.92,29.72,44.0,39.0,43.0,56.0,86.0
1775669232000,1.0,1.0,1.0,1.0,2.0,589.0,636.0,934.0,902.0,86.87,85.91,83.65,76.31,26.75,27.0,27.86,29.67,39.0,35.0,71.0,60.0,87.0
1775669533000,1.0,1.0,1.0,1.0,1.0,572.0,630.0,750.0,765.0,87.19,86.29,83.52,76.2,26.71,26.94,27.8,29.6,38.0,31.0,44.0,40.0,44.0
1775669833000,1.0,1.0,1.0,1.0,1.0,560.0,624.0,688.0,704.0,87.36,86.62,83.58,76.36,26.67,26.91,27.74,29.51,37.0,31.0,42.0,41.0,42.0
1775670134000,1.0,1.0,1.0,1.0,1.0,554.0,597.0,709.0,773.0,87.53,86.78,83.84,76.88,26.63,26.86,27.69,29.43,35.0,28.0,43.0,47.0,59.0
1775670435000,1.0,1.0,1.0,1.0,2.0,581.0,620.0,898.0,916.0,87.69,86.92,84.64,77.61,26.58,26.8,27.62,29.33,36.0,32.0,61.0,53.0,87.0
1775670735000,1.0,1.0,1.0,1.0,1.0,604.0,621.0,673.0,740.0,87.99,87.2,84.31,77.48,26.54,26.75,27.57,29.25,32.0,32.0,33.0,36.0,30.0
1775671036000,1.0,1.0,1.0,1.0,1.0,546.0,598.0,662.0,725.0,87.96,87.22,84.43,77.66,26.49,26.72,27.5,29.17,36.0,30.0,31.0,40.0,45.0
1775671336000,1.0,1.0,1.0,1.0,1.0,551.0,587.0,674.0,679.0,88.26,87.44,84.63,78.03,26.46,26.66,27.41,29.09,34.0,32.0,33.0,38.0,49.0
1775671637000,1.0,1.0,1.0,1.0,2.0,540.0,583.0,943.0,872.0,88.5,87.78,85.84,78.92,26.4,26.6,27.38,29.02,35.0,34.0,63.0,50.0,72.0
1775671937000,1.0,1.0,1.0,1.0,1.0,572.0,578.0,639.0,699.0,88.81,88.12,85.53,78.73,26.35,26.56,27.3,28.96,43.0,38.0,31.0,30.0,31.0
1775672238000,1.0,1.0,1.0,1.0,1.0,558.0,549.0,685.0,636.0,88.99,88.1,85.55,78.76,26.32,26.54,27.26,28.9,40.0,34.0,37.0,34.0,45.0
1775672539000,1.0,1.0,1.0,1.0,1.0,636.0,594.0,661.0,706.0,89.07,88.19,85.64,79.18,26.3,26.5,27.22,28.84,44.0,38.0,35.0,42.0,63.0
1775672839000,1.0,1.0,1.0,1.0,2.0,568.0,553.0,779.0,804.0,89.17,88.36,86.34,79.65,26.27,26.48,27.17,28.79,40.0,35.0,60.0,43.0,75.0
1775673140000,1.0,1.0,1.0,1.0,1.0,559.0,614.0,689.0,639.0,89.33,88.62,86.14,79.35,26.25,26.45,27.12,28.73,39.0,37.0,34.0,27.0,32.0
1775673440000,1.0,1.0,1.0,1.0,1.0,535.0,560.0,705.0,638.0,89.43,88.63,86.38,79.61,26.21,26.41,27.08,28.66,40.0,30.0,48.0,35.0,40.0
1775673741000,1.0,1.0,1.0,1.0,1.0,542.0,572.0,733.0,728.0,89.49,88.74,86.68,79.95,26.17,26.37,27.05,28.6,35.0,36.0,48.0,37.0,64.0
1775674041000,1.0,1.0,1.0,1.0,1.0,568.0,594.0,834.0,854.0,89.68,88.93,87.23,80.6,26.13,26.32,27.01,28.56,36.0,35.0,65.0,47.0,65.0
1775674342000,1.0,1.0,1.0,1.0,1.0,530.0,599.0,687.0,671.0,89.77,89.11,86.79,80.22,26.08,26.29,26.96,28.5,31.0,35.0,30.0,31.0,37.0
1775674643000,1.0,1.0,1.0,1.0,1.0,538.0,575.0,669.0,653.0,90.0,89.31,86.92,80.36,26.04,26.23,26.91,28.43,35.0,34.0,35.0,33.0,50.0
1775674943000,1.0,1.0,1.0,1.0,2.0,529.0,572.0,624.0,754.0,90.26,89.57,87.02,81.02,26.0,26.18,26.85,28.36,35.0,37.0,35.0,46.0,72.0
1775675244000,1.0,1.0,1.0,1.0,1.0,560.0,569.0,729.0,825.0,90.49,89.83,87.77,81.73,25.97,26.15,26.81,28.3,37.0,38.0,57.0,59.0,65.0
1775675544000,1.0,1.0,1.0,1.0,1.0,550.0,570.0,640.0,661.0,90.69,90.06,87.78,81.45,25.96,26.12,26.76,28.24,42.0,40.0,41.0,30.0,30.0
1775675845000,1.0,1.0,1.0,1.0,1.0,522.0,597.0,628.0,688.0,90.67,90.07,87.71,81.6,25.93,26.08,26.74,28.19,33.0,34.0,40.0,37.0,52.0
1775676145000,1.0,1.0,1.0,1.0,1.0,562.0,577.0,683.0,732.0,90.52,90.01,87.97,81.67,25.92,26.05,26.68,28.15,37.0,36.0,46.0,40.0,61.0
1775676446000,1.0,1.0,2.0,1.0,2.0,545.0,564.0,818.0,787.0,90.45,89.94,88.56,82.07,25.87,26.02,26.65,28.13,34.0,38.0,69.0,50.0,70.0
1775676747000,1.0,1.0,1.0,1.0,1.0,542.0,559.0,663.0,651.0,90.28,89.91,88.0,81.55,25.83,25.97,26.6,28.07,36.0,35.0,38.0,29.0,34.0
1775677047000,1.0,1.0,1.0,1.0,1.0,520.0,606.0,713.0,752.0,90.29,89.71,87.88,81.66,25.8,25.95,26.55,28.02,39.0,33.0,42.0,40.0,55.0
1775677348000,1.0,1.0,1.0,1.0,1.0,574.0,596.0,665.0,716.0,90.33,89.74,87.74,81.75,25.76,25.91,26.51,27.96,38.0,39.0,37.0,38.0,65.0
1775677648000,1.0,1.0,1.0,1.0,2.0,590.0,584.0,715.0,815.0,90.41,89.93,88.09,82.22,25.7,25.86,26.45,27.89,41.0,36.0,45.0,49.0,71.0
1775677949000,1.0,1.0,1.0,1.0,1.0,549.0,593.0,631.0,673.0,90.43,90.2,88.06,82.05,25.66,25.81,26.39,27.83,37.0,46.0,36.0,33.0,31.0
1775678249000,1.0,1.0,1.0,1.0,1.0,553.0,615.0,691.0,676.0,90.68,90.26,88.21,82.3,25.64,25.76,26.34,27.75,47.0,43.0,46.0,42.0,47.0
1775678550000,1.0,1.0,1.0,1.0,2.0,579.0,603.0,745.0,684.0,90.77,90.25,88.51,82.45,25.59,25.71,26.31,27.68,58.0,45.0,58.0,39.0,74.0
1775678851000,1.0,1.0,1.0,1.0,1.0,575.0,601.0,662.0,779.0,91.02,90.47,88.6,83.04,25.54,25.66,26.26,27.61,53.0,51.0,48.0,55.0,61.0
1775679151000,1.0,1.0,1.0,1.0,1.0,530.0,576.0,647.0,615.0,91.35,90.94,88.83,82.99,25.51,25.62,26.19,27.56,41.0,39.0,45.0,33.0,30.0
1775679452000,1.0,1.0,1.0,1.0,1.0,536.0,593.0,669.0,679.0,91.61,91.2,89.25,83.55,25.46,25.57,26.14,27.48,43.0,45.0,49.0,50.0,49.0
1775679752000,1.0,1.0,1.0,1.0,1.0,562.0,602.0,740.0,787.0,91.78,91.26,89.87,84.15,25.43,25.53,26.11,27.41,43.0,34.0,63.0,63.0,65.0
1775680053000,1.0,1.0,1.0,1.0,1.0,600.0,627.0,737.0,718.0,91.67,91.08,89.66,84.09,25.38,25.48,26.05,27.32,36.0,29.0,44.0,48.0,31.0
1775680353000,1.0,1.0,1.0,1.0,1.0,556.0,602.0,687.0,626.0,91.57,91.19,89.36,83.86,25.31,25.43,25.99,27.15,31.0,30.0,35.0,33.0,36.0
1775680654000,1.0,1.0,1.0,1.0,1.0,584.0,604.0,649.0,608.0,91.53,91.22,89.27,84.18,25.25,25.34,25.87,26.96,34.0,33.0,34.0,35.0,30.0
1775680955000,1.0,1.0,1.0,1.0,1.0,576.0,610.0,674.0,619.0,91.59,91.3,89.48,84.56,25.16,25.24,25.77,26.74,31.0,30.0,46.0,33.0,35.0
1775681255000,1.0,1.0,1.0,1.0,1.0,603.0,632.0,626.0,656.0,91.81,91.47,89.7,85.17,25.1,25.16,25.64,26.54,33.0,34.0,34.0,37.0,38.0
1775681556000,1.0,1.0,1.0,1.0,1.0,626.0,634.0,654.0,607.0,91.85,91.61,89.9,85.53,25.03,25.07,25.52,26.33,29.0,37.0,36.0,36.0,36.0
1775681856000,1.0,1.0,1.0,2.0,1.0,582.0,602.0,669.0,798.0,91.98,91.71,89.98,86.58,24.95,24.98,25.39,26.16,31.0,34.0,34.0,103.0,40.0
1775682157000,1.0,1.0,1.0,1.0,1.0,616.0,602.0,694.0,701.0,92.14,91.88,90.19,86.68,24.89,24.89,25.28,25.99,35.0,34.0,37.0,42.0,44.0
1775682457000,1.0,1.0,1.0,2.0,1.0,594.0,616.0,646.0,775.0,92.23,92.16,90.54,87.4,24.82,24.82,25.18,25.86,34.0,39.0,36.0,69.0,46.0
1775682758000,1.0,1.0,1.0,1.0,1.0,635.0,653.0,675.0,680.0,92.36,92.31,90.88,87.48,24.76,24.74,25.08,25.71,35.0,29.0,36.0,38.0,33.0
1775683058000,1.0,1.0,1.0,1.0,1.0,583.0,667.0,706.0,689.0,92.63,92.59,91.17,87.91,24.7,24.67,24.98,25.59,32.0,34.0,36.0,48.0,51.0
1775683359000,1.0,1.0,1.0,1.0,1.0,617.0,623.0,732.0,674.0,92.86,92.8,91.45,88.17,24.64,24.6,24.9,25.49,34.0,39.0,40.0,43.0,65.0
1775683660000,1.0,1.0,1.0,1.0,1.0,610.0,626.0,670.0,769.0,92.93,93.06,91.8,88.78,24.58,24.53,24.8,25.4,35.0,40.0,41.0,64.0,65.0
1775683960000,1.0,1.0,1.0,1.0,1.0,544.0,576.0,661.0,653.0,93.26,93.4,92.0,88.97,24.53,24.47,24.75,25.3,45.0,39.0,41.0,42.0,38.0
1775684261000,1.0,1.0,1.0,1.0,1.0,591.0,622.0,659.0,658.0,93.46,93.5,92.15,89.27,24.49,24.42,24.68,25.22,43.0,44.0,32.0,47.0,44.0
1775684561000,1.0,1.0,1.0,1.0,1.0,609.0,599.0,681.0,632.0,93.56,93.59,92.5,89.5,24.45,24.36,24.62,25.13,36.0,40.0,48.0,44.0,68.0
1775684862000,1.0,1.0,1.0,1.0,1.0,585.0,600.0,668.0,680.0,93.71,93.88,92.8,89.9,24.41,24.33,24.58,25.07,38.0,37.0,45.0,55.0,50.0
1775685162000,1.0,1.0,1.0,1.0,1.0,581.0,560.0,636.0,660.0,94.23,94.53,93.4,90.39,24.37,24.3,24.54,25.03,39.0,37.0,44.0,39.0,29.0
1775685463000,1.0,1.0,1.0,2.0,1.0,617.0,634.0,640.0,816.0,94.47,94.64,93.69,91.32,24.35,24.27,24.49,25.0,41.0,32.0,33.0,105.0,47.0
1775685764000,1.0,1.0,1.0,1.0,1.0,602.0,630.0,682.0,773.0,94.45,94.59,93.9,91.04,24.33,24.24,24.48,24.96,34.0,34.0,52.0,47.0,64.0
1775686064000,1.0,1.0,1.0,1.0,1.0,598.0,648.0,684.0,705.0,94.4,94.54,93.91,91.2,24.31,24.25,24.44,24.92,33.0,35.0,42.0,40.0,60.0
1775686365000,1.0,1.0,1.0,1.0,1.0,574.0,616.0,647.0,640.0,94.45,94.64,93.82,91.27,24.29,24.21,24.43,24.92,39.0,39.0,43.0,44.0,55.0
1775686665000,1.0,1.0,1.0,2.0,1.0,567.0,617.0,690.0,749.0,94.47,94.61,93.9,91.55,24.26,24.19,24.4,24.89,33.0,33.0,46.0,71.0,59.0
1775686966000,1.0,1.0,1.0,1.0,2.0,584.0,629.0,713.0,695.0,94.51,94.64,93.97,91.22,24.23,24.15,24.37,24.86,39.0,35.0,50.0,35.0,75.0
1775687266000,1.0,1.0,1.0,1.0,1.0,597.0,638.0,689.0,687.0,94.63,94.77,93.98,91.44,24.22,24.13,24.35,24.83,35.0,36.0,41.0,39.0,48.0
1775687567000,1.0,1.0,1.0,1.0,1.0,671.0,654.0,726.0,693.0,94.36,94.52,93.89,91.24,24.18,24.09,24.32,24.79,27.0,37.0,36.0,33.0,36.0
1775687868000,1.0,1.0,1.0,1.0,1.0,606.0,643.0,699.0,709.0,94.24,94.4,93.83,91.14,24.16,24.06,24.3,24.77,36.0,40.0,42.0,40.0,53.0
1775688168000,1.0,1.0,1.0,1.0,1.0,622.0,626.0,713.0,656.0,94.31,94.47,93.92,91.13,24.12,24.02,24.25,24.75,39.0,43.0,36.0,39.0,62.0
1775688469000,1.0,1.0,1.0,1.0,1.0,605.0,643.0,686.0,686.0,94.55,94.6,93.88,91.3,24.09,23.98,24.22,24.74,37.0,44.0,35.0,39.0,49.0
1775688769000,1.0,1.0,1.0,1.0,1.0,607.0,617.0,673.0,645.0,94.58,94.65,93.84,91.17,24.05,23.94,24.18,24.66,46.0,42.0,37.0,35.0,35.0
1775689070000,1.0,1.0,1.0,1.0,1.0,598.0,619.0,645.0,639.0,94.73,94.92,93.95,91.24,24.02,23.93,24.12,24.59,47.0,47.0,31.0,34.0,46.0
1775689370000,1.0,1.0,1.0,1.0,1.0,599.0,598.0,646.0,642.0,95.11,95.33,94.32,91.57,23.99,23.9,24.07,24.54,51.0,51.0,42.0,38.0,49.0
1775689671000,1.0,1.0,1.0,1.0,1.0,638.0,650.0,680.0,630.0,95.3,95.6,94.66,92.08,23.98,23.88,24.03,24.47,39.0,38.0,35.0,35.0,38.0
1775689971000,1.0,1.0,1.0,1.0,1.0,686.0,687.0,703.0,686.0,95.41,95.7,94.88,92.35,23.96,23.86,24.0,24.41,53.0,42.0,36.0,33.0,36.0
1775690272000,1.0,1.0,1.0,1.0,1.0,675.0,671.0,720.0,674.0,95.7,95.96,95.16,92.7,23.96,23.83,23.97,24.37,55.0,54.0,40.0,38.0,41.0
1775690573000,1.0,2.0,1.0,1.0,1.0,641.0,694.0,726.0,700.0,95.98,96.28,95.62,93.11,23.97,23.84,23.96,24.35,68.0,70.0,66.0,51.0,67.0
1775690873000,2.0,2.0,2.0,1.0,1.0,639.0,672.0,702.0,661.0,96.65,96.94,96.13,93.7,23.98,23.86,23.95,24.35,76.0,74.0,72.0,55.0,51.0
1775691174000,2.0,2.0,1.0,1.0,1.0,627.0,660.0,709.0,660.0,97.24,97.53,96.78,94.39,24.0,23.89,23.96,24.36,98.0,86.0,71.0,61.0,52.0
1775691474000,2.0,2.0,1.0,2.0,2.0,594.0,634.0,638.0,630.0,97.51,97.79,97.16,94.78,24.05,23.94,24.01,24.39,85.0,82.0,69.0,67.0,68.0
1775691775000,2.0,2.0,2.0,2.0,2.0,562.0,597.0,671.0,621.0,97.53,97.76,97.42,94.94,24.11,23.98,24.06,24.44,74.0,67.0,86.0,67.0,69.0
1775692075000,1.0,1.0,2.0,1.0,1.0,575.0,617.0,654.0,623.0,97.46,97.79,97.4,95.1,24.15,24.04,24.11,24.48,62.0,66.0,75.0,56.0,50.0
1775692376000,1.0,1.0,1.0,1.0,1.0,567.0,604.0,621.0,651.0,97.73,97.95,97.5,95.33,24.19,24.09,24.16,24.55,62.0,54.0,65.0,71.0,64.0
1775692677000,1.0,1.0,1.0,1.0,1.0,567.0,603.0,620.0,662.0,97.86,98.08,97.56,95.36,24.26,24.15,24.22,24.6,64.0,58.0,51.0,65.0,68.0
1775692977000,1.0,1.0,2.0,2.0,2.0,537.0,611.0,668.0,678.0,97.94,98.11,97.78,95.42,24.32,24.19,24.28,24.66,62.0,63.0,88.0,69.0,83.0
1775693278000,1.0,1.0,2.0,1.0,1.0,557.0,627.0,651.0,636.0,98.08,98.31,97.88,95.51,24.37,24.25,24.35,24.72,63.0,60.0,79.0,55.0,53.0
1775693578000,1.0,2.0,2.0,2.0,1.0,572.0,580.0,643.0,632.0,98.4,98.62,98.1,95.79,24.44,24.33,24.43,24.81,67.0,69.0,70.0,73.0,59.0
1775693879000,2.0,2.0,2.0,1.0,2.0,580.0,586.0,659.0,601.0,98.69,98.81,98.35,95.94,24.53,24.43,24.53,24.9,79.0,78.0,85.0,63.0,80.0
1775694179000,2.0,2.0,2.0,2.0,2.0,552.0,610.0,640.0,621.0,98.78,98.86,98.61,96.15,24.62,24.52,24.62,25.02,76.0,72.0,117.0,91.0,105.0
1775694480000,2.0,2.0,2.0,2.0,2.0,541.0,581.0,660.0,600.0,98.76,98.85,98.5,96.07,24.71,24.62,24.73,25.12,86.0,83.0,106.0,79.0,73.0
1775694781000,2.0,2.0,2.0,2.0,1.0,570.0,571.0,643.0,617.0,98.77,98.88,98.45,96.21,24.8,24.72,24.83,25.25,83.0,86.0,89.0,93.0,68.0
1775695081000,2.0,2.0,2.0,2.0,2.0,520.0,566.0,612.0,814.0,98.78,98.84,98.31,96.73,24.92,24.84,24.95,25.35,82.0,88.0,84.0,175.0,86.0
1775695382000,2.0,2.0,2.0,2.0,2.0,532.0,594.0,659.0,670.0,98.53,98.68,98.29,96.2,25.01,24.95,25.07,25.47,84.0,89.0,118.0,99.0,106.0
1775695682000,2.0,2.0,2.0,2.0,2.0,533.0,554.0,656.0,621.0,98.54,98.55,98.15,95.91,25.11,25.07,25.18,25.59,82.0,87.0,107.0,94.0,81.0
1775695983000,2.0,2.0,2.0,2.0,2.0,519.0,590.0,591.0,611.0,98.06,98.05,97.96,95.71,25.23,25.18,25.3,25.72,88.0,92.0,103.0,115.0,75.0
1775696283000,2.0,2.0,2.0,2.0,2.0,523.0,554.0,660.0,622.0,97.8,97.73,97.61,95.25,25.34,25.29,25.42,25.83,89.0,101.0,126.0,109.0,101.0
1775696584000,2.0,2.0,2.0,2.0,2.0,545.0,544.0,677.0,652.0,97.53,97.47,97.36,95.03,25.44,25.4,25.54,25.96,99.0,99.0,134.0,121.0,130.0
1775696885000,2.0,2.0,2.0,2.0,2.0,520.0,570.0,621.0,601.0,97.01,97.2,96.94,94.65,25.53,25.51,25.66,26.08,92.0,99.0,117.0,122.0,91.0
1775697185000,2.0,2.0,2.0,2.0,2.0,539.0,552.0,588.0,612.0,96.77,96.85,96.56,94.23,25.63,25.6,25.75,26.2,101.0,103.0,109.0,112.0,102.0
1775697486000,2.0,2.0,2.0,2.0,2.0,543.0,545.0,636.0,603.0,96.57,96.46,96.34,93.87,25.72,25.69,25.84,26.28,100.0,101.0,129.0,118.0,110.0
1775697786000,2.0,2.0,2.0,2.0,2.0,541.0,558.0,683.0,621.0,96.13,96.12,96.22,93.68,25.8,25.79,25.93,26.37,99.0,106.0,150.0,133.0,155.0
1775698087000,2.0,2.0,2.0,2.0,2.0,551.0,565.0,665.0,611.0,96.5,96.57,95.9,93.47,25.89,25.87,26.03,26.46,100.0,112.0,140.0,126.0,98.0
1775698387000,2.0,2.0,2.0,2.0,2.0,541.0,533.0,576.0,644.0,96.34,96.18,95.89,93.98,26.01,25.98,26.13,26.55,104.0,109.0,115.0,142.0,120.0
1775698688000,2.0,2.0,2.0,2.0,2.0,523.0,580.0,584.0,567.0,96.17,96.1,95.4,93.52,26.13,26.12,26.25,26.69,105.0,126.0,103.0,138.0,143.0
1775698988000,2.0,2.0,2.0,2.0,2.0,514.0,533.0,530.0,558.0,95.38,95.5,94.88,92.95,26.26,26.27,26.38,26.86,117.0,122.0,106.0,141.0,138.0
1775699289000,2.0,2.0,2.0,2.0,2.0,521.0,594.0,551.0,571.0,94.67,94.72,94.02,91.89,26.41,26.42,26.51,27.02,113.0,137.0,114.0,125.0,152.0
1775699590000,2.0,2.0,2.0,2.0,2.0,550.0,573.0,556.0,567.0,94.15,94.2,93.7,91.49,26.53,26.55,26.62,27.15,117.0,126.0,114.0,136.0,123.0
1775699890000,2.0,2.0,2.0,2.0,2.0,526.0,556.0,573.0,593.0,93.74,93.67,93.35,90.9,26.67,26.69,26.75,27.31,113.0,131.0,127.0,138.0,172.0
1775700191000,2.0,2.0,2.0,2.0,2.0,512.0,551.0,553.0,588.0,93.32,93.3,92.92,90.5,26.79,26.82,26.87,27.44,123.0,137.0,118.0,150.0,199.0
1775700491000,2.0,2.0,2.0,2.0,2.0,520.0,560.0,604.0,559.0,92.8,92.89,92.39,89.97,26.94,26.99,27.01,27.58,130.0,140.0,124.0,154.0,147.0
1775700792000,2.0,2.0,2.0,2.0,2.0,505.0,547.0,538.0,560.0,91.89,91.93,91.68,89.33,27.07,27.12,27.13,27.71,128.0,142.0,119.0,155.0,141.0
1775701092000,2.0,2.0,2.0,2.0,2.0,518.0,535.0,538.0,558.0,91.71,91.62,91.43,89.11,27.2,27.26,27.26,27.85,136.0,143.0,129.0,165.0,166.0
1775701393000,2.0,2.0,2.0,2.0,2.0,549.0,562.0,523.0,585.0,91.21,91.12,90.91,88.65,27.32,27.37,27.38,27.94,137.0,153.0,137.0,162.0,164.0
1775701694000,2.0,2.0,2.0,2.0,2.0,674.0,680.0,647.0,671.0,91.37,91.31,90.82,88.36,27.46,27.51,27.51,28.16,170.0,192.0,155.0,177.0,181.0
1775701857000,2.0,2.0,2.0,2.0,2.0,578.0,730.0,652.0,724.0,90.86,90.83,90.19,87.48,27.68,27.73,27.73,28.44,156.0,194.0,141.0,176.0,211.0
1775702157000,2.0,2.0,2.0,3.0,3.0,632.0,757.0,639.0,756.0,91.01,90.85,89.73,86.91,27.93,28.06,28.11,28.98,169.0,222.0,175.0,236.0,289.0
1775702458000,3.0,3.0,2.0,3.0,3.0,767.0,755.0,691.0,811.0,90.71,90.04,88.7,85.49,28.36,28.56,28.64,29.64,245.0,246.0,203.0,267.0,331.0
1775702758000,3.0,3.0,2.0,3.0,3.0,864.0,818.0,676.0,791.0,89.68,88.52,87.01,83.56,28.81,29.07,29.18,30.27,297.0,303.0,223.0,288.0,393.0
1775703059000,2.0,3.0,3.0,3.0,3.0,685.0,728.0,701.0,734.0,87.89,86.99,85.91,81.63,29.28,29.56,29.69,30.82,228.0,263.0,246.0,276.0,288.0
1775703359000,2.0,3.0,2.0,3.0,3.0,571.0,625.0,582.0,709.0,85.51,84.81,83.53,80.07,29.69,29.96,30.1,31.25,218.0,267.0,219.0,292.0,313.0
1775703660000,3.0,3.0,3.0,3.0,3.0,565.0,662.0,587.0,680.0,83.93,83.2,82.3,78.41,30.05,30.34,30.45,31.61,240.0,270.0,238.0,281.0,294.0
1775703961000,3.0,3.0,3.0,3.0,3.0,735.0,702.0,589.0,738.0,83.65,82.73,81.07,77.57,30.34,30.64,30.73,31.85,294.0,322.0,236.0,325.0,351.0
1775704261000,3.0,3.0,3.0,3.0,3.0,561.0,626.0,575.0,566.0,81.65,80.8,79.9,75.92,30.63,30.92,31.03,32.1,227.0,269.0,242.0,290.0,279.0
1775704562000,3.0,3.0,3.0,3.0,3.0,575.0,628.0,609.0,645.0,80.46,79.65,79.09,75.26,30.88,31.15,31.25,32.32,243.0,276.0,254.0,315.0,367.0
1775704862000,3.0,3.0,3.0,3.0,3.0,529.0,552.0,561.0,595.0,78.81,78.04,77.46,73.79,31.12,31.38,31.45,32.49,231.0,275.0,239.0,307.0,302.0
1775705163000,3.0,3.0,3.0,3.0,3.0,686.0,595.0,649.0,702.0,79.2,78.23,77.55,74.41,31.31,31.53,31.62,32.61,303.0,307.0,286.0,386.0,372.0
1775705463000,3.0,3.0,3.0,3.0,3.0,584.0,556.0,563.0,599.0,77.92,77.43,76.96,73.2,31.49,31.73,31.79,32.77,243.0,282.0,254.0,296.0,273.0
1775705764000,3.0,3.0,3.0,3.0,3.0,527.0,554.0,537.0,579.0,76.6,76.16,75.65,72.52,31.66,31.86,31.9,32.83,237.0,279.0,251.0,327.0,310.0
1775706065000,3.0,3.0,3.0,3.0,3.0,516.0,573.0,554.0,554.0,75.95,75.64,75.3,71.97,31.76,31.95,31.98,32.86,248.0,293.0,257.0,301.0,304.0
1775706365000,3.0,3.0,3.0,3.0,3.0,521.0,542.0,519.0,560.0,75.89,75.48,75.03,71.84,31.86,32.04,32.04,32.89,252.0,297.0,256.0,309.0,309.0
1775706666000,3.0,3.0,3.0,3.0,3.0,514.0,547.0,509.0,551.0,75.43,75.4,75.09,71.6,31.93,32.1,32.1,32.91,248.0,295.0,265.0,300.0,261.0
1775706966000,3.0,3.0,3.0,3.0,3.0,509.0,565.0,547.0,559.0,74.97,75.12,74.58,71.5,32.02,32.18,32.17,32.94,251.0,297.0,259.0,314.0,311.0
1775707267000,3.0,3.0,3.0,3.0,3.0,523.0,502.0,570.0,553.0,74.17,74.07,73.96,71.0,32.12,32.26,32.25,32.99,243.0,298.0,260.0,307.0,304.0
1775707567000,3.0,3.0,3.0,3.0,3.0,504.0,535.0,526.0,549.0,74.6,74.46,74.25,71.28,32.23,32.36,32.32,33.03,267.0,308.0,266.0,320.0,329.0
1775707868000,3.0,3.0,3.0,3.0,3.0,507.0,527.0,521.0,522.0,74.18,74.15,73.83,70.92,32.33,32.46,32.42,33.08,259.0,310.0,267.0,301.0,277.0
1775708169000,3.0,3.0,3.0,3.0,3.0,513.0,564.0,487.0,537.0,72.1,72.23,72.07,69.41,32.43,32.55,32.51,33.14,252.0,298.0,256.0,283.0,266.0
1775708469000,3.0,3.0,3.0,3.0,3.0,493.0,531.0,521.0,496.0,72.22,72.54,72.65,69.73,32.49,32.58,32.49,33.11,259.0,303.0,252.0,289.0,243.0
1775708770000,3.0,3.0,3.0,3.0,3.0,489.0,527.0,499.0,526.0,71.2,71.66,71.82,68.93,32.46,32.51,32.35,33.03,249.0,296.0,243.0,266.0,241.0
1775709070000,3.0,3.0,3.0,3.0,3.0,463.0,517.0,503.0,496.0,71.83,72.36,72.5,69.66,32.42,32.44,32.2,32.92,244.0,298.0,242.0,279.0,240.0
1775709371000,3.0,3.0,3.0,3.0,3.0,484.0,539.0,509.0,506.0,72.86,73.21,73.52,70.52,32.36,32.38,32.09,32.81,250.0,289.0,245.0,275.0,239.0
1775709671000,3.0,3.0,3.0,3.0,3.0,484.0,499.0,515.0,490.0,73.02,73.34,73.81,70.53,32.33,32.34,32.02,32.72,244.0,297.0,237.0,276.0,240.0
1775709972000,3.0,3.0,3.0,3.0,3.0,482.0,512.0,502.0,511.0,73.93,74.48,75.17,71.68,32.31,32.32,32.01,32.67,246.0,307.0,247.0,276.0,234.0
1775710273000,3.0,3.0,3.0,3.0,3.0,521.0,526.0,528.0,517.0,73.47,74.01,74.6,71.36,32.32,32.32,32.02,32.66,245.0,302.0,239.0,270.0,230.0
1775710573000,3.0,3.0,3.0,3.0,3.0,504.0,532.0,487.0,532.0,73.01,73.41,74.05,71.02,32.34,32.33,32.03,32.64,243.0,294.0,237.0,262.0,232.0
1775710874000,3.0,3.0,3.0,3.0,3.0,492.0,516.0,515.0,531.0,73.58,74.34,74.72,72.53,32.4,32.38,32.09,32.61,257.0,310.0,251.0,298.0,269.0
1775711174000,3.0,3.0,3.0,3.0,3.0,492.0,470.0,467.0,508.0,72.99,74.16,74.79,72.9,32.48,32.44,32.18,32.57,251.0,300.0,248.0,274.0,254.0
1775711475000,3.0,3.0,3.0,3.0,3.0,511.0,531.0,492.0,522.0,72.27,72.83,73.17,71.35,32.53,32.5,32.26,32.58,254.0,300.0,239.0,261.0,240.0
1775711775000,3.0,3.0,3.0,3.0,3.0,492.0,512.0,522.0,526.0,71.59,71.75,72.18,70.89,32.56,32.52,32.3,32.58,246.0,292.0,238.0,273.0,229.0
1775712076000,3.0,3.0,3.0,3.0,3.0,494.0,524.0,510.0,533.0,73.43,74.06,74.63,72.92,32.61,32.56,32.33,32.6,274.0,314.0,263.0,288.0,276.0
1775712377000,3.0,3.0,3.0,3.0,3.0,469.0,496.0,487.0,505.0,74.11,74.94,75.05,73.34,32.73,32.66,32.44,32.63,272.0,315.0,257.0,290.0,242.0
1775712677000,3.0,3.0,3.0,3.0,3.0,484.0,484.0,524.0,495.0,73.29,74.26,74.58,73.44,32.83,32.75,32.54,32.68,277.0,315.0,259.0,289.0,257.0
1775712978000,3.0,3.0,3.0,3.0,3.0,468.0,507.0,537.0,522.0,73.9,74.66,75.35,73.99,32.94,32.86,32.64,32.78,296.0,315.0,263.0,301.0,247.0
1775713278000,3.0,3.0,3.0,3.0,3.0,472.0,513.0,464.0,527.0,72.98,73.88,74.41,72.77,33.02,32.95,32.74,32.87,280.0,318.0,266.0,294.0,242.0
1775713579000,3.0,3.0,3.0,3.0,3.0,432.0,499.0,510.0,524.0,73.6,74.62,74.68,73.21,33.12,33.02,32.82,32.96,283.0,332.0,269.0,301.0,254.0
1775713879000,3.0,3.0,3.0,3.0,3.0,466.0,466.0,473.0,532.0,72.6,73.61,73.69,72.52,33.22,33.11,32.91,33.05,293.0,311.0,262.0,295.0,241.0
1775714180000,3.0,3.0,3.0,3.0,3.0,499.0,464.0,492.0,503.0,72.81,73.19,72.99,71.72,33.32,33.22,33.01,33.15,288.0,327.0,262.0,287.0,263.0
1775714481000,3.0,3.0,3.0,3.0,3.0,482.0,510.0,504.0,492.0,72.44,73.12,73.23,72.1,33.38,33.31,33.11,33.24,299.0,333.0,275.0,298.0,274.0
1775714781000,3.0,3.0,3.0,3.0,3.0,465.0,533.0,496.0,494.0,71.8,72.15,72.64,71.33,33.47,33.39,33.21,33.33,301.0,327.0,273.0,309.0,283.0
1775715082000,3.0,3.0,3.0,3.0,3.0,421.0,505.0,501.0,482.0,71.38,72.15,72.35,71.39,33.54,33.47,33.3,33.42,297.0,331.0,275.0,314.0,291.0
1775715382000,3.0,3.0,3.0,3.0,3.0,482.0,521.0,508.0,482.0,70.92,71.72,72.04,70.9,33.63,33.54,33.36,33.5,300.0,343.0,267.0,298.0,361.0
1775715683000,3.0,3.0,3.0,3.0,3.0,467.0,491.0,485.0,513.0,72.44,73.04,73.03,71.86,33.7,33.6,33.44,33.56,309.0,344.0,285.0,319.0,274.0
1775715983000,3.0,3.0,3.0,3.0,3.0,456.0,502.0,485.0,488.0,73.56,73.9,74.17,72.87,33.81,33.7,33.52,33.65,319.0,348.0,292.0,338.0,319.0
1775716284000,3.0,3.0,3.0,3.0,3.0,468.0,464.0,484.0,517.0,73.17,73.93,73.95,72.66,33.92,33.79,33.62,33.76,320.0,348.0,296.0,322.0,294.0
1775716585000,3.0,3.0,3.0,3.0,3.0,478.0,490.0,510.0,528.0,74.21,75.34,75.8,74.62,33.97,33.86,33.68,33.82,306.0,349.0,296.0,344.0,300.0
1775716885000,3.0,3.0,3.0,3.0,3.0,471.0,540.0,496.0,494.0,75.14,76.34,76.52,75.18,33.8,33.68,33.5,33.67,286.0,336.0,276.0,315.0,281.0
1775717186000,3.0,3.0,3.0,3.0,3.0,491.0,518.0,488.0,501.0,76.63,77.54,77.87,76.08,33.51,33.37,33.19,33.56,277.0,318.0,268.0,310.0,276.0
1775717486000,3.0,3.0,3.0,3.0,3.0,470.0,519.0,504.0,476.0,78.97,79.76,80.08,77.41,33.19,33.0,32.84,33.43,269.0,311.0,256.0,315.0,276.0
1775717787000,3.0,3.0,3.0,3.0,3.0,476.0,465.0,510.0,483.0,79.61,80.58,80.42,77.22,32.89,32.67,32.5,33.33,255.0,294.0,240.0,303.0,288.0
1775718087000,3.0,3.0,2.0,3.0,3.0,462.0,484.0,480.0,482.0,81.26,82.62,81.94,78.6,32.6,32.36,32.22,33.27,235.0,287.0,223.0,311.0,273.0
1775718388000,3.0,3.0,3.0,3.0,3.0,460.0,480.0,505.0,468.0,82.22,83.52,83.24,78.73,32.34,32.11,31.99,33.24,233.0,289.0,229.0,310.0,278.0
1775718689000,3.0,3.0,2.0,3.0,3.0,419.0,472.0,475.0,490.0,82.47,83.57,83.35,78.45,32.12,31.88,31.78,33.2,227.0,261.0,214.0,302.0,266.0
1775718989000,2.0,3.0,2.0,3.0,3.0,485.0,488.0,466.0,517.0,83.33,84.51,84.44,78.54,31.94,31.69,31.59,33.14,223.0,253.0,205.0,305.0,280.0
1775719290000,2.0,3.0,2.0,3.0,3.0,481.0,477.0,495.0,464.0,84.53,85.34,85.09,79.18,31.73,31.48,31.39,33.03,224.0,253.0,204.0,294.0,291.0
1775719590000,2.0,3.0,2.0,3.0,3.0,460.0,486.0,485.0,487.0,84.65,85.78,85.17,79.21,31.57,31.31,31.23,32.92,211.0,244.0,206.0,289.0,276.0
1775719891000,2.0,3.0,2.0,3.0,3.0,454.0,508.0,523.0,482.0,85.05,86.27,85.75,79.3,31.42,31.16,31.09,32.81,209.0,242.0,200.0,295.0,280.0
1775720191000,2.0,3.0,2.0,3.0,3.0,467.0,480.0,484.0,525.0,85.55,86.48,86.21,79.32,31.29,31.02,30.95,32.69,210.0,239.0,193.0,282.0,273.0
1775720492000,2.0,3.0,2.0,3.0,3.0,476.0,494.0,510.0,501.0,85.81,86.39,86.6,79.28,31.15,30.89,30.81,32.46,205.0,237.0,185.0,276.0,248.0
1775720793000,2.0,3.0,2.0,3.0,3.0,500.0,476.0,487.0,513.0,86.37,87.41,87.16,80.8,31.05,30.78,30.69,32.14,200.0,231.0,190.0,261.0,246.0
1775721093000,2.0,2.0,2.0,3.0,2.0,484.0,507.0,500.0,472.0,86.04,86.92,86.65,80.98,30.92,30.67,30.55,31.85,201.0,221.0,180.0,244.0,225.0
1775721394000,2.0,2.0,2.0,3.0,2.0,462.0,500.0,472.0,516.0,86.7,87.59,87.33,81.84,30.82,30.55,30.43,31.55,201.0,219.0,182.0,246.0,210.0
1775721694000,2.0,2.0,2.0,2.0,2.0,468.0,469.0,486.0,462.0,87.18,88.16,88.19,82.97,30.72,30.45,30.33,31.29,191.0,217.0,174.0,222.0,217.0
1775721995000,2.0,2.0,2.0,3.0,2.0,466.0,507.0,483.0,494.0,86.83,87.9,87.82,83.34,30.63,30.34,30.22,31.05,191.0,206.0,168.0,224.0,189.0
1775722295000,2.0,2.0,2.0,2.0,2.0,435.0,486.0,505.0,497.0,87.09,88.28,87.82,83.94,30.52,30.24,30.11,30.83,195.0,211.0,167.0,219.0,216.0
1775722596000,2.0,2.0,2.0,2.0,2.0,471.0,509.0,478.0,489.0,88.05,89.04,88.88,84.83,30.41,30.13,30.01,30.68,186.0,212.0,175.0,220.0,194.0
1775722896000,2.0,2.0,2.0,2.0,2.0,467.0,491.0,507.0,512.0,87.61,88.55,88.84,85.03,30.3,30.02,29.9,30.55,184.0,201.0,166.0,210.0,211.0
1775723197000,2.0,2.0,2.0,2.0,2.0,451.0,463.0,497.0,494.0,87.93,89.0,88.95,85.48,30.2,29.95,29.81,30.41,181.0,198.0,157.0,215.0,192.0
1775723498000,2.0,2.0,2.0,2.0,2.0,431.0,515.0,515.0,511.0,87.72,88.34,89.16,85.38,30.1,29.85,29.72,30.3,180.0,189.0,167.0,204.0,190.0
1775723798000,2.0,2.0,2.0,2.0,2.0,466.0,494.0,520.0,499.0,87.81,88.73,88.78,85.59,30.0,29.75,29.64,30.2,177.0,193.0,152.0,192.0,194.0
1775724099000,2.0,2.0,2.0,2.0,2.0,453.0,460.0,485.0,481.0,88.5,89.54,89.52,86.08,29.87,29.63,29.51,30.13,168.0,190.0,154.0,197.0,191.0
1775724399000,2.0,2.0,2.0,2.0,2.0,461.0,463.0,499.0,476.0,88.91,89.82,89.55,86.09,29.73,29.49,29.38,30.04,169.0,175.0,150.0,198.0,206.0
1775724700000,2.0,2.0,2.0,2.0,2.0,481.0,529.0,481.0,473.0,88.94,90.09,89.8,86.22,29.59,29.34,29.25,29.93,161.0,177.0,147.0,188.0,196.0
1775725000000,2.0,2.0,2.0,2.0,2.0,480.0,486.0,527.0,479.0,89.13,89.98,89.63,86.54,29.45,29.19,29.08,29.79,152.0,166.0,139.0,185.0,178.0
1775725301000,2.0,2.0,2.0,3.0,2.0,469.0,510.0,485.0,531.0,89.55,90.22,90.13,86.7,29.28,29.03,28.94,29.68,159.0,163.0,132.0,224.0,181.0
1775725602000,2.0,2.0,2.0,2.0,2.0,453.0,487.0,515.0,485.0,89.68,90.5,90.26,86.89,29.12,28.85,28.76,29.52,207.0,167.0,138.0,188.0,187.0
1775725902000,2.0,2.0,2.0,2.0,2.0,470.0,452.0,474.0,491.0,89.49,90.54,90.22,87.03,28.96,28.69,28.6,29.39,145.0,148.0,122.0,170.0,185.0
1775726203000,2.0,2.0,2.0,2.0,2.0,499.0,483.0,487.0,495.0,89.7,90.6,90.17,86.98,28.81,28.52,28.44,29.31,137.0,145.0,119.0,173.0,180.0
1775726503000,2.0,2.0,2.0,2.0,2.0,459.0,498.0,524.0,469.0,90.33,91.47,91.13,87.2,28.64,28.34,28.32,29.27,136.0,144.0,117.0,169.0,172.0
1775726804000,2.0,2.0,2.0,2.0,2.0,477.0,518.0,494.0,513.0,90.21,91.41,91.05,86.87,28.48,28.19,28.17,29.2,126.0,137.0,112.0,164.0,167.0
1775727104000,2.0,2.0,2.0,2.0,2.0,485.0,476.0,518.0,503.0,90.24,91.46,91.05,86.58,28.33,28.04,28.01,29.11,123.0,137.0,109.0,159.0,159.0
1775727405000,2.0,2.0,2.0,2.0,2.0,464.0,485.0,520.0,502.0,90.99,92.08,91.54,86.94,28.17,27.9,27.89,29.0,125.0,129.0,106.0,155.0,162.0
1775727706000,2.0,2.0,2.0,2.0,2.0,486.0,488.0,504.0,508.0,91.06,92.18,91.91,87.09,28.04,27.77,27.73,28.87,118.0,128.0,112.0,151.0,175.0
1775728006000,2.0,2.0,2.0,2.0,2.0,473.0,524.0,546.0,500.0,91.71,92.96,92.72,88.19,27.91,27.63,27.49,28.58,124.0,126.0,100.0,144.0,184.0
1775728307000,2.0,2.0,2.0,2.0,2.0,496.0,505.0,521.0,567.0,92.09,93.31,93.12,88.96,27.79,27.52,27.27,28.25,122.0,122.0,92.0,128.0,183.0
1775728607000,2.0,2.0,2.0,2.0,2.0,510.0,485.0,541.0,553.0,91.66,92.74,93.18,89.11,27.68,27.43,27.07,27.99,116.0,115.0,91.0,115.0,192.0
1775728908000,2.0,2.0,2.0,2.0,2.0,445.0,497.0,739.0,763.0,91.75,92.8,94.48,90.74,27.57,27.29,26.86,27.74,116.0,112.0,118.0,181.0,224.0
1775729208000,2.0,2.0,2.0,2.0,2.0,522.0,552.0,613.0,662.0,92.22,93.38,94.87,90.46,27.49,27.27,26.89,27.88,120.0,123.0,119.0,160.0,224.0
1775729509000,2.0,2.0,2.0,2.0,2.0,501.0,490.0,578.0,609.0,92.64,93.34,94.41,89.82,27.46,27.28,27.02,28.11,117.0,125.0,118.0,161.0,218.0
1775729810000,2.0,2.0,2.0,2.0,3.0,489.0,507.0,682.0,657.0,92.65,93.15,94.57,89.69,27.43,27.33,27.19,28.4,120.0,124.0,154.0,213.0,267.0
1775730110000,2.0,2.0,2.0,2.0,2.0,495.0,518.0,690.0,635.0,92.65,93.12,93.93,88.55,27.4,27.36,27.31,28.61,120.0,124.0,144.0,183.0,223.0
1775730411000,2.0,2.0,2.0,2.0,2.0,517.0,504.0,578.0,573.0,92.69,92.95,93.19,87.59,27.38,27.36,27.42,28.75,117.0,131.0,122.0,183.0,197.0
1775730711000,2.0,2.0,2.0,2.0,3.0,498.0,512.0,832.0,647.0,92.88,93.03,93.55,87.45,27.38,27.37,27.51,28.95,119.0,126.0,187.0,208.0,243.0
1775731012000,2.0,2.0,2.0,2.0,3.0,499.0,517.0,835.0,714.0,92.88,92.84,93.07,86.83,27.33,27.38,27.6,29.05,117.0,133.0,147.0,208.0,278.0
1775731312000,2.0,2.0,2.0,2.0,2.0,479.0,543.0,588.0,629.0,93.1,92.79,91.9,85.85,27.33,27.36,27.65,29.17,117.0,134.0,119.0,186.0,212.0
1775731613000,2.0,2.0,2.0,2.0,3.0,499.0,551.0,752.0,726.0,92.83,92.71,92.23,85.94,27.29,27.35,27.69,29.21,116.0,131.0,171.0,211.0,343.0
1775731914000,2.0,2.0,2.0,2.0,2.0,491.0,519.0,705.0,623.0,92.78,92.9,92.05,85.28,27.26,27.36,27.72,29.27,116.0,139.0,154.0,187.0,223.0
1775732214000,2.0,2.0,2.0,2.0,2.0,511.0,496.0,640.0,579.0,93.3,92.95,91.72,85.06,27.22,27.34,27.72,29.33,116.0,122.0,132.0,192.0,214.0
1775732515000,2.0,2.0,2.0,2.0,3.0,526.0,541.0,779.0,744.0,93.31,92.82,92.23,85.26,27.19,27.32,27.74,29.39,110.0,120.0,152.0,203.0,284.0
1775732815000,2.0,2.0,2.0,2.0,3.0,479.0,519.0,681.0,725.0,93.37,92.92,91.82,84.96,27.14,27.31,27.77,29.42,107.0,114.0,125.0,201.0,252.0
1775733116000,2.0,2.0,2.0,2.0,2.0,487.0,548.0,600.0,646.0,93.56,92.91,91.2,84.49,27.11,27.25,27.77,29.44,110.0,118.0,131.0,192.0,213.0
1775733416000,2.0,2.0,2.0,2.0,3.0,510.0,538.0,743.0,730.0,93.52,92.83,91.55,84.64,27.05,27.22,27.75,29.45,110.0,124.0,159.0,220.0,325.0
1775733717000,2.0,2.0,2.0,2.0,3.0,532.0,514.0,721.0,683.0,93.44,92.78,91.48,84.21,27.02,27.2,27.74,29.45,113.0,116.0,150.0,200.0,275.0
1775734018000,2.0,2.0,2.0,2.0,2.0,501.0,536.0,593.0,554.0,93.68,93.09,91.12,83.85,26.98,27.15,27.72,29.46,105.0,121.0,128.0,181.0,212.0
1775734318000,2.0,2.0,2.0,2.0,3.0,501.0,515.0,745.0,794.0,93.76,92.93,91.62,84.45,26.93,27.1,27.72,29.46,104.0,113.0,146.0,216.0,280.0
1775734619000,2.0,2.0,2.0,2.0,3.0,509.0,548.0,735.0,710.0,93.76,92.97,91.52,84.15,26.9,27.07,27.7,29.47,107.0,114.0,134.0,194.0,263.0
1775734919000,2.0,2.0,2.0,2.0,2.0,534.0,553.0,612.0,684.0,94.0,93.11,91.03,83.82,26.86,27.04,27.67,29.45,104.0,113.0,123.0,178.0,217.0
1775735220000,2.0,2.0,2.0,2.0,3.0,516.0,542.0,780.0,761.0,94.06,93.16,91.43,84.18,26.81,27.01,27.64,29.44,108.0,112.0,144.0,212.0,276.0
1775735520000,2.0,2.0,2.0,2.0,3.0,516.0,529.0,672.0,698.0,94.13,93.38,91.29,83.94,26.75,26.96,27.64,29.42,103.0,123.0,134.0,202.0,250.0
1775735821000,2.0,2.0,2.0,2.0,2.0,493.0,509.0,611.0,614.0,94.17,93.3,91.07,83.57,26.72,26.92,27.62,29.42,105.0,115.0,126.0,181.0,206.0
1775736122000,2.0,2.0,2.0,2.0,3.0,513.0,535.0,720.0,776.0,94.23,93.39,91.39,83.99,26.68,26.88,27.57,29.43,100.0,114.0,139.0,205.0,263.0
1775736422000,2.0,2.0,2.0,2.0,3.0,546.0,582.0,756.0,745.0,94.15,93.42,91.45,83.88,26.63,26.85,27.55,29.43,110.0,119.0,133.0,203.0,251.0
1775736723000,2.0,2.0,2.0,2.0,2.0,490.0,523.0,559.0,691.0,94.26,93.52,90.93,83.46,26.59,26.83,27.54,29.42,102.0,112.0,112.0,186.0,220.0
1775737023000,2.0,2.0,2.0,2.0,3.0,533.0,555.0,772.0,739.0,94.52,93.54,91.44,83.63,26.59,26.81,27.52,29.42,111.0,110.0,146.0,203.0,280.0
1775737324000,2.0,2.0,2.0,2.0,3.0,519.0,540.0,778.0,663.0,94.32,93.56,91.57,83.41,26.53,26.78,27.51,29.42,99.0,115.0,145.0,193.0,244.0
1775737624000,2.0,2.0,2.0,2.0,2.0,523.0,571.0,610.0,618.0,94.51,93.61,91.12,83.02,26.54,26.77,27.49,29.43,100.0,114.0,117.0,185.0,203.0
1775737925000,2.0,2.0,2.0,2.0,3.0,558.0,551.0,716.0,693.0,94.56,93.59,91.21,83.24,26.5,26.75,27.48,29.43,100.0,111.0,127.0,189.0,280.0
1775738226000,2.0,2.0,2.0,2.0,3.0,520.0,567.0,791.0,699.0,94.58,93.7,91.41,83.08,26.46,26.71,27.46,29.42,93.0,110.0,131.0,194.0,246.0
1775738526000,2.0,2.0,2.0,2.0,3.0,513.0,520.0,611.0,650.0,94.66,93.63,90.93,82.89,26.42,26.69,27.43,29.41,101.0,104.0,104.0,174.0,227.0
1775738827000,2.0,2.0,2.0,2.0,3.0,527.0,556.0,667.0,769.0,94.88,93.65,91.35,83.31,26.38,26.65,27.4,29.41,107.0,110.0,133.0,218.0,264.0
1775739127000,2.0,2.0,2.0,2.0,3.0,531.0,570.0,670.0,678.0,94.95,93.85,91.23,83.02,26.36,26.63,27.4,29.38,95.0,111.0,116.0,182.0,269.0
1775739428000,2.0,2.0,2.0,2.0,2.0,505.0,512.0,607.0,622.0,94.94,93.83,91.1,82.84,26.34,26.6,27.37,29.35,93.0,112.0,118.0,183.0,202.0
1775739728000,2.0,2.0,2.0,2.0,3.0,516.0,516.0,724.0,803.0,95.09,93.94,91.43,83.59,26.29,26.57,27.34,29.32,99.0,115.0,128.0,226.0,249.0
1775740029000,2.0,2.0,2.0,2.0,3.0,558.0,557.0,740.0,776.0,95.1,94.11,91.51,83.49,26.27,26.55,27.33,29.3,98.0,112.0,119.0,200.0,290.0
1775740330000,2.0,2.0,2.0,2.0,3.0,492.0,566.0,602.0,696.0,95.2,94.19,91.23,83.33,26.25,26.52,27.3,29.32,92.0,107.0,108.0,200.0,236.0
1775740630000,2.0,2.0,2.0,2.0,3.0,564.0,524.0,683.0,716.0,95.37,94.14,91.53,83.34,26.23,26.52,27.3,29.32,95.0,110.0,133.0,202.0,257.0
1775740931000,2.0,2.0,2.0,2.0,3.0,562.0,566.0,810.0,732.0,95.43,94.03,91.79,83.38,26.22,26.51,27.3,29.29,106.0,109.0,136.0,199.0,255.0
1775741231000,2.0,2.0,2.0,2.0,2.0,518.0,533.0,641.0,676.0,95.39,94.11,91.46,83.18,26.21,26.49,27.27,29.27,88.0,110.0,111.0,187.0,206.0
1775741532000,2.0,2.0,2.0,2.0,2.0,536.0,589.0,686.0,724.0,95.29,93.92,91.46,83.4,26.18,26.49,27.27,29.25,92.0,106.0,112.0,186.0,222.0
1775741832000,2.0,2.0,2.0,2.0,3.0,499.0,553.0,756.0,770.0,95.27,94.02,91.75,83.54,26.17,26.48,27.24,29.23,88.0,106.0,125.0,203.0,257.0
1775742133000,2.0,2.0,2.0,2.0,2.0,489.0,547.0,633.0,672.0,95.27,93.98,91.25,83.07,26.15,26.45,27.22,29.24,89.0,100.0,105.0,177.0,213.0
1775742433000,2.0,2.0,2.0,2.0,3.0,528.0,545.0,707.0,724.0,95.28,94.09,91.51,83.15,26.11,26.42,27.2,29.22,85.0,104.0,117.0,187.0,229.0
1775742734000,2.0,2.0,2.0,2.0,3.0,512.0,526.0,683.0,753.0,95.49,94.25,91.61,83.29,26.11,26.38,27.18,29.2,88.0,100.0,118.0,188.0,244.0
1775743035000,2.0,2.0,2.0,2.0,2.0,556.0,530.0,603.0,622.0,95.52,94.33,91.36,82.95,26.08,26.36,27.14,29.21,87.0,106.0,102.0,181.0,202.0
1775743335000,2.0,2.0,2.0,2.0,2.0,523.0,554.0,629.0,728.0,95.58,94.37,91.52,83.02,26.06,26.34,27.11,29.23,87.0,98.0,100.0,183.0,197.0
1775743636000,2.0,2.0,2.0,2.0,3.0,504.0,563.0,806.0,741.0,95.65,94.4,91.91,83.02,26.04,26.31,27.07,29.23,91.0,96.0,122.0,184.0,256.0
1775743936000,2.0,2.0,2.0,2.0,2.0,532.0,561.0,598.0,640.0,95.5,94.41,91.51,82.78,26.0,26.26,27.04,29.23,80.0,96.0,95.0,184.0,217.0
1775744237000,2.0,2.0,2.0,2.0,2.0,457.0,537.0,638.0,717.0,95.47,94.36,91.58,82.88,25.97,26.21,27.01,29.19,86.0,92.0,95.0,177.0,201.0
1775744537000,2.0,2.0,2.0,2.0,2.0,517.0,538.0,788.0,773.0,95.52,94.45,91.99,82.94,25.93,26.18,26.96,29.19,82.0,99.0,114.0,185.0,214.0
1775744838000,2.0,2.0,2.0,2.0,2.0,497.0,562.0,641.0,674.0,95.49,94.51,91.51,82.55,25.92,26.14,26.94,29.16,74.0,87.0,87.0,162.0,195.0
1775745139000,2.0,2.0,2.0,2.0,2.0,515.0,547.0,641.0,692.0,95.56,94.48,91.6,82.66,25.9,26.14,26.9,29.11,79.0,86.0,88.0,165.0,200.0
1775745439000,2.0,2.0,2.0,2.0,3.0,504.0,531.0,708.0,712.0,95.7,94.47,91.64,82.68,25.85,26.11,26.87,29.1,81.0,91.0,103.0,166.0,248.0
1775745740000,2.0,2.0,2.0,2.0,2.0,519.0,562.0,685.0,651.0,95.56,94.55,91.76,82.19,25.84,26.09,26.85,29.09,72.0,91.0,99.0,156.0,200.0
1775746040000,2.0,2.0,2.0,2.0,2.0,528.0,553.0,642.0,672.0,95.71,94.59,91.81,82.51,25.81,26.07,26.82,29.09,80.0,91.0,94.0,171.0,179.0
1775746341000,2.0,2.0,2.0,2.0,3.0,537.0,554.0,735.0,736.0,95.81,94.67,91.96,82.61,25.78,26.04,26.79,29.03,78.0,88.0,104.0,163.0,273.0
1775746641000,2.0,2.0,2.0,2.0,2.0,550.0,583.0,714.0,670.0,95.77,94.65,92.05,82.76,25.75,26.02,26.75,28.97,78.0,86.0,102.0,165.0,187.0
1775746942000,2.0,2.0,2.0,2.0,2.0,486.0,553.0,630.0,662.0,95.86,94.68,91.96,82.85,25.72,25.99,26.72,28.92,75.0,82.0,80.0,160.0,173.0
1775747243000,2.0,2.0,2.0,2.0,2.0,547.0,565.0,801.0,783.0,95.93,94.78,92.4,83.11,25.7,25.95,26.7,28.91,78.0,86.0,113.0,177.0,220.0
1775747543000,2.0,2.0,2.0,2.0,2.0,544.0,573.0,651.0,656.0,95.91,94.74,91.97,82.72,25.68,25.94,26.67,28.91,70.0,80.0,82.0,148.0,190.0
1775747844000,2.0,2.0,2.0,2.0,2.0,527.0,579.0,624.0,657.0,95.93,94.64,91.89,82.7,25.66,25.93,26.65,28.89,71.0,80.0,79.0,153.0,183.0
1775748144000,1.0,2.0,2.0,2.0,3.0,546.0,545.0,826.0,773.0,95.87,94.65,92.34,82.86,25.64,25.89,26.62,28.87,69.0,76.0,107.0,171.0,244.0
1775748445000,2.0,2.0,2.0,2.0,2.0,529.0,546.0,700.0,673.0,95.94,94.75,92.11,82.74,25.6,25.88,26.61,28.84,70.0,87.0,86.0,148.0,182.0
1775748745000,2.0,2.0,2.0,2.0,2.0,527.0,573.0,665.0,696.0,95.95,94.7,92.0,82.72,25.58,25.83,26.56,28.8,70.0,80.0,81.0,149.0,169.0
1775749046000,2.0,2.0,2.0,2.0,3.0,534.0,573.0,728.0,718.0,95.8,94.85,92.06,82.95,25.55,25.8,26.53,28.74,67.0,85.0,87.0,157.0,246.0
1775749347000,2.0,2.0,2.0,2.0,2.0,526.0,566.0,734.0,655.0,95.86,94.79,92.23,82.89,25.51,25.78,26.5,28.68,70.0,79.0,90.0,139.0,180.0
1775749647000,1.0,2.0,2.0,2.0,2.0,529.0,590.0,642.0,654.0,96.07,94.96,92.17,83.03,25.49,25.74,26.45,28.62,67.0,80.0,71.0,148.0,179.0
1775749948000,2.0,2.0,2.0,2.0,3.0,610.0,571.0,737.0,758.0,96.4,95.01,92.41,83.48,25.44,25.69,26.42,28.56,79.0,76.0,89.0,151.0,241.0
1775750248000,1.0,2.0,1.0,2.0,2.0,524.0,569.0,629.0,709.0,96.14,94.97,92.11,83.49,25.42,25.67,26.38,28.5,59.0,77.0,67.0,150.0,179.0
1775750549000,1.0,2.0,2.0,2.0,2.0,532.0,528.0,644.0,632.0,96.0,94.93,92.17,83.35,25.4,25.63,26.34,28.46,63.0,72.0,74.0,141.0,163.0
1775750849000,2.0,2.0,2.0,2.0,3.0,509.0,545.0,825.0,782.0,96.2,95.06,92.75,83.87,25.37,25.6,26.29,28.4,71.0,76.0,94.0,155.0,259.0
1775751150000,1.0,2.0,2.0,2.0,2.0,527.0,516.0,717.0,715.0,96.17,95.07,92.59,83.67,25.34,25.57,26.26,28.36,64.0,71.0,80.0,139.0,166.0
1775751450000,1.0,2.0,1.0,2.0,2.0,529.0,553.0,619.0,667.0,96.09,94.96,92.38,83.61,25.31,25.53,26.22,28.3,61.0,68.0,61.0,134.0,149.0
1775751751000,1.0,1.0,2.0,2.0,3.0,547.0,587.0,738.0,715.0,96.17,94.87,92.74,83.96,25.27,25.5,26.18,28.23,69.0,64.0,90.0,151.0,231.0
1775752052000,1.0,1.0,2.0,2.0,2.0,550.0,575.0,729.0,658.0,95.92,94.64,92.51,83.55,25.23,25.45,26.14,28.17,54.0,62.0,74.0,128.0,174.0
1775752352000,1.0,1.0,1.0,2.0,2.0,546.0,577.0,628.0,653.0,95.82,94.55,92.2,83.52,25.18,25.39,26.08,28.09,54.0,66.0,62.0,118.0,147.0
1775752653000,1.0,1.0,2.0,2.0,3.0,563.0,564.0,800.0,737.0,95.89,94.77,92.57,83.89,25.13,25.36,26.01,28.01,62.0,61.0,85.0,138.0,226.0
1775752953000,1.0,1.0,2.0,2.0,2.0,534.0,542.0,748.0,681.0,96.32,95.2,92.88,84.31,25.08,25.32,25.95,27.94,53.0,61.0,79.0,131.0,162.0
1775753254000,1.0,1.0,1.0,2.0,2.0,542.0,575.0,628.0,625.0,96.61,95.48,93.01,84.46,25.03,25.26,25.91,27.86,48.0,56.0,54.0,111.0,130.0
1775753554000,1.0,1.0,2.0,2.0,2.0,578.0,552.0,818.0,776.0,96.68,95.52,93.69,85.16,25.01,25.22,25.86,27.79,56.0,54.0,96.0,134.0,191.0
1775753855000,1.0,1.0,2.0,2.0,2.0,555.0,554.0,749.0,669.0,96.39,95.13,93.5,84.93,24.97,25.18,25.8,27.72,45.0,48.0,73.0,112.0,143.0
1775754156000,1.0,1.0,1.0,2.0,2.0,564.0,542.0,638.0,647.0,96.43,95.36,93.25,84.89,24.93,25.14,25.75,27.66,45.0,59.0,49.0,104.0,139.0
1775754456000,1.0,1.0,2.0,2.0,2.0,552.0,592.0,783.0,758.0,96.82,95.77,94.0,85.65,24.9,25.11,25.72,27.6,64.0,65.0,86.0,130.0,214.0
1775754757000,1.0,1.0,2.0,2.0,2.0,534.0,535.0,741.0,676.0,96.96,95.98,94.14,85.73,24.86,25.07,25.66,27.55,51.0,58.0,68.0,111.0,152.0
1775755057000,1.0,1.0,1.0,2.0,2.0,542.0,587.0,623.0,667.0,96.64,95.47,93.77,85.61,24.83,25.05,25.64,27.51,43.0,55.0,47.0,115.0,122.0
1775755358000,1.0,1.0,2.0,2.0,2.0,577.0,571.0,774.0,765.0,96.88,95.81,94.04,85.98,24.82,25.0,25.59,27.45,57.0,60.0,75.0,123.0,185.0
1775755658000,1.0,1.0,1.0,2.0,2.0,546.0,567.0,706.0,675.0,96.81,95.85,93.93,85.76,24.78,24.95,25.53,27.39,47.0,59.0,62.0,106.0,139.0
1775755959000,1.0,1.0,1.0,2.0,2.0,543.0,565.0,657.0,651.0,96.99,96.15,94.0,85.94,24.75,24.93,25.5,27.32,51.0,48.0,52.0,100.0,120.0
1775756260000,1.0,1.0,2.0,2.0,2.0,569.0,556.0,801.0,765.0,97.45,96.66,94.86,86.8,24.73,24.89,25.46,27.27,46.0,56.0,79.0,116.0,198.0
1775756560000,1.0,1.0,1.0,2.0,2.0,539.0,598.0,755.0,757.0,97.79,96.46,95.17,87.21,24.71,24.86,25.42,27.22,44.0,49.0,64.0,121.0,140.0
1775756861000,1.0,1.0,1.0,2.0,2.0,560.0,581.0,621.0,656.0,97.61,96.63,94.72,86.94,24.69,24.84,25.4,27.17,40.0,45.0,49.0,111.0,116.0
1775757161000,1.0,1.0,1.0,2.0,2.0,576.0,565.0,775.0,740.0,97.15,96.22,94.82,87.04,24.65,24.81,25.38,27.12,42.0,48.0,63.0,108.0,179.0
1775757462000,1.0,1.0,2.0,2.0,2.0,537.0,547.0,765.0,712.0,97.09,96.21,94.79,86.99,24.63,24.79,25.34,27.04,49.0,49.0,68.0,103.0,134.0
1775757762000,1.0,1.0,1.0,2.0,2.0,554.0,535.0,637.0,654.0,97.14,96.49,94.5,86.87,24.6,24.74,25.3,27.0,44.0,50.0,48.0,89.0,105.0
1775758063000,1.0,1.0,1.0,2.0,2.0,551.0,557.0,782.0,726.0,97.48,96.58,94.94,87.44,24.56,24.71,25.26,26.92,50.0,54.0,67.0,100.0,212.0
1775758364000,1.0,1.0,1.0,2.0,2.0,521.0,573.0,720.0,688.0,97.4,96.59,95.11,87.6,24.53,24.68,25.22,26.87,42.0,47.0,65.0,98.0,124.0
1775758664000,1.0,1.0,1.0,2.0,2.0,501.0,546.0,626.0,669.0,97.48,96.77,94.89,87.58,24.5,24.64,25.18,26.82,41.0,42.0,41.0,82.0,102.0
1775758965000,1.0,1.0,1.0,2.0,2.0,534.0,562.0,733.0,713.0,97.83,97.08,95.35,88.06,24.48,24.61,25.14,26.78,52.0,41.0,65.0,97.0,186.0
1775759265000,1.0,1.0,1.0,2.0,2.0,495.0,557.0,765.0,643.0,97.91,96.76,95.64,88.07,24.46,24.59,25.11,26.73,43.0,39.0,66.0,89.0,125.0
1775759566000,1.0,1.0,1.0,2.0,2.0,525.0,546.0,625.0,671.0,97.65,97.11,95.28,88.13,24.43,24.56,25.09,26.65,50.0,50.0,36.0,82.0,108.0
1775759866000,1.0,1.0,2.0,2.0,2.0,530.0,593.0,770.0,759.0,97.87,97.24,95.73,88.62,24.41,24.53,25.07,26.61,48.0,53.0,73.0,105.0,166.0
1775760167000,1.0,1.0,1.0,2.0,2.0,582.0,605.0,790.0,690.0,97.53,96.82,95.44,88.03,24.37,24.49,25.0,26.57,37.0,47.0,56.0,76.0,123.0
1775760468000,1.0,1.0,1.0,2.0,2.0,609.0,620.0,670.0,623.0,97.3,96.35,94.78,87.72,24.34,24.46,24.96,26.51,37.0,38.0,34.0,74.0,98.0
1775760768000,1.0,1.0,1.0,2.0,2.0,618.0,639.0,784.0,770.0,97.39,96.55,95.11,88.19,24.3,24.4,24.9,26.45,44.0,41.0,63.0,88.0,156.0
1775761069000,1.0,1.0,1.0,2.0,2.0,609.0,627.0,769.0,706.0,97.15,96.45,95.13,87.95,24.27,24.35,24.84,26.39,34.0,38.0,55.0,76.0,109.0
1775761369000,1.0,1.0,1.0,1.0,2.0,642.0,649.0,702.0,729.0,97.1,96.43,94.86,87.99,24.2,24.28,24.8,26.32,35.0,39.0,31.0,63.0,106.0
1775761670000,1.0,1.0,2.0,2.0,2.0,675.0,628.0,839.0,784.0,97.49,96.84,95.52,88.41,24.16,24.25,24.73,26.26,43.0,38.0,68.0,77.0,159.0
1775761970000,1.0,1.0,1.0,1.0,2.0,629.0,616.0,800.0,727.0,97.41,96.82,95.36,88.29,24.12,24.19,24.67,26.18,34.0,33.0,47.0,63.0,98.0
1775762271000,1.0,1.0,1.0,1.0,2.0,566.0,629.0,661.0,646.0,97.32,96.67,95.26,88.35,24.09,24.15,24.62,26.13,36.0,33.0,35.0,57.0,71.0
1775762572000,1.0,1.0,1.0,2.0,2.0,638.0,623.0,752.0,773.0,97.76,97.13,95.83,89.06,24.05,24.11,24.56,26.06,49.0,36.0,62.0,80.0,146.0
1775762872000,1.0,1.0,1.0,2.0,2.0,568.0,549.0,752.0,731.0,97.72,96.76,95.84,89.16,24.01,24.1,24.53,26.0,40.0,35.0,53.0,68.0,103.0
1775763173000,1.0,1.0,1.0,1.0,2.0,557.0,581.0,636.0,663.0,97.79,97.3,95.69,89.04,23.97,24.06,24.47,25.95,51.0,50.0,37.0,54.0,76.0
1775763473000,1.0,1.0,2.0,2.0,2.0,552.0,578.0,771.0,810.0,97.88,97.35,96.33,89.7,23.95,24.01,24.44,25.89,50.0,40.0,76.0,83.0,122.0
1775763774000,1.0,1.0,1.0,1.0,2.0,550.0,598.0,744.0,712.0,98.23,97.58,96.5,89.95,23.93,23.99,24.41,25.85,42.0,41.0,58.0,60.0,97.0
1775764074000,1.0,1.0,1.0,1.0,2.0,555.0,565.0,631.0,649.0,97.88,97.61,96.39,89.8,23.89,23.96,24.39,25.81,44.0,34.0,36.0,56.0,66.0
1775764375000,1.0,1.0,2.0,2.0,2.0,576.0,626.0,744.0,756.0,98.43,97.91,97.02,90.44,23.87,23.96,24.36,25.78,46.0,39.0,69.0,83.0,111.0
1775764676000,1.0,1.0,1.0,2.0,2.0,568.0,581.0,665.0,769.0,99.01,98.67,97.35,90.96,23.86,23.94,24.33,25.75,59.0,61.0,51.0,78.0,116.0
1775764976000,1.0,1.0,1.0,1.0,2.0,572.0,617.0,640.0,700.0,99.32,98.72,97.41,91.23,23.86,23.95,24.34,25.76,61.0,49.0,50.0,71.0,70.0
1775765277000,1.0,1.0,1.0,2.0,2.0,602.0,633.0,736.0,804.0,99.29,98.54,97.48,91.45,23.86,23.95,24.35,25.73,47.0,37.0,51.0,84.0,107.0
1775765577000,1.0,1.0,1.0,2.0,2.0,615.0,607.0,781.0,761.0,99.14,98.5,97.35,91.05,23.84,23.94,24.34,25.74,47.0,39.0,42.0,70.0,128.0
1775765878000,1.0,1.0,1.0,1.0,2.0,578.0,608.0,655.0,702.0,99.22,98.73,97.34,91.17,23.84,23.94,24.33,25.73,64.0,58.0,50.0,63.0,83.0
1775766178000,1.0,1.0,2.0,2.0,2.0,557.0,608.0,729.0,761.0,99.74,99.28,97.92,91.77,23.85,23.93,24.34,25.74,63.0,59.0,66.0,104.0,127.0
1775766479000,1.0,1.0,1.0,2.0,2.0,534.0,617.0,700.0,702.0,100.0,99.81,98.35,92.19,23.88,23.96,24.36,25.74,60.0,54.0,58.0,79.0,112.0
1775766780000,1.0,1.0,1.0,2.0,2.0,548.0,604.0,631.0,677.0,100.0,99.91,98.38,92.43,23.91,23.97,24.4,25.76,61.0,57.0,50.0,68.0,76.0
1775767080000,1.0,1.0,1.0,2.0,2.0,562.0,575.0,714.0,716.0,100.0,99.98,98.82,92.73,23.94,24.02,24.41,25.79,62.0,54.0,66.0,71.0,118.0
1775767381000,1.0,1.0,1.0,2.0,2.0,574.0,581.0,708.0,726.0,100.0,99.94,98.78,92.61,23.97,24.05,24.46,25.84,51.0,43.0,53.0,81.0,102.0
1775767681000,1.0,1.0,1.0,1.0,2.0,540.0,565.0,634.0,657.0,100.0,99.98,98.68,92.4,24.01,24.08,24.48,25.87,45.0,41.0,48.0,63.0,84.0
1775767982000,1.0,1.0,1.0,2.0,2.0,573.0,561.0,672.0,645.0,100.0,100.0,99.02,92.8,24.05,24.13,24.53,25.92,49.0,47.0,59.0,76.0,138.0
1775768282000,1.0,1.0,1.0,2.0,2.0,539.0,564.0,707.0,644.0,100.0,100.0,99.1,92.76,24.1,24.16,24.58,25.95,58.0,47.0,60.0,78.0,124.0
1775768583000,1.0,1.0,1.0,2.0,2.0,535.0,547.0,603.0,632.0,100.0,100.0,98.91,92.69,24.13,24.19,24.61,25.99,57.0,51.0,51.0,78.0,90.0
1775768884000,1.0,1.0,1.0,2.0,2.0,491.0,539.0,665.0,622.0,100.0,100.0,99.03,92.78,24.16,24.23,24.64,26.01,54.0,50.0,59.0,73.0,120.0
1775769184000,1.0,1.0,2.0,2.0,2.0,505.0,545.0,722.0,647.0,100.0,100.0,99.27,92.55,24.18,24.26,24.68,26.04,55.0,55.0,93.0,75.0,122.0
1775769485000,1.0,1.0,1.0,2.0,2.0,505.0,554.0,638.0,590.0,100.0,99.91,98.68,92.32,24.21,24.3,24.69,26.07,56.0,53.0,47.0,74.0,85.0
1775769785000,1.0,1.0,1.0,2.0,2.0,469.0,529.0,653.0,660.0,100.0,99.87,98.69,92.41,24.25,24.31,24.7,26.07,58.0,54.0,56.0,81.0,139.0
1775770086000,1.0,1.0,2.0,2.0,2.0,542.0,565.0,669.0,681.0,100.0,99.94,98.94,92.51,24.25,24.33,24.71,26.08,61.0,56.0,73.0,85.0,117.0
1775770386000,1.0,1.0,1.0,2.0,2.0,494.0,528.0,576.0,593.0,100.0,99.93,98.69,92.42,24.27,24.36,24.72,26.1,61.0,54.0,54.0,75.0,90.0
1775770687000,1.0,1.0,1.0,2.0,2.0,518.0,563.0,614.0,650.0,100.0,99.94,98.84,92.43,24.29,24.37,24.72,26.11,62.0,51.0,60.0,81.0,120.0
1775770988000,1.0,1.0,2.0,2.0,2.0,492.0,534.0,714.0,645.0,100.0,99.93,99.21,92.59,24.31,24.4,24.74,26.12,66.0,53.0,75.0,80.0,114.0
1775771288000,1.0,1.0,1.0,2.0,2.0,499.0,543.0,570.0,616.0,100.0,99.93,98.86,92.55,24.34,24.4,24.74,26.13,57.0,53.0,51.0,69.0,84.0
1775771589000,1.0,1.0,1.0,2.0,2.0,541.0,544.0,619.0,581.0,100.0,99.93,98.97,92.57,24.37,24.41,24.76,26.13,63.0,57.0,56.0,75.0,98.0
1775771889000,1.0,1.0,2.0,2.0,2.0,502.0,543.0,670.0,627.0,100.0,99.89,99.2,92.53,24.37,24.44,24.77,26.14,61.0,58.0,83.0,81.0,122.0
1775772190000,1.0,1.0,1.0,2.0,2.0,519.0,515.0,613.0,651.0,100.0,99.89,98.86,92.51,24.39,24.46,24.76,26.13,57.0,55.0,46.0,71.0,78.0
1775772490000,2.0,2.0,2.0,2.0,2.0,518.0,534.0,585.0,620.0,100.0,99.87,98.82,92.42,24.41,24.47,24.76,26.12,180.0,101.0,76.0,90.0,111.0
1775772791000,1.0,1.0,2.0,2.0,2.0,511.0,562.0,651.0,646.0,100.0,99.87,99.03,92.61,24.4,24.46,24.77,26.11,64.0,66.0,85.0,92.0,119.0
1775773092000,1.0,1.0,1.0,2.0,2.0,512.0,524.0,592.0,609.0,100.0,99.78,98.83,92.53,24.42,24.45,24.77,26.1,62.0,60.0,61.0,71.0,90.0
1775773392000,1.0,1.0,1.0,2.0,2.0,525.0,521.0,605.0,635.0,100.0,99.86,98.84,92.7,24.42,24.47,24.76,26.07,65.0,56.0,61.0,79.0,102.0
1775773693000,1.0,1.0,2.0,2.0,2.0,517.0,565.0,665.0,667.0,100.0,99.9,99.07,92.83,24.43,24.48,24.77,26.05,63.0,58.0,77.0,80.0,122.0
1775773993000,1.0,1.0,1.0,2.0,2.0,513.0,529.0,624.0,635.0,100.0,99.91,98.98,92.94,24.43,24.47,24.76,26.05,63.0,52.0,62.0,66.0,99.0
1775774294000,1.0,1.0,1.0,2.0,2.0,526.0,544.0,599.0,623.0,100.0,99.94,99.01,93.18,24.44,24.47,24.76,26.03,64.0,61.0,54.0,70.0,87.0
1775774594000,1.0,1.0,2.0,2.0,2.0,523.0,559.0,640.0,661.0,100.0,99.94,99.17,93.25,24.45,24.47,24.75,26.01,65.0,54.0,69.0,78.0,129.0
1775774895000,1.0,1.0,1.0,1.0,1.0,519.0,569.0,565.0,603.0,100.0,99.93,99.1,93.04,24.47,24.47,24.74,25.99,62.0,52.0,54.0,57.0,67.0
1775775196000,1.0,1.0,1.0,2.0,2.0,548.0,574.0,603.0,627.0,100.0,99.98,99.18,93.35,24.46,24.48,24.73,25.93,59.0,53.0,64.0,71.0,85.0
1775775496000,1.0,1.0,2.0,2.0,2.0,521.0,591.0,617.0,648.0,100.0,100.0,99.44,93.96,24.47,24.47,24.71,25.82,58.0,57.0,70.0,82.0,70.0
1775775797000,1.0,1.0,1.0,2.0,1.0,510.0,581.0,596.0,763.0,100.0,99.9,99.26,94.4,24.47,24.47,24.69,25.69,64.0,52.0,57.0,127.0,48.0
1775776097000,1.0,1.0,1.0,2.0,1.0,530.0,517.0,560.0,606.0,100.0,99.9,99.26,94.42,24.45,24.45,24.64,25.58,63.0,60.0,58.0,67.0,54.0
1775776398000,1.0,1.0,2.0,2.0,2.0,512.0,518.0,623.0,629.0,100.0,99.95,99.59,94.89,24.45,24.44,24.62,25.48,62.0,59.0,79.0,73.0,112.0
1775776698000,1.0,1.0,1.0,2.0,1.0,545.0,522.0,622.0,745.0,100.0,99.97,99.67,95.74,24.45,24.42,24.57,25.38,61.0,52.0,60.0,98.0,35.0
1775776999000,1.0,1.0,1.0,2.0,1.0,520.0,544.0,637.0,744.0,100.0,100.0,99.83,96.33,24.45,24.43,24.59,25.39,59.0,52.0,53.0,69.0,61.0
1775777300000,2.0,1.0,1.0,2.0,2.0,546.0,563.0,573.0,598.0,100.0,99.96,99.33,95.3,24.49,24.49,24.67,25.54,69.0,54.0,48.0,75.0,131.0
1775777600000,2.0,1.0,1.0,2.0,2.0,502.0,546.0,523.0,682.0,100.0,99.91,99.02,94.95,24.53,24.53,24.74,25.63,66.0,57.0,44.0,70.0,73.0
1775777901000,1.0,1.0,1.0,2.0,2.0,520.0,535.0,584.0,696.0,100.0,99.89,98.89,94.5,24.58,24.61,24.85,26.0,65.0,62.0,50.0,108.0,85.0
1775778201000,1.0,1.0,1.0,2.0,2.0,558.0,572.0,594.0,640.0,99.9,99.64,98.28,92.31,24.67,24.75,25.07,26.73,71.0,70.0,63.0,145.0,142.0
1775778502000,2.0,2.0,1.0,2.0,2.0,572.0,516.0,532.0,596.0,99.66,99.28,97.42,90.11,24.76,24.86,25.29,27.34,73.0,68.0,61.0,139.0,105.0
1775778802000,2.0,2.0,2.0,2.0,2.0,501.0,516.0,562.0,566.0,99.55,98.96,96.87,88.5,24.86,24.97,25.51,27.83,72.0,75.0,67.0,155.0,104.0
1775779103000,2.0,2.0,2.0,2.0,2.0,522.0,512.0,711.0,825.0,99.39,98.67,96.96,87.87,24.94,25.08,25.71,28.22,77.0,75.0,99.0,173.0,129.0
1775779403000,2.0,2.0,2.0,2.0,2.0,542.0,528.0,562.0,784.0,99.28,98.6,96.13,86.72,25.02,25.15,25.89,28.5,87.0,79.0,78.0,167.0,115.0
1775779704000,2.0,2.0,2.0,2.0,2.0,506.0,541.0,570.0,590.0,98.94,98.1,95.63,85.24,25.07,25.23,26.04,28.73,84.0,80.0,86.0,143.0,96.0
1775780005000,2.0,2.0,2.0,2.0,2.0,541.0,487.0,611.0,679.0,98.87,97.93,95.16,84.49,25.14,25.29,26.18,28.89,85.0,82.0,93.0,197.0,108.0
1775780305000,2.0,2.0,2.0,2.0,2.0,525.0,505.0,546.0,619.0,98.45,97.73,94.38,83.71,25.2,25.35,26.31,29.07,79.0,76.0,87.0,153.0,108.0
1775780606000,2.0,2.0,2.0,2.0,2.0,535.0,512.0,553.0,635.0,98.54,97.62,94.05,83.23,25.25,25.43,26.44,29.19,94.0,86.0,85.0,166.0,105.0
1775780906000,2.0,2.0,2.0,2.0,2.0,539.0,517.0,717.0,774.0,98.35,97.29,94.14,83.32,25.33,25.49,26.55,29.27,84.0,88.0,121.0,182.0,119.0
1775781207000,2.0,2.0,2.0,2.0,2.0,556.0,514.0,581.0,671.0,98.09,97.24,93.33,82.74,25.4,25.57,26.65,29.35,88.0,90.0,108.0,168.0,109.0
1775781507000,2.0,2.0,2.0,2.0,2.0,510.0,514.0,581.0,624.0,97.94,97.03,92.71,82.15,25.46,25.63,26.75,29.41,91.0,90.0,96.0,155.0,99.0
1775781808000,2.0,2.0,2.0,2.0,2.0,520.0,535.0,583.0,660.0,97.78,96.86,92.44,81.92,25.54,25.68,26.83,29.49,97.0,94.0,110.0,187.0,122.0
1775782109000,2.0,2.0,2.0,2.0,2.0,515.0,512.0,569.0,649.0,97.58,96.66,92.06,81.65,25.58,25.72,26.88,29.5,96.0,95.0,112.0,165.0,107.0
1775782409000,2.0,2.0,2.0,2.0,2.0,570.0,527.0,541.0,547.0,97.78,96.81,91.93,81.71,25.62,25.76,26.94,29.5,89.0,100.0,100.0,163.0,118.0
1775782710000,2.0,2.0,2.0,2.0,2.0,600.0,541.0,720.0,811.0,97.73,96.86,92.76,82.49,25.67,25.81,26.99,29.53,111.0,101.0,156.0,207.0,154.0
1775783010000,2.0,2.0,2.0,2.0,2.0,504.0,544.0,605.0,692.0,97.32,96.62,92.13,81.95,25.74,25.88,27.06,29.58,101.0,108.0,123.0,181.0,140.0
1775783311000,2.0,2.0,2.0,2.0,2.0,540.0,545.0,550.0,609.0,97.35,96.46,91.57,81.48,25.81,25.94,27.12,29.64,108.0,103.0,107.0,162.0,107.0
1775783611000,2.0,2.0,2.0,2.0,2.0,517.0,543.0,609.0,616.0,97.0,96.28,91.5,81.21,25.87,26.01,27.17,29.69,104.0,109.0,124.0,191.0,134.0
1775783912000,2.0,2.0,2.0,2.0,2.0,523.0,539.0,552.0,613.0,96.93,96.12,91.01,81.11,25.92,26.04,27.2,29.72,106.0,110.0,113.0,186.0,117.0
1775784213000,2.0,2.0,2.0,2.0,2.0,554.0,516.0,556.0,549.0,97.02,95.42,90.7,80.68,25.95,26.09,27.23,29.69,102.0,102.0,130.0,162.0,106.0
1775784513000,2.0,2.0,2.0,2.0,2.0,529.0,547.0,603.0,588.0,96.82,95.75,91.18,80.92,26.01,26.14,27.22,29.66,102.0,103.0,116.0,186.0,129.0
1775784814000,2.0,2.0,2.0,2.0,2.0,521.0,518.0,565.0,718.0,97.36,96.25,91.53,82.02,26.06,26.17,27.2,29.55,102.0,114.0,119.0,194.0,126.0
1775785114000,2.0,2.0,2.0,2.0,2.0,541.0,498.0,535.0,571.0,96.75,95.57,90.78,81.35,26.11,26.2,27.21,29.51,102.0,105.0,107.0,159.0,108.0
1775785415000,2.0,2.0,2.0,2.0,2.0,537.0,502.0,639.0,749.0,96.4,95.44,91.3,82.7,26.15,26.25,27.18,29.4,101.0,110.0,128.0,224.0,161.0
1775785715000,2.0,2.0,2.0,2.0,2.0,508.0,523.0,627.0,607.0,96.57,95.59,91.37,82.26,26.2,26.29,27.2,29.38,106.0,106.0,127.0,166.0,121.0
1775786016000,2.0,2.0,2.0,2.0,2.0,484.0,504.0,559.0,544.0,97.59,96.0,91.41,82.76,26.27,26.35,27.2,29.26,109.0,111.0,111.0,161.0,146.0
1775786317000,2.0,2.0,2.0,2.0,2.0,531.0,549.0,547.0,657.0,96.74,95.51,91.86,83.64,26.35,26.43,27.21,29.1,108.0,115.0,126.0,196.0,152.0
1775786617000,2.0,2.0,2.0,2.0,2.0,504.0,513.0,530.0,545.0,95.79,95.0,91.82,84.11,26.42,26.48,27.21,28.92,109.0,125.0,106.0,205.0,113.0
1775786918000,2.0,2.0,2.0,2.0,2.0,531.0,504.0,516.0,504.0,96.23,94.68,91.33,84.23,26.49,26.56,27.25,28.8,129.0,165.0,123.0,127.0,150.0
1775787218000,2.0,2.0,2.0,2.0,2.0,521.0,526.0,521.0,609.0,95.73,94.72,91.31,84.77,26.59,26.67,27.32,28.7,142.0,152.0,120.0,184.0,144.0
1775787519000,2.0,2.0,2.0,2.0,2.0,512.0,530.0,575.0,621.0,95.18,94.52,91.53,85.22,26.7,26.79,27.43,28.76,126.0,143.0,133.0,167.0,116.0
1775787819000,2.0,2.0,2.0,2.0,2.0,534.0,486.0,513.0,531.0,94.49,93.15,90.16,83.66,26.87,26.96,27.61,28.9,156.0,143.0,117.0,147.0,108.0
1775788120000,2.0,2.0,2.0,2.0,2.0,512.0,542.0,537.0,612.0,94.22,93.41,90.15,83.97,27.02,27.11,27.78,28.96,158.0,168.0,137.0,195.0,152.0
1775788421000,2.0,2.0,2.0,2.0,2.0,485.0,493.0,557.0,540.0,93.94,93.34,90.4,84.4,27.13,27.24,27.87,28.99,143.0,149.0,138.0,156.0,130.0
1775788721000,2.0,2.0,2.0,2.0,2.0,519.0,476.0,524.0,547.0,92.84,91.82,88.01,82.96,27.25,27.36,27.98,29.0,133.0,143.0,123.0,165.0,131.0
1775789022000,2.0,2.0,2.0,2.0,2.0,526.0,491.0,514.0,625.0,93.24,92.53,89.28,84.34,27.37,27.47,28.07,29.01,148.0,157.0,153.0,200.0,157.0
1775789322000,2.0,2.0,2.0,2.0,2.0,509.0,524.0,546.0,598.0,93.06,92.34,89.38,84.68,27.48,27.59,28.17,29.02,147.0,157.0,147.0,169.0,131.0
1775789623000,2.0,2.0,2.0,2.0,2.0,522.0,501.0,532.0,538.0,93.21,91.78,88.38,84.42,27.6,27.69,28.26,29.03,144.0,157.0,143.0,152.0,122.0
1775789923000,2.0,2.0,2.0,2.0,2.0,503.0,505.0,542.0,589.0,92.58,91.9,88.83,84.9,27.7,27.8,28.36,29.06,144.0,167.0,160.0,188.0,168.0
1775790224000,2.0,2.0,2.0,2.0,2.0,485.0,477.0,510.0,538.0,91.11,90.95,88.47,84.48,27.82,27.9,28.46,29.12,148.0,158.0,150.0,164.0,147.0
1775790525000,2.0,2.0,2.0,2.0,2.0,469.0,496.0,484.0,532.0,91.33,90.88,88.12,84.16,27.93,27.96,28.5,29.08,155.0,156.0,146.0,150.0,122.0
1775790825000,2.0,2.0,2.0,2.0,2.0,513.0,510.0,503.0,535.0,91.84,89.52,87.85,83.86,28.02,27.97,28.47,28.96,156.0,153.0,140.0,140.0,108.0
1775791126000,2.0,2.0,2.0,2.0,2.0,510.0,521.0,495.0,495.0,91.15,90.5,88.22,84.84,28.09,27.95,28.42,28.83,151.0,156.0,142.0,139.0,105.0
1775791426000,2.0,2.0,2.0,2.0,2.0,497.0,512.0,488.0,513.0,91.16,91.1,88.23,85.26,28.18,27.96,28.4,28.72,146.0,158.0,138.0,134.0,115.0
1775791727000,2.0,2.0,2.0,2.0,2.0,501.0,520.0,495.0,549.0,89.81,90.57,87.83,85.31,28.27,27.98,28.39,28.64,153.0,160.0,137.0,185.0,114.0
1775792027000,2.0,2.0,2.0,2.0,2.0,525.0,504.0,526.0,505.0,89.26,90.6,87.33,85.14,28.39,28.06,28.44,28.65,159.0,163.0,142.0,136.0,127.0
1775792328000,2.0,2.0,2.0,2.0,2.0,499.0,489.0,482.0,519.0,88.09,89.42,86.1,84.08,28.5,28.16,28.51,28.69,168.0,163.0,145.0,132.0,129.0
1775792629000,2.0,2.0,2.0,2.0,2.0,507.0,515.0,505.0,507.0,87.82,89.81,87.16,85.19,28.63,28.28,28.62,28.79,174.0,176.0,152.0,150.0,127.0
1775792929000,2.0,2.0,2.0,2.0,2.0,500.0,491.0,524.0,517.0,87.64,89.59,86.85,84.57,28.8,28.42,28.76,28.88,181.0,177.0,156.0,152.0,127.0
1775793230000,2.0,2.0,2.0,2.0,2.0,497.0,483.0,501.0,451.0,86.56,88.67,87.2,84.94,28.96,28.57,28.9,29.0,182.0,183.0,167.0,164.0,133.0
1775793530000,2.0,2.0,2.0,2.0,2.0,516.0,503.0,495.0,492.0,85.63,88.2,85.68,83.09,29.14,28.75,29.07,29.12,189.0,187.0,161.0,125.0,117.0
1775793831000,2.0,2.0,2.0,2.0,2.0,499.0,503.0,545.0,474.0,85.68,87.75,86.25,84.03,29.33,28.91,29.21,29.25,203.0,210.0,184.0,147.0,154.0
1775794131000,2.0,2.0,2.0,2.0,2.0,506.0,497.0,479.0,526.0,84.0,86.1,84.22,83.34,29.5,29.08,29.34,29.39,205.0,213.0,168.0,143.0,151.0
1775794432000,2.0,2.0,2.0,2.0,2.0,481.0,481.0,553.0,501.0,83.32,85.77,83.73,82.08,29.67,29.25,29.48,29.51,199.0,220.0,181.0,132.0,133.0
1775794733000,2.0,2.0,2.0,2.0,2.0,510.0,520.0,538.0,524.0,82.17,83.84,82.78,81.55,29.82,29.39,29.6,29.63,217.0,212.0,176.0,156.0,154.0
1775795033000,2.0,2.0,2.0,2.0,2.0,492.0,485.0,502.0,519.0,81.18,83.44,80.9,80.31,29.96,29.56,29.71,29.72,203.0,221.0,176.0,155.0,157.0
1775795334000,2.0,3.0,2.0,2.0,2.0,521.0,493.0,495.0,500.0,81.05,83.48,81.96,80.35,30.11,29.71,29.84,29.84,219.0,223.0,195.0,155.0,189.0
1775795634000,2.0,3.0,2.0,2.0,2.0,476.0,469.0,491.0,501.0,81.27,82.97,81.96,80.58,30.27,29.87,29.96,29.98,222.0,224.0,188.0,157.0,146.0
1775795935000,2.0,3.0,2.0,2.0,2.0,456.0,518.0,508.0,479.0,80.78,82.02,80.77,79.78,30.41,30.04,30.1,30.14,220.0,235.0,195.0,158.0,155.0
1775796235000,2.0,3.0,2.0,2.0,2.0,472.0,488.0,513.0,481.0,78.63,81.21,79.81,78.47,30.54,30.2,30.23,30.31,212.0,249.0,199.0,155.0,147.0
1775796536000,3.0,3.0,2.0,2.0,2.0,506.0,475.0,532.0,527.0,78.4,80.38,79.42,77.88,30.67,30.35,30.37,30.43,230.0,240.0,207.0,162.0,212.0
1775796837000,3.0,3.0,2.0,2.0,2.0,489.0,504.0,484.0,517.0,78.53,80.06,79.53,78.23,30.78,30.48,30.5,30.55,233.0,250.0,210.0,175.0,161.0
1775797137000,3.0,3.0,2.0,2.0,2.0,477.0,481.0,476.0,496.0,78.68,80.61,80.12,79.02,30.93,30.65,30.64,30.68,234.0,255.0,222.0,179.0,181.0
1775797438000,3.0,3.0,2.0,2.0,2.0,529.0,497.0,463.0,487.0,79.15,80.36,79.06,78.16,31.07,30.81,30.79,30.83,243.0,275.0,216.0,176.0,170.0
1775797738000,3.0,3.0,3.0,2.0,2.0,510.0,478.0,488.0,538.0,77.75,79.43,78.85,78.26,31.22,30.99,30.94,30.97,256.0,266.0,227.0,198.0,200.0
1775798039000,3.0,3.0,3.0,2.0,2.0,487.0,440.0,481.0,512.0,77.47,78.25,77.99,77.6,31.37,31.14,31.09,31.13,247.0,266.0,238.0,196.0,181.0
1775798339000,3.0,3.0,3.0,3.0,2.0,480.0,476.0,459.0,547.0,78.32,79.51,79.1,78.47,31.53,31.33,31.27,31.3,257.0,294.0,239.0,230.0,198.0
1775798640000,3.0,3.0,3.0,2.0,2.0,461.0,501.0,500.0,489.0,76.34,77.29,77.1,76.16,31.69,31.5,31.43,31.45,261.0,279.0,230.0,198.0,164.0
1775798941000,3.0,3.0,3.0,2.0,2.0,462.0,498.0,479.0,498.0,75.28,76.51,76.32,75.45,31.81,31.64,31.57,31.61,266.0,278.0,238.0,214.0,202.0
1775799241000,3.0,3.0,3.0,2.0,2.0,467.0,520.0,495.0,528.0,74.3,75.51,75.18,74.75,31.91,31.77,31.7,31.75,262.0,287.0,240.0,216.0,204.0
1775799542000,3.0,3.0,3.0,3.0,3.0,477.0,439.0,499.0,557.0,75.42,76.57,76.27,75.75,31.99,31.88,31.82,31.89,275.0,296.0,252.0,238.0,227.0
1775799842000,3.0,3.0,3.0,2.0,2.0,458.0,459.0,483.0,500.0,74.29,74.94,74.53,74.27,32.09,31.99,31.93,32.04,279.0,300.0,248.0,217.0,184.0
1775800143000,3.0,3.0,3.0,2.0,2.0,500.0,484.0,458.0,503.0,74.46,75.19,74.74,73.77,32.19,32.11,32.05,32.15,278.0,301.0,257.0,217.0,187.0
1775800443000,3.0,3.0,3.0,2.0,2.0,481.0,433.0,468.0,478.0,73.76,74.32,74.07,72.87,32.29,32.21,32.17,32.25,284.0,301.0,258.0,218.0,220.0
1775800744000,3.0,3.0,3.0,3.0,3.0,473.0,487.0,487.0,522.0,73.24,74.16,74.01,73.98,32.38,32.34,32.29,32.41,291.0,307.0,265.0,236.0,223.0
1775801045000,3.0,3.0,3.0,3.0,2.0,451.0,494.0,474.0,527.0,73.52,74.04,73.27,72.84,32.49,32.44,32.41,32.53,301.0,317.0,259.0,239.0,192.0
1775801345000,3.0,3.0,3.0,3.0,3.0,476.0,436.0,501.0,537.0,73.12,73.49,73.01,72.88,32.61,32.55,32.51,32.64,290.0,318.0,265.0,245.0,230.0
1775801646000,3.0,3.0,3.0,3.0,3.0,460.0,466.0,474.0,504.0,72.01,73.27,73.6,73.02,32.72,32.68,32.64,32.77,298.0,322.0,276.0,249.0,233.0
1775801946000,3.0,3.0,3.0,3.0,3.0,461.0,436.0,470.0,491.0,73.31,75.04,74.64,73.77,32.86,32.83,32.79,32.9,327.0,348.0,291.0,253.0,258.0
1775802247000,3.0,3.0,3.0,3.0,3.0,473.0,451.0,478.0,574.0,71.94,73.36,73.13,72.69,32.99,32.98,32.92,33.03,311.0,334.0,287.0,288.0,237.0
1775802547000,3.0,3.0,3.0,3.0,3.0,466.0,447.0,463.0,491.0,72.48,73.4,73.17,72.48,33.1,33.1,33.05,33.17,319.0,344.0,293.0,249.0,232.0
1775802848000,3.0,3.0,3.0,3.0,3.0,421.0,467.0,473.0,483.0,72.84,73.37,72.92,72.15,33.21,33.21,33.18,33.29,331.0,352.0,294.0,268.0,259.0
1775803149000,3.0,3.0,3.0,3.0,3.0,452.0,463.0,449.0,493.0,73.12,73.11,72.79,72.09,33.34,33.35,33.32,33.43,344.0,363.0,304.0,269.0,255.0
1775803449000,3.0,3.0,3.0,3.0,3.0,466.0,437.0,445.0,471.0,71.86,71.98,71.59,70.7,33.47,33.48,33.44,33.55,335.0,358.0,295.0,254.0,270.0
1775803750000,3.0,3.0,3.0,3.0,3.0,466.0,441.0,472.0,516.0,71.4,71.73,71.22,70.49,33.59,33.63,33.56,33.66,334.0,367.0,309.0,279.0,267.0
1775804050000,3.0,3.0,3.0,3.0,3.0,442.0,448.0,445.0,516.0,71.2,71.82,72.21,71.64,33.69,33.75,33.68,33.78,351.0,382.0,313.0,304.0,259.0
1775804351000,3.0,3.0,3.0,3.0,3.0,437.0,464.0,471.0,462.0,72.2,72.84,72.36,71.31,33.79,33.87,33.77,33.88,349.0,392.0,315.0,289.0,285.0
1775804651000,3.0,3.0,3.0,3.0,3.0,468.0,470.0,477.0,499.0,71.91,72.29,72.71,71.93,33.92,33.97,33.9,33.97,350.0,390.0,320.0,300.0,284.0
1775804952000,3.0,3.0,3.0,3.0,3.0,440.0,466.0,469.0,528.0,70.05,70.46,70.31,69.64,33.99,34.05,33.97,34.04,351.0,369.0,291.0,265.0,313.0
1775805252000,3.0,3.0,3.0,3.0,3.0,453.0,461.0,452.0,501.0,71.1,71.91,71.6,70.92,34.05,34.14,34.06,34.12,353.0,391.0,320.0,288.0,281.0
1775805553000,3.0,3.0,3.0,3.0,3.0,461.0,481.0,444.0,466.0,69.93,70.43,70.86,70.68,34.13,34.2,34.14,34.19,355.0,370.0,311.0,294.0,261.0
1775805854000,3.0,3.0,3.0,3.0,3.0,445.0,438.0,440.0,536.0,70.13,71.01,71.13,71.09,34.18,34.27,34.21,34.25,364.0,394.0,325.0,334.0,278.0
1775806154000,3.0,3.0,3.0,3.0,3.0,476.0,472.0,484.0,546.0,68.73,69.25,69.01,69.4,34.23,34.33,34.26,34.29,355.0,382.0,306.0,282.0,308.0
1775806455000,3.0,3.0,3.0,3.0,3.0,433.0,451.0,467.0,478.0,69.04,69.59,70.14,69.86,34.3,34.37,34.3,34.34,369.0,395.0,320.0,281.0,304.0
1775806755000,3.0,3.0,3.0,3.0,3.0,428.0,440.0,454.0,490.0,70.07,70.91,70.95,70.81,34.37,34.45,34.37,34.41,370.0,409.0,326.0,295.0,277.0
1775807056000,3.0,3.0,3.0,3.0,3.0,445.0,466.0,428.0,523.0,69.21,69.84,69.61,69.44,34.42,34.5,34.42,34.48,378.0,383.0,311.0,308.0,278.0
1775807356000,3.0,3.0,3.0,3.0,3.0,454.0,448.0,463.0,534.0,69.36,70.32,70.19,70.17,34.5,34.55,34.47,34.52,373.0,402.0,336.0,358.0,305.0
1775807657000,3.0,3.0,3.0,3.0,3.0,476.0,456.0,456.0,490.0,69.67,69.75,69.7,69.52,34.53,34.58,34.49,34.56,375.0,400.0,315.0,317.0,294.0
1775807958000,3.0,3.0,3.0,3.0,3.0,497.0,458.0,473.0,487.0,67.72,67.81,67.91,67.38,34.54,34.59,34.5,34.57,364.0,386.0,297.0,264.0,270.0
1775808258000,3.0,3.0,3.0,3.0,3.0,492.0,476.0,499.0,508.0,69.82,70.91,70.6,69.05,34.57,34.59,34.49,34.58,375.0,410.0,332.0,291.0,299.0
1775808559000,3.0,3.0,3.0,3.0,3.0,439.0,491.0,490.0,492.0,71.32,72.22,71.9,70.75,34.49,34.47,34.37,34.47,367.0,396.0,309.0,278.0,273.0
1775808859000,3.0,3.0,3.0,3.0,3.0,470.0,489.0,483.0,480.0,72.5,73.28,73.26,72.27,34.14,34.08,33.98,34.03,331.0,362.0,290.0,257.0,258.0
1775809160000,3.0,3.0,3.0,3.0,3.0,465.0,459.0,475.0,545.0,73.64,74.52,74.25,73.64,33.69,33.54,33.46,33.47,312.0,339.0,259.0,279.0,230.0
1775809460000,3.0,3.0,3.0,3.0,3.0,452.0,435.0,479.0,499.0,75.7,76.82,76.52,75.93,33.19,33.0,32.93,32.9,290.0,322.0,252.0,226.0,224.0
1775809761000,3.0,3.0,3.0,2.0,2.0,478.0,494.0,475.0,467.0,77.93,79.18,78.95,78.3,32.73,32.5,32.41,32.37,283.0,300.0,232.0,219.0,204.0
1775810062000,3.0,3.0,3.0,2.0,2.0,460.0,498.0,452.0,471.0,81.08,82.52,82.11,81.41,32.31,32.06,31.96,31.92,262.0,275.0,229.0,192.0,202.0
1775810362000,3.0,3.0,2.0,2.0,2.0,496.0,465.0,495.0,495.0,83.09,84.54,84.1,83.55,31.97,31.68,31.62,31.56,251.0,273.0,218.0,190.0,200.0
1775810663000,3.0,3.0,2.0,2.0,2.0,460.0,455.0,462.0,474.0,83.9,85.1,84.99,84.4,31.67,31.38,31.29,31.26,242.0,256.0,209.0,180.0,176.0
1775810963000,3.0,3.0,2.0,2.0,2.0,476.0,485.0,481.0,539.0,84.65,86.12,85.82,85.14,31.4,31.08,31.04,30.99,228.0,252.0,201.0,192.0,161.0
1775811264000,2.0,3.0,2.0,2.0,2.0,522.0,463.0,467.0,501.0,85.73,87.12,86.98,86.11,31.14,30.82,30.77,30.73,225.0,243.0,195.0,181.0,171.0
1775811564000,2.0,3.0,2.0,2.0,2.0,460.0,464.0,510.0,506.0,85.39,86.79,86.45,85.85,30.89,30.56,30.52,30.48,223.0,227.0,179.0,164.0,169.0
1775811865000,2.0,2.0,2.0,2.0,2.0,474.0,450.0,473.0,475.0,85.79,87.21,86.71,86.19,30.64,30.3,30.29,30.26,214.0,219.0,176.0,149.0,137.0
1775812166000,2.0,2.0,2.0,2.0,2.0,482.0,481.0,495.0,469.0,87.21,88.7,88.34,87.66,30.39,30.07,30.06,30.02,201.0,219.0,176.0,151.0,147.0
1775812466000,2.0,2.0,2.0,2.0,2.0,483.0,493.0,465.0,487.0,86.72,87.92,87.68,87.14,30.16,29.84,29.83,29.78,201.0,203.0,163.0,131.0,130.0
1775812767000,2.0,2.0,2.0,2.0,2.0,473.0,479.0,522.0,495.0,86.57,87.72,87.48,86.81,29.92,29.6,29.59,29.56,195.0,193.0,155.0,130.0,123.0
1775813067000,2.0,2.0,2.0,2.0,2.0,519.0,475.0,497.0,469.0,87.3,88.76,88.34,87.64,29.66,29.34,29.35,29.34,190.0,180.0,150.0,129.0,111.0
1775813368000,2.0,2.0,2.0,2.0,2.0,481.0,517.0,464.0,501.0,87.87,88.93,88.87,87.96,29.45,29.12,29.11,29.11,180.0,176.0,146.0,120.0,112.0
1775813668000,2.0,2.0,2.0,2.0,2.0,484.0,474.0,488.0,494.0,88.95,90.18,90.04,89.17,29.23,28.9,28.9,28.9,179.0,174.0,144.0,114.0,113.0
1775813969000,2.0,2.0,2.0,2.0,2.0,475.0,508.0,462.0,502.0,89.3,90.55,89.93,89.55,29.03,28.7,28.72,28.74,175.0,172.0,131.0,126.0,108.0
1775814270000,2.0,2.0,2.0,2.0,2.0,481.0,474.0,498.0,548.0,89.87,90.97,90.71,90.09,28.86,28.53,28.54,28.57,184.0,171.0,139.0,121.0,104.0
1775814570000,2.0,2.0,2.0,2.0,2.0,512.0,439.0,493.0,549.0,89.41,90.49,89.96,89.48,28.68,28.35,28.38,28.42,179.0,164.0,128.0,112.0,97.0
1775814871000,2.0,2.0,2.0,2.0,2.0,470.0,493.0,503.0,503.0,89.1,90.34,89.84,89.25,28.49,28.16,28.22,28.25,166.0,157.0,123.0,107.0,99.0
1775815171000,2.0,2.0,2.0,2.0,2.0,506.0,459.0,461.0,554.0,89.18,90.55,90.0,89.45,28.3,27.97,28.05,28.07,161.0,150.0,125.0,111.0,96.0
1775815472000,2.0,2.0,2.0,2.0,2.0,495.0,504.0,523.0,507.0,89.58,91.12,90.32,89.7,28.11,27.77,27.85,27.88,155.0,147.0,125.0,103.0,110.0
1775815772000,2.0,2.0,2.0,2.0,2.0,462.0,465.0,452.0,516.0,90.31,91.8,90.92,90.13,27.94,27.6,27.65,27.73,150.0,137.0,110.0,86.0,89.0
1775816073000,2.0,2.0,2.0,2.0,2.0,459.0,463.0,523.0,552.0,91.01,92.38,91.87,91.01,27.77,27.45,27.45,27.61,154.0,148.0,125.0,100.0,112.0
1775816374000,2.0,2.0,2.0,2.0,2.0,481.0,476.0,548.0,484.0,91.45,92.74,92.42,91.16,27.64,27.32,27.3,27.5,151.0,133.0,113.0,78.0,100.0
1775816674000,2.0,2.0,2.0,2.0,2.0,513.0,441.0,507.0,494.0,92.05,93.22,92.96,91.8,27.53,27.22,27.16,27.45,147.0,135.0,106.0,91.0,92.0
1775816975000,2.0,2.0,2.0,2.0,2.0,496.0,512.0,498.0,541.0,92.49,93.69,93.39,91.32,27.44,27.16,27.12,27.72,141.0,137.0,119.0,122.0,116.0
1775817275000,2.0,2.0,2.0,2.0,2.0,459.0,504.0,600.0,496.0,92.78,93.79,93.72,90.72,27.35,27.09,27.05,27.8,151.0,143.0,168.0,108.0,121.0
1775817576000,2.0,2.0,2.0,2.0,2.0,474.0,483.0,538.0,536.0,92.92,93.88,93.63,90.72,27.28,27.02,26.96,27.8,141.0,127.0,108.0,106.0,110.0
1775817876000,2.0,2.0,2.0,2.0,2.0,518.0,519.0,512.0,545.0,92.89,93.84,93.6,89.87,27.2,26.97,26.94,28.06,144.0,133.0,113.0,129.0,122.0
1775818177000,2.0,2.0,2.0,2.0,2.0,516.0,505.0,521.0,685.0,92.86,93.89,93.71,89.67,27.1,26.88,26.87,28.15,138.0,120.0,111.0,127.0,122.0
1775818478000,2.0,2.0,2.0,2.0,2.0,514.0,479.0,520.0,509.0,93.09,94.01,93.48,88.39,27.01,26.8,26.83,28.31,131.0,121.0,95.0,111.0,102.0
1775818778000,2.0,2.0,2.0,2.0,2.0,475.0,511.0,611.0,644.0,93.24,94.12,93.98,88.34,26.93,26.72,26.8,28.41,134.0,122.0,109.0,148.0,143.0
1775819079000,2.0,2.0,2.0,2.0,2.0,502.0,513.0,512.0,526.0,93.4,94.14,93.53,87.34,26.84,26.66,26.77,28.52,130.0,128.0,100.0,125.0,131.0
1775819379000,2.0,2.0,2.0,2.0,2.0,498.0,499.0,502.0,538.0,93.52,94.33,93.42,86.57,26.74,26.56,26.74,28.66,129.0,123.0,101.0,129.0,110.0
1775819680000,2.0,2.0,2.0,2.0,2.0,522.0,483.0,613.0,651.0,93.62,94.36,93.82,86.79,26.65,26.49,26.71,28.71,139.0,127.0,111.0,166.0,168.0
1775819980000,2.0,2.0,2.0,2.0,2.0,518.0,512.0,569.0,784.0,93.82,94.19,93.49,86.66,26.58,26.41,26.65,28.74,126.0,125.0,108.0,149.0,120.0
1775820281000,2.0,2.0,2.0,2.0,2.0,508.0,504.0,510.0,545.0,93.99,94.49,93.19,85.36,26.49,26.33,26.63,28.87,134.0,116.0,101.0,131.0,105.0
1775820582000,2.0,2.0,2.0,2.0,2.0,513.0,489.0,544.0,677.0,94.09,94.35,93.42,85.15,26.41,26.26,26.57,28.92,130.0,122.0,99.0,170.0,144.0
1775820882000,2.0,2.0,2.0,2.0,2.0,491.0,538.0,561.0,544.0,94.35,94.69,93.34,84.12,26.32,26.19,26.54,29.08,132.0,120.0,112.0,146.0,133.0
1775821183000,2.0,2.0,2.0,2.0,2.0,519.0,482.0,543.0,631.0,94.66,95.07,93.38,84.03,26.24,26.11,26.5,29.09,142.0,125.0,113.0,138.0,121.0
1775821483000,2.0,2.0,2.0,2.0,2.0,498.0,534.0,600.0,657.0,94.43,94.73,93.36,83.57,26.17,26.06,26.47,29.21,144.0,128.0,130.0,188.0,152.0
1775821784000,2.0,2.0,2.0,2.0,2.0,501.0,518.0,545.0,628.0,94.61,94.91,93.08,83.0,26.08,26.0,26.45,29.27,145.0,124.0,113.0,155.0,121.0
1775822084000,2.0,2.0,2.0,2.0,2.0,526.0,490.0,533.0,545.0,94.73,95.12,92.95,82.22,26.01,25.94,26.44,29.34,139.0,119.0,108.0,145.0,112.0
1775822385000,2.0,2.0,2.0,2.0,2.0,528.0,485.0,570.0,615.0,94.64,94.82,92.75,81.96,25.94,25.87,26.43,29.43,138.0,119.0,103.0,153.0,145.0
1775822686000,2.0,2.0,2.0,2.0,2.0,515.0,501.0,608.0,651.0,94.85,94.98,92.88,81.71,25.89,25.81,26.41,29.47,135.0,116.0,115.0,173.0,121.0
1775822986000,2.0,2.0,2.0,2.0,2.0,547.0,501.0,574.0,562.0,95.06,95.23,92.41,80.99,25.83,25.76,26.39,29.53,132.0,116.0,96.0,148.0,122.0
1775823287000,2.0,2.0,2.0,2.0,2.0,533.0,501.0,586.0,588.0,94.98,95.16,92.32,80.63,25.77,25.71,26.37,29.55,126.0,115.0,117.0,149.0,125.0
1775823587000,2.0,2.0,2.0,2.0,2.0,527.0,541.0,598.0,648.0,94.87,95.04,92.22,80.34,25.69,25.66,26.32,29.58,126.0,116.0,111.0,178.0,117.0
1775823888000,2.0,2.0,2.0,2.0,2.0,500.0,530.0,557.0,572.0,94.63,94.88,91.89,79.75,25.64,25.6,26.3,29.64,127.0,107.0,92.0,141.0,111.0
1775824188000,2.0,2.0,2.0,2.0,2.0,518.0,531.0,540.0,655.0,94.58,94.69,91.75,79.53,25.57,25.54,26.28,29.74,127.0,112.0,104.0,164.0,139.0
1775824489000,2.0,2.0,2.0,2.0,2.0,501.0,507.0,539.0,697.0,94.56,94.77,91.64,79.14,25.53,25.49,26.24,29.81,122.0,108.0,112.0,180.0,145.0
1775824790000,2.0,2.0,2.0,2.0,2.0,521.0,496.0,578.0,621.0,94.72,94.71,91.53,78.42,25.46,25.46,26.23,29.84,120.0,104.0,96.0,140.0,118.0
1775825090000,2.0,2.0,2.0,2.0,2.0,546.0,509.0,571.0,583.0,94.91,94.9,91.35,78.13,25.39,25.41,26.21,29.88,116.0,111.0,96.0,150.0,129.0
1775825391000,2.0,2.0,2.0,2.0,2.0,525.0,507.0,682.0,717.0,95.29,95.3,91.87,78.41,25.36,25.37,26.2,29.95,116.0,103.0,119.0,202.0,132.0
1775825691000,2.0,2.0,2.0,2.0,2.0,527.0,509.0,573.0,579.0,95.04,95.19,91.46,77.62,25.28,25.33,26.2,29.93,114.0,102.0,94.0,139.0,114.0
1775825992000,2.0,2.0,2.0,2.0,2.0,525.0,517.0,564.0,623.0,94.9,95.02,91.18,77.67,25.23,25.3,26.18,29.89,115.0,104.0,91.0,156.0,135.0
1775826292000,2.0,2.0,2.0,2.0,2.0,529.0,541.0,650.0,677.0,95.07,95.12,91.59,77.77,25.2,25.25,26.14,29.92,115.0,102.0,113.0,171.0,117.0
1775826593000,2.0,2.0,2.0,2.0,2.0,539.0,518.0,559.0,616.0,95.61,95.66,91.73,77.77,25.17,25.22,26.12,29.92,112.0,102.0,103.0,148.0,114.0
1775826894000,2.0,2.0,2.0,2.0,2.0,527.0,493.0,565.0,635.0,95.97,95.97,92.02,78.02,25.14,25.22,26.13,29.91,116.0,100.0,93.0,160.0,130.0
1775827194000,2.0,2.0,2.0,2.0,2.0,572.0,573.0,710.0,740.0,96.52,96.43,92.75,78.45,25.11,25.17,26.14,29.95,111.0,100.0,128.0,186.0,109.0
1775827495000,2.0,2.0,2.0,2.0,2.0,614.0,610.0,589.0,630.0,96.6,96.3,92.2,77.82,25.09,25.18,26.18,29.95,113.0,99.0,94.0,137.0,115.0
1775827795000,2.0,2.0,2.0,2.0,2.0,612.0,567.0,587.0,605.0,96.66,96.37,92.06,77.56,25.08,25.18,26.19,30.0,170.0,145.0,132.0,176.0,136.0
1775828096000,2.0,2.0,2.0,3.0,2.0,577.0,599.0,713.0,762.0,96.9,96.55,92.47,78.28,25.08,25.17,26.2,29.96,206.0,188.0,193.0,246.0,160.0
1775828396000,2.0,2.0,2.0,2.0,2.0,619.0,610.0,640.0,667.0,96.82,96.51,92.22,77.92,25.06,25.16,26.17,29.91,197.0,156.0,136.0,178.0,155.0
1775828697000,2.0,2.0,2.0,2.0,2.0,589.0,584.0,612.0,633.0,96.7,96.24,91.89,77.64,25.04,25.14,26.15,29.88,161.0,143.0,120.0,167.0,145.0
1775828998000,2.0,2.0,2.0,2.0,2.0,577.0,573.0,635.0,728.0,96.34,95.85,91.87,77.93,25.01,25.12,26.13,29.84,151.0,130.0,137.0,193.0,142.0
1775829298000,2.0,2.0,2.0,2.0,2.0,569.0,540.0,606.0,576.0,96.77,96.25,92.25,77.82,25.0,25.1,26.08,29.79,140.0,125.0,96.0,153.0,132.0
1775829599000,2.0,2.0,2.0,2.0,2.0,560.0,537.0,584.0,575.0,97.53,97.07,92.99,78.6,24.97,25.07,26.06,29.77,125.0,114.0,106.0,155.0,141.0
1775829899000,2.0,2.0,2.0,2.0,2.0,569.0,545.0,698.0,695.0,97.74,97.39,93.42,79.31,24.98,25.06,26.04,29.71,132.0,115.0,137.0,183.0,123.0
1775830200000,2.0,2.0,2.0,2.0,2.0,577.0,540.0,569.0,653.0,97.73,97.4,93.21,79.07,24.98,25.08,26.01,29.66,140.0,132.0,108.0,158.0,121.0
1775830500000,2.0,2.0,2.0,2.0,2.0,573.0,588.0,588.0,659.0,97.72,97.34,93.16,79.27,24.97,25.06,25.99,29.61,152.0,134.0,108.0,166.0,134.0
1775830801000,2.0,2.0,2.0,2.0,2.0,616.0,571.0,706.0,736.0,97.74,97.31,93.57,79.65,24.97,25.05,25.96,29.63,140.0,130.0,131.0,183.0,143.0
1775831101000,2.0,2.0,2.0,2.0,2.0,592.0,566.0,618.0,661.0,97.65,97.14,93.2,79.13,24.97,25.05,25.94,29.58,139.0,114.0,103.0,148.0,129.0
1775831402000,2.0,2.0,2.0,2.0,2.0,589.0,595.0,573.0,587.0,97.56,97.16,92.94,78.65,24.97,25.05,25.95,29.62,142.0,122.0,104.0,149.0,122.0
1775831703000,2.0,2.0,2.0,2.0,2.0,571.0,586.0,686.0,738.0,97.19,96.75,92.92,78.74,24.95,25.03,25.92,29.62,133.0,115.0,135.0,181.0,133.0
1775832003000,2.0,2.0,2.0,2.0,2.0,543.0,550.0,619.0,660.0,96.99,96.62,92.84,78.53,24.93,24.99,25.88,29.57,125.0,107.0,90.0,159.0,109.0
1775832304000,2.0,2.0,2.0,2.0,2.0,596.0,567.0,583.0,596.0,97.2,97.01,93.19,78.6,24.9,24.98,25.84,29.6,130.0,107.0,95.0,145.0,114.0
1775832604000,2.0,2.0,2.0,2.0,2.0,642.0,632.0,727.0,794.0,97.09,96.78,93.31,79.06,24.88,24.98,25.83,29.59,138.0,124.0,134.0,184.0,139.0
1775832905000,2.0,2.0,2.0,2.0,2.0,648.0,681.0,655.0,637.0,96.84,96.35,92.41,77.84,24.87,24.95,25.82,29.6,142.0,123.0,104.0,146.0,112.0
1775833205000,2.0,2.0,2.0,2.0,2.0,617.0,645.0,701.0,691.0,96.41,95.76,92.29,77.6,24.83,24.91,25.78,29.54,142.0,116.0,117.0,147.0,121.0
1775833506000,2.0,2.0,2.0,2.0,2.0,573.0,577.0,703.0,765.0,96.85,96.31,93.27,78.41,24.79,24.87,25.74,29.55,134.0,119.0,128.0,173.0,157.0
1775833807000,2.0,2.0,2.0,2.0,2.0,582.0,539.0,594.0,618.0,96.99,96.66,93.16,77.94,24.77,24.83,25.7,29.6,124.0,108.0,84.0,141.0,110.0
1775834107000,2.0,2.0,2.0,2.0,2.0,623.0,616.0,623.0,719.0,96.89,96.53,92.91,77.89,24.75,24.81,25.66,29.57,117.0,106.0,85.0,145.0,109.0
1775834408000,2.0,2.0,2.0,2.0,2.0,650.0,653.0,707.0,840.0,96.83,96.43,92.98,78.28,24.71,24.78,25.6,29.55,116.0,102.0,105.0,186.0,118.0
1775834708000,2.0,2.0,2.0,2.0,2.0,642.0,605.0,661.0,717.0,96.69,96.32,92.82,77.62,24.68,24.72,25.55,29.54,114.0,98.0,100.0,133.0,101.0
1775835009000,2.0,2.0,2.0,2.0,2.0,587.0,591.0,640.0,764.0,96.86,96.42,92.99,77.68,24.62,24.69,25.48,29.54,109.0,90.0,82.0,143.0,104.0
1775835309000,2.0,2.0,2.0,2.0,2.0,580.0,625.0,735.0,780.0,96.86,96.67,93.63,78.21,24.59,24.65,25.45,29.52,121.0,108.0,125.0,200.0,126.0
1775835610000,2.0,2.0,2.0,2.0,2.0,561.0,578.0,631.0,670.0,96.94,96.79,93.46,77.86,24.55,24.6,25.42,29.49,118.0,99.0,78.0,140.0,105.0
1775835911000,2.0,2.0,2.0,2.0,2.0,576.0,562.0,615.0,659.0,97.27,97.01,93.51,77.79,24.53,24.57,25.39,29.48,114.0,90.0,86.0,137.0,102.0
1775836211000,2.0,2.0,2.0,2.0,2.0,596.0,569.0,749.0,746.0,97.54,97.37,94.1,78.47,24.51,24.54,25.38,29.48,113.0,92.0,118.0,170.0,114.0
1775836512000,2.0,2.0,2.0,2.0,2.0,616.0,618.0,632.0,728.0,97.34,97.04,93.56,77.82,24.48,24.53,25.35,29.45,100.0,84.0,75.0,130.0,96.0
1775836812000,2.0,2.0,2.0,2.0,2.0,670.0,623.0,672.0,684.0,97.43,97.23,93.6,77.63,24.44,24.49,25.31,29.39,98.0,81.0,75.0,125.0,98.0
1775837113000,2.0,2.0,2.0,2.0,2.0,652.0,635.0,787.0,897.0,97.39,96.97,94.0,78.35,24.42,24.47,25.27,29.34,107.0,86.0,108.0,169.0,113.0
1775837413000,2.0,2.0,2.0,2.0,2.0,617.0,615.0,637.0,742.0,97.56,97.39,94.03,78.17,24.4,24.43,25.24,29.29,107.0,92.0,83.0,125.0,96.0
1775837714000,2.0,2.0,2.0,2.0,2.0,629.0,585.0,574.0,764.0,97.83,97.32,93.87,78.35,24.36,24.4,25.19,29.24,112.0,89.0,71.0,143.0,108.0
1775838015000,2.0,2.0,2.0,2.0,2.0,574.0,606.0,673.0,778.0,97.99,97.51,94.44,78.92,24.34,24.36,25.16,29.17,106.0,87.0,91.0,151.0,107.0
1775838315000,2.0,2.0,2.0,2.0,2.0,583.0,584.0,646.0,683.0,98.09,97.95,94.55,78.95,24.33,24.35,25.14,29.11,106.0,90.0,86.0,130.0,84.0
1775838616000,2.0,2.0,2.0,2.0,2.0,605.0,612.0,620.0,695.0,98.12,98.08,94.63,78.96,24.33,24.34,25.12,29.06,105.0,86.0,76.0,121.0,97.0
1775838916000,2.0,2.0,2.0,2.0,2.0,607.0,659.0,719.0,831.0,97.99,97.82,94.84,79.54,24.31,24.35,25.09,29.03,109.0,83.0,91.0,157.0,109.0
1775839217000,2.0,2.0,2.0,2.0,2.0,639.0,635.0,643.0,760.0,98.01,98.03,94.64,79.34,24.31,24.34,25.09,28.99,95.0,81.0,69.0,134.0,90.0
1775839517000,2.0,2.0,1.0,2.0,2.0,629.0,659.0,657.0,713.0,98.07,97.62,94.35,79.26,24.28,24.33,25.07,28.95,98.0,87.0,62.0,116.0,94.0
1775839818000,2.0,2.0,2.0,2.0,2.0,612.0,627.0,757.0,777.0,97.81,97.5,94.57,79.41,24.28,24.32,25.04,28.9,112.0,91.0,109.0,145.0,96.0
1775840119000,2.0,2.0,2.0,2.0,2.0,635.0,640.0,701.0,740.0,97.67,97.48,94.44,79.3,24.25,24.3,25.01,28.82,111.0,97.0,85.0,127.0,85.0
1775840419000,2.0,2.0,2.0,2.0,2.0,620.0,628.0,681.0,725.0,97.79,97.66,94.46,79.49,24.23,24.27,24.98,28.77,108.0,87.0,69.0,113.0,82.0
1775840720000,2.0,2.0,2.0,2.0,2.0,579.0,630.0,739.0,824.0,97.99,97.71,95.08,80.18,24.21,24.26,24.95,28.7,108.0,87.0,103.0,142.0,108.0
1775841020000,2.0,2.0,1.0,2.0,2.0,617.0,650.0,638.0,672.0,98.08,97.82,94.71,79.86,24.19,24.24,24.91,28.69,99.0,82.0,64.0,109.0,92.0
1775841321000,2.0,2.0,1.0,2.0,2.0,632.0,623.0,648.0,693.0,97.92,97.5,94.37,79.49,24.18,24.21,24.91,28.63,98.0,76.0,65.0,111.0,85.0
1775841621000,2.0,2.0,2.0,2.0,2.0,629.0,628.0,767.0,783.0,97.78,97.56,94.76,80.11,24.15,24.2,24.87,28.56,108.0,85.0,105.0,137.0,86.0
1775841922000,2.0,2.0,2.0,2.0,2.0,601.0,612.0,614.0,694.0,97.79,97.45,94.54,79.72,24.12,24.17,24.82,28.48,105.0,95.0,75.0,103.0,79.0
1775842223000,2.0,2.0,2.0,2.0,2.0,596.0,576.0,659.0,711.0,97.76,97.47,94.57,80.09,24.09,24.13,24.76,28.4,114.0,96.0,73.0,110.0,83.0
1775842523000,2.0,2.0,2.0,2.0,2.0,606.0,612.0,743.0,815.0,97.88,97.73,95.13,80.88,24.05,24.08,24.74,28.32,120.0,87.0,103.0,146.0,115.0
1775842824000,2.0,2.0,2.0,2.0,2.0,586.0,609.0,665.0,664.0,97.74,97.49,94.92,80.31,24.03,24.06,24.69,28.27,113.0,93.0,75.0,100.0,78.0
1775843124000,2.0,2.0,2.0,2.0,2.0,642.0,620.0,649.0,628.0,97.92,97.78,94.83,80.39,23.99,24.02,24.65,28.19,114.0,95.0,81.0,107.0,78.0
1775843425000,2.0,2.0,2.0,2.0,2.0,596.0,580.0,753.0,920.0,98.04,97.64,95.51,81.39,23.96,24.0,24.64,28.15,109.0,81.0,109.0,145.0,105.0
1775843725000,2.0,2.0,1.0,2.0,2.0,596.0,609.0,636.0,710.0,98.0,97.86,95.18,80.98,23.93,23.98,24.59,28.1,87.0,70.0,59.0,92.0,107.0
1775844026000,2.0,2.0,1.0,2.0,2.0,580.0,607.0,593.0,674.0,98.31,97.96,95.44,81.24,23.91,23.95,24.59,28.06,91.0,74.0,53.0,102.0,70.0
1775844327000,2.0,2.0,2.0,2.0,2.0,593.0,612.0,732.0,867.0,98.84,98.56,96.33,82.51,23.89,23.93,24.57,28.03,92.0,74.0,84.0,131.0,103.0
1775844627000,2.0,1.0,1.0,2.0,1.0,668.0,691.0,701.0,761.0,98.31,97.54,95.13,81.44,23.88,23.94,24.56,28.01,82.0,63.0,46.0,84.0,59.0
1775844928000,2.0,2.0,1.0,2.0,2.0,657.0,659.0,710.0,727.0,97.83,97.22,94.68,80.83,23.87,23.92,24.54,27.98,78.0,71.0,64.0,79.0,66.0
1775845228000,2.0,1.0,2.0,2.0,2.0,650.0,630.0,768.0,909.0,97.84,97.45,95.31,81.79,23.85,23.9,24.5,27.91,76.0,64.0,84.0,118.0,94.0
1775845529000,1.0,1.0,1.0,2.0,2.0,625.0,591.0,672.0,719.0,97.65,97.32,95.29,81.37,23.81,23.86,24.45,27.83,70.0,54.0,42.0,73.0,76.0
1775845829000,2.0,1.0,1.0,2.0,1.0,603.0,575.0,675.0,632.0,97.75,97.66,95.48,81.54,23.79,23.83,24.4,27.75,70.0,57.0,57.0,75.0,57.0
1775846130000,2.0,1.0,2.0,2.0,2.0,593.0,581.0,764.0,859.0,97.86,97.53,96.12,82.4,23.76,23.79,24.37,27.69,70.0,49.0,99.0,116.0,97.0
1775846430000,2.0,1.0,1.0,2.0,2.0,594.0,557.0,643.0,711.0,98.43,98.16,96.11,82.42,23.73,23.77,24.33,27.62,70.0,52.0,39.0,74.0,74.0
1775846731000,2.0,1.0,1.0,2.0,1.0,600.0,570.0,611.0,719.0,98.59,98.22,96.2,82.52,23.73,23.75,24.32,27.58,72.0,52.0,43.0,76.0,54.0
1775847032000,2.0,1.0,2.0,2.0,2.0,597.0,589.0,744.0,793.0,98.81,98.54,96.82,83.23,23.71,23.75,24.3,27.53,72.0,55.0,76.0,111.0,92.0
1775847332000,2.0,1.0,1.0,2.0,1.0,584.0,609.0,622.0,722.0,99.06,98.81,96.53,83.23,23.7,23.74,24.28,27.49,75.0,58.0,38.0,79.0,61.0
1775847633000,2.0,1.0,1.0,1.0,1.0,651.0,603.0,671.0,632.0,98.69,98.43,96.25,82.86,23.7,23.73,24.27,27.44,68.0,61.0,51.0,63.0,51.0
1775847933000,2.0,1.0,1.0,2.0,2.0,646.0,602.0,716.0,827.0,98.35,98.09,96.2,83.23,23.69,23.71,24.25,27.39,71.0,55.0,58.0,88.0,121.0
1775848234000,1.0,1.0,1.0,1.0,2.0,662.0,605.0,666.0,726.0,98.15,97.99,95.77,82.81,23.66,23.7,24.21,27.31,66.0,48.0,31.0,64.0,79.0
1775848534000,2.0,1.0,1.0,1.0,1.0,642.0,614.0,629.0,615.0,98.15,97.94,95.61,82.59,23.62,23.65,24.18,27.25,75.0,59.0,44.0,56.0,54.0
1775848835000,2.0,1.0,2.0,2.0,2.0,625.0,588.0,789.0,712.0,98.36,98.2,96.39,83.44,23.6,23.63,24.13,27.17,73.0,62.0,72.0,91.0,117.0
1775849136000,2.0,1.0,1.0,1.0,2.0,631.0,595.0,707.0,639.0,98.54,98.52,96.51,83.59,23.56,23.6,24.1,27.09,76.0,53.0,45.0,65.0,76.0
1775849436000,1.0,1.0,1.0,1.0,1.0,608.0,590.0,633.0,622.0,98.8,98.78,96.47,83.84,23.54,23.58,24.09,27.04,65.0,50.0,37.0,57.0,40.0
1775849737000,1.0,1.0,1.0,2.0,2.0,557.0,601.0,686.0,770.0,99.19,99.02,97.22,84.75,23.53,23.55,24.06,26.99,55.0,49.0,61.0,88.0,88.0
1775850037000,1.0,1.0,1.0,1.0,2.0,594.0,592.0,693.0,695.0,99.16,99.1,96.93,84.73,23.52,23.54,24.05,26.94,59.0,42.0,62.0,59.0,80.0
1775850338000,1.0,1.0,1.0,1.0,1.0,573.0,587.0,628.0,607.0,99.16,99.1,97.06,84.68,23.53,23.54,24.02,26.89,57.0,46.0,42.0,48.0,38.0
1775850638000,1.0,1.0,1.0,1.0,2.0,657.0,656.0,732.0,781.0,98.25,98.16,96.48,84.02,23.5,23.54,23.99,26.83,46.0,34.0,36.0,56.0,75.0
1775850939000,1.0,1.0,1.0,1.0,1.0,659.0,664.0,686.0,790.0,97.68,97.66,96.09,84.11,23.48,23.5,23.94,26.74,42.0,34.0,32.0,49.0,29.0
1775851240000,1.0,1.0,1.0,1.0,1.0,723.0,672.0,690.0,732.0,97.5,97.47,95.6,83.85,23.46,23.46,23.87,26.64,52.0,36.0,37.0,37.0,38.0
1775851540000,1.0,1.0,1.0,1.0,1.0,689.0,647.0,701.0,767.0,97.73,97.67,95.93,84.57,23.39,23.4,23.8,26.52,55.0,37.0,59.0,58.0,70.0
1775851841000,1.0,1.0,2.0,1.0,2.0,635.0,617.0,723.0,838.0,97.98,98.12,96.58,85.3,23.35,23.37,23.77,26.43,57.0,43.0,83.0,63.0,103.0
1775852141000,1.0,1.0,1.0,1.0,1.0,638.0,574.0,697.0,697.0,98.28,98.33,96.73,85.38,23.33,23.35,23.73,26.36,63.0,52.0,57.0,41.0,42.0
1775852442000,2.0,1.0,1.0,2.0,2.0,586.0,606.0,673.0,727.0,98.77,98.76,97.26,86.23,23.3,23.32,23.72,26.3,77.0,57.0,58.0,75.0,90.0
1775852742000,2.0,1.0,2.0,1.0,1.0,606.0,614.0,710.0,756.0,99.14,99.3,97.53,86.82,23.3,23.31,23.71,26.25,74.0,56.0,77.0,61.0,48.0
1775853043000,2.0,1.0,1.0,1.0,1.0,599.0,607.0,612.0,658.0,99.33,99.42,97.52,86.7,23.27,23.32,23.68,26.19,69.0,56.0,50.0,46.0,46.0
1775853343000,2.0,1.0,1.0,1.0,2.0,626.0,600.0,651.0,756.0,99.58,99.57,97.88,87.32,23.27,23.29,23.67,26.15,67.0,55.0,58.0,67.0,118.0
1775853644000,2.0,1.0,2.0,1.0,1.0,578.0,600.0,721.0,753.0,99.68,99.63,98.09,87.56,23.28,23.31,23.67,26.09,69.0,50.0,83.0,46.0,38.0
1775853945000,1.0,1.0,1.0,1.0,1.0,616.0,598.0,631.0,644.0,99.53,99.53,97.77,87.25,23.29,23.3,23.67,26.06,59.0,42.0,42.0,33.0,38.0
1775854245000,1.0,1.0,1.0,1.0,2.0,595.0,613.0,608.0,673.0,99.53,99.5,97.74,87.65,23.28,23.31,23.67,26.0,60.0,49.0,43.0,54.0,79.0
1775854546000,1.0,1.0,2.0,1.0,1.0,578.0,627.0,686.0,766.0,99.43,99.58,98.03,88.04,23.3,23.3,23.67,25.95,65.0,51.0,83.0,47.0,54.0
1775854846000,1.0,1.0,1.0,1.0,1.0,630.0,573.0,628.0,616.0,99.47,99.58,97.85,87.93,23.28,23.29,23.66,25.92,63.0,48.0,51.0,37.0,36.0
1775855147000,1.0,1.0,1.0,1.0,1.0,577.0,596.0,597.0,671.0,99.68,99.68,98.01,88.23,23.29,23.31,23.65,25.88,60.0,51.0,43.0,45.0,58.0
1775855447000,1.0,1.0,2.0,1.0,1.0,679.0,660.0,764.0,849.0,98.88,98.85,97.43,87.84,23.27,23.3,23.63,25.83,55.0,42.0,83.0,42.0,58.0
1775855748000,1.0,1.0,1.0,1.0,1.0,704.0,662.0,674.0,745.0,98.22,97.97,96.7,87.2,23.26,23.26,23.6,25.76,54.0,38.0,45.0,38.0,33.0
1775856049000,1.0,1.0,1.0,1.0,1.0,676.0,666.0,731.0,681.0,98.14,98.04,96.56,87.21,23.24,23.23,23.55,25.67,57.0,37.0,52.0,40.0,58.0
1775856349000,1.0,1.0,2.0,1.0,1.0,667.0,647.0,764.0,801.0,98.28,98.32,97.15,87.76,23.19,23.18,23.49,25.58,55.0,49.0,94.0,42.0,66.0
1775856650000,1.0,1.0,1.0,1.0,1.0,618.0,605.0,645.0,673.0,98.28,98.26,97.4,87.81,23.14,23.15,23.43,25.51,61.0,39.0,51.0,32.0,33.0
1775856950000,1.0,1.0,1.0,1.0,1.0,600.0,616.0,633.0,690.0,98.65,98.67,97.55,88.26,23.1,23.1,23.39,25.44,52.0,38.0,40.0,37.0,45.0
1775857251000,1.0,1.0,2.0,1.0,1.0,630.0,661.0,729.0,775.0,98.59,98.75,97.63,88.58,23.08,23.06,23.36,25.37,50.0,56.0,69.0,40.0,31.0
1775857551000,1.0,1.0,1.0,1.0,1.0,680.0,635.0,675.0,700.0,98.21,98.41,97.12,88.2,23.04,23.03,23.32,25.31,49.0,35.0,33.0,32.0,37.0
1775857852000,1.0,1.0,2.0,1.0,1.0,675.0,637.0,766.0,684.0,98.26,98.25,97.12,88.24,23.01,23.0,23.26,25.24,42.0,33.0,130.0,34.0,53.0
1775858153000,1.0,1.0,2.0,1.0,1.0,648.0,661.0,786.0,811.0,98.25,98.6,97.96,89.08,22.96,22.96,23.21,25.16,51.0,59.0,89.0,55.0,44.0
1775858453000,1.0,1.0,1.0,1.0,1.0,622.0,629.0,629.0,665.0,98.58,98.76,97.82,88.91,22.93,22.91,23.18,25.1,48.0,32.0,31.0,38.0,31.0
1775858754000,1.0,1.0,1.0,1.0,1.0,701.0,689.0,708.0,721.0,98.51,98.57,97.4,88.81,22.89,22.88,23.14,25.04,50.0,39.0,43.0,44.0,46.0
1775859054000,1.0,1.0,2.0,1.0,1.0,673.0,690.0,777.0,785.0,98.13,98.27,97.77,89.17,22.86,22.86,23.11,24.99,43.0,36.0,86.0,45.0,61.0
1775859355000,1.0,1.0,1.0,1.0,1.0,664.0,638.0,619.0,670.0,98.55,98.77,98.05,89.34,22.82,22.83,23.07,24.92,38.0,33.0,39.0,37.0,41.0
1775859655000,1.0,1.0,2.0,1.0,1.0,628.0,605.0,663.0,689.0,98.98,99.08,98.42,89.95,22.82,22.81,23.04,24.9,37.0,34.0,101.0,44.0,57.0
1775859956000,1.0,1.0,2.0,1.0,1.0,633.0,595.0,743.0,766.0,99.01,99.27,98.95,90.4,22.8,22.8,23.02,24.87,38.0,37.0,93.0,58.0,45.0
1775860256000,1.0,1.0,1.0,1.0,1.0,621.0,637.0,631.0,653.0,98.88,99.09,98.54,89.89,22.79,22.79,23.01,24.83,35.0,33.0,48.0,36.0,36.0
1775860557000,1.0,1.0,1.0,1.0,1.0,629.0,636.0,671.0,688.0,99.11,99.17,98.53,90.11,22.78,22.77,22.97,24.78,37.0,39.0,42.0,47.0,64.0
1775860858000,1.0,1.0,2.0,2.0,1.0,634.0,602.0,716.0,771.0,99.15,99.27,98.87,90.54,22.77,22.76,22.95,24.76,54.0,56.0,78.0,70.0,59.0
1775861158000,1.0,1.0,1.0,1.0,1.0,623.0,588.0,626.0,615.0,98.95,99.1,98.65,90.0,22.76,22.73,22.94,24.73,58.0,51.0,47.0,46.0,45.0
1775861459000,1.0,1.0,1.0,1.0,1.0,653.0,616.0,665.0,687.0,99.25,99.3,98.69,90.34,22.74,22.72,22.92,24.7,57.0,53.0,56.0,56.0,62.0
1775861759000,1.0,1.0,2.0,2.0,2.0,630.0,635.0,745.0,780.0,99.55,99.54,99.02,90.91,22.74,22.72,22.93,24.67,55.0,57.0,90.0,76.0,90.0
1775862060000,1.0,1.0,1.0,1.0,1.0,629.0,590.0,661.0,685.0,99.52,99.45,98.74,90.63,22.73,22.71,22.93,24.64,57.0,48.0,61.0,44.0,45.0
1775862360000,1.0,1.0,1.0,1.0,1.0,613.0,629.0,629.0,644.0,99.54,99.49,98.71,90.55,22.73,22.72,22.91,24.62,55.0,55.0,55.0,49.0,63.0
1775862661000,1.0,1.0,2.0,2.0,1.0,634.0,625.0,714.0,791.0,99.4,99.46,99.07,91.11,22.72,22.7,22.91,24.6,61.0,58.0,78.0,83.0,62.0
1775862962000,1.0,1.0,1.0,1.0,1.0,615.0,588.0,629.0,710.0,99.28,99.28,98.55,90.75,22.73,22.7,22.9,24.59,59.0,54.0,52.0,53.0,45.0
1775863262000,1.0,1.0,2.0,1.0,1.0,629.0,611.0,701.0,675.0,99.29,99.34,98.66,90.75,22.73,22.69,22.88,24.55,60.0,58.0,74.0,50.0,54.0
1775863563000,1.0,1.0,2.0,2.0,1.0,633.0,612.0,739.0,754.0,99.3,99.44,99.16,91.18,22.73,22.69,22.86,24.53,64.0,64.0,108.0,79.0,72.0
1775863863000,2.0,2.0,2.0,1.0,1.0,592.0,600.0,684.0,626.0,99.45,99.51,98.82,90.91,22.73,22.69,22.84,24.48,84.0,74.0,68.0,48.0,53.0
1775864164000,2.0,2.0,2.0,2.0,1.0,606.0,602.0,652.0,671.0,99.68,99.7,98.9,91.22,22.72,22.68,22.84,24.46,85.0,70.0,72.0,72.0,65.0
1775864464000,2.0,2.0,2.0,2.0,2.0,605.0,598.0,685.0,684.0,99.85,99.85,99.4,91.75,22.74,22.68,22.86,24.45,83.0,81.0,116.0,91.0,100.0
1775864765000,2.0,2.0,2.0,1.0,1.0,604.0,599.0,646.0,627.0,99.94,99.96,99.22,91.6,22.74,22.69,22.86,24.44,84.0,77.0,70.0,54.0,61.0
1775865065000,2.0,2.0,2.0,1.0,2.0,573.0,590.0,635.0,643.0,99.99,100.0,99.64,91.97,22.76,22.69,22.86,24.45,84.0,79.0,70.0,61.0,98.0
1775865366000,2.0,2.0,2.0,3.0,2.0,635.0,587.0,682.0,781.0,100.0,100.0,99.91,92.78,22.78,22.72,22.92,24.49,78.0,74.0,102.0,236.0,100.0
1775865667000,2.0,2.0,2.0,1.0,1.0,592.0,610.0,623.0,651.0,100.0,100.0,99.84,92.52,22.81,22.76,22.97,24.53,92.0,80.0,73.0,64.0,59.0
1775865967000,2.0,2.0,2.0,2.0,1.0,589.0,597.0,616.0,641.0,100.0,100.0,99.91,92.54,22.87,22.8,23.02,24.55,96.0,92.0,87.0,70.0,64.0
1775866268000,2.0,2.0,2.0,2.0,2.0,614.0,627.0,769.0,728.0,100.0,100.0,100.0,93.11,22.9,22.82,23.08,24.57,88.0,76.0,131.0,96.0,95.0
1775866568000,2.0,2.0,1.0,1.0,1.0,607.0,565.0,626.0,653.0,100.0,100.0,99.95,92.85,22.94,22.88,23.12,24.58,71.0,78.0,61.0,55.0,60.0
1775866869000,2.0,2.0,1.0,1.0,1.0,604.0,613.0,623.0,621.0,100.0,100.0,99.94,93.04,23.0,22.92,23.2,24.62,84.0,77.0,61.0,62.0,61.0
1775867169000,2.0,2.0,2.0,2.0,2.0,585.0,598.0,695.0,740.0,100.0,100.0,100.0,93.79,23.04,22.98,23.24,24.64,85.0,87.0,123.0,114.0,80.0
1775867470000,2.0,1.0,1.0,1.0,1.0,584.0,579.0,620.0,636.0,100.0,100.0,99.86,93.11,23.12,23.03,23.31,24.67,76.0,66.0,63.0,55.0,63.0
1775867771000,2.0,2.0,2.0,1.0,2.0,589.0,595.0,634.0,635.0,100.0,100.0,99.8,93.09,23.17,23.07,23.36,24.71,76.0,72.0,76.0,58.0,72.0
1775868071000,2.0,2.0,2.0,2.0,2.0,586.0,577.0,732.0,683.0,100.0,100.0,99.98,93.74,23.25,23.12,23.44,24.77,85.0,72.0,125.0,114.0,101.0
1775868372000,2.0,2.0,2.0,1.0,2.0,587.0,565.0,662.0,589.0,100.0,100.0,99.94,93.24,23.3,23.2,23.5,24.82,80.0,74.0,105.0,52.0,72.0
1775868672000,2.0,2.0,1.0,1.0,2.0,602.0,563.0,621.0,612.0,100.0,100.0,99.92,93.46,23.39,23.27,23.58,24.91,74.0,71.0,64.0,68.0,94.0
1775868973000,2.0,1.0,2.0,2.0,2.0,582.0,535.0,726.0,758.0,100.0,100.0,100.0,94.36,23.49,23.38,23.68,24.99,76.0,65.0,125.0,134.0,103.0
1775869273000,2.0,1.0,2.0,1.0,1.0,596.0,567.0,689.0,604.0,100.0,100.0,99.89,93.38,23.59,23.47,23.79,25.1,74.0,70.0,85.0,59.0,61.0
1775869574000,2.0,2.0,2.0,1.0,1.0,583.0,560.0,597.0,599.0,99.86,99.94,98.95,92.48,23.68,23.57,23.89,25.2,70.0,73.0,70.0,62.0,63.0
1775869874000,2.0,2.0,2.0,2.0,2.0,562.0,568.0,733.0,686.0,99.7,99.79,99.0,92.4,23.78,23.66,23.97,25.27,76.0,80.0,129.0,93.0,86.0
1775870175000,2.0,2.0,2.0,2.0,2.0,599.0,564.0,623.0,620.0,99.51,99.74,98.55,92.08,23.88,23.77,24.06,25.34,87.0,81.0,82.0,74.0,71.0
1775870476000,2.0,2.0,2.0,2.0,2.0,566.0,590.0,566.0,605.0,98.98,99.12,97.89,91.67,23.99,23.87,24.16,25.44,86.0,82.0,86.0,85.0,83.0
1775870776000,2.0,2.0,2.0,2.0,2.0,575.0,555.0,716.0,777.0,98.24,99.03,98.28,92.38,24.12,24.0,24.28,25.55,95.0,89.0,164.0,166.0,117.0
1775871077000,2.0,2.0,2.0,2.0,2.0,525.0,512.0,615.0,604.0,98.3,98.64,97.52,91.52,24.25,24.13,24.42,25.67,107.0,96.0,102.0,86.0,81.0
1775871377000,2.0,2.0,2.0,2.0,2.0,597.0,544.0,567.0,590.0,98.32,98.69,96.68,90.63,24.41,24.27,24.57,25.81,111.0,98.0,99.0,85.0,86.0
1775871678000,2.0,2.0,2.0,2.0,2.0,564.0,543.0,567.0,670.0,97.06,97.32,95.6,90.76,24.56,24.41,24.73,25.94,105.0,106.0,107.0,188.0,205.0
1775871978000,2.0,2.0,2.0,2.0,2.0,565.0,586.0,572.0,581.0,96.3,96.45,95.66,89.13,24.73,24.56,24.9,26.01,110.0,107.0,106.0,84.0,89.0
1775872279000,2.0,2.0,2.0,2.0,2.0,561.0,524.0,547.0,549.0,95.1,95.34,94.2,88.44,24.88,24.72,25.05,26.08,115.0,110.0,103.0,102.0,91.0
1775872580000,2.0,2.0,2.0,2.0,2.0,559.0,565.0,572.0,598.0,94.5,95.33,93.69,88.47,25.04,24.86,25.2,26.11,112.0,113.0,109.0,108.0,102.0
1775872880000,2.0,2.0,2.0,2.0,2.0,556.0,521.0,564.0,607.0,93.78,94.22,92.71,88.65,25.21,25.02,25.33,26.15,121.0,113.0,115.0,110.0,107.0
1775873181000,2.0,2.0,2.0,2.0,2.0,546.0,537.0,553.0,525.0,91.64,91.74,90.34,85.38,25.36,25.15,25.47,26.17,125.0,125.0,116.0,75.0,78.0
1775873481000,2.0,2.0,2.0,2.0,2.0,542.0,534.0,545.0,708.0,90.33,92.21,89.99,86.23,25.51,25.28,25.62,26.21,129.0,134.0,120.0,147.0,100.0
1775873782000,2.0,2.0,2.0,2.0,2.0,494.0,538.0,550.0,593.0,89.47,91.85,89.27,86.08,25.65,25.43,25.75,26.24,136.0,133.0,127.0,100.0,134.0
1775874082000,2.0,2.0,2.0,2.0,2.0,547.0,579.0,556.0,599.0,89.29,91.6,89.55,86.66,25.83,25.61,25.94,26.35,142.0,147.0,134.0,125.0,88.0
1775874383000,2.0,2.0,2.0,2.0,2.0,521.0,537.0,548.0,652.0,89.39,91.96,89.47,87.01,26.03,25.83,26.17,26.5,144.0,154.0,150.0,167.0,130.0
1775874684000,2.0,2.0,2.0,2.0,2.0,516.0,528.0,521.0,558.0,90.65,90.65,90.65,86.81,26.28,26.06,26.42,26.7,150.0,156.0,151.0,113.0,153.0
1775874984000,2.0,2.0,2.0,2.0,2.0,527.0,574.0,565.0,618.0,90.57,91.54,89.89,86.76,26.54,26.32,26.67,26.9,152.0,162.0,157.0,197.0,173.0
1775875285000,2.0,2.0,2.0,2.0,2.0,504.0,551.0,562.0,614.0,90.1,90.49,89.15,86.66,26.8,26.57,26.93,27.11,157.0,175.0,172.0,161.0,176.0
1775875585000,2.0,2.0,2.0,2.0,2.0,524.0,541.0,531.0,587.0,88.23,88.19,86.18,84.06,27.04,26.78,27.14,27.32,164.0,181.0,165.0,141.0,154.0
1775875886000,2.0,2.0,2.0,2.0,2.0,527.0,513.0,515.0,631.0,86.17,87.66,84.43,82.59,27.24,26.97,27.33,27.49,182.0,193.0,172.0,190.0,139.0
1775876186000,2.0,2.0,2.0,2.0,2.0,520.0,553.0,542.0,575.0,84.62,85.63,83.35,81.59,27.43,27.13,27.5,27.64,188.0,197.0,180.0,169.0,196.0
1775876487000,2.0,2.0,2.0,2.0,3.0,503.0,516.0,513.0,545.0,82.18,83.32,82.42,79.82,27.62,27.32,27.66,27.81,185.0,194.0,192.0,156.0,241.0
1775876788000,2.0,2.0,2.0,2.0,2.0,490.0,483.0,488.0,542.0,80.97,82.19,81.57,79.37,27.84,27.51,27.85,27.99,201.0,203.0,198.0,175.0,149.0
1775877088000,2.0,2.0,2.0,2.0,2.0,534.0,472.0,557.0,516.0,80.61,82.67,82.04,79.56,28.07,27.75,28.08,28.21,202.0,223.0,219.0,172.0,197.0
1775877389000,2.0,2.0,2.0,2.0,3.0,528.0,523.0,557.0,499.0,77.28,79.56,78.7,77.78,28.3,27.97,28.28,28.41,198.0,220.0,205.0,164.0,246.0
1775877689000,2.0,2.0,2.0,2.0,2.0,484.0,509.0,521.0,576.0,76.31,77.05,76.16,76.0,28.5,28.17,28.46,28.6,217.0,219.0,213.0,193.0,194.0
1775877990000,2.0,3.0,2.0,2.0,3.0,482.0,481.0,502.0,544.0,75.42,76.72,75.61,75.13,28.72,28.37,28.62,28.74,219.0,236.0,210.0,188.0,233.0
1775878290000,2.0,3.0,2.0,2.0,2.0,480.0,494.0,512.0,545.0,74.17,75.73,74.78,74.0,28.95,28.56,28.78,28.89,219.0,232.0,218.0,182.0,186.0
1775878591000,2.0,3.0,3.0,2.0,2.0,497.0,501.0,525.0,506.0,72.78,74.16,74.06,72.65,29.14,28.76,28.94,29.04,223.0,242.0,229.0,188.0,172.0
1775878892000,3.0,3.0,3.0,2.0,2.0,482.0,470.0,528.0,498.0,71.95,73.55,73.34,71.55,29.37,28.98,29.12,29.21,237.0,238.0,234.0,176.0,204.0
1775879192000,2.0,3.0,3.0,3.0,2.0,495.0,493.0,489.0,574.0,70.37,72.24,71.69,70.88,29.56,29.17,29.29,29.36,224.0,253.0,233.0,253.0,191.0
1775879493000,3.0,3.0,3.0,3.0,2.0,474.0,485.0,466.0,584.0,71.33,73.19,72.49,72.39,29.77,29.37,29.48,29.53,239.0,262.0,250.0,338.0,218.0
1775879793000,3.0,3.0,3.0,2.0,2.0,488.0,452.0,495.0,503.0,71.07,72.89,72.47,71.86,29.99,29.57,29.67,29.71,243.0,277.0,254.0,203.0,220.0
1775880094000,3.0,3.0,3.0,2.0,2.0,474.0,473.0,514.0,495.0,68.74,70.27,70.22,68.98,30.16,29.78,29.86,29.89,239.0,261.0,246.0,199.0,212.0
1775880394000,3.0,3.0,3.0,2.0,2.0,474.0,508.0,461.0,537.0,67.68,69.91,68.03,67.93,30.33,29.95,30.03,30.06,246.0,272.0,243.0,213.0,217.0
1775880695000,3.0,3.0,3.0,3.0,2.0,501.0,470.0,489.0,576.0,66.08,68.37,67.38,68.2,30.5,30.13,30.19,30.25,248.0,277.0,260.0,251.0,216.0
1775880995000,3.0,3.0,3.0,3.0,2.0,452.0,473.0,496.0,477.0,68.92,70.96,70.4,69.34,30.67,30.34,30.39,30.42,273.0,302.0,295.0,231.0,228.0
1775881296000,3.0,3.0,3.0,3.0,3.0,507.0,511.0,466.0,551.0,67.0,69.1,69.08,69.11,30.82,30.51,30.58,30.59,249.0,291.0,274.0,260.0,237.0
1775881597000,3.0,3.0,3.0,3.0,3.0,434.0,481.0,458.0,470.0,67.88,69.53,68.94,68.22,30.96,30.67,30.73,30.73,264.0,303.0,284.0,248.0,234.0
1775881897000,3.0,3.0,3.0,3.0,3.0,437.0,468.0,452.0,472.0,68.69,70.1,69.7,68.57,31.09,30.83,30.87,30.87,269.0,318.0,291.0,230.0,237.0
1775882198000,3.0,3.0,3.0,3.0,3.0,469.0,485.0,476.0,505.0,66.77,68.18,67.46,67.61,31.2,30.96,31.02,31.0,259.0,299.0,280.0,258.0,230.0
1775882498000,3.0,3.0,3.0,3.0,3.0,425.0,449.0,491.0,563.0,68.35,69.69,69.14,69.28,31.33,31.09,31.14,31.11,286.0,322.0,300.0,290.0,254.0
1775882799000,3.0,3.0,3.0,3.0,2.0,448.0,429.0,492.0,506.0,66.07,67.38,66.92,67.06,31.45,31.21,31.25,31.22,268.0,295.0,284.0,249.0,232.0
1775883099000,3.0,3.0,3.0,3.0,3.0,499.0,478.0,483.0,509.0,67.54,69.38,68.0,67.82,31.56,31.31,31.37,31.33,294.0,320.0,308.0,270.0,220.0
1775883400000,3.0,3.0,3.0,3.0,3.0,454.0,442.0,444.0,462.0,68.41,69.98,69.12,68.85,31.66,31.44,31.47,31.44,290.0,334.0,314.0,275.0,257.0
1775883701000,3.0,3.0,3.0,3.0,3.0,468.0,434.0,418.0,500.0,69.98,71.51,70.96,70.47,31.78,31.57,31.6,31.56,296.0,343.0,325.0,293.0,264.0
1775884001000,3.0,3.0,3.0,3.0,2.0,439.0,458.0,477.0,513.0,68.53,70.03,69.43,69.04,31.9,31.68,31.71,31.69,283.0,318.0,303.0,259.0,228.0
1775884302000,3.0,3.0,3.0,3.0,3.0,461.0,486.0,472.0,496.0,71.35,73.05,72.51,71.78,31.98,31.76,31.8,31.78,288.0,335.0,331.0,280.0,258.0
1775884602000,3.0,3.0,3.0,3.0,3.0,483.0,445.0,485.0,470.0,73.75,74.88,74.49,73.67,31.85,31.61,31.63,31.62,293.0,320.0,306.0,260.0,227.0
1775884903000,3.0,3.0,3.0,3.0,2.0,451.0,458.0,443.0,519.0,73.75,75.19,74.86,74.49,31.48,31.18,31.2,31.17,248.0,287.0,271.0,239.0,195.0
1775885203000,3.0,3.0,3.0,3.0,2.0,468.0,439.0,440.0,482.0,77.51,79.32,78.43,77.5,31.06,30.69,30.69,30.67,242.0,284.0,264.0,235.0,195.0
1775885504000,2.0,3.0,3.0,2.0,2.0,464.0,463.0,497.0,521.0,78.7,80.62,80.18,79.46,30.65,30.24,30.26,30.21,217.0,270.0,252.0,214.0,186.0
1775885805000,3.0,3.0,3.0,2.0,2.0,443.0,452.0,444.0,490.0,80.48,82.38,82.16,81.57,30.32,29.86,29.88,29.81,224.0,257.0,238.0,196.0,212.0
1775886105000,2.0,3.0,3.0,2.0,2.0,430.0,460.0,455.0,452.0,82.73,85.22,84.19,83.47,30.03,29.56,29.58,29.49,219.0,255.0,235.0,194.0,183.0
1775886406000,2.0,3.0,3.0,2.0,2.0,433.0,423.0,451.0,475.0,83.65,85.85,85.07,84.33,29.79,29.33,29.34,29.26,216.0,247.0,226.0,186.0,169.0
1775886706000,2.0,3.0,3.0,2.0,2.0,460.0,448.0,496.0,474.0,83.62,85.54,85.0,84.36,29.61,29.14,29.18,29.09,207.0,240.0,228.0,170.0,195.0
1775887007000,2.0,3.0,3.0,2.0,2.0,454.0,441.0,494.0,437.0,86.2,88.57,87.54,86.56,29.47,29.0,29.06,28.96,223.0,248.0,234.0,190.0,194.0
1775887307000,2.0,3.0,3.0,2.0,2.0,479.0,467.0,439.0,470.0,86.76,88.93,87.89,87.25,29.37,28.93,28.98,28.88,220.0,239.0,228.0,184.0,181.0
1775887608000,2.0,3.0,3.0,2.0,2.0,445.0,469.0,482.0,472.0,85.54,87.21,87.14,86.84,29.31,28.89,28.95,28.86,206.0,234.0,222.0,186.0,198.0
1775887909000,3.0,3.0,2.0,2.0,2.0,459.0,442.0,474.0,471.0,87.74,89.29,88.37,87.7,29.29,28.88,28.95,28.86,228.0,250.0,226.0,203.0,182.0
1775888209000,2.0,3.0,3.0,2.0,2.0,438.0,436.0,447.0,524.0,85.89,87.8,87.15,87.05,29.28,28.9,28.96,28.87,221.0,239.0,230.0,200.0,199.0
1775888510000,3.0,3.0,3.0,2.0,2.0,447.0,452.0,469.0,484.0,85.77,87.51,86.68,86.12,29.3,28.95,29.01,28.91,227.0,244.0,232.0,197.0,185.0
1775888810000,3.0,3.0,3.0,2.0,2.0,467.0,436.0,431.0,446.0,86.51,88.9,88.41,87.45,29.37,29.02,29.09,29.03,233.0,257.0,251.0,216.0,199.0
1775889111000,3.0,3.0,3.0,3.0,2.0,394.0,466.0,458.0,518.0,87.54,89.93,88.53,87.95,29.49,29.15,29.23,29.21,252.0,271.0,255.0,235.0,210.0
1775889411000,3.0,3.0,3.0,3.0,3.0,439.0,437.0,456.0,475.0,86.84,88.46,88.03,87.48,29.68,29.39,29.51,29.52,261.0,268.0,273.0,255.0,246.0
1775889712000,3.0,3.0,3.0,3.0,3.0,473.0,473.0,485.0,514.0,87.91,88.84,87.73,86.67,29.94,29.76,29.88,29.91,278.0,305.0,295.0,268.0,262.0
1775890012000,3.0,3.0,3.0,3.0,3.0,487.0,436.0,464.0,450.0,86.83,87.64,86.46,85.35,30.16,29.98,30.13,30.16,264.0,290.0,294.0,258.0,243.0
1775890313000,3.0,3.0,3.0,3.0,3.0,461.0,446.0,449.0,498.0,87.65,88.56,87.29,86.26,30.17,29.96,30.14,30.16,274.0,291.0,284.0,286.0,249.0
1775890614000,3.0,3.0,3.0,3.0,3.0,438.0,421.0,451.0,456.0,88.58,89.85,88.71,87.79,30.1,29.85,30.05,30.02,262.0,285.0,277.0,244.0,249.0
1775890914000,3.0,3.0,3.0,3.0,3.0,428.0,425.0,444.0,530.0,89.54,90.73,89.91,89.11,30.02,29.76,29.96,29.9,264.0,279.0,290.0,266.0,241.0
1775891215000,3.0,3.0,3.0,2.0,2.0,450.0,454.0,485.0,483.0,86.92,88.1,87.54,87.39,29.95,29.67,29.85,29.79,254.0,263.0,256.0,221.0,203.0
1775891515000,3.0,3.0,3.0,3.0,2.0,480.0,465.0,447.0,534.0,85.84,86.96,86.01,86.16,29.85,29.55,29.74,29.67,250.0,257.0,257.0,238.0,202.0
1775891816000,3.0,3.0,3.0,3.0,3.0,471.0,483.0,438.0,534.0,85.33,86.55,85.56,85.9,29.7,29.4,29.56,29.51,253.0,259.0,247.0,227.0,263.0
1775892116000,3.0,3.0,3.0,2.0,2.0,452.0,463.0,457.0,493.0,88.29,89.64,87.92,86.96,29.57,29.25,29.42,29.34,262.0,261.0,255.0,210.0,211.0
1775892417000,3.0,3.0,3.0,2.0,2.0,455.0,422.0,416.0,473.0,87.39,88.77,87.47,87.0,29.47,29.14,29.27,29.23,240.0,253.0,244.0,207.0,202.0
1775892718000,3.0,3.0,3.0,3.0,2.0,432.0,469.0,479.0,469.0,90.09,92.16,90.95,90.57,29.4,29.04,29.19,29.13,249.0,270.0,266.0,232.0,207.0
1775893018000,3.0,3.0,3.0,2.0,2.0,457.0,443.0,456.0,490.0,88.96,90.37,89.49,89.16,29.34,29.01,29.14,29.08,236.0,257.0,241.0,219.0,194.0
1775893319000,3.0,3.0,3.0,3.0,2.0,457.0,450.0,470.0,497.0,88.84,90.54,89.43,89.0,29.32,28.98,29.1,29.05,249.0,261.0,251.0,236.0,209.0
1775893619000,3.0,3.0,3.0,2.0,2.0,439.0,497.0,483.0,493.0,86.92,88.56,87.81,87.72,29.3,28.96,29.08,29.04,240.0,246.0,244.0,204.0,203.0
1775893920000,3.0,3.0,3.0,2.0,3.0,458.0,451.0,421.0,424.0,87.58,89.36,87.81,87.25,29.28,28.92,29.07,29.03,253.0,258.0,262.0,208.0,238.0
1775894220000,3.0,3.0,3.0,2.0,2.0,449.0,442.0,481.0,440.0,87.47,89.45,88.27,87.48,29.29,28.95,29.1,29.1,261.0,263.0,264.0,221.0,216.0
1775894521000,3.0,3.0,3.0,3.0,3.0,438.0,421.0,473.0,497.0,88.91,91.75,90.52,88.7,29.37,29.07,29.26,29.3,282.0,292.0,282.0,257.0,278.0
1775894821000,3.0,3.0,3.0,3.0,3.0,494.0,437.0,463.0,431.0,87.03,88.15,87.3,85.47,29.51,29.28,29.49,29.59,278.0,289.0,274.0,246.0,253.0
1775895122000,3.0,3.0,3.0,3.0,3.0,500.0,481.0,487.0,432.0,86.73,87.06,85.09,83.63,29.7,29.55,29.78,29.95,302.0,310.0,311.0,291.0,341.0
1775895423000,3.0,3.0,3.0,3.0,3.0,466.0,442.0,432.0,461.0,86.52,87.64,86.05,84.43,29.84,29.73,29.97,30.18,297.0,317.0,326.0,313.0,266.0
1775895723000,3.0,3.0,3.0,3.0,3.0,436.0,441.0,470.0,499.0,86.02,86.63,85.44,84.26,29.79,29.64,29.89,30.07,288.0,291.0,288.0,276.0,241.0
1775896024000,3.0,3.0,3.0,3.0,3.0,468.0,465.0,473.0,450.0,86.54,87.77,86.33,85.06,29.63,29.43,29.69,29.81,277.0,298.0,284.0,234.0,226.0
1775896324000,3.0,3.0,3.0,3.0,3.0,451.0,442.0,483.0,483.0,88.54,89.35,87.91,86.63,29.46,29.23,29.45,29.54,276.0,281.0,278.0,233.0,224.0
1775896625000,3.0,3.0,3.0,2.0,2.0,448.0,443.0,472.0,452.0,88.92,90.06,88.32,87.23,29.31,29.05,29.25,29.3,273.0,290.0,259.0,224.0,197.0
1775896925000,3.0,3.0,3.0,3.0,2.0,474.0,432.0,440.0,480.0,88.34,89.32,88.01,86.99,29.16,28.87,29.07,29.11,254.0,266.0,247.0,228.0,187.0
1775897226000,3.0,3.0,3.0,2.0,2.0,443.0,476.0,463.0,463.0,88.61,90.04,88.54,87.33,29.01,28.71,28.88,28.89,248.0,271.0,249.0,193.0,201.0
1775897527000,3.0,3.0,3.0,2.0,2.0,438.0,473.0,473.0,495.0,88.19,90.08,88.49,87.86,28.85,28.53,28.7,28.7,244.0,253.0,241.0,210.0,184.0
1775897827000,3.0,3.0,2.0,2.0,2.0,451.0,463.0,490.0,467.0,87.4,89.03,87.41,86.83,28.68,28.36,28.54,28.51,240.0,240.0,229.0,175.0,192.0
1775898128000,3.0,3.0,3.0,2.0,2.0,494.0,482.0,487.0,444.0,88.01,89.88,88.05,87.47,28.53,28.2,28.37,28.36,249.0,251.0,227.0,185.0,198.0
1775898428000,2.0,3.0,2.0,2.0,2.0,496.0,456.0,484.0,466.0,86.45,88.6,87.5,86.85,28.41,28.08,28.25,28.22,225.0,234.0,217.0,182.0,174.0
1775898729000,3.0,3.0,2.0,2.0,2.0,483.0,453.0,500.0,464.0,87.21,89.09,87.45,86.64,28.28,27.95,28.13,28.13,244.0,228.0,221.0,174.0,178.0
1775899029000,3.0,3.0,2.0,2.0,2.0,486.0,482.0,482.0,477.0,87.38,89.22,87.57,86.62,28.21,27.87,28.07,28.06,248.0,237.0,220.0,180.0,178.0
1775899330000,3.0,3.0,3.0,2.0,2.0,463.0,483.0,461.0,452.0,87.76,89.68,87.92,86.73,28.16,27.82,28.06,28.07,233.0,242.0,232.0,189.0,188.0
1775899631000,3.0,3.0,3.0,2.0,2.0,502.0,478.0,463.0,470.0,87.38,88.96,87.39,85.16,28.15,27.84,28.09,28.16,242.0,231.0,234.0,179.0,181.0
1775899931000,3.0,3.0,3.0,2.0,2.0,497.0,505.0,477.0,502.0,87.52,88.88,85.84,84.73,28.2,27.93,28.24,28.36,255.0,247.0,239.0,220.0,205.0
1775900232000,3.0,3.0,3.0,2.0,2.0,466.0,480.0,489.0,511.0,86.44,86.26,83.26,82.91,28.3,28.1,28.48,28.62,245.0,248.0,248.0,219.0,211.0
1775900532000,3.0,3.0,3.0,3.0,3.0,474.0,483.0,475.0,511.0,86.51,86.87,83.53,83.99,28.48,28.35,28.79,28.92,275.0,289.0,287.0,285.0,234.0
1775900833000,3.0,3.0,3.0,3.0,3.0,455.0,484.0,443.0,510.0,85.72,85.73,83.02,83.77,28.69,28.59,29.07,29.2,279.0,296.0,294.0,267.0,280.0
1775901133000,3.0,3.0,3.0,3.0,3.0,515.0,454.0,480.0,495.0,84.96,85.29,81.92,82.12,28.89,28.82,29.31,29.47,295.0,300.0,298.0,262.0,267.0
1775901434000,3.0,3.0,3.0,3.0,3.0,450.0,490.0,471.0,459.0,83.07,83.55,81.08,80.22,29.07,29.01,29.51,29.66,294.0,298.0,305.0,249.0,258.0
1775901735000,3.0,3.0,3.0,3.0,3.0,466.0,467.0,494.0,567.0,82.08,84.84,81.1,79.98,29.23,29.17,29.65,29.82,316.0,320.0,320.0,279.0,320.0
1775902035000,3.0,3.0,3.0,3.0,3.0,492.0,500.0,488.0,552.0,81.77,84.13,80.96,80.07,29.35,29.29,29.71,29.93,317.0,330.0,313.0,280.0,271.0
1775902336000,3.0,3.0,3.0,3.0,3.0,478.0,492.0,498.0,517.0,81.44,83.38,81.09,79.7,29.47,29.38,29.71,29.97,315.0,326.0,309.0,266.0,258.0
1775902636000,3.0,3.0,3.0,3.0,3.0,489.0,458.0,490.0,510.0,81.26,83.33,80.66,79.36,29.55,29.45,29.68,29.98,322.0,317.0,305.0,278.0,283.0
1775902937000,3.0,3.0,3.0,3.0,3.0,454.0,525.0,515.0,593.0,81.06,83.1,80.87,79.55,29.58,29.49,29.65,29.99,309.0,321.0,306.0,300.0,287.0
1775903237000,3.0,3.0,3.0,3.0,3.0,520.0,462.0,502.0,552.0,80.68,82.26,81.18,79.61,29.6,29.5,29.61,29.96,304.0,318.0,300.0,272.0,269.0
1775903538000,3.0,3.0,3.0,3.0,3.0,469.0,506.0,505.0,520.0,79.59,81.1,80.35,78.56,29.58,29.47,29.51,29.9,293.0,310.0,287.0,250.0,274.0
1775903838000,3.0,3.0,3.0,3.0,3.0,521.0,510.0,477.0,509.0,78.79,80.18,79.55,77.74,29.55,29.42,29.42,29.83,281.0,302.0,281.0,250.0,242.0
1775904139000,3.0,3.0,3.0,3.0,3.0,479.0,480.0,517.0,489.0,78.72,79.71,79.12,77.1,29.49,29.34,29.31,29.74,278.0,296.0,282.0,266.0,252.0
1775904440000,3.0,3.0,3.0,3.0,3.0,491.0,484.0,538.0,553.0,78.35,80.04,79.36,77.3,29.42,29.26,29.21,29.65,288.0,301.0,269.0,249.0,257.0
1775904740000,3.0,3.0,3.0,3.0,3.0,483.0,529.0,515.0,496.0,78.67,80.24,79.44,77.1,29.34,29.17,29.11,29.55,277.0,296.0,271.0,227.0,229.0
1775905041000,3.0,3.0,3.0,2.0,2.0,478.0,488.0,547.0,506.0,78.05,79.21,79.0,76.71,29.26,29.09,28.99,29.47,263.0,270.0,253.0,214.0,213.0
1775905341000,3.0,3.0,3.0,2.0,2.0,496.0,492.0,496.0,477.0,77.03,79.01,78.27,75.95,29.15,28.99,28.9,29.37,255.0,276.0,247.0,208.0,204.0
1775905642000,3.0,3.0,3.0,2.0,2.0,496.0,489.0,479.0,553.0,75.78,77.09,76.97,74.99,29.05,28.87,28.77,29.22,253.0,260.0,235.0,218.0,193.0
1775905942000,3.0,3.0,3.0,3.0,2.0,499.0,530.0,513.0,526.0,76.26,77.55,77.44,75.34,28.98,28.79,28.66,29.12,248.0,261.0,237.0,277.0,193.0
1775906243000,3.0,3.0,3.0,2.0,2.0,506.0,493.0,521.0,549.0,76.68,77.98,77.73,75.68,28.88,28.71,28.59,29.04,253.0,255.0,234.0,196.0,185.0
1775906544000,2.0,2.0,2.0,2.0,2.0,489.0,481.0,511.0,487.0,75.28,76.32,76.26,74.03,28.79,28.61,28.5,28.95,219.0,228.0,212.0,170.0,184.0
1775906844000,3.0,3.0,2.0,2.0,2.0,502.0,502.0,502.0,535.0,74.89,76.23,76.12,74.03,28.7,28.5,28.38,28.83,226.0,238.0,212.0,181.0,181.0
1775907145000,2.0,3.0,2.0,2.0,3.0,494.0,522.0,578.0,558.0,74.79,76.9,76.59,74.61,28.58,28.41,28.27,28.71,217.0,227.0,216.0,199.0,256.0
1775907445000,2.0,2.0,2.0,2.0,2.0,509.0,536.0,547.0,583.0,74.52,77.23,75.88,74.4,28.5,28.3,28.15,28.6,212.0,218.0,200.0,195.0,191.0
1775907746000,2.0,2.0,2.0,2.0,3.0,500.0,489.0,548.0,556.0,74.13,75.73,75.85,74.0,28.36,28.18,28.06,28.47,190.0,200.0,195.0,160.0,235.0
1775908046000,2.0,2.0,2.0,2.0,2.0,491.0,487.0,508.0,526.0,74.24,76.08,75.71,73.84,28.26,28.03,27.97,28.35,188.0,198.0,179.0,151.0,149.0
1775908347000,2.0,2.0,2.0,2.0,2.0,501.0,505.0,526.0,523.0,74.51,77.14,76.08,74.17,28.15,27.93,27.88,28.25,186.0,196.0,179.0,141.0,164.0
1775908648000,2.0,2.0,2.0,2.0,2.0,473.0,518.0,521.0,549.0,75.0,76.93,76.83,75.02,28.04,27.83,27.81,28.14,181.0,192.0,209.0,172.0,150.0
1775908948000,2.0,2.0,2.0,2.0,2.0,503.0,523.0,511.0,513.0,76.1,77.53,77.29,75.33,27.94,27.73,27.72,28.05,187.0,189.0,180.0,140.0,126.0
1775909249000,2.0,2.0,2.0,2.0,2.0,467.0,540.0,531.0,532.0,76.24,78.28,77.47,75.74,27.85,27.63,27.65,27.96,170.0,183.0,171.0,156.0,156.0
1775909549000,2.0,2.0,2.0,2.0,2.0,519.0,505.0,663.0,575.0,76.41,78.21,78.46,76.66,27.77,27.55,27.59,27.87,162.0,174.0,227.0,169.0,181.0
1775909850000,2.0,2.0,2.0,3.0,2.0,472.0,513.0,566.0,487.0,77.15,79.3,78.6,76.85,27.69,27.48,27.52,27.79,167.0,165.0,172.0,236.0,131.0
1775910150000,2.0,2.0,2.0,2.0,2.0,520.0,503.0,526.0,525.0,77.62,79.73,78.76,77.13,27.62,27.4,27.44,27.72,167.0,162.0,166.0,136.0,167.0
1775910451000,2.0,2.0,2.0,2.0,2.0,515.0,526.0,591.0,556.0,78.3,79.78,79.96,78.03,27.55,27.34,27.41,27.66,155.0,167.0,213.0,146.0,185.0
1775910752000,2.0,2.0,2.0,2.0,2.0,525.0,572.0,531.0,515.0,79.01,80.74,80.22,78.5,27.5,27.26,27.35,27.62,163.0,167.0,169.0,131.0,127.0
1775911052000,2.0,2.0,2.0,3.0,2.0,505.0,502.0,501.0,605.0,80.09,81.4,80.56,79.72,27.42,27.21,27.28,27.55,167.0,168.0,168.0,239.0,140.0
1775911353000,2.0,2.0,2.0,2.0,2.0,491.0,502.0,553.0,610.0,80.41,81.56,81.28,79.96,27.37,27.14,27.23,27.48,159.0,168.0,189.0,166.0,144.0
1775911653000,2.0,2.0,2.0,3.0,2.0,482.0,545.0,548.0,714.0,80.94,82.16,81.41,81.09,27.29,27.05,27.16,27.43,158.0,162.0,161.0,242.0,187.0
1775911954000,2.0,2.0,2.0,2.0,2.0,518.0,539.0,532.0,583.0,81.24,82.43,81.69,81.07,27.24,26.99,27.1,27.39,153.0,159.0,158.0,147.0,148.0
1775912254000,2.0,2.0,2.0,2.0,2.0,514.0,501.0,587.0,611.0,81.7,82.56,82.28,81.17,27.15,26.91,27.04,27.33,156.0,154.0,184.0,165.0,195.0
1775912555000,2.0,2.0,2.0,2.0,2.0,490.0,491.0,606.0,575.0,81.49,83.74,82.59,81.04,27.08,26.83,26.94,27.25,145.0,159.0,191.0,126.0,102.0
1775912856000,2.0,2.0,2.0,2.0,2.0,517.0,535.0,533.0,575.0,82.35,84.01,82.59,81.32,27.0,26.75,26.86,27.18,154.0,151.0,138.0,127.0,117.0
1775913156000,2.0,2.0,2.0,2.0,2.0,537.0,524.0,586.0,519.0,82.14,83.8,83.0,81.38,26.94,26.69,26.8,27.1,142.0,143.0,158.0,119.0,145.0
1775913457000,2.0,2.0,2.0,2.0,2.0,514.0,539.0,522.0,540.0,82.09,83.72,82.97,81.65,26.87,26.63,26.74,27.04,133.0,137.0,135.0,138.0,122.0
1775913757000,2.0,2.0,2.0,2.0,2.0,525.0,528.0,540.0,544.0,82.35,84.23,83.1,81.81,26.81,26.57,26.67,26.98,135.0,143.0,138.0,115.0,121.0
1775914058000,2.0,2.0,2.0,2.0,2.0,498.0,502.0,601.0,556.0,82.45,84.23,83.51,82.11,26.76,26.51,26.63,26.93,134.0,140.0,156.0,129.0,116.0
1775914358000,2.0,2.0,2.0,2.0,2.0,510.0,521.0,517.0,553.0,82.56,84.12,83.56,82.17,26.71,26.45,26.6,26.89,125.0,126.0,134.0,122.0,99.0
1775914659000,2.0,2.0,2.0,2.0,2.0,526.0,497.0,548.0,525.0,82.92,84.49,83.64,82.39,26.67,26.42,26.58,27.0,128.0,130.0,134.0,138.0,126.0
1775914960000,2.0,2.0,2.0,2.0,2.0,521.0,524.0,587.0,584.0,83.28,84.92,84.01,82.21,26.62,26.38,26.57,27.12,128.0,135.0,143.0,180.0,165.0
1775915260000,2.0,2.0,2.0,2.0,2.0,511.0,519.0,535.0,607.0,83.37,85.2,83.97,82.62,26.57,26.35,26.55,27.15,127.0,126.0,129.0,156.0,109.0
1775915561000,2.0,2.0,2.0,2.0,2.0,526.0,501.0,541.0,514.0,83.67,85.29,84.19,82.3,26.54,26.32,26.5,27.1,123.0,131.0,131.0,116.0,104.0
1775915861000,2.0,2.0,2.0,2.0,2.0,530.0,539.0,558.0,552.0,83.98,85.41,84.75,82.25,26.51,26.31,26.47,27.17,118.0,127.0,152.0,145.0,112.0
1775916162000,2.0,2.0,2.0,2.0,2.0,533.0,515.0,532.0,537.0,84.06,85.42,84.69,81.73,26.48,26.27,26.45,27.28,121.0,121.0,126.0,123.0,99.0
1775916462000,2.0,2.0,2.0,2.0,2.0,512.0,499.0,542.0,540.0,84.8,85.85,85.01,81.71,26.42,26.24,26.42,27.28,123.0,122.0,127.0,119.0,112.0
1775916763000,2.0,2.0,2.0,2.0,2.0,515.0,551.0,598.0,546.0,84.87,86.12,85.46,81.57,26.4,26.22,26.4,27.4,123.0,125.0,149.0,134.0,124.0
1775917064000,2.0,2.0,2.0,2.0,2.0,539.0,549.0,538.0,590.0,84.83,86.41,85.29,81.39,26.36,26.19,26.37,27.4,114.0,118.0,120.0,119.0,82.0
1775917364000,2.0,2.0,2.0,2.0,2.0,532.0,531.0,528.0,589.0,85.32,86.29,85.51,81.58,26.33,26.17,26.35,27.38,118.0,113.0,130.0,131.0,103.0
1775917665000,2.0,2.0,2.0,2.0,2.0,522.0,522.0,550.0,636.0,85.75,86.7,85.78,81.69,26.31,26.13,26.35,27.49,118.0,120.0,139.0,153.0,112.0
1775917965000,2.0,2.0,2.0,2.0,2.0,490.0,497.0,643.0,549.0,85.58,86.7,86.12,81.36,26.28,26.11,26.32,27.47,110.0,115.0,149.0,123.0,102.0
1775918266000,2.0,2.0,2.0,2.0,2.0,523.0,536.0,545.0,565.0,85.78,87.15,85.93,81.43,26.23,26.09,26.33,27.56,108.0,121.0,114.0,131.0,109.0
1775918566000,2.0,2.0,2.0,2.0,2.0,517.0,552.0,627.0,640.0,85.98,87.32,86.49,81.79,26.22,26.06,26.32,27.57,112.0,114.0,165.0,157.0,126.0
1775918867000,2.0,2.0,2.0,2.0,2.0,502.0,545.0,508.0,578.0,86.09,87.24,86.24,81.28,26.18,26.03,26.31,27.66,116.0,113.0,116.0,130.0,95.0
1775919168000,2.0,2.0,2.0,2.0,2.0,500.0,541.0,644.0,566.0,86.41,87.55,86.55,81.21,26.15,26.0,26.27,27.67,110.0,110.0,156.0,137.0,113.0
1775919468000,2.0,2.0,2.0,2.0,2.0,529.0,510.0,610.0,657.0,86.47,87.57,86.76,81.38,26.12,25.98,26.26,27.76,108.0,118.0,150.0,163.0,117.0
1775919769000,2.0,2.0,2.0,2.0,2.0,522.0,499.0,547.0,586.0,86.63,87.63,86.6,81.07,26.1,25.97,26.24,27.78,117.0,113.0,119.0,146.0,127.0
1775920069000,2.0,2.0,2.0,2.0,2.0,525.0,564.0,611.0,620.0,86.87,87.8,86.95,80.77,26.07,25.94,26.24,27.8,114.0,114.0,159.0,142.0,116.0
1775920370000,2.0,2.0,2.0,2.0,2.0,504.0,522.0,604.0,568.0,86.7,87.48,86.69,80.29,26.04,25.9,26.2,27.88,104.0,110.0,168.0,143.0,142.0
1775920670000,2.0,2.0,2.0,2.0,2.0,539.0,518.0,571.0,591.0,86.41,87.49,86.4,80.15,25.98,25.86,26.16,27.89,109.0,103.0,117.0,155.0,114.0
1775920971000,2.0,2.0,2.0,2.0,2.0,550.0,540.0,649.0,635.0,86.69,87.54,86.43,79.82,25.93,25.8,26.09,27.91,107.0,115.0,134.0,149.0,115.0
1775921272000,2.0,2.0,2.0,2.0,2.0,512.0,584.0,575.0,590.0,86.99,87.93,86.63,79.8,25.87,25.74,26.05,27.98,107.0,114.0,126.0,148.0,139.0
1775921572000,2.0,2.0,2.0,2.0,2.0,549.0,577.0,578.0,571.0,87.14,87.97,87.44,79.7,25.79,25.68,25.98,28.02,105.0,111.0,134.0,129.0,110.0
1775921873000,2.0,2.0,2.0,2.0,2.0,559.0,563.0,566.0,597.0,87.5,88.39,87.55,79.6,25.73,25.64,25.94,28.02,105.0,99.0,128.0,133.0,98.0
1775922173000,2.0,2.0,2.0,2.0,2.0,546.0,573.0,703.0,750.0,87.89,88.78,88.08,80.6,25.69,25.58,25.92,28.06,98.0,101.0,163.0,193.0,142.0
1775922474000,2.0,2.0,2.0,2.0,2.0,567.0,583.0,655.0,579.0,87.82,88.61,87.77,79.6,25.63,25.52,25.87,28.04,101.0,103.0,129.0,124.0,170.0
1775922774000,2.0,2.0,2.0,2.0,2.0,567.0,565.0,562.0,587.0,88.32,89.05,88.02,79.73,25.57,25.46,25.82,28.02,101.0,103.0,112.0,126.0,103.0
1775923075000,2.0,2.0,2.0,3.0,2.0,509.0,573.0,639.0,743.0,88.83,89.5,88.54,80.92,25.51,25.43,25.77,28.04,99.0,97.0,145.0,256.0,144.0
1775923375000,2.0,2.0,2.0,2.0,2.0,589.0,571.0,647.0,630.0,89.17,89.85,88.86,80.17,25.46,25.37,25.75,28.03,99.0,101.0,124.0,127.0,104.0
1775923676000,2.0,2.0,2.0,2.0,2.0,571.0,602.0,683.0,587.0,89.34,89.98,89.34,80.09,25.41,25.33,25.7,27.98,100.0,102.0,157.0,132.0,120.0
1775923977000,2.0,2.0,2.0,2.0,3.0,532.0,573.0,703.0,769.0,89.83,90.32,89.98,81.3,25.37,25.28,25.65,27.89,94.0,103.0,167.0,178.0,233.0
1775924277000,2.0,2.0,2.0,2.0,2.0,590.0,573.0,693.0,641.0,90.01,90.65,90.1,81.0,25.31,25.23,25.6,27.76,106.0,106.0,132.0,118.0,109.0
1775924578000,2.0,2.0,2.0,2.0,2.0,554.0,604.0,650.0,643.0,90.22,90.65,90.45,81.38,25.26,25.16,25.53,27.59,99.0,100.0,144.0,113.0,104.0
1775924878000,2.0,2.0,2.0,2.0,2.0,579.0,590.0,735.0,782.0,90.85,91.42,91.23,83.09,25.2,25.13,25.46,27.4,99.0,100.0,168.0,178.0,146.0
1775925179000,2.0,2.0,2.0,2.0,2.0,575.0,573.0,642.0,645.0,91.09,91.61,91.41,83.29,25.17,25.08,25.4,27.2,90.0,87.0,166.0,113.0,131.0
1775925479000,2.0,2.0,2.0,2.0,2.0,560.0,589.0,559.0,645.0,91.52,92.01,91.05,84.13,25.12,25.03,25.34,26.97,85.0,83.0,95.0,115.0,100.0
1775925780000,2.0,2.0,2.0,2.0,2.0,604.0,598.0,614.0,663.0,91.58,92.2,91.3,84.97,25.08,24.99,25.26,26.72,95.0,109.0,121.0,120.0,98.0
1775926081000,2.0,2.0,2.0,2.0,2.0,583.0,567.0,633.0,581.0,91.78,92.4,91.66,85.72,25.04,24.93,25.18,26.45,95.0,89.0,102.0,96.0,124.0
1775926381000,2.0,2.0,2.0,2.0,2.0,581.0,554.0,613.0,627.0,91.71,92.51,91.67,86.45,25.0,24.89,25.1,26.23,96.0,93.0,104.0,92.0,79.0
1775926682000,2.0,2.0,2.0,2.0,2.0,569.0,579.0,594.0,623.0,91.76,92.55,91.82,87.3,24.97,24.82,25.03,26.02,95.0,96.0,102.0,114.0,92.0
1775926982000,2.0,2.0,2.0,1.0,2.0,597.0,584.0,572.0,561.0,91.91,92.65,91.94,87.5,24.92,24.78,24.96,25.83,87.0,87.0,97.0,68.0,94.0
1775927283000,2.0,2.0,2.0,2.0,1.0,609.0,605.0,607.0,584.0,92.09,92.82,92.07,88.07,24.87,24.72,24.89,25.67,84.0,80.0,89.0,69.0,63.0
1775927583000,2.0,2.0,2.0,2.0,2.0,573.0,593.0,685.0,703.0,92.07,92.85,92.27,88.79,24.84,24.66,24.83,25.52,85.0,80.0,110.0,111.0,94.0
1775927884000,2.0,2.0,2.0,2.0,3.0,590.0,592.0,725.0,649.0,92.37,93.38,93.16,89.46,24.79,24.61,24.78,25.39,94.0,85.0,157.0,103.0,255.0
1775928185000,2.0,2.0,2.0,2.0,1.0,598.0,572.0,629.0,661.0,92.68,93.55,93.18,90.26,24.73,24.55,24.72,25.27,79.0,88.0,83.0,84.0,63.0
1775928485000,2.0,2.0,2.0,2.0,2.0,562.0,581.0,626.0,685.0,93.06,93.95,93.55,90.92,24.69,24.51,24.67,25.18,82.0,78.0,93.0,88.0,87.0
1775928786000,2.0,2.0,2.0,1.0,2.0,594.0,613.0,863.0,659.0,93.32,94.27,94.63,90.86,24.66,24.48,24.65,25.08,81.0,82.0,197.0,55.0,95.0
1775929086000,2.0,2.0,2.0,1.0,1.0,579.0,587.0,593.0,643.0,93.53,94.32,94.15,91.22,24.62,24.44,24.6,25.02,84.0,80.0,82.0,65.0,59.0
1775929387000,2.0,2.0,2.0,2.0,2.0,562.0,598.0,639.0,675.0,93.56,94.57,94.35,92.0,24.59,24.41,24.56,24.96,81.0,83.0,91.0,70.0,76.0
1775929687000,2.0,2.0,2.0,2.0,2.0,635.0,653.0,716.0,716.0,93.32,94.21,94.73,91.94,24.57,24.38,24.55,24.93,82.0,77.0,138.0,73.0,149.0
1775929988000,2.0,2.0,2.0,2.0,2.0,575.0,567.0,615.0,623.0,93.8,94.72,94.36,92.2,24.54,24.33,24.51,24.88,82.0,80.0,78.0,69.0,89.0
1775930289000,2.0,2.0,2.0,2.0,2.0,574.0,577.0,605.0,665.0,94.41,95.38,94.88,92.94,24.51,24.32,24.48,24.84,81.0,79.0,89.0,76.0,87.0
1775930589000,2.0,2.0,2.0,1.0,2.0,565.0,621.0,931.0,601.0,94.68,95.44,96.07,92.78,24.5,24.31,24.47,24.78,76.0,75.0,217.0,59.0,111.0
1775930890000,2.0,2.0,2.0,1.0,2.0,619.0,585.0,657.0,642.0,94.34,95.1,94.75,92.44,24.48,24.28,24.44,24.75,77.0,72.0,68.0,57.0,92.0
1775931190000,2.0,2.0,2.0,2.0,2.0,593.0,584.0,645.0,641.0,94.11,94.88,94.69,92.65,24.47,24.26,24.4,24.71,83.0,77.0,89.0,72.0,81.0
1775931491000,2.0,2.0,2.0,1.0,2.0,583.0,592.0,614.0,616.0,93.78,94.74,94.13,92.2,24.44,24.22,24.36,24.65,85.0,85.0,87.0,71.0,67.0
1775931791000,2.0,2.0,2.0,2.0,1.0,573.0,590.0,597.0,671.0,94.17,95.07,94.29,92.8,24.4,24.18,24.31,24.59,77.0,74.0,77.0,179.0,52.0
1775932092000,2.0,2.0,2.0,2.0,2.0,583.0,576.0,607.0,650.0,94.32,95.19,94.64,93.11,24.38,24.16,24.26,24.53,76.0,67.0,70.0,74.0,90.0
1775932393000,2.0,1.0,1.0,2.0,1.0,579.0,571.0,620.0,651.0,94.06,94.85,94.44,92.93,24.36,24.11,24.24,24.48,74.0,66.0,68.0,69.0,43.0
1775932693000,2.0,1.0,1.0,1.0,1.0,608.0,572.0,555.0,603.0,94.37,95.33,94.89,93.22,24.3,24.08,24.19,24.44,77.0,69.0,67.0,41.0,52.0
1775932994000,2.0,1.0,2.0,1.0,2.0,600.0,553.0,586.0,639.0,94.49,95.4,95.01,93.37,24.28,24.06,24.15,24.41,77.0,68.0,73.0,65.0,117.0
1775933294000,2.0,1.0,2.0,1.0,2.0,593.0,611.0,656.0,663.0,94.37,95.15,94.99,93.3,24.25,24.01,24.11,24.37,72.0,65.0,90.0,47.0,106.0
1775933595000,2.0,2.0,1.0,1.0,1.0,566.0,598.0,637.0,590.0,94.83,95.68,95.18,93.58,24.22,23.98,24.08,24.32,80.0,75.0,61.0,35.0,42.0
1775933895000,2.0,2.0,2.0,1.0,1.0,607.0,580.0,634.0,649.0,94.49,95.36,94.93,93.48,24.18,23.95,24.05,24.28,76.0,74.0,72.0,53.0,67.0
1775934196000,2.0,2.0,2.0,1.0,1.0,604.0,592.0,689.0,605.0,94.51,95.25,95.47,93.34,24.13,23.91,24.01,24.24,71.0,69.0,90.0,44.0,47.0
1775934497000,1.0,1.0,1.0,1.0,1.0,577.0,575.0,639.0,605.0,94.37,95.21,95.16,93.41,24.1,23.87,23.96,24.2,69.0,57.0,57.0,40.0,45.0
1775934797000,1.0,1.0,1.0,1.0,1.0,564.0,602.0,631.0,664.0,94.24,95.17,94.85,93.5,24.06,23.84,23.92,24.15,58.0,59.0,59.0,63.0,60.0
1775935098000,2.0,1.0,2.0,1.0,2.0,573.0,586.0,841.0,588.0,94.45,95.32,95.66,93.49,23.99,23.79,23.87,24.1,70.0,63.0,144.0,41.0,90.0
1775935398000,1.0,1.0,1.0,1.0,1.0,597.0,636.0,629.0,656.0,94.41,95.53,95.48,93.95,23.95,23.74,23.81,24.04,64.0,60.0,53.0,59.0,33.0
1775935699000,2.0,1.0,1.0,1.0,2.0,607.0,600.0,609.0,656.0,94.84,95.61,95.68,94.44,23.92,23.7,23.79,24.01,71.0,59.0,57.0,52.0,73.0
1775935999000,1.0,1.0,2.0,1.0,2.0,579.0,599.0,749.0,599.0,95.0,95.93,96.34,94.19,23.88,23.65,23.76,23.99,66.0,63.0,108.0,51.0,203.0
1775936300000,2.0,1.0,1.0,1.0,1.0,617.0,622.0,632.0,614.0,95.15,95.96,95.86,94.41,23.84,23.63,23.72,23.97,66.0,60.0,54.0,37.0,35.0
1775936601000,1.0,1.0,1.0,1.0,2.0,574.0,586.0,581.0,652.0,95.14,95.91,95.47,94.44,23.81,23.6,23.72,23.94,56.0,48.0,44.0,53.0,77.0
1775936901000,1.0,1.0,1.0,1.0,2.0,599.0,650.0,654.0,670.0,95.17,95.92,95.55,94.2,23.78,23.56,23.68,23.91,58.0,56.0,55.0,39.0,77.0
1775937202000,1.0,1.0,1.0,1.0,1.0,603.0,646.0,581.0,668.0,95.0,95.8,95.52,94.71,23.75,23.55,23.64,23.87,54.0,48.0,45.0,50.0,45.0
1775937502000,1.0,1.0,1.0,1.0,1.0,584.0,611.0,611.0,689.0,94.97,95.96,95.54,94.54,23.71,23.5,23.59,23.84,55.0,48.0,39.0,54.0,48.0
1775937803000,1.0,1.0,1.0,1.0,1.0,621.0,605.0,676.0,644.0,95.11,95.97,95.66,94.36,23.69,23.47,23.58,23.79,56.0,48.0,52.0,43.0,51.0
1775938103000,1.0,1.0,1.0,1.0,1.0,627.0,621.0,626.0,636.0,94.96,95.95,95.41,94.23,23.65,23.42,23.53,23.77,51.0,39.0,35.0,32.0,30.0
1775938404000,1.0,1.0,1.0,1.0,1.0,588.0,624.0,628.0,614.0,95.05,96.04,95.58,94.31,23.61,23.39,23.48,23.71,57.0,54.0,43.0,42.0,52.0
1775938704000,1.0,1.0,2.0,1.0,1.0,589.0,545.0,662.0,613.0,95.57,96.5,96.65,94.74,23.58,23.36,23.45,23.69,53.0,52.0,75.0,46.0,54.0
1775939005000,1.0,1.0,1.0,1.0,1.0,640.0,637.0,629.0,664.0,95.23,96.21,95.77,94.61,23.56,23.33,23.42,23.65,47.0,41.0,37.0,41.0,34.0
1775939306000,1.0,1.0,1.0,1.0,1.0,598.0,587.0,605.0,710.0,95.35,96.32,95.85,95.02,23.52,23.32,23.39,23.62,53.0,51.0,37.0,55.0,54.0
1775939606000,1.0,1.0,1.0,1.0,2.0,625.0,597.0,648.0,659.0,95.33,96.32,96.21,94.93,23.5,23.26,23.36,23.59,58.0,48.0,50.0,48.0,90.0
1775939907000,1.0,1.0,1.0,1.0,1.0,598.0,595.0,615.0,619.0,95.85,96.8,96.57,95.19,23.46,23.24,23.33,23.54,58.0,59.0,51.0,43.0,40.0
1775940207000,1.0,1.0,1.0,1.0,1.0,582.0,611.0,598.0,664.0,95.93,96.82,96.46,95.43,23.43,23.22,23.32,23.52,63.0,56.0,44.0,57.0,47.0
1775940508000,1.0,1.0,1.0,1.0,2.0,590.0,615.0,642.0,681.0,96.09,97.02,96.61,95.48,23.41,23.2,23.29,23.49,63.0,56.0,55.0,56.0,130.0
1775940808000,1.0,1.0,1.0,1.0,1.0,649.0,629.0,624.0,725.0,95.94,96.73,96.3,95.53,23.4,23.19,23.26,23.46,54.0,51.0,40.0,59.0,48.0
1775941109000,1.0,1.0,1.0,1.0,1.0,633.0,648.0,628.0,698.0,95.85,96.64,96.19,95.32,23.38,23.16,23.27,23.44,62.0,43.0,45.0,56.0,46.0
1775941410000,1.0,1.0,1.0,1.0,2.0,633.0,639.0,634.0,698.0,95.56,96.66,96.38,95.51,23.35,23.14,23.25,23.41,60.0,51.0,49.0,52.0,74.0
1775941710000,1.0,1.0,1.0,1.0,1.0,600.0,640.0,641.0,705.0,95.65,96.61,96.21,95.37,23.32,23.11,23.22,23.38,61.0,52.0,41.0,61.0,29.0
1775942011000,1.0,1.0,1.0,1.0,1.0,617.0,600.0,625.0,632.0,95.8,96.68,96.27,95.48,23.28,23.06,23.19,23.37,65.0,54.0,42.0,42.0,56.0
1775942311000,1.0,1.0,1.0,1.0,2.0,594.0,611.0,670.0,656.0,95.93,96.87,96.7,95.59,23.25,23.05,23.17,23.35,58.0,54.0,59.0,54.0,71.0
1775942612000,1.0,1.0,1.0,1.0,1.0,603.0,604.0,632.0,702.0,96.02,97.0,96.68,95.97,23.23,23.02,23.14,23.34,54.0,44.0,36.0,61.0,34.0
1775942912000,1.0,1.0,1.0,1.0,1.0,597.0,619.0,661.0,657.0,96.3,97.27,96.7,95.97,23.21,23.0,23.13,23.31,52.0,46.0,31.0,42.0,43.0
1775943213000,1.0,1.0,1.0,1.0,2.0,584.0,596.0,625.0,692.0,96.53,97.33,96.88,96.19,23.19,22.99,23.12,23.3,52.0,41.0,40.0,60.0,74.0
1775943513000,1.0,1.0,1.0,1.0,1.0,603.0,658.0,632.0,696.0,96.45,97.39,96.73,96.15,23.18,22.96,23.1,23.3,47.0,41.0,35.0,52.0,31.0
1775943814000,1.0,1.0,1.0,1.0,1.0,642.0,630.0,613.0,644.0,96.32,97.2,96.34,95.87,23.15,22.96,23.08,23.28,44.0,38.0,38.0,32.0,34.0
1775944115000,1.0,1.0,2.0,1.0,2.0,621.0,644.0,762.0,687.0,95.99,96.75,96.74,95.47,23.14,22.93,23.06,23.25,46.0,34.0,75.0,35.0,174.0
1775944415000,1.0,1.0,1.0,1.0,1.0,663.0,665.0,695.0,685.0,95.41,96.07,95.95,95.03,23.11,22.91,23.02,23.22,44.0,37.0,36.0,50.0,35.0
1775944716000,1.0,1.0,1.0,1.0,1.0,631.0,633.0,677.0,722.0,95.66,96.45,95.95,95.33,23.07,22.86,22.99,23.18,54.0,45.0,43.0,45.0,44.0
1775945016000,1.0,1.0,2.0,1.0,2.0,619.0,661.0,726.0,671.0,95.76,96.76,96.67,95.24,23.03,22.82,22.95,23.14,54.0,42.0,85.0,42.0,106.0
1775945317000,1.0,1.0,1.0,1.0,1.0,635.0,617.0,645.0,699.0,95.85,96.74,96.24,95.27,23.0,22.78,22.91,23.12,48.0,49.0,42.0,53.0,48.0
1775945617000,1.0,1.0,1.0,1.0,1.0,614.0,619.0,616.0,689.0,95.9,96.71,96.24,95.56,22.96,22.75,22.89,23.09,58.0,49.0,47.0,45.0,44.0
1775945918000,1.0,1.0,1.0,1.0,2.0,632.0,617.0,632.0,721.0,96.11,97.02,96.5,95.88,22.94,22.73,22.85,23.06,63.0,55.0,57.0,65.0,123.0
1775946219000,1.0,1.0,1.0,1.0,2.0,636.0,612.0,665.0,721.0,96.13,96.88,96.29,96.11,22.92,22.7,22.82,23.04,57.0,48.0,41.0,72.0,72.0
1775946519000,1.0,1.0,1.0,2.0,1.0,646.0,693.0,683.0,728.0,95.94,96.64,96.06,95.61,22.89,22.68,22.81,23.04,54.0,49.0,40.0,67.0,35.0
1775946820000,1.0,1.0,1.0,1.0,2.0,664.0,678.0,746.0,679.0,95.66,96.23,96.12,95.19,22.86,22.64,22.78,23.01,47.0,40.0,62.0,59.0,87.0
1775947120000,1.0,1.0,1.0,1.0,1.0,666.0,679.0,690.0,731.0,95.26,95.83,95.7,95.02,22.81,22.6,22.74,22.98,55.0,41.0,38.0,32.0,37.0
1775947421000,1.0,1.0,1.0,1.0,1.0,714.0,694.0,684.0,704.0,95.54,96.22,95.8,95.03,22.78,22.57,22.67,22.92,51.0,46.0,37.0,33.0,46.0
1775947721000,1.0,1.0,2.0,1.0,1.0,689.0,685.0,767.0,660.0,95.78,96.37,96.67,94.95,22.74,22.51,22.6,22.88,66.0,52.0,77.0,31.0,65.0
1775948022000,1.0,1.0,1.0,1.0,1.0,705.0,663.0,731.0,767.0,95.77,96.54,96.36,95.19,22.69,22.49,22.55,22.83,63.0,54.0,46.0,57.0,56.0
1775948322000,1.0,1.0,1.0,2.0,1.0,682.0,684.0,669.0,749.0,95.83,96.6,96.05,95.23,22.66,22.45,22.52,22.79,60.0,52.0,43.0,76.0,47.0
1775948623000,1.0,1.0,2.0,1.0,2.0,666.0,666.0,729.0,751.0,95.83,96.48,96.45,95.24,22.62,22.4,22.48,22.74,60.0,48.0,94.0,57.0,87.0
1775948924000,1.0,1.0,1.0,1.0,1.0,643.0,692.0,705.0,689.0,95.85,96.57,96.28,95.12,22.58,22.37,22.44,22.7,64.0,52.0,44.0,46.0,48.0
1775949224000,1.0,1.0,1.0,1.0,1.0,683.0,664.0,637.0,724.0,95.99,96.74,96.17,95.16,22.56,22.33,22.4,22.67,59.0,50.0,50.0,54.0,50.0
1775949525000,2.0,1.0,1.0,1.0,2.0,670.0,664.0,687.0,701.0,96.14,96.88,96.43,95.52,22.54,22.3,22.39,22.65,73.0,62.0,58.0,64.0,82.0
1775949825000,2.0,2.0,1.0,2.0,1.0,638.0,629.0,652.0,740.0,96.22,96.94,96.39,95.78,22.51,22.28,22.37,22.64,76.0,77.0,59.0,73.0,57.0
1775950126000,2.0,2.0,1.0,2.0,1.0,622.0,654.0,648.0,665.0,96.43,97.13,96.49,95.66,22.5,22.26,22.36,22.62,92.0,74.0,58.0,75.0,60.0
1775950426000,2.0,2.0,1.0,2.0,2.0,606.0,616.0,649.0,709.0,96.57,97.47,96.84,96.18,22.5,22.26,22.35,22.63,89.0,68.0,62.0,89.0,118.0
1775950727000,2.0,2.0,1.0,2.0,1.0,607.0,624.0,646.0,691.0,97.03,97.65,96.96,96.07,22.49,22.25,22.36,22.65,84.0,69.0,59.0,73.0,63.0
1775951028000,2.0,2.0,2.0,1.0,2.0,600.0,594.0,654.0,628.0,97.49,98.1,97.26,96.08,22.5,22.26,22.35,22.66,106.0,95.0,83.0,50.0,77.0
1775951328000,2.0,2.0,2.0,2.0,2.0,629.0,631.0,744.0,807.0,97.46,98.06,97.88,97.22,22.51,22.27,22.38,22.7,91.0,78.0,118.0,125.0,112.0
1775951629000,2.0,2.0,2.0,1.0,2.0,586.0,627.0,678.0,684.0,97.8,98.33,98.07,97.29,22.53,22.29,22.41,22.73,84.0,79.0,68.0,55.0,84.0
1775951929000,2.0,2.0,1.0,2.0,2.0,598.0,634.0,615.0,645.0,97.94,98.58,98.17,97.16,22.57,22.33,22.46,22.77,96.0,84.0,69.0,89.0,75.0
1775952230000,2.0,2.0,2.0,2.0,2.0,616.0,601.0,659.0,663.0,98.42,99.11,98.65,97.44,22.6,22.38,22.5,22.82,96.0,89.0,78.0,66.0,180.0
1775952530000,2.0,2.0,1.0,1.0,2.0,621.0,624.0,616.0,709.0,97.98,98.57,98.07,96.83,22.65,22.44,22.57,22.89,89.0,77.0,70.0,62.0,76.0
1775952831000,2.0,2.0,2.0,2.0,2.0,586.0,628.0,654.0,692.0,97.85,98.37,97.74,96.67,22.69,22.48,22.61,22.95,97.0,83.0,71.0,109.0,88.0
1775953131000,2.0,2.0,2.0,2.0,2.0,596.0,609.0,631.0,680.0,97.77,98.35,97.85,96.95,22.76,22.54,22.67,22.99,97.0,88.0,83.0,92.0,162.0
1775953432000,2.0,2.0,2.0,2.0,2.0,593.0,593.0,641.0,682.0,97.54,98.16,97.14,96.48,22.82,22.58,22.74,23.06,94.0,86.0,77.0,88.0,90.0
1775953733000,2.0,2.0,2.0,2.0,2.0,588.0,604.0,605.0,678.0,97.29,97.9,96.97,96.58,22.88,22.65,22.8,23.13,103.0,88.0,75.0,122.0,116.0
1775954033000,2.0,2.0,2.0,2.0,2.0,627.0,614.0,644.0,673.0,96.77,97.49,97.0,96.09,22.96,22.72,22.86,23.2,115.0,103.0,113.0,95.0,127.0
1775954334000,2.0,2.0,2.0,2.0,2.0,588.0,607.0,604.0,631.0,96.53,97.18,96.29,95.18,23.03,22.79,22.94,23.27,114.0,100.0,83.0,76.0,176.0
1775954634000,2.0,2.0,2.0,2.0,2.0,561.0,581.0,602.0,578.0,96.12,96.72,95.98,94.92,23.12,22.88,23.02,23.35,117.0,107.0,95.0,97.0,120.0
1775954935000,2.0,2.0,2.0,2.0,2.0,569.0,619.0,617.0,625.0,95.98,96.67,96.01,94.89,23.23,23.0,23.14,23.46,124.0,112.0,112.0,111.0,118.0
1775955235000,2.0,2.0,2.0,2.0,2.0,579.0,597.0,598.0,700.0,95.88,97.21,96.13,94.92,23.35,23.12,23.28,23.58,122.0,114.0,99.0,106.0,149.0
1775955536000,2.0,2.0,2.0,2.0,2.0,572.0,589.0,562.0,634.0,94.51,95.57,95.17,93.91,23.52,23.27,23.41,23.74,126.0,112.0,100.0,102.0,118.0
1775955837000,2.0,2.0,2.0,2.0,2.0,576.0,542.0,620.0,731.0,94.17,95.36,94.78,94.21,23.66,23.43,23.57,23.88,138.0,120.0,120.0,165.0,154.0
1775956137000,2.0,2.0,2.0,2.0,3.0,539.0,567.0,624.0,594.0,93.83,94.82,94.53,93.61,23.83,23.6,23.73,24.04,130.0,115.0,109.0,81.0,351.0
1775956438000,2.0,2.0,2.0,2.0,2.0,549.0,564.0,587.0,701.0,94.12,95.15,94.37,93.85,24.01,23.78,23.91,24.22,118.0,113.0,98.0,138.0,157.0
1775956738000,2.0,2.0,2.0,2.0,2.0,582.0,555.0,623.0,883.0,94.1,95.33,94.74,94.57,24.23,23.99,24.1,24.4,119.0,102.0,112.0,186.0,121.0
1775957039000,2.0,2.0,2.0,2.0,2.0,558.0,586.0,610.0,625.0,93.88,95.18,94.66,93.54,24.46,24.22,24.31,24.61,128.0,109.0,120.0,92.0,217.0
1775957339000,2.0,2.0,2.0,2.0,2.0,577.0,527.0,584.0,694.0,93.58,94.62,94.17,93.6,24.71,24.44,24.51,24.83,130.0,123.0,113.0,205.0,114.0
1775957640000,2.0,2.0,2.0,2.0,2.0,548.0,545.0,579.0,756.0,93.28,94.53,93.7,94.09,24.97,24.7,24.79,25.04,143.0,135.0,119.0,173.0,178.0
1775957941000,2.0,2.0,2.0,2.0,2.0,545.0,582.0,559.0,578.0,92.48,93.37,92.9,92.53,25.23,24.96,25.06,25.28,145.0,129.0,125.0,111.0,149.0
1775958241000,2.0,2.0,2.0,2.0,2.0,570.0,559.0,580.0,580.0,91.57,92.74,92.47,92.04,25.51,25.21,25.32,25.51,142.0,139.0,130.0,152.0,137.0
1775958542000,2.0,2.0,2.0,2.0,2.0,545.0,568.0,534.0,576.0,90.39,91.67,90.91,90.63,25.79,25.45,25.56,25.73,145.0,134.0,132.0,113.0,145.0
1775958842000,2.0,2.0,2.0,2.0,2.0,530.0,568.0,539.0,533.0,89.48,91.15,90.38,90.13,26.04,25.66,25.78,25.94,145.0,148.0,140.0,128.0,201.0
1775959143000,2.0,2.0,2.0,2.0,2.0,561.0,576.0,551.0,560.0,88.78,90.47,89.74,89.52,26.29,25.89,26.0,26.12,157.0,149.0,146.0,149.0,139.0
1775959443000,2.0,2.0,2.0,2.0,2.0,522.0,526.0,565.0,584.0,88.26,90.02,89.39,89.0,26.55,26.13,26.25,26.34,161.0,153.0,165.0,142.0,159.0
1775959744000,2.0,2.0,2.0,2.0,2.0,542.0,510.0,525.0,586.0,87.85,89.17,88.79,88.49,26.79,26.36,26.48,26.56,154.0,157.0,154.0,148.0,210.0
1775960045000,2.0,2.0,2.0,2.0,2.0,514.0,554.0,536.0,614.0,87.03,88.72,88.41,88.2,27.03,26.57,26.69,26.77,165.0,166.0,170.0,186.0,178.0
1775960345000,2.0,2.0,2.0,3.0,2.0,525.0,543.0,560.0,651.0,86.11,87.19,86.71,87.08,27.24,26.8,26.91,26.98,164.0,160.0,162.0,248.0,187.0
1775960646000,2.0,2.0,2.0,2.0,2.0,497.0,517.0,580.0,517.0,84.99,86.67,86.02,85.71,27.45,27.0,27.13,27.17,163.0,160.0,168.0,138.0,159.0
1775960946000,2.0,2.0,2.0,2.0,2.0,532.0,527.0,528.0,519.0,83.6,85.73,85.22,84.9,27.67,27.2,27.33,27.35,164.0,169.0,175.0,160.0,166.0
1775961249000,2.0,2.0,2.0,2.0,3.0,506.0,517.0,522.0,557.0,81.7,83.74,83.11,83.26,27.86,27.39,27.5,27.52,170.0,176.0,173.0,151.0,276.0
1775961549000,2.0,2.0,2.0,2.0,2.0,537.0,541.0,518.0,560.0,80.85,82.57,82.63,83.0,28.06,27.57,27.68,27.7,176.0,177.0,188.0,179.0,175.0
1775961850000,2.0,2.0,2.0,2.0,2.0,533.0,502.0,573.0,551.0,80.83,82.68,82.23,82.03,28.24,27.75,27.87,27.87,183.0,187.0,196.0,161.0,186.0
1775962151000,2.0,2.0,2.0,2.0,2.0,524.0,523.0,542.0,526.0,79.81,81.82,81.5,81.14,28.47,27.97,28.04,28.04,193.0,194.0,197.0,168.0,174.0
1775962451000,2.0,2.0,3.0,2.0,2.0,526.0,549.0,527.0,537.0,79.49,82.14,81.18,80.94,28.66,28.18,28.23,28.22,217.0,210.0,223.0,191.0,184.0
1775962752000,2.0,2.0,2.0,2.0,2.0,514.0,526.0,536.0,497.0,78.98,81.18,80.75,80.55,28.85,28.39,28.42,28.38,191.0,205.0,216.0,174.0,196.0
1775963052000,2.0,2.0,2.0,2.0,2.0,503.0,506.0,502.0,499.0,80.47,82.44,81.33,81.42,29.03,28.61,28.61,28.55,202.0,219.0,223.0,187.0,199.0
1775963353000,2.0,3.0,3.0,2.0,2.0,533.0,524.0,515.0,465.0,79.26,81.45,80.67,80.41,29.2,28.79,28.78,28.73,206.0,223.0,226.0,190.0,195.0
1775963653000,2.0,3.0,3.0,2.0,2.0,505.0,507.0,484.0,506.0,79.18,81.0,80.2,79.38,29.35,28.96,28.95,28.87,212.0,239.0,243.0,198.0,208.0
1775963954000,2.0,3.0,3.0,2.0,2.0,508.0,516.0,540.0,520.0,76.14,77.74,77.48,76.1,29.48,29.12,29.1,29.03,207.0,228.0,234.0,188.0,185.0
1775964255000,3.0,3.0,3.0,2.0,2.0,532.0,491.0,525.0,517.0,75.71,77.49,76.88,76.3,29.63,29.29,29.27,29.17,224.0,239.0,245.0,223.0,207.0
1775964555000,2.0,3.0,3.0,2.0,2.0,482.0,515.0,532.0,487.0,73.42,74.44,74.49,74.38,29.75,29.43,29.42,29.33,214.0,235.0,238.0,202.0,202.0
1775964856000,3.0,3.0,3.0,2.0,2.0,499.0,497.0,525.0,473.0,72.59,73.82,73.42,72.99,29.9,29.58,29.57,29.48,229.0,252.0,248.0,215.0,213.0
1775965156000,3.0,3.0,3.0,3.0,2.0,494.0,485.0,540.0,566.0,70.98,71.98,71.57,71.98,30.05,29.73,29.73,29.64,237.0,254.0,246.0,251.0,204.0
1775965457000,3.0,3.0,3.0,3.0,2.0,506.0,530.0,540.0,523.0,69.6,70.18,69.58,70.49,30.18,29.88,29.87,29.78,238.0,251.0,253.0,233.0,213.0
1775965757000,3.0,3.0,3.0,2.0,2.0,517.0,550.0,508.0,499.0,69.78,70.45,69.72,69.71,30.33,30.03,30.03,29.94,254.0,268.0,275.0,223.0,224.0
1775966058000,3.0,3.0,3.0,3.0,3.0,492.0,512.0,523.0,537.0,67.74,68.97,68.66,68.45,30.51,30.21,30.2,30.1,243.0,275.0,266.0,238.0,262.0
1775966358000,3.0,3.0,3.0,3.0,3.0,483.0,500.0,534.0,493.0,67.23,68.57,68.12,68.14,30.71,30.42,30.37,30.25,256.0,288.0,279.0,241.0,237.0
1775966659000,3.0,3.0,3.0,3.0,3.0,479.0,508.0,493.0,499.0,66.83,67.55,67.35,67.34,30.89,30.61,30.57,30.44,270.0,287.0,284.0,248.0,234.0
1775966960000,3.0,3.0,3.0,3.0,3.0,479.0,486.0,535.0,508.0,67.57,68.69,68.81,68.81,31.06,30.78,30.75,30.62,278.0,295.0,300.0,261.0,260.0
1775967260000,3.0,3.0,3.0,3.0,3.0,505.0,504.0,515.0,477.0,65.09,66.43,66.35,66.5,31.2,30.94,30.9,30.76,262.0,290.0,285.0,242.0,295.0
1775967561000,3.0,3.0,3.0,3.0,3.0,464.0,492.0,514.0,471.0,68.48,69.66,69.63,69.72,31.35,31.1,31.05,30.93,292.0,330.0,330.0,297.0,295.0
1775967861000,3.0,3.0,3.0,3.0,3.0,500.0,515.0,485.0,520.0,67.9,69.58,69.59,69.68,31.5,31.28,31.23,31.11,281.0,313.0,320.0,315.0,294.0
1775968162000,3.0,3.0,3.0,3.0,3.0,527.0,458.0,494.0,489.0,68.84,70.85,70.39,70.02,31.64,31.43,31.38,31.25,287.0,330.0,331.0,312.0,290.0
1775968462000,3.0,3.0,3.0,3.0,3.0,491.0,479.0,488.0,618.0,72.58,74.31,73.78,74.05,31.7,31.44,31.39,31.27,290.0,332.0,335.0,387.0,302.0
1775968763000,3.0,3.0,3.0,3.0,3.0,503.0,459.0,490.0,516.0,74.38,76.62,76.66,76.44,31.43,31.09,31.09,30.96,265.0,312.0,308.0,280.0,306.0
1775969064000,3.0,3.0,3.0,3.0,3.0,476.0,505.0,490.0,497.0,75.25,77.22,77.3,77.0,31.03,30.65,30.64,30.49,249.0,282.0,272.0,228.0,231.0
1775969364000,3.0,3.0,3.0,3.0,3.0,494.0,484.0,485.0,604.0,77.17,79.12,79.26,79.88,30.61,30.17,30.18,30.02,235.0,259.0,264.0,326.0,247.0
1775969665000,3.0,3.0,3.0,2.0,3.0,501.0,490.0,496.0,512.0,79.29,81.65,81.41,81.63,30.23,29.76,29.75,29.58,228.0,254.0,245.0,227.0,236.0
1775969965000,2.0,3.0,3.0,2.0,2.0,494.0,500.0,497.0,476.0,80.4,83.07,82.51,82.57,29.89,29.4,29.41,29.24,224.0,249.0,244.0,203.0,218.0
1775970266000,2.0,3.0,3.0,2.0,2.0,481.0,486.0,491.0,493.0,82.26,84.33,83.66,83.98,29.59,29.12,29.13,28.96,216.0,242.0,237.0,212.0,219.0
1775970566000,2.0,3.0,3.0,2.0,2.0,484.0,485.0,520.0,480.0,83.09,85.77,84.8,84.78,29.34,28.86,28.92,28.75,217.0,229.0,229.0,204.0,217.0
1775970867000,2.0,3.0,3.0,2.0,3.0,467.0,452.0,475.0,494.0,85.46,87.87,86.72,86.91,29.16,28.69,28.76,28.6,221.0,234.0,243.0,214.0,227.0
1775971168000,2.0,3.0,3.0,3.0,3.0,488.0,457.0,451.0,550.0,87.43,89.3,88.17,88.55,29.03,28.55,28.64,28.49,218.0,230.0,230.0,254.0,317.0
1775971468000,2.0,3.0,3.0,2.0,3.0,451.0,472.0,494.0,490.0,87.97,90.1,88.95,89.28,28.93,28.47,28.55,28.42,217.0,236.0,237.0,200.0,235.0
1775971769000,2.0,2.0,3.0,3.0,3.0,487.0,465.0,498.0,473.0,88.66,90.98,90.15,90.47,28.9,28.45,28.53,28.4,221.0,227.0,239.0,248.0,232.0
1775972069000,2.0,3.0,3.0,3.0,3.0,471.0,492.0,470.0,505.0,89.03,91.75,90.61,90.64,28.89,28.45,28.53,28.41,220.0,234.0,233.0,226.0,262.0
1775972370000,2.0,2.0,3.0,2.0,3.0,517.0,452.0,504.0,512.0,88.09,90.61,89.66,89.83,28.91,28.47,28.56,28.43,211.0,224.0,230.0,207.0,230.0
1775972670000,3.0,3.0,2.0,3.0,3.0,498.0,466.0,494.0,505.0,89.33,91.29,90.76,91.0,28.95,28.54,28.63,28.5,224.0,238.0,232.0,227.0,254.0
1775972971000,2.0,3.0,3.0,2.0,3.0,479.0,491.0,511.0,505.0,87.76,89.78,89.09,89.75,29.02,28.61,28.71,28.59,218.0,232.0,232.0,219.0,238.0
1775973272000,3.0,3.0,3.0,3.0,3.0,494.0,468.0,495.0,544.0,88.4,90.56,90.39,90.79,29.14,28.73,28.85,28.77,235.0,245.0,247.0,329.0,335.0
1775973572000,3.0,3.0,3.0,3.0,3.0,453.0,482.0,509.0,544.0,85.68,88.24,88.05,88.49,29.3,28.95,29.1,29.04,229.0,237.0,259.0,259.0,360.0
1775973873000,3.0,3.0,3.0,3.0,3.0,494.0,493.0,537.0,560.0,88.07,89.88,89.2,89.7,29.55,29.24,29.47,29.41,253.0,266.0,287.0,319.0,369.0
1775974173000,3.0,3.0,3.0,3.0,3.0,480.0,473.0,485.0,516.0,89.22,91.48,89.86,89.76,29.72,29.44,29.69,29.64,255.0,270.0,291.0,292.0,312.0
1775974474000,3.0,3.0,3.0,3.0,3.0,489.0,475.0,506.0,556.0,88.15,90.14,88.87,89.01,29.75,29.44,29.71,29.65,243.0,253.0,278.0,354.0,344.0
1775974774000,3.0,3.0,3.0,3.0,3.0,472.0,468.0,472.0,520.0,89.04,90.97,89.2,89.31,29.73,29.37,29.66,29.56,237.0,250.0,282.0,283.0,289.0
1775975075000,3.0,3.0,3.0,3.0,3.0,481.0,493.0,493.0,484.0,89.25,91.04,89.58,89.46,29.67,29.29,29.55,29.47,223.0,254.0,263.0,251.0,280.0
1775975375000,2.0,3.0,3.0,3.0,3.0,507.0,475.0,500.0,508.0,89.64,91.51,90.08,89.76,29.59,29.23,29.48,29.37,218.0,253.0,259.0,245.0,276.0
1775975676000,3.0,3.0,3.0,3.0,3.0,498.0,495.0,510.0,474.0,90.77,92.94,91.28,90.84,29.53,29.16,29.37,29.27,231.0,251.0,258.0,247.0,284.0
1775975977000,2.0,3.0,3.0,3.0,3.0,496.0,475.0,477.0,466.0,91.58,93.33,91.79,91.62,29.48,29.1,29.31,29.21,222.0,249.0,255.0,245.0,356.0
1775976277000,3.0,3.0,3.0,3.0,3.0,449.0,523.0,476.0,451.0,91.47,93.21,92.04,91.85,29.45,29.09,29.27,29.18,231.0,249.0,271.0,258.0,263.0
1775976578000,3.0,3.0,3.0,3.0,3.0,469.0,463.0,488.0,446.0,92.35,93.94,92.4,92.13,29.45,29.1,29.25,29.19,233.0,265.0,264.0,250.0,270.0
1775976878000,3.0,3.0,3.0,3.0,3.0,461.0,491.0,501.0,481.0,91.08,92.84,91.5,91.18,29.44,29.08,29.24,29.17,227.0,250.0,261.0,250.0,279.0
1775977179000,3.0,3.0,3.0,3.0,3.0,462.0,479.0,486.0,561.0,90.57,92.65,91.4,91.21,29.4,29.05,29.19,29.14,230.0,251.0,260.0,287.0,325.0
1775977479000,3.0,3.0,3.0,3.0,3.0,463.0,474.0,491.0,480.0,90.11,92.01,90.8,90.54,29.35,28.99,29.13,29.08,231.0,253.0,262.0,242.0,299.0
1775977780000,3.0,3.0,3.0,3.0,3.0,469.0,481.0,469.0,581.0,91.61,93.18,92.08,92.18,29.29,28.92,29.08,29.04,240.0,263.0,268.0,312.0,290.0
1775978081000,3.0,3.0,3.0,3.0,3.0,469.0,482.0,517.0,450.0,90.92,93.52,92.52,92.13,29.25,28.9,29.04,29.0,236.0,267.0,278.0,274.0,272.0
1775978381000,3.0,3.0,3.0,3.0,3.0,480.0,503.0,499.0,508.0,90.58,91.92,91.46,91.13,29.22,28.87,29.03,28.99,239.0,251.0,261.0,263.0,273.0
1775978682000,3.0,3.0,3.0,3.0,3.0,485.0,484.0,500.0,476.0,89.53,91.7,90.99,90.32,29.22,28.89,29.04,29.03,235.0,255.0,261.0,260.0,315.0
1775978982000,3.0,3.0,3.0,3.0,3.0,458.0,440.0,431.0,486.0,89.95,91.72,90.75,90.02,29.29,28.95,29.15,29.16,250.0,266.0,270.0,277.0,316.0
1775979283000,3.0,3.0,3.0,3.0,3.0,441.0,472.0,485.0,473.0,89.9,91.52,90.08,89.38,29.41,29.13,29.36,29.44,242.0,265.0,290.0,306.0,338.0
1775979583000,3.0,3.0,3.0,3.0,3.0,488.0,462.0,496.0,455.0,90.93,92.25,90.67,89.68,29.52,29.3,29.59,29.69,238.0,274.0,291.0,317.0,305.0
1775979884000,2.0,3.0,3.0,3.0,3.0,468.0,471.0,466.0,476.0,90.65,91.88,90.01,89.15,29.51,29.31,29.6,29.7,223.0,252.0,273.0,279.0,280.0
1775980185000,2.0,3.0,3.0,3.0,3.0,486.0,478.0,456.0,518.0,90.69,91.96,90.13,89.47,29.44,29.19,29.5,29.56,218.0,248.0,259.0,267.0,279.0
1775980485000,2.0,3.0,3.0,3.0,3.0,482.0,525.0,466.0,490.0,91.4,92.74,91.08,90.48,29.33,29.06,29.35,29.39,205.0,238.0,242.0,254.0,303.0
1775980786000,2.0,2.0,3.0,3.0,2.0,503.0,479.0,501.0,487.0,92.6,94.12,92.46,91.81,29.23,28.95,29.23,29.24,201.0,227.0,234.0,237.0,218.0
1775981086000,2.0,2.0,3.0,3.0,2.0,494.0,463.0,481.0,518.0,92.94,94.3,92.78,92.27,29.14,28.86,29.13,29.13,198.0,223.0,231.0,252.0,224.0
1775981387000,2.0,2.0,3.0,3.0,2.0,474.0,489.0,483.0,507.0,93.6,94.99,93.26,92.76,29.08,28.77,29.02,29.02,196.0,217.0,230.0,235.0,210.0
1775981687000,2.0,2.0,3.0,2.0,2.0,468.0,461.0,520.0,474.0,93.8,95.12,93.48,93.02,29.01,28.71,28.94,28.95,193.0,215.0,226.0,220.0,223.0
1775981988000,2.0,2.0,2.0,2.0,2.0,464.0,521.0,496.0,487.0,92.8,94.05,92.95,92.14,28.94,28.65,28.89,28.88,187.0,201.0,223.0,223.0,221.0
1775982289000,2.0,2.0,3.0,2.0,2.0,497.0,505.0,534.0,473.0,92.79,94.12,92.84,92.18,28.86,28.56,28.8,28.79,182.0,206.0,231.0,203.0,209.0
1775982589000,2.0,2.0,2.0,2.0,2.0,502.0,504.0,527.0,496.0,92.71,94.05,92.67,92.12,28.78,28.45,28.7,28.68,178.0,201.0,209.0,210.0,215.0
1775982890000,2.0,2.0,2.0,2.0,2.0,506.0,478.0,488.0,472.0,92.79,94.17,92.76,92.3,28.66,28.37,28.58,28.58,180.0,203.0,206.0,197.0,188.0
1775983190000,2.0,2.0,2.0,2.0,2.0,508.0,496.0,510.0,492.0,93.11,94.43,93.23,92.66,28.57,28.26,28.49,28.48,162.0,188.0,203.0,204.0,198.0
1775983491000,2.0,2.0,2.0,2.0,3.0,482.0,504.0,492.0,483.0,93.47,94.91,93.41,92.89,28.5,28.19,28.41,28.41,173.0,192.0,201.0,192.0,227.0
1775983791000,2.0,2.0,2.0,2.0,2.0,491.0,538.0,524.0,450.0,93.74,95.07,93.55,93.01,28.43,28.13,28.34,28.35,163.0,185.0,193.0,190.0,180.0
1775984092000,2.0,2.0,2.0,2.0,3.0,493.0,497.0,534.0,485.0,93.75,95.12,93.76,93.14,28.35,28.07,28.28,28.29,165.0,182.0,190.0,180.0,283.0
1775984393000,2.0,2.0,2.0,2.0,2.0,510.0,498.0,506.0,495.0,93.03,94.34,92.95,92.4,28.29,28.02,28.22,28.24,151.0,184.0,192.0,181.0,175.0
1775984693000,2.0,2.0,2.0,2.0,2.0,536.0,509.0,540.0,497.0,92.47,93.79,92.34,91.61,28.23,27.98,28.17,28.18,157.0,175.0,185.0,182.0,188.0
1775984994000,2.0,2.0,2.0,2.0,2.0,505.0,506.0,514.0,498.0,92.09,93.47,91.84,91.14,28.17,27.91,28.13,28.13,150.0,175.0,188.0,172.0,201.0
1775985294000,2.0,2.0,2.0,2.0,2.0,499.0,481.0,522.0,457.0,91.27,92.32,90.88,90.1,28.12,27.89,28.1,28.13,153.0,174.0,188.0,179.0,189.0
1775985595000,2.0,2.0,2.0,2.0,2.0,520.0,495.0,522.0,477.0,90.88,92.54,90.38,89.73,28.1,27.89,28.14,28.19,155.0,175.0,189.0,195.0,194.0
1775985895000,2.0,2.0,2.0,2.0,3.0,508.0,494.0,499.0,533.0,90.63,91.37,89.75,88.92,28.12,27.97,28.21,28.27,165.0,187.0,196.0,221.0,224.0
1775986196000,2.0,2.0,2.0,3.0,3.0,486.0,529.0,489.0,581.0,89.81,90.37,88.09,87.73,28.17,28.07,28.34,28.43,163.0,190.0,200.0,265.0,277.0
1775986497000,2.0,2.0,2.0,3.0,3.0,488.0,514.0,529.0,570.0,88.66,89.11,86.92,86.69,28.27,28.22,28.5,28.62,176.0,190.0,215.0,253.0,325.0
1775986797000,2.0,2.0,2.0,3.0,3.0,497.0,496.0,507.0,531.0,87.64,88.03,86.55,85.88,28.39,28.37,28.65,28.79,176.0,203.0,218.0,240.0,293.0
1775987098000,2.0,2.0,2.0,3.0,3.0,489.0,523.0,504.0,528.0,87.19,87.11,85.12,84.66,28.49,28.5,28.79,28.94,181.0,200.0,216.0,239.0,326.0
1775987398000,2.0,2.0,2.0,3.0,3.0,489.0,485.0,509.0,538.0,86.85,86.63,84.27,83.75,28.6,28.62,28.91,29.06,181.0,211.0,221.0,232.0,366.0
1775987699000,2.0,2.0,3.0,3.0,3.0,496.0,507.0,520.0,619.0,85.95,85.93,83.74,84.12,28.7,28.71,29.02,29.18,181.0,210.0,230.0,271.0,381.0
1775987999000,2.0,2.0,3.0,3.0,3.0,525.0,485.0,536.0,575.0,85.23,85.5,83.42,83.59,28.78,28.78,29.09,29.25,184.0,203.0,228.0,303.0,324.0
1775988300000,2.0,2.0,3.0,3.0,3.0,523.0,496.0,519.0,502.0,84.28,84.95,82.7,82.32,28.84,28.83,29.16,29.32,187.0,209.0,227.0,247.0,352.0
1775988601000,2.0,2.0,3.0,3.0,3.0,485.0,532.0,491.0,474.0,83.56,84.24,82.36,81.65,28.88,28.87,29.19,29.36,185.0,210.0,234.0,253.0,306.0
1775988901000,2.0,2.0,3.0,3.0,3.0,538.0,518.0,529.0,633.0,82.99,83.95,81.93,81.74,28.92,28.91,29.2,29.36,189.0,207.0,227.0,295.0,378.0
1775989202000,2.0,2.0,2.0,3.0,3.0,503.0,506.0,537.0,637.0,82.73,83.15,81.16,82.12,28.93,28.9,29.19,29.37,181.0,207.0,221.0,411.0,306.0
1775989502000,2.0,2.0,2.0,3.0,3.0,473.0,506.0,515.0,512.0,82.33,82.85,81.29,80.92,28.92,28.88,29.17,29.33,174.0,203.0,213.0,236.0,256.0
1775989803000,2.0,2.0,2.0,3.0,3.0,480.0,491.0,530.0,585.0,82.36,82.6,81.16,81.3,28.9,28.83,29.12,29.28,183.0,202.0,218.0,272.0,312.0
1775990103000,2.0,2.0,2.0,3.0,3.0,472.0,524.0,487.0,580.0,81.63,82.27,81.09,80.92,28.85,28.79,29.07,29.2,169.0,200.0,215.0,250.0,316.0
1775990404000,2.0,2.0,3.0,3.0,3.0,480.0,528.0,595.0,541.0,81.04,81.49,80.89,80.23,28.81,28.7,29.01,29.12,163.0,190.0,256.0,260.0,293.0
1775990705000,2.0,2.0,2.0,3.0,3.0,505.0,510.0,513.0,684.0,81.02,81.27,79.88,80.73,28.74,28.63,28.96,29.03,171.0,182.0,204.0,523.0,283.0
1775991005000,2.0,2.0,2.0,2.0,3.0,522.0,550.0,544.0,585.0,80.48,80.63,79.23,79.68,28.68,28.54,28.89,28.93,160.0,182.0,192.0,211.0,282.0
1775991306000,2.0,2.0,2.0,3.0,3.0,500.0,497.0,500.0,582.0,80.19,80.79,79.19,79.68,28.6,28.44,28.81,28.84,170.0,185.0,189.0,263.0,324.0
1775991606000,2.0,2.0,2.0,3.0,3.0,508.0,509.0,545.0,651.0,79.96,80.55,79.31,79.88,28.5,28.36,28.72,28.74,157.0,187.0,220.0,298.0,278.0
1775991907000,2.0,2.0,2.0,3.0,3.0,513.0,488.0,508.0,620.0,79.83,80.68,78.94,79.96,28.42,28.27,28.64,28.66,151.0,183.0,188.0,272.0,279.0
1775992208000,2.0,2.0,2.0,2.0,3.0,507.0,490.0,519.0,532.0,79.58,80.62,78.8,79.42,28.34,28.15,28.56,28.55,154.0,175.0,189.0,214.0,249.0
1775992508000,2.0,2.0,2.0,3.0,3.0,519.0,486.0,506.0,662.0,79.51,80.42,78.72,79.98,28.23,28.06,28.46,28.47,157.0,176.0,189.0,272.0,248.0
1775992809000,2.0,2.0,2.0,3.0,3.0,492.0,515.0,571.0,724.0,79.93,81.01,79.8,80.61,28.15,27.97,28.37,28.38,147.0,192.0,222.0,296.0,237.0
1775993109000,2.0,2.0,2.0,3.0,2.0,497.0,485.0,527.0,631.0,80.57,81.39,79.81,80.59,28.07,27.87,28.28,28.29,150.0,174.0,187.0,241.0,221.0
1775993410000,2.0,2.0,2.0,3.0,2.0,502.0,554.0,517.0,581.0,80.47,81.29,79.76,80.4,27.97,27.77,28.17,28.19,145.0,168.0,188.0,246.0,189.0
1775993710000,2.0,2.0,2.0,2.0,3.0,484.0,455.0,528.0,541.0,80.28,81.32,79.58,79.86,27.88,27.67,28.08,28.09,150.0,174.0,176.0,214.0,276.0
1775994011000,2.0,2.0,2.0,3.0,3.0,496.0,520.0,557.0,539.0,80.67,81.72,79.9,80.5,27.8,27.58,27.98,28.0,145.0,166.0,179.0,246.0,282.0
1775994312000,2.0,2.0,2.0,2.0,2.0,495.0,476.0,548.0,483.0,80.69,81.57,80.03,80.1,27.73,27.48,27.86,27.93,138.0,157.0,170.0,186.0,180.0
1775994612000,2.0,2.0,2.0,2.0,2.0,511.0,512.0,514.0,541.0,80.91,82.1,80.39,80.21,27.62,27.42,27.73,27.86,141.0,160.0,171.0,194.0,189.0
1775994913000,2.0,2.0,2.0,2.0,2.0,507.0,484.0,634.0,575.0,81.04,82.24,81.44,80.41,27.56,27.35,27.64,27.8,134.0,153.0,223.0,199.0,214.0
1775995213000,2.0,2.0,2.0,3.0,3.0,500.0,492.0,561.0,645.0,81.19,82.68,81.33,80.95,27.5,27.29,27.52,27.73,134.0,158.0,201.0,237.0,228.0
1775995514000,2.0,2.0,2.0,2.0,2.0,480.0,507.0,491.0,515.0,81.24,82.37,81.29,80.54,27.43,27.21,27.43,27.65,131.0,150.0,193.0,188.0,175.0
1775995814000,2.0,2.0,2.0,2.0,2.0,474.0,506.0,516.0,512.0,81.06,82.74,81.23,80.39,27.36,27.13,27.34,27.58,123.0,149.0,157.0,164.0,185.0
1775996115000,2.0,2.0,3.0,2.0,2.0,494.0,527.0,562.0,518.0,81.05,82.65,81.74,80.32,27.3,27.07,27.25,27.5,131.0,146.0,265.0,175.0,218.0
1775996416000,2.0,2.0,2.0,2.0,2.0,482.0,536.0,574.0,601.0,81.74,82.87,81.87,81.08,27.22,27.01,27.16,27.43,129.0,141.0,176.0,193.0,204.0
1775996716000,2.0,2.0,2.0,2.0,2.0,483.0,539.0,498.0,570.0,81.15,82.48,81.52,80.81,27.16,26.95,27.09,27.38,128.0,132.0,155.0,174.0,170.0
1775997017000,2.0,2.0,2.0,2.0,2.0,506.0,527.0,543.0,505.0,80.88,82.39,81.37,80.42,27.08,26.87,27.03,27.31,113.0,134.0,145.0,148.0,170.0
1775997317000,2.0,2.0,2.0,2.0,2.0,478.0,558.0,629.0,628.0,81.06,82.29,82.27,81.35,27.03,26.82,26.97,27.27,120.0,133.0,188.0,216.0,194.0
1775997618000,2.0,2.0,2.0,2.0,2.0,503.0,544.0,560.0,570.0,81.55,82.9,81.87,81.17,26.98,26.76,26.91,27.21,118.0,137.0,145.0,167.0,206.0
1775997918000,2.0,2.0,2.0,2.0,2.0,517.0,503.0,546.0,535.0,81.61,83.04,81.69,80.89,26.93,26.72,26.85,27.16,123.0,131.0,135.0,152.0,186.0
1775998219000,2.0,2.0,2.0,2.0,2.0,484.0,533.0,541.0,550.0,81.18,82.49,81.75,80.58,26.86,26.65,26.78,27.11,113.0,126.0,141.0,148.0,167.0
1775998519000,2.0,2.0,2.0,2.0,3.0,534.0,509.0,645.0,573.0,81.01,82.37,82.49,80.81,26.82,26.61,26.74,27.05,105.0,121.0,197.0,211.0,237.0
1775998820000,2.0,2.0,2.0,2.0,2.0,501.0,501.0,534.0,570.0,81.22,82.93,81.87,80.83,26.77,26.56,26.7,27.0,106.0,122.0,146.0,157.0,215.0
1775999121000,2.0,2.0,2.0,2.0,2.0,524.0,527.0,509.0,531.0,81.9,82.45,81.99,80.66,26.74,26.51,26.64,26.96,107.0,121.0,137.0,141.0,191.0
1775999421000,2.0,2.0,2.0,2.0,2.0,529.0,522.0,552.0,508.0,82.13,82.98,82.17,80.74,26.7,26.48,26.6,26.91,106.0,115.0,143.0,137.0,168.0
1775999722000,2.0,2.0,2.0,2.0,2.0,487.0,523.0,650.0,575.0,82.25,83.41,83.34,81.58,26.67,26.44,26.58,26.9,109.0,121.0,212.0,174.0,193.0
1776000022000,2.0,2.0,2.0,2.0,2.0,531.0,504.0,574.0,576.0,82.33,84.04,82.92,81.59,26.64,26.41,26.55,26.86,107.0,123.0,140.0,157.0,209.0
1776000323000,2.0,2.0,2.0,2.0,2.0,547.0,543.0,557.0,630.0,82.65,84.33,82.93,82.26,26.59,26.36,26.49,26.8,103.0,117.0,136.0,170.0,187.0
1776000623000,2.0,2.0,2.0,2.0,2.0,497.0,548.0,526.0,662.0,83.3,84.54,82.98,82.84,26.56,26.32,26.46,26.86,98.0,113.0,133.0,184.0,188.0
1776000924000,2.0,2.0,2.0,2.0,2.0,503.0,536.0,607.0,781.0,83.08,84.66,83.12,82.42,26.51,26.28,26.4,26.96,93.0,107.0,162.0,205.0,223.0
1776001225000,2.0,2.0,2.0,3.0,2.0,529.0,515.0,592.0,686.0,83.28,84.6,83.59,81.99,26.45,26.22,26.37,27.13,96.0,113.0,157.0,251.0,213.0
1776001525000,2.0,2.0,2.0,3.0,2.0,548.0,550.0,545.0,689.0,83.42,84.99,83.75,81.88,26.39,26.15,26.32,27.28,106.0,109.0,136.0,236.0,220.0
1776001826000,2.0,2.0,2.0,3.0,2.0,531.0,507.0,540.0,680.0,83.77,85.15,84.17,81.91,26.31,26.08,26.25,27.4,95.0,109.0,128.0,228.0,219.0
1776002126000,2.0,2.0,2.0,2.0,2.0,511.0,558.0,624.0,745.0,84.3,85.85,85.07,81.7,26.26,26.03,26.19,27.45,92.0,108.0,158.0,200.0,200.0
1776002427000,2.0,2.0,2.0,3.0,2.0,530.0,550.0,651.0,775.0,85.01,86.05,85.48,81.65,26.19,25.97,26.17,27.54,101.0,111.0,189.0,232.0,225.0
1776002727000,2.0,2.0,2.0,2.0,2.0,524.0,552.0,595.0,606.0,84.69,86.04,85.09,80.66,26.12,25.9,26.1,27.6,90.0,106.0,135.0,198.0,196.0
1776003028000,2.0,2.0,2.0,2.0,2.0,514.0,541.0,548.0,643.0,85.61,86.88,85.71,81.1,26.05,25.84,26.05,27.62,88.0,103.0,126.0,221.0,213.0
1776003329000,2.0,2.0,2.0,2.0,2.0,515.0,535.0,605.0,603.0,85.56,87.0,86.02,80.67,25.98,25.79,26.03,27.7,89.0,104.0,167.0,204.0,187.0
1776003629000,2.0,2.0,2.0,2.0,3.0,527.0,558.0,611.0,719.0,85.75,87.08,85.97,80.93,25.91,25.72,25.99,27.72,87.0,100.0,134.0,233.0,276.0
1776003930000,2.0,2.0,2.0,2.0,2.0,517.0,511.0,552.0,555.0,85.79,87.01,86.04,80.08,25.85,25.67,25.94,27.74,86.0,96.0,141.0,183.0,172.0
1776004230000,2.0,2.0,2.0,2.0,2.0,537.0,560.0,574.0,536.0,86.31,87.27,86.2,79.67,25.78,25.6,25.9,27.78,85.0,101.0,137.0,172.0,195.0
1776004531000,2.0,2.0,2.0,2.0,2.0,542.0,556.0,562.0,686.0,86.42,87.45,86.53,80.09,25.72,25.56,25.88,27.8,94.0,109.0,150.0,216.0,192.0
1776004831000,2.0,2.0,2.0,2.0,3.0,533.0,576.0,590.0,652.0,86.8,87.78,86.72,80.23,25.64,25.5,25.84,27.76,89.0,103.0,141.0,195.0,228.0
1776005132000,2.0,2.0,2.0,2.0,2.0,542.0,554.0,555.0,582.0,87.41,88.33,87.3,80.42,25.59,25.44,25.81,27.72,98.0,109.0,131.0,171.0,189.0
1776005433000,2.0,2.0,2.0,2.0,2.0,539.0,533.0,558.0,540.0,87.96,89.08,87.81,80.87,25.55,25.42,25.77,27.63,85.0,101.0,140.0,167.0,192.0
1776005733000,2.0,2.0,2.0,2.0,3.0,527.0,558.0,673.0,662.0,88.55,89.4,88.48,81.79,25.5,25.37,25.74,27.47,99.0,107.0,206.0,206.0,237.0
1776006034000,2.0,2.0,2.0,2.0,2.0,531.0,575.0,617.0,643.0,88.82,89.68,88.5,82.46,25.47,25.34,25.7,27.29,95.0,108.0,137.0,198.0,199.0
1776006334000,2.0,2.0,2.0,2.0,2.0,520.0,564.0,573.0,609.0,88.95,89.71,88.63,83.13,25.46,25.31,25.64,27.08,92.0,98.0,117.0,151.0,185.0
1776006635000,2.0,2.0,2.0,2.0,2.0,576.0,525.0,568.0,585.0,89.01,89.88,88.59,83.6,25.41,25.27,25.56,26.87,88.0,98.0,127.0,184.0,150.0
1776006935000,2.0,2.0,2.0,2.0,2.0,589.0,553.0,553.0,608.0,89.06,89.91,88.8,83.99,25.37,25.22,25.5,26.68,85.0,95.0,144.0,146.0,178.0
1776007236000,2.0,2.0,2.0,2.0,2.0,522.0,565.0,564.0,712.0,89.0,89.9,88.89,84.98,25.35,25.19,25.42,26.48,94.0,103.0,132.0,160.0,175.0
1776007537000,2.0,2.0,2.0,2.0,2.0,542.0,594.0,558.0,626.0,89.12,89.98,88.97,85.44,25.31,25.15,25.36,26.31,89.0,92.0,123.0,139.0,157.0
1776007837000,2.0,2.0,2.0,2.0,2.0,560.0,533.0,565.0,632.0,89.22,90.03,89.08,85.85,25.27,25.1,25.3,26.17,89.0,95.0,119.0,140.0,141.0
1776008138000,2.0,2.0,2.0,2.0,2.0,567.0,569.0,631.0,611.0,89.56,90.3,89.74,86.29,25.23,25.07,25.24,26.04,84.0,95.0,161.0,135.0,130.0
1776008438000,2.0,2.0,2.0,2.0,2.0,548.0,541.0,557.0,679.0,89.82,90.52,89.62,86.79,25.19,25.02,25.18,25.94,75.0,92.0,104.0,139.0,143.0
1776008739000,2.0,2.0,2.0,2.0,2.0,543.0,566.0,594.0,640.0,89.74,90.61,89.59,87.14,25.16,24.97,25.13,25.85,78.0,89.0,107.0,125.0,144.0
1776009039000,1.0,2.0,2.0,2.0,2.0,524.0,543.0,520.0,602.0,89.8,90.61,89.76,87.45,25.12,24.92,25.07,25.74,70.0,80.0,94.0,129.0,130.0
1776009340000,2.0,2.0,2.0,2.0,2.0,562.0,531.0,707.0,616.0,89.97,90.86,90.67,87.47,25.08,24.88,25.03,25.66,74.0,73.0,157.0,120.0,139.0
1776009641000,2.0,2.0,2.0,2.0,2.0,545.0,552.0,561.0,629.0,90.03,90.99,90.37,88.18,25.03,24.85,24.98,25.58,72.0,80.0,92.0,176.0,180.0
1776009941000,2.0,2.0,2.0,2.0,2.0,555.0,586.0,573.0,644.0,90.07,91.07,90.32,88.41,25.01,24.82,24.95,25.54,75.0,83.0,91.0,139.0,148.0
1776010242000,2.0,2.0,2.0,2.0,2.0,553.0,528.0,607.0,645.0,90.15,91.33,90.48,88.5,24.97,24.78,24.9,25.47,71.0,83.0,87.0,137.0,162.0
1776010542000,2.0,2.0,2.0,2.0,2.0,522.0,594.0,591.0,594.0,90.36,91.42,90.71,88.56,24.94,24.75,24.88,25.42,74.0,81.0,108.0,124.0,139.0
1776010843000,2.0,2.0,2.0,2.0,2.0,538.0,546.0,600.0,615.0,90.93,91.85,91.28,89.54,24.93,24.73,24.85,25.38,71.0,78.0,99.0,127.0,145.0
1776011143000,2.0,2.0,2.0,2.0,2.0,595.0,566.0,583.0,670.0,91.26,92.28,91.61,90.09,24.9,24.71,24.84,25.37,84.0,88.0,99.0,160.0,149.0
1776011444000,1.0,2.0,2.0,2.0,2.0,573.0,554.0,561.0,638.0,91.75,92.89,92.44,90.41,24.9,24.71,24.84,25.36,70.0,75.0,87.0,115.0,153.0
1776011745000,1.0,2.0,2.0,2.0,2.0,547.0,598.0,691.0,627.0,92.31,93.57,93.5,90.93,24.9,24.71,24.85,25.35,67.0,72.0,149.0,127.0,175.0
1776012045000,1.0,2.0,2.0,2.0,2.0,563.0,597.0,626.0,627.0,92.82,93.79,93.31,91.23,24.9,24.71,24.88,25.35,61.0,72.0,86.0,119.0,135.0
1776012346000,1.0,2.0,2.0,2.0,2.0,598.0,602.0,588.0,632.0,92.73,93.74,93.16,91.29,24.9,24.72,24.89,25.35,65.0,73.0,80.0,141.0,147.0
1776012646000,1.0,1.0,2.0,2.0,2.0,594.0,551.0,589.0,626.0,92.84,93.72,93.18,91.34,24.9,24.7,24.86,25.35,57.0,64.0,75.0,123.0,138.0
1776012947000,1.0,2.0,2.0,2.0,2.0,588.0,600.0,612.0,744.0,92.83,93.9,93.55,91.74,24.89,24.7,24.84,25.33,66.0,73.0,123.0,157.0,144.0
1776013247000,2.0,2.0,2.0,2.0,2.0,548.0,590.0,585.0,645.0,93.05,94.01,93.66,92.04,24.88,24.69,24.82,25.3,89.0,90.0,104.0,135.0,175.0
1776013548000,2.0,2.0,2.0,2.0,2.0,550.0,558.0,564.0,646.0,93.39,94.45,94.02,92.33,24.86,24.67,24.81,25.29,76.0,73.0,78.0,137.0,159.0
1776013849000,1.0,1.0,2.0,2.0,2.0,542.0,566.0,566.0,709.0,93.56,94.47,94.12,92.6,24.84,24.66,24.79,25.27,61.0,66.0,69.0,123.0,132.0
1776014149000,1.0,1.0,2.0,2.0,3.0,572.0,584.0,612.0,666.0,93.54,94.51,94.23,92.46,24.84,24.65,24.8,25.27,60.0,67.0,99.0,177.0,256.0
1776014450000,1.0,2.0,2.0,2.0,2.0,550.0,561.0,569.0,654.0,93.43,94.37,94.18,92.66,24.82,24.64,24.78,25.27,67.0,73.0,80.0,185.0,131.0
1776014750000,1.0,1.0,1.0,2.0,2.0,550.0,550.0,565.0,673.0,93.57,94.47,94.06,92.64,24.79,24.63,24.76,25.27,56.0,63.0,72.0,138.0,167.0
1776015051000,2.0,2.0,2.0,2.0,2.0,565.0,571.0,563.0,644.0,93.72,94.63,94.23,92.44,24.78,24.6,24.74,25.24,76.0,85.0,81.0,158.0,159.0
1776015351000,1.0,2.0,2.0,2.0,2.0,539.0,578.0,664.0,606.0,94.01,95.01,94.7,92.52,24.76,24.59,24.71,25.21,60.0,69.0,127.0,120.0,149.0
1776015652000,1.0,1.0,1.0,2.0,2.0,584.0,576.0,593.0,669.0,94.09,95.01,94.55,92.76,24.75,24.58,24.69,25.2,51.0,60.0,66.0,132.0,112.0
1776015953000,1.0,1.0,1.0,2.0,2.0,558.0,559.0,574.0,614.0,94.39,95.26,95.01,93.44,24.73,24.56,24.66,25.17,48.0,57.0,64.0,110.0,119.0
1776016253000,1.0,1.0,1.0,2.0,2.0,574.0,565.0,579.0,598.0,94.71,95.52,95.19,93.39,24.72,24.53,24.65,25.16,46.0,61.0,64.0,111.0,110.0
1776016554000,1.0,1.0,2.0,2.0,2.0,613.0,590.0,673.0,646.0,94.74,95.53,95.29,93.37,24.71,24.52,24.64,25.15,65.0,68.0,95.0,115.0,210.0
1776016854000,1.0,1.0,2.0,2.0,2.0,553.0,599.0,584.0,630.0,94.84,95.57,95.13,93.49,24.7,24.52,24.62,25.12,60.0,65.0,77.0,196.0,118.0
1776017155000,1.0,2.0,2.0,2.0,2.0,562.0,557.0,560.0,659.0,94.73,95.43,95.08,93.57,24.7,24.5,24.61,25.11,66.0,71.0,73.0,110.0,164.0
1776017455000,1.0,1.0,2.0,2.0,2.0,550.0,542.0,558.0,646.0,94.69,95.64,95.06,93.77,24.65,24.48,24.58,25.09,62.0,61.0,69.0,137.0,121.0
1776017756000,1.0,1.0,2.0,2.0,2.0,555.0,538.0,626.0,658.0,94.65,95.45,95.15,93.59,24.65,24.45,24.54,25.04,62.0,65.0,98.0,137.0,137.0
1776018056000,1.0,2.0,2.0,2.0,2.0,562.0,545.0,588.0,645.0,94.77,95.58,95.18,93.76,24.61,24.43,24.53,25.01,64.0,68.0,77.0,175.0,113.0
1776018357000,1.0,1.0,1.0,2.0,2.0,558.0,563.0,590.0,626.0,94.91,95.98,95.3,93.93,24.58,24.39,24.5,25.01,55.0,63.0,65.0,121.0,123.0
1776018658000,1.0,1.0,2.0,2.0,2.0,563.0,569.0,586.0,618.0,94.87,95.73,95.39,93.71,24.56,24.38,24.45,24.97,61.0,61.0,69.0,108.0,132.0
1776018958000,1.0,1.0,2.0,2.0,2.0,569.0,585.0,636.0,705.0,94.96,95.93,95.53,93.97,24.52,24.35,24.41,24.92,65.0,65.0,87.0,202.0,142.0
1776019259000,1.0,1.0,1.0,2.0,2.0,523.0,562.0,574.0,667.0,94.91,96.16,95.78,94.4,24.49,24.31,24.39,24.9,46.0,56.0,57.0,146.0,122.0
1776019559000,1.0,1.0,1.0,2.0,2.0,529.0,533.0,595.0,654.0,95.23,96.53,96.21,94.67,24.46,24.29,24.4,24.87,47.0,50.0,57.0,149.0,90.0
1776019860000,1.0,1.0,1.0,2.0,2.0,563.0,596.0,574.0,631.0,95.16,95.99,95.79,94.14,24.47,24.25,24.35,24.86,46.0,41.0,50.0,171.0,123.0
1776020160000,1.0,1.0,1.0,2.0,2.0,626.0,630.0,662.0,708.0,94.87,95.75,95.61,93.84,24.43,24.24,24.32,24.83,36.0,40.0,64.0,105.0,123.0
1776020461000,1.0,1.0,1.0,2.0,2.0,616.0,622.0,637.0,716.0,94.66,95.51,95.38,93.78,24.4,24.21,24.28,24.79,33.0,38.0,54.0,109.0,101.0
1776020762000,2.0,2.0,2.0,2.0,2.0,619.0,617.0,594.0,622.0,94.76,95.4,95.62,94.01,24.35,24.15,24.24,24.73,174.0,143.0,82.0,177.0,213.0
1776021062000,2.0,1.0,1.0,2.0,2.0,577.0,625.0,592.0,644.0,94.88,95.64,95.82,94.11,24.29,24.1,24.17,24.69,75.0,51.0,53.0,97.0,205.0
1776021363000,1.0,1.0,1.0,2.0,2.0,568.0,607.0,590.0,649.0,95.14,95.97,96.15,94.18,24.24,24.05,24.12,24.66,51.0,55.0,64.0,101.0,110.0
1776021663000,1.0,1.0,1.0,2.0,2.0,578.0,557.0,570.0,665.0,95.34,96.18,95.96,94.56,24.18,24.0,24.08,24.62,41.0,46.0,55.0,172.0,180.0
1776021964000,1.0,1.0,1.0,2.0,2.0,606.0,600.0,624.0,608.0,95.16,96.18,96.24,94.33,24.14,23.97,24.05,24.57,46.0,49.0,54.0,102.0,110.0
1776022264000,1.0,1.0,1.0,2.0,2.0,575.0,577.0,605.0,581.0,95.83,96.86,96.68,94.81,24.12,23.94,24.0,24.51,46.0,51.0,51.0,73.0,89.0
1776022565000,1.0,1.0,1.0,2.0,2.0,563.0,576.0,625.0,608.0,96.27,97.29,97.11,95.17,24.1,23.91,23.97,24.46,43.0,46.0,62.0,74.0,95.0
1776022866000,1.0,1.0,1.0,1.0,2.0,546.0,562.0,585.0,614.0,96.65,97.7,97.5,95.52,24.09,23.9,23.94,24.42,43.0,48.0,50.0,75.0,146.0
1776023166000,1.0,1.0,1.0,1.0,2.0,562.0,582.0,582.0,579.0,96.98,97.88,97.72,95.79,24.11,23.89,23.92,24.41,45.0,46.0,50.0,67.0,95.0
1776023467000,1.0,1.0,1.0,1.0,2.0,573.0,587.0,560.0,568.0,96.94,97.81,97.66,95.58,24.1,23.9,23.9,24.41,46.0,51.0,54.0,63.0,222.0
1776023767000,1.0,1.0,1.0,2.0,2.0,591.0,583.0,591.0,601.0,97.0,97.85,97.85,95.78,24.11,23.9,23.88,24.41,43.0,51.0,54.0,91.0,210.0
1776024068000,1.0,1.0,1.0,2.0,2.0,560.0,557.0,587.0,591.0,96.69,97.53,97.44,95.32,24.09,23.9,23.85,24.42,45.0,44.0,45.0,87.0,111.0
1776024368000,1.0,1.0,1.0,2.0,2.0,576.0,577.0,580.0,584.0,96.55,97.37,97.33,95.26,24.07,23.88,23.82,24.42,43.0,50.0,40.0,90.0,108.0
1776024669000,1.0,1.0,1.0,2.0,2.0,543.0,542.0,587.0,593.0,96.38,97.22,97.37,95.24,24.06,23.87,23.8,24.4,38.0,43.0,58.0,97.0,125.0
1776024970000,1.0,1.0,1.0,2.0,2.0,578.0,534.0,617.0,675.0,96.28,97.06,97.3,95.13,24.05,23.85,23.75,24.4,41.0,45.0,51.0,110.0,118.0
1776025270000,1.0,1.0,1.0,2.0,2.0,540.0,569.0,557.0,700.0,96.24,97.07,97.18,95.15,24.03,23.83,23.72,24.4,44.0,44.0,41.0,127.0,92.0
1776025571000,1.0,1.0,1.0,2.0,2.0,537.0,547.0,565.0,653.0,96.21,96.98,97.16,95.28,24.01,23.82,23.71,24.42,40.0,46.0,45.0,112.0,103.0
1776025871000,1.0,1.0,2.0,2.0,2.0,541.0,578.0,648.0,677.0,96.12,96.91,97.47,95.36,23.98,23.8,23.71,24.42,38.0,40.0,98.0,133.0,125.0
1776026172000,1.0,1.0,1.0,2.0,2.0,546.0,582.0,577.0,719.0,96.18,96.96,97.3,95.51,23.95,23.78,23.7,24.44,37.0,37.0,49.0,130.0,121.0
1776026472000,1.0,1.0,1.0,2.0,2.0,547.0,570.0,601.0,587.0,96.13,96.85,97.13,94.94,23.95,23.77,23.71,24.42,38.0,38.0,43.0,100.0,79.0
1776026773000,1.0,1.0,1.0,2.0,2.0,542.0,554.0,579.0,576.0,95.96,96.69,96.87,94.56,23.94,23.76,23.7,24.4,40.0,42.0,44.0,87.0,92.0
1776027074000,1.0,1.0,2.0,2.0,2.0,538.0,591.0,834.0,637.0,95.9,96.77,97.57,94.41,23.91,23.73,23.68,24.36,48.0,47.0,190.0,122.0,84.0
1776027374000,1.0,1.0,1.0,2.0,2.0,546.0,562.0,624.0,690.0,96.07,96.94,97.43,94.89,23.88,23.72,23.66,24.3,37.0,40.0,51.0,98.0,107.0
1776027675000,1.0,1.0,1.0,2.0,2.0,559.0,563.0,538.0,709.0,96.13,96.96,97.16,95.14,23.88,23.69,23.67,24.28,40.0,42.0,38.0,93.0,76.0
1776027975000,1.0,1.0,1.0,2.0,2.0,561.0,567.0,572.0,692.0,96.03,96.58,96.97,95.11,23.85,23.68,23.66,24.23,38.0,41.0,45.0,100.0,94.0
1776028276000,1.0,1.0,1.0,2.0,2.0,533.0,568.0,557.0,661.0,95.95,96.74,97.1,94.75,23.83,23.66,23.65,24.19,36.0,36.0,52.0,84.0,119.0
1776028576000,1.0,1.0,1.0,2.0,2.0,577.0,567.0,610.0,662.0,96.07,96.94,97.1,95.05,23.82,23.64,23.66,24.15,33.0,41.0,55.0,91.0,100.0
1776028877000,1.0,1.0,1.0,2.0,2.0,566.0,547.0,581.0,670.0,96.17,97.04,96.94,95.34,23.8,23.63,23.65,24.13,35.0,39.0,40.0,92.0,105.0
1776029177000,1.0,1.0,1.0,3.0,3.0,546.0,541.0,586.0,763.0,96.31,97.15,96.92,96.5,23.79,23.6,23.64,24.13,36.0,38.0,40.0,462.0,244.0
1776029478000,1.0,1.0,2.0,2.0,2.0,561.0,561.0,651.0,800.0,96.24,97.09,97.19,95.97,23.76,23.6,23.65,24.14,34.0,43.0,106.0,148.0,132.0
1776029779000,1.0,1.0,1.0,2.0,2.0,544.0,536.0,617.0,732.0,96.29,97.04,97.19,95.73,23.74,23.58,23.66,24.19,31.0,37.0,58.0,117.0,191.0
1776030079000,1.0,1.0,1.0,2.0,2.0,561.0,583.0,594.0,673.0,96.32,97.18,96.93,95.48,23.72,23.56,23.65,24.2,38.0,39.0,46.0,126.0,126.0
1776030380000,1.0,1.0,1.0,2.0,2.0,569.0,543.0,606.0,714.0,96.4,97.15,96.85,95.09,23.72,23.55,23.65,24.22,33.0,37.0,51.0,130.0,85.0
1776030680000,1.0,1.0,2.0,2.0,2.0,579.0,564.0,786.0,695.0,96.3,97.12,97.54,94.92,23.7,23.55,23.61,24.21,35.0,35.0,143.0,117.0,90.0
1776030981000,1.0,1.0,1.0,2.0,2.0,544.0,555.0,609.0,717.0,96.3,97.07,97.09,94.97,23.68,23.51,23.57,24.18,34.0,29.0,40.0,138.0,122.0
1776031281000,1.0,1.0,1.0,2.0,2.0,557.0,528.0,611.0,687.0,96.44,97.11,96.97,95.07,23.65,23.5,23.53,24.15,38.0,41.0,45.0,161.0,80.0
1776031582000,1.0,1.0,1.0,3.0,2.0,567.0,541.0,592.0,747.0,96.34,97.15,96.83,95.19,23.65,23.47,23.53,24.13,54.0,47.0,48.0,353.0,85.0
1776031883000,1.0,1.0,2.0,2.0,2.0,561.0,552.0,781.0,636.0,96.31,97.13,97.65,94.91,23.62,23.46,23.5,24.11,43.0,46.0,193.0,98.0,127.0
1776032183000,1.0,1.0,1.0,2.0,2.0,573.0,562.0,644.0,620.0,96.17,97.02,97.11,94.88,23.6,23.42,23.47,24.09,46.0,46.0,46.0,91.0,119.0
1776032484000,1.0,1.0,1.0,2.0,2.0,579.0,599.0,598.0,642.0,96.33,97.14,96.88,95.3,23.57,23.4,23.46,24.08,45.0,44.0,45.0,91.0,135.0
1776032784000,1.0,1.0,1.0,2.0,2.0,587.0,561.0,602.0,703.0,96.35,97.1,96.68,95.31,23.55,23.37,23.43,24.07,45.0,45.0,49.0,144.0,118.0
1776033085000,1.0,1.0,2.0,2.0,2.0,586.0,564.0,745.0,844.0,96.2,96.9,97.25,95.23,23.51,23.35,23.42,24.07,45.0,43.0,139.0,159.0,140.0
1776033385000,1.0,1.0,1.0,2.0,2.0,579.0,640.0,630.0,653.0,96.37,97.1,97.08,94.78,23.5,23.32,23.4,24.04,45.0,44.0,52.0,79.0,136.0
1776033686000,1.0,1.0,1.0,2.0,2.0,596.0,617.0,574.0,811.0,96.32,97.12,96.89,95.28,23.45,23.29,23.38,24.02,39.0,35.0,42.0,140.0,93.0
1776033987000,1.0,1.0,1.0,3.0,2.0,568.0,578.0,570.0,824.0,96.39,97.16,96.76,95.95,23.44,23.27,23.36,24.0,39.0,31.0,40.0,257.0,195.0
1776034287000,1.0,1.0,2.0,2.0,2.0,572.0,593.0,660.0,734.0,96.32,97.21,97.35,95.76,23.41,23.25,23.36,24.01,36.0,33.0,77.0,131.0,106.0
1776034588000,1.0,1.0,1.0,2.0,2.0,575.0,584.0,650.0,670.0,96.48,97.29,96.92,95.27,23.4,23.22,23.36,24.02,34.0,37.0,50.0,123.0,114.0
1776034888000,1.0,1.0,1.0,2.0,2.0,594.0,571.0,630.0,750.0,96.28,97.03,96.48,95.05,23.37,23.19,23.33,24.0,51.0,50.0,49.0,153.0,107.0
1776035189000,1.0,1.0,1.0,2.0,2.0,581.0,587.0,631.0,681.0,96.21,97.0,96.45,94.8,23.37,23.18,23.28,23.97,59.0,53.0,61.0,106.0,82.0
1776035489000,1.0,1.0,2.0,2.0,2.0,573.0,606.0,733.0,691.0,96.24,97.06,98.09,94.65,23.33,23.15,23.23,23.92,45.0,45.0,170.0,112.0,119.0
1776035790000,1.0,1.0,1.0,2.0,2.0,586.0,596.0,592.0,757.0,96.37,97.12,97.31,94.93,23.31,23.14,23.19,23.89,40.0,38.0,36.0,107.0,122.0
1776036090000,1.0,1.0,1.0,2.0,2.0,591.0,611.0,650.0,779.0,96.63,97.34,97.07,95.01,23.29,23.11,23.18,23.88,50.0,50.0,41.0,97.0,119.0
1776036391000,1.0,1.0,1.0,2.0,2.0,582.0,594.0,586.0,749.0,96.88,97.6,97.26,95.63,23.26,23.09,23.17,23.87,47.0,44.0,41.0,95.0,116.0
1776036692000,1.0,1.0,2.0,2.0,2.0,580.0,605.0,657.0,858.0,97.05,97.76,97.82,95.88,23.26,23.1,23.12,23.84,64.0,53.0,87.0,165.0,141.0
1776036992000,1.0,1.0,1.0,2.0,2.0,580.0,604.0,610.0,748.0,97.38,98.06,97.82,95.68,23.26,23.07,23.13,23.86,59.0,57.0,55.0,111.0,110.0
1776037293000,2.0,2.0,2.0,2.0,3.0,618.0,595.0,616.0,745.0,97.7,98.34,97.87,95.94,23.26,23.09,23.15,23.87,152.0,135.0,109.0,147.0,226.0
1776037593000,2.0,2.0,2.0,2.0,2.0,556.0,578.0,592.0,689.0,97.94,98.33,97.85,95.98,23.29,23.1,23.17,23.9,110.0,100.0,88.0,132.0,116.0
1776037894000,2.0,2.0,2.0,2.0,2.0,597.0,627.0,705.0,714.0,98.11,98.6,98.66,95.97,23.3,23.13,23.2,23.94,104.0,89.0,173.0,127.0,193.0
1776038194000,2.0,2.0,2.0,2.0,2.0,576.0,599.0,655.0,728.0,98.29,98.79,98.74,96.61,23.33,23.17,23.24,23.99,94.0,83.0,81.0,195.0,210.0
1776038495000,2.0,2.0,2.0,2.0,2.0,628.0,608.0,605.0,852.0,98.41,99.11,98.6,96.91,23.36,23.2,23.29,24.05,81.0,83.0,85.0,182.0,178.0
1776038796000,2.0,2.0,2.0,2.0,3.0,586.0,591.0,653.0,833.0,98.82,99.12,98.65,97.01,23.42,23.25,23.35,24.12,89.0,77.0,78.0,164.0,241.0
1776039096000,2.0,2.0,2.0,2.0,2.0,589.0,611.0,788.0,880.0,98.89,99.35,99.59,97.32,23.48,23.3,23.41,24.18,81.0,74.0,172.0,161.0,182.0
1776039397000,2.0,2.0,2.0,2.0,2.0,587.0,610.0,726.0,725.0,99.16,99.53,99.58,96.85,23.53,23.36,23.46,24.2,84.0,76.0,118.0,106.0,169.0
1776039697000,2.0,2.0,2.0,3.0,2.0,569.0,612.0,680.0,733.0,99.4,99.79,99.44,97.08,23.59,23.43,23.54,24.24,87.0,92.0,90.0,240.0,158.0
1776039998000,2.0,2.0,2.0,2.0,2.0,598.0,607.0,598.0,707.0,99.26,99.54,99.18,97.07,23.67,23.49,23.61,24.29,96.0,93.0,86.0,123.0,149.0
1776040298000,2.0,2.0,2.0,2.0,2.0,623.0,641.0,669.0,682.0,99.32,99.81,99.71,97.21,23.75,23.59,23.71,24.33,103.0,103.0,156.0,124.0,158.0
1776040599000,2.0,2.0,2.0,2.0,2.0,603.0,585.0,633.0,668.0,98.98,99.54,99.23,96.99,23.85,23.67,23.8,24.4,101.0,96.0,99.0,106.0,185.0
1776040900000,2.0,2.0,2.0,2.0,2.0,599.0,597.0,612.0,743.0,98.75,99.27,98.84,97.1,23.96,23.78,23.91,24.49,98.0,95.0,99.0,158.0,170.0
1776041200000,2.0,2.0,2.0,2.0,2.0,566.0,582.0,617.0,765.0,98.46,99.06,98.47,97.16,24.05,23.88,24.0,24.56,103.0,100.0,106.0,157.0,138.0
1776041501000,2.0,2.0,2.0,2.0,2.0,587.0,616.0,615.0,763.0,97.91,98.65,97.99,96.76,24.15,23.99,24.1,24.66,103.0,107.0,120.0,228.0,191.0
1776041801000,2.0,2.0,2.0,3.0,2.0,597.0,575.0,597.0,926.0,97.59,98.25,97.73,96.75,24.27,24.1,24.22,24.78,113.0,107.0,105.0,239.0,149.0
1776042102000,2.0,2.0,2.0,2.0,2.0,576.0,601.0,599.0,738.0,97.12,97.73,96.9,95.55,24.4,24.21,24.33,24.89,105.0,98.0,92.0,151.0,149.0
1776042402000,2.0,2.0,2.0,3.0,3.0,603.0,560.0,575.0,690.0,97.2,97.67,97.24,95.66,24.52,24.34,24.43,25.0,113.0,113.0,105.0,267.0,246.0
1776042703000,2.0,2.0,2.0,2.0,3.0,620.0,574.0,591.0,599.0,96.51,97.17,96.92,94.9,24.66,24.46,24.56,25.12,108.0,105.0,119.0,134.0,655.0
1776043004000,2.0,2.0,2.0,2.0,3.0,548.0,580.0,581.0,709.0,95.97,96.81,96.45,95.01,24.82,24.61,24.69,25.25,120.0,112.0,107.0,159.0,227.0
1776043304000,2.0,2.0,2.0,2.0,3.0,540.0,591.0,595.0,579.0,95.68,96.27,95.9,94.36,25.0,24.78,24.85,25.4,123.0,120.0,103.0,104.0,228.0
1776043605000,2.0,2.0,2.0,2.0,2.0,592.0,603.0,562.0,586.0,95.24,95.7,95.41,94.03,25.17,24.94,25.0,25.54,128.0,126.0,107.0,126.0,201.0
1776043905000,2.0,2.0,2.0,2.0,2.0,579.0,582.0,617.0,644.0,94.15,94.88,94.99,93.09,25.32,25.11,25.15,25.71,121.0,119.0,154.0,174.0,170.0
1776044206000,2.0,2.0,2.0,2.0,2.0,592.0,540.0,607.0,649.0,93.67,94.54,94.46,93.16,25.51,25.28,25.28,25.85,131.0,125.0,111.0,190.0,177.0
1776044506000,2.0,2.0,2.0,2.0,2.0,558.0,551.0,561.0,692.0,93.57,94.5,94.39,93.41,25.68,25.45,25.45,26.02,125.0,132.0,107.0,223.0,158.0
1776044807000,2.0,2.0,2.0,2.0,2.0,534.0,548.0,553.0,658.0,93.4,94.28,94.53,93.07,25.89,25.64,25.61,26.19,125.0,130.0,108.0,175.0,176.0
1776045107000,2.0,2.0,2.0,2.0,2.0,561.0,544.0,606.0,640.0,92.78,93.95,94.55,92.71,26.11,25.85,25.79,26.39,129.0,137.0,138.0,205.0,187.0
1776045408000,2.0,2.0,2.0,3.0,2.0,539.0,562.0,562.0,817.0,92.74,93.42,94.29,93.66,26.32,26.06,25.97,26.56,135.0,138.0,120.0,388.0,204.0
1776045709000,2.0,2.0,2.0,2.0,2.0,536.0,584.0,565.0,645.0,91.16,92.12,93.09,91.56,26.53,26.24,26.13,26.75,146.0,151.0,123.0,192.0,185.0
1776046009000,2.0,2.0,2.0,3.0,2.0,516.0,577.0,561.0,813.0,90.73,91.56,93.08,92.03,26.73,26.44,26.28,26.9,153.0,160.0,134.0,295.0,174.0
1776046310000,2.0,2.0,2.0,2.0,2.0,535.0,561.0,553.0,598.0,90.06,90.88,91.62,90.03,26.93,26.64,26.44,27.03,160.0,164.0,136.0,165.0,198.0
1776046610000,2.0,2.0,2.0,2.0,2.0,585.0,538.0,540.0,662.0,89.27,90.55,91.35,89.56,27.1,26.81,26.61,27.17,151.0,165.0,137.0,219.0,161.0
1776046911000,2.0,2.0,2.0,2.0,2.0,541.0,530.0,531.0,520.0,88.0,89.65,90.12,88.19,27.28,26.96,26.79,27.3,157.0,165.0,144.0,146.0,146.0
1776047211000,2.0,2.0,2.0,2.0,3.0,539.0,570.0,556.0,581.0,87.76,89.28,89.81,88.19,27.44,27.11,26.99,27.46,155.0,164.0,136.0,161.0,259.0
1776047512000,2.0,2.0,2.0,2.0,3.0,522.0,514.0,499.0,535.0,87.19,88.76,89.17,87.58,27.61,27.27,27.16,27.6,156.0,170.0,138.0,160.0,257.0
1776047813000,2.0,2.0,2.0,2.0,3.0,508.0,548.0,534.0,569.0,86.92,88.48,88.67,87.25,27.77,27.42,27.35,27.74,154.0,168.0,147.0,176.0,291.0
1776048113000,2.0,2.0,2.0,3.0,3.0,557.0,558.0,549.0,543.0,86.43,87.84,87.8,86.96,27.94,27.59,27.53,27.89,156.0,177.0,149.0,247.0,278.0
1776048414000,2.0,2.0,2.0,3.0,3.0,465.0,578.0,513.0,603.0,86.12,87.29,87.19,86.85,28.12,27.73,27.7,28.05,167.0,178.0,157.0,251.0,282.0
1776048714000,2.0,2.0,2.0,3.0,3.0,552.0,539.0,556.0,621.0,85.14,86.66,86.81,86.47,28.27,27.9,27.87,28.2,154.0,179.0,145.0,263.0,311.0
1776049015000,2.0,2.0,2.0,3.0,2.0,520.0,569.0,545.0,565.0,84.76,86.27,86.6,85.88,28.45,28.04,28.02,28.37,165.0,183.0,155.0,229.0,224.0
1776049315000,2.0,2.0,2.0,3.0,3.0,537.0,526.0,519.0,549.0,84.16,85.58,85.59,84.84,28.61,28.19,28.16,28.52,169.0,186.0,160.0,254.0,252.0
1776049616000,2.0,2.0,2.0,3.0,4.0,516.0,528.0,539.0,637.0,83.79,85.62,85.94,85.74,28.78,28.35,28.32,28.66,169.0,196.0,168.0,501.0,703.0
1776049917000,2.0,2.0,2.0,3.0,3.0,512.0,506.0,501.0,586.0,82.5,84.06,84.6,83.57,28.95,28.52,28.46,28.79,162.0,180.0,158.0,271.0,315.0
1776050217000,2.0,2.0,2.0,3.0,3.0,494.0,540.0,510.0,558.0,83.18,84.89,85.22,84.28,29.09,28.67,28.62,28.87,166.0,192.0,174.0,293.0,258.0
1776050518000,2.0,2.0,2.0,2.0,2.0,469.0,502.0,490.0,545.0,82.48,84.41,84.3,83.6,29.2,28.83,28.76,28.94,165.0,200.0,175.0,194.0,208.0
1776050818000,2.0,2.0,2.0,2.0,2.0,490.0,515.0,537.0,510.0,81.01,82.62,82.68,81.96,29.32,28.96,28.9,29.02,162.0,195.0,180.0,176.0,182.0
1776051119000,2.0,2.0,2.0,2.0,2.0,515.0,514.0,529.0,515.0,80.4,82.03,81.9,81.24,29.44,29.11,29.04,29.11,168.0,199.0,181.0,180.0,152.0
1776051419000,2.0,2.0,2.0,2.0,2.0,516.0,517.0,507.0,497.0,80.13,81.79,81.73,81.17,29.57,29.28,29.22,29.23,186.0,208.0,191.0,184.0,148.0
1776051720000,2.0,2.0,2.0,2.0,2.0,515.0,487.0,511.0,519.0,79.02,80.95,81.52,81.38,29.7,29.47,29.37,29.35,175.0,208.0,185.0,193.0,153.0
1776052021000,2.0,2.0,2.0,2.0,2.0,482.0,521.0,545.0,508.0,79.2,80.94,81.1,80.79,29.85,29.64,29.54,29.5,174.0,216.0,193.0,178.0,191.0
1776052321000,2.0,2.0,2.0,2.0,2.0,447.0,502.0,498.0,483.0,78.06,79.5,79.76,79.71,29.97,29.79,29.67,29.62,181.0,218.0,203.0,176.0,176.0
1776052622000,2.0,3.0,2.0,2.0,2.0,523.0,473.0,522.0,479.0,78.92,80.15,80.04,79.98,30.07,29.89,29.8,29.75,192.0,230.0,206.0,180.0,154.0
1776052922000,2.0,2.0,2.0,2.0,2.0,488.0,513.0,494.0,499.0,77.3,78.36,78.55,78.73,30.17,30.01,29.89,29.84,190.0,227.0,202.0,194.0,156.0
1776053223000,2.0,3.0,3.0,3.0,2.0,509.0,496.0,506.0,554.0,77.15,78.13,78.32,78.46,30.24,30.08,29.98,29.93,185.0,230.0,227.0,393.0,200.0
1776053523000,2.0,3.0,3.0,2.0,2.0,477.0,506.0,537.0,543.0,77.64,79.38,79.95,79.49,30.33,30.19,30.08,30.01,191.0,238.0,225.0,195.0,189.0
1776053824000,2.0,3.0,3.0,2.0,3.0,526.0,488.0,606.0,509.0,76.59,78.25,78.9,78.5,30.42,30.29,30.16,30.11,194.0,230.0,246.0,220.0,231.0
1776054125000,2.0,3.0,3.0,3.0,2.0,462.0,503.0,515.0,505.0,77.42,77.96,79.26,78.72,30.53,30.36,30.25,30.19,209.0,244.0,232.0,227.0,200.0
1776054425000,2.0,3.0,3.0,3.0,3.0,508.0,513.0,532.0,533.0,80.05,81.12,81.25,80.83,30.64,30.5,30.38,30.3,214.0,254.0,241.0,238.0,258.0
1776054726000,2.0,3.0,3.0,3.0,3.0,540.0,532.0,542.0,512.0,82.19,83.61,83.58,82.98,30.63,30.43,30.32,30.24,204.0,236.0,238.0,226.0,243.0
1776055026000,2.0,3.0,2.0,2.0,3.0,486.0,483.0,543.0,505.0,82.51,84.45,84.32,84.0,30.49,30.28,30.13,30.08,187.0,230.0,211.0,215.0,259.0
1776055327000,2.0,3.0,2.0,2.0,3.0,503.0,481.0,511.0,504.0,85.01,86.34,86.26,85.72,30.3,30.1,29.95,29.9,182.0,223.0,218.0,197.0,229.0
1776055627000,2.0,2.0,3.0,2.0,3.0,486.0,539.0,587.0,519.0,84.97,85.82,85.95,85.56,30.13,29.95,29.79,29.76,171.0,216.0,229.0,175.0,236.0
1776055928000,2.0,2.0,2.0,3.0,3.0,493.0,494.0,520.0,559.0,86.53,87.37,87.75,87.69,29.99,29.82,29.64,29.65,171.0,216.0,207.0,254.0,286.0
1776056228000,2.0,2.0,2.0,2.0,3.0,482.0,488.0,564.0,558.0,86.67,87.67,88.0,87.68,29.85,29.7,29.53,29.55,168.0,210.0,204.0,204.0,259.0
1776056529000,2.0,2.0,2.0,3.0,3.0,513.0,516.0,528.0,554.0,86.98,87.99,88.26,87.7,29.73,29.58,29.42,29.45,161.0,194.0,200.0,243.0,233.0
1776056830000,2.0,2.0,2.0,3.0,3.0,498.0,502.0,509.0,645.0,85.97,86.29,86.92,87.4,29.59,29.46,29.34,29.37,157.0,187.0,174.0,341.0,273.0
1776057130000,2.0,2.0,2.0,3.0,3.0,496.0,481.0,551.0,620.0,87.47,87.79,88.09,88.67,29.46,29.36,29.26,29.27,159.0,199.0,200.0,489.0,326.0
1776057431000,2.0,2.0,2.0,3.0,3.0,504.0,491.0,517.0,607.0,88.96,89.52,89.78,89.85,29.38,29.27,29.18,29.2,153.0,201.0,197.0,340.0,237.0
1776057731000,2.0,2.0,2.0,3.0,3.0,483.0,483.0,581.0,609.0,89.99,89.83,90.09,90.19,29.31,29.2,29.12,29.17,154.0,189.0,196.0,334.0,236.0
1776058032000,2.0,2.0,2.0,3.0,3.0,498.0,503.0,508.0,584.0,89.63,90.09,90.13,89.86,29.24,29.15,29.08,29.12,157.0,186.0,186.0,333.0,399.0
1776058332000,2.0,2.0,2.0,3.0,3.0,480.0,499.0,566.0,509.0,90.51,91.08,90.99,90.16,29.22,29.11,29.04,29.11,154.0,195.0,212.0,299.0,375.0
1776058633000,2.0,2.0,2.0,3.0,3.0,478.0,486.0,519.0,546.0,90.6,90.97,91.07,90.44,29.19,29.11,29.0,29.07,160.0,197.0,188.0,303.0,306.0
1776058934000,2.0,2.0,2.0,3.0,3.0,481.0,522.0,496.0,508.0,89.81,90.34,90.61,90.3,29.17,29.09,29.01,29.08,158.0,195.0,192.0,273.0,308.0
1776059234000,2.0,2.0,3.0,3.0,3.0,505.0,533.0,581.0,596.0,90.62,91.1,91.29,90.94,29.14,29.11,29.0,29.07,167.0,203.0,226.0,342.0,320.0
1776059535000,2.0,2.0,2.0,3.0,3.0,469.0,504.0,539.0,542.0,91.26,91.78,92.3,91.76,29.15,29.12,29.01,29.09,171.0,197.0,207.0,282.0,257.0
1776059835000,2.0,2.0,3.0,3.0,3.0,554.0,500.0,509.0,456.0,92.2,92.7,92.88,92.18,29.16,29.12,29.03,29.1,172.0,207.0,229.0,274.0,252.0
1776060136000,2.0,2.0,2.0,3.0,3.0,488.0,481.0,558.0,501.0,93.4,93.28,93.34,92.5,29.21,29.16,29.08,29.14,187.0,207.0,214.0,272.0,434.0
1776060436000,2.0,2.0,2.0,3.0,3.0,510.0,512.0,565.0,540.0,93.07,93.16,93.39,93.26,29.25,29.2,29.14,29.22,173.0,210.0,223.0,322.0,388.0
1776060737000,2.0,2.0,2.0,3.0,3.0,490.0,497.0,492.0,528.0,93.83,93.9,94.01,93.56,29.31,29.27,29.2,29.28,186.0,212.0,210.0,267.0,328.0
1776061038000,2.0,2.0,3.0,3.0,3.0,491.0,500.0,551.0,496.0,94.21,93.58,93.51,93.06,29.35,29.32,29.26,29.33,190.0,217.0,413.0,291.0,417.0
1776061338000,2.0,3.0,2.0,3.0,3.0,554.0,507.0,534.0,507.0,93.36,93.28,93.26,92.6,29.4,29.36,29.32,29.39,195.0,227.0,225.0,291.0,306.0
1776061639000,2.0,3.0,2.0,3.0,3.0,502.0,514.0,538.0,522.0,93.45,93.67,93.39,92.63,29.43,29.4,29.37,29.44,190.0,231.0,216.0,304.0,302.0
1776061939000,2.0,3.0,3.0,3.0,3.0,485.0,488.0,565.0,515.0,93.83,93.87,93.52,92.74,29.48,29.45,29.42,29.48,186.0,224.0,245.0,317.0,381.0
1776062240000,2.0,2.0,2.0,3.0,3.0,467.0,481.0,529.0,568.0,93.57,93.65,93.28,92.7,29.49,29.48,29.46,29.53,181.0,211.0,210.0,289.0,277.0
1776062540000,2.0,2.0,2.0,3.0,3.0,452.0,526.0,542.0,598.0,94.12,94.29,94.25,93.88,29.55,29.54,29.5,29.56,182.0,220.0,217.0,365.0,258.0
1776062841000,2.0,2.0,3.0,3.0,3.0,484.0,487.0,565.0,566.0,93.28,93.27,93.28,92.95,29.58,29.58,29.53,29.6,169.0,206.0,240.0,338.0,301.0
1776063142000,2.0,2.0,3.0,3.0,2.0,484.0,456.0,509.0,494.0,93.54,93.65,93.63,93.12,29.6,29.6,29.56,29.6,174.0,208.0,233.0,251.0,222.0
1776063442000,2.0,2.0,2.0,3.0,3.0,528.0,524.0,529.0,482.0,91.8,91.51,91.86,91.49,29.58,29.58,29.54,29.59,164.0,195.0,192.0,287.0,242.0
1776063743000,2.0,2.0,2.0,3.0,3.0,518.0,500.0,519.0,539.0,91.4,91.67,91.92,91.38,29.54,29.53,29.52,29.56,170.0,189.0,202.0,287.0,345.0
1776064043000,2.0,2.0,2.0,2.0,3.0,511.0,552.0,552.0,475.0,91.08,91.09,91.38,90.96,29.47,29.47,29.45,29.5,158.0,194.0,190.0,225.0,246.0
1776064344000,2.0,2.0,2.0,2.0,2.0,513.0,516.0,531.0,516.0,91.38,91.55,91.6,91.2,29.42,29.39,29.39,29.45,162.0,189.0,192.0,217.0,205.0
1776064644000,2.0,2.0,2.0,2.0,2.0,531.0,477.0,534.0,479.0,91.95,92.23,91.92,91.43,29.35,29.31,29.33,29.39,151.0,185.0,187.0,221.0,211.0
1776064945000,2.0,2.0,2.0,2.0,2.0,483.0,508.0,531.0,477.0,92.97,93.37,92.91,92.08,29.29,29.29,29.27,29.35,157.0,195.0,196.0,208.0,201.0
1776065246000,2.0,2.0,2.0,3.0,2.0,485.0,507.0,500.0,472.0,92.96,93.18,92.55,91.87,29.27,29.24,29.27,29.31,155.0,187.0,181.0,235.0,187.0
1776065546000,2.0,2.0,2.0,3.0,2.0,500.0,508.0,586.0,584.0,92.23,92.44,92.22,92.09,29.23,29.21,29.25,29.29,149.0,183.0,202.0,303.0,163.0
1776065847000,2.0,2.0,2.0,2.0,2.0,500.0,470.0,497.0,497.0,93.24,93.5,93.03,92.64,29.18,29.17,29.22,29.23,152.0,193.0,181.0,227.0,127.0
1776066147000,2.0,2.0,2.0,2.0,2.0,464.0,495.0,506.0,456.0,93.64,93.89,93.03,92.83,29.16,29.16,29.21,29.21,155.0,183.0,179.0,217.0,118.0
1776066448000,2.0,2.0,2.0,2.0,2.0,497.0,493.0,485.0,487.0,93.53,93.63,93.06,92.86,29.14,29.14,29.19,29.19,147.0,179.0,184.0,180.0,130.0
1776066748000,2.0,2.0,3.0,2.0,2.0,490.0,519.0,544.0,470.0,93.36,93.3,92.8,92.06,29.1,29.12,29.16,29.17,148.0,176.0,244.0,169.0,122.0
1776067049000,2.0,2.0,2.0,2.0,2.0,490.0,485.0,508.0,479.0,93.29,93.15,92.48,92.13,29.04,29.08,29.13,29.13,151.0,178.0,179.0,159.0,112.0
1776067350000,2.0,2.0,2.0,2.0,2.0,488.0,497.0,540.0,494.0,93.33,92.63,92.41,92.11,29.0,29.05,29.09,29.08,153.0,170.0,185.0,175.0,154.0
1776067650000,2.0,2.0,2.0,2.0,2.0,477.0,505.0,491.0,442.0,93.14,92.82,92.46,92.12,28.97,29.02,29.05,29.02,139.0,174.0,175.0,151.0,152.0
1776067951000,2.0,2.0,2.0,2.0,2.0,484.0,481.0,536.0,490.0,93.18,93.04,92.43,92.14,28.91,28.95,28.99,28.96,136.0,165.0,168.0,134.0,116.0
1776068251000,2.0,2.0,2.0,2.0,2.0,453.0,469.0,538.0,467.0,93.63,93.32,92.68,92.38,28.84,28.89,28.92,28.89,136.0,162.0,168.0,140.0,127.0
1776068552000,2.0,2.0,2.0,2.0,2.0,497.0,496.0,490.0,428.0,93.6,93.56,92.92,92.54,28.77,28.77,28.82,28.79,130.0,154.0,158.0,127.0,116.0
1776068852000,2.0,2.0,2.0,2.0,2.0,477.0,465.0,507.0,458.0,94.26,94.34,93.61,93.3,28.64,28.62,28.68,28.64,125.0,152.0,156.0,115.0,102.0
1776069153000,2.0,2.0,2.0,2.0,2.0,481.0,482.0,480.0,444.0,94.37,94.48,93.91,93.55,28.52,28.49,28.55,28.48,118.0,145.0,142.0,118.0,100.0
1776069454000,2.0,2.0,2.0,2.0,2.0,486.0,468.0,500.0,482.0,95.11,95.35,94.8,94.64,28.42,28.36,28.42,28.36,119.0,136.0,142.0,140.0,95.0
1776069754000,2.0,2.0,2.0,2.0,2.0,467.0,495.0,481.0,469.0,95.52,95.7,95.27,95.07,28.3,28.25,28.29,28.23,109.0,138.0,143.0,94.0,77.0
1776070055000,2.0,2.0,2.0,2.0,2.0,501.0,501.0,479.0,466.0,96.01,96.26,95.7,95.46,28.23,28.16,28.2,28.14,115.0,139.0,129.0,99.0,82.0
1776070355000,2.0,2.0,2.0,2.0,2.0,483.0,485.0,468.0,446.0,96.49,96.8,96.14,95.9,28.15,28.07,28.12,28.06,106.0,131.0,127.0,121.0,96.0
1776070656000,2.0,2.0,2.0,2.0,2.0,477.0,469.0,477.0,443.0,96.6,96.92,96.39,96.19,28.08,27.99,28.03,27.97,108.0,130.0,132.0,99.0,88.0
1776070956000,2.0,2.0,2.0,2.0,2.0,503.0,482.0,510.0,416.0,97.5,97.88,97.3,96.92,28.03,27.94,27.98,27.91,110.0,130.0,126.0,90.0,71.0
1776071257000,2.0,2.0,2.0,2.0,1.0,481.0,464.0,493.0,464.0,97.44,97.9,97.39,96.98,27.99,27.88,27.91,27.89,106.0,126.0,124.0,87.0,69.0
1776071558000,2.0,2.0,2.0,2.0,2.0,456.0,482.0,496.0,459.0,96.86,97.29,96.89,96.59,27.92,27.81,27.85,27.84,100.0,122.0,125.0,85.0,81.0
1776071858000,2.0,2.0,2.0,2.0,2.0,470.0,500.0,478.0,455.0,96.79,97.41,96.83,96.51,27.86,27.73,27.77,27.76,104.0,123.0,120.0,79.0,70.0
1776072159000,2.0,2.0,2.0,2.0,1.0,474.0,471.0,495.0,468.0,96.39,96.81,96.4,96.09,27.77,27.63,27.68,27.66,107.0,118.0,115.0,80.0,64.0
1776072459000,2.0,2.0,2.0,2.0,1.0,503.0,492.0,494.0,467.0,96.39,96.82,96.39,96.03,27.68,27.55,27.59,27.58,103.0,116.0,163.0,85.0,60.0
1776072760000,2.0,2.0,2.0,2.0,2.0,441.0,483.0,522.0,538.0,96.44,96.84,96.4,96.04,27.6,27.46,27.49,27.48,96.0,114.0,116.0,81.0,68.0
1776073060000,2.0,2.0,2.0,2.0,1.0,524.0,474.0,493.0,483.0,96.55,97.03,96.64,96.31,27.51,27.38,27.41,27.4,97.0,117.0,115.0,73.0,44.0
1776073361000,2.0,2.0,2.0,1.0,1.0,493.0,472.0,510.0,493.0,96.25,96.69,96.24,95.84,27.41,27.3,27.32,27.33,100.0,110.0,106.0,66.0,45.0
1776073662000,2.0,2.0,2.0,2.0,1.0,495.0,480.0,529.0,510.0,96.53,96.9,96.23,95.87,27.33,27.23,27.26,27.26,96.0,110.0,103.0,69.0,49.0
1776073962000,2.0,2.0,2.0,2.0,1.0,497.0,514.0,488.0,496.0,95.83,96.14,95.57,95.2,27.25,27.17,27.17,27.2,88.0,103.0,102.0,72.0,44.0
1776074263000,2.0,2.0,2.0,1.0,1.0,515.0,511.0,516.0,497.0,95.38,95.65,95.11,94.64,27.16,27.1,27.12,27.15,93.0,104.0,102.0,67.0,37.0
1776074563000,2.0,2.0,2.0,2.0,1.0,506.0,491.0,509.0,456.0,95.22,95.36,94.94,94.29,27.07,27.03,27.05,27.12,89.0,103.0,103.0,70.0,40.0
1776074864000,2.0,2.0,2.0,2.0,1.0,455.0,463.0,544.0,458.0,94.91,95.1,94.59,93.84,26.98,26.96,27.01,27.09,88.0,108.0,101.0,68.0,49.0
1776075164000,2.0,2.0,2.0,2.0,1.0,476.0,514.0,507.0,515.0,94.78,95.05,94.18,93.48,26.91,26.92,26.99,27.08,94.0,113.0,97.0,78.0,55.0
1776075465000,2.0,2.0,2.0,2.0,1.0,477.0,475.0,506.0,511.0,94.55,94.65,93.77,93.06,26.85,26.88,26.98,27.08,91.0,112.0,107.0,81.0,43.0
1776075766000,2.0,2.0,2.0,2.0,1.0,494.0,516.0,524.0,489.0,94.55,94.47,93.44,92.84,26.83,26.87,26.97,27.09,96.0,107.0,102.0,78.0,47.0
1776076066000,2.0,2.0,2.0,2.0,2.0,529.0,491.0,508.0,538.0,94.58,94.81,93.49,92.89,26.8,26.87,26.97,27.09,97.0,113.0,115.0,92.0,77.0
1776076367000,2.0,2.0,2.0,2.0,1.0,497.0,501.0,541.0,533.0,94.8,94.75,93.4,92.96,26.85,26.91,27.02,27.13,105.0,106.0,110.0,104.0,54.0
1776076667000,2.0,2.0,2.0,2.0,1.0,494.0,504.0,588.0,555.0,94.71,94.5,93.67,92.82,26.91,27.01,27.07,27.23,98.0,114.0,140.0,114.0,61.0
1776076968000,2.0,2.0,2.0,3.0,2.0,493.0,481.0,618.0,627.0,94.31,94.16,93.63,93.08,26.97,27.1,27.16,27.29,98.0,118.0,132.0,540.0,129.0
1776077268000,2.0,2.0,2.0,2.0,2.0,525.0,504.0,586.0,638.0,93.93,93.92,93.46,92.78,27.03,27.17,27.22,27.35,99.0,119.0,152.0,166.0,162.0
1776077569000,2.0,2.0,2.0,2.0,2.0,465.0,492.0,542.0,519.0,93.73,93.49,93.02,92.39,27.07,27.22,27.24,27.4,106.0,122.0,120.0,162.0,164.0
1776077870000,2.0,2.0,2.0,3.0,3.0,490.0,527.0,501.0,548.0,93.59,93.39,93.02,92.17,27.12,27.24,27.26,27.41,104.0,126.0,123.0,502.0,243.0
1776078170000,2.0,2.0,2.0,2.0,2.0,498.0,489.0,535.0,514.0,93.29,93.27,92.67,91.95,27.12,27.27,27.26,27.42,113.0,128.0,124.0,210.0,203.0
1776078471000,2.0,2.0,2.0,2.0,3.0,507.0,522.0,505.0,539.0,92.98,92.68,92.27,91.6,27.11,27.25,27.22,27.4,106.0,119.0,118.0,167.0,262.0
1776078771000,2.0,2.0,2.0,2.0,2.0,517.0,504.0,528.0,475.0,93.02,92.37,92.15,91.16,27.09,27.24,27.18,27.38,104.0,119.0,118.0,144.0,207.0
1776079072000,2.0,2.0,2.0,2.0,2.0,496.0,515.0,557.0,514.0,92.84,92.37,92.37,91.17,27.07,27.2,27.14,27.32,103.0,119.0,168.0,126.0,200.0
1776079372000,2.0,2.0,2.0,2.0,2.0,501.0,502.0,604.0,593.0,93.03,92.55,92.88,92.13,27.03,27.15,27.1,27.29,103.0,121.0,162.0,188.0,220.0
1776079673000,2.0,2.0,2.0,2.0,2.0,526.0,502.0,554.0,585.0,93.24,92.78,92.96,92.16,27.0,27.12,27.04,27.25,96.0,113.0,122.0,155.0,219.0
1776079973000,2.0,2.0,2.0,2.0,2.0,483.0,526.0,506.0,542.0,93.37,92.88,92.95,91.97,26.97,27.08,27.0,27.21,95.0,116.0,108.0,125.0,159.0
1776080274000,2.0,2.0,2.0,2.0,2.0,506.0,485.0,496.0,591.0,93.52,93.08,93.02,92.33,26.93,27.03,26.95,27.16,88.0,113.0,104.0,156.0,209.0
1776080575000,2.0,2.0,2.0,2.0,2.0,506.0,517.0,569.0,544.0,93.8,93.19,93.39,92.46,26.89,27.0,26.91,27.13,93.0,113.0,118.0,143.0,176.0
1776080875000,2.0,2.0,2.0,2.0,2.0,484.0,514.0,576.0,561.0,93.91,93.35,93.79,92.85,26.86,26.97,26.86,27.1,103.0,111.0,119.0,155.0,157.0
1776081176000,2.0,2.0,2.0,2.0,2.0,499.0,547.0,514.0,531.0,94.17,93.48,93.8,92.78,26.83,26.91,26.82,27.06,97.0,114.0,108.0,150.0,143.0
1776081476000,2.0,2.0,2.0,2.0,2.0,527.0,518.0,526.0,619.0,94.09,93.64,94.12,93.02,26.78,26.88,26.78,27.02,95.0,110.0,111.0,213.0,164.0
1776081777000,2.0,2.0,2.0,2.0,3.0,503.0,495.0,525.0,542.0,94.15,93.76,94.0,93.05,26.75,26.85,26.76,27.0,92.0,107.0,112.0,158.0,240.0
1776082077000,2.0,2.0,2.0,2.0,2.0,539.0,487.0,530.0,514.0,94.16,93.77,94.03,92.91,26.73,26.82,26.73,26.99,90.0,105.0,105.0,178.0,153.0
1776082378000,2.0,2.0,2.0,2.0,2.0,522.0,532.0,511.0,539.0,94.32,93.78,94.05,93.08,26.68,26.81,26.71,26.97,94.0,107.0,102.0,149.0,132.0
1776082679000,2.0,2.0,2.0,2.0,2.0,519.0,516.0,576.0,562.0,94.45,93.99,94.45,93.37,26.65,26.78,26.67,26.94,96.0,114.0,123.0,143.0,147.0
1776082979000,2.0,2.0,2.0,2.0,2.0,540.0,483.0,562.0,562.0,94.55,94.06,94.41,93.29,26.62,26.77,26.66,26.92,96.0,109.0,121.0,128.0,178.0
1776083280000,2.0,2.0,2.0,2.0,2.0,511.0,513.0,609.0,604.0,94.64,94.2,94.68,93.73,26.6,26.76,26.63,26.92,89.0,117.0,129.0,176.0,219.0
1776083580000,2.0,2.0,2.0,2.0,2.0,502.0,491.0,552.0,590.0,94.75,94.25,94.7,93.61,26.57,26.73,26.62,26.89,93.0,114.0,108.0,129.0,154.0
1776083881000,2.0,2.0,2.0,2.0,2.0,542.0,538.0,545.0,531.0,94.93,94.42,94.79,93.67,26.55,26.71,26.58,26.87,91.0,110.0,110.0,123.0,169.0
1776084181000,2.0,2.0,2.0,2.0,2.0,482.0,500.0,555.0,576.0,95.06,94.54,94.82,93.78,26.52,26.68,26.56,26.84,86.0,104.0,127.0,123.0,159.0
1776084482000,2.0,2.0,2.0,2.0,2.0,517.0,505.0,551.0,562.0,95.24,94.64,95.06,93.8,26.48,26.65,26.54,26.81,90.0,113.0,105.0,106.0,108.0
1776084783000,2.0,2.0,2.0,2.0,2.0,543.0,517.0,532.0,509.0,95.34,94.76,95.06,93.74,26.46,26.63,26.5,26.79,89.0,99.0,90.0,105.0,103.0
1776085083000,2.0,2.0,2.0,2.0,2.0,505.0,528.0,539.0,583.0,95.38,94.84,95.23,93.95,26.44,26.6,26.49,26.75,84.0,105.0,97.0,109.0,106.0
1776085384000,2.0,2.0,2.0,2.0,2.0,517.0,514.0,676.0,591.0,95.55,94.98,95.78,94.41,26.4,26.57,26.45,26.73,82.0,101.0,191.0,130.0,201.0
1776085684000,2.0,2.0,2.0,2.0,2.0,491.0,518.0,573.0,577.0,95.6,94.98,95.49,94.4,26.39,26.55,26.43,26.7,78.0,98.0,91.0,101.0,151.0
1776085985000,2.0,2.0,2.0,2.0,2.0,517.0,532.0,612.0,581.0,95.59,94.83,95.38,94.28,26.34,26.53,26.39,26.67,85.0,96.0,118.0,126.0,162.0
1776086285000,2.0,2.0,2.0,2.0,3.0,507.0,526.0,540.0,538.0,95.54,94.96,95.27,94.16,26.31,26.5,26.39,26.65,80.0,94.0,77.0,109.0,244.0
1776086586000,2.0,2.0,2.0,2.0,2.0,513.0,500.0,520.0,572.0,95.8,95.21,95.59,94.58,26.27,26.47,26.35,26.61,79.0,100.0,96.0,153.0,104.0
1776086887000,2.0,2.0,2.0,2.0,2.0,531.0,496.0,561.0,584.0,96.03,95.35,95.61,94.66,26.24,26.43,26.32,26.59,77.0,94.0,87.0,127.0,116.0
1776087187000,2.0,2.0,2.0,2.0,2.0,492.0,525.0,528.0,596.0,96.15,95.43,95.74,94.73,26.2,26.41,26.3,26.57,74.0,89.0,86.0,133.0,77.0
1776087488000,2.0,2.0,2.0,2.0,2.0,515.0,545.0,544.0,518.0,96.28,95.51,95.8,94.71,26.18,26.38,26.27,26.55,78.0,92.0,87.0,112.0,115.0
1776087788000,2.0,2.0,2.0,2.0,2.0,489.0,520.0,520.0,548.0,96.34,95.57,95.86,94.85,26.14,26.35,26.25,26.52,70.0,97.0,88.0,98.0,120.0
1776088089000,2.0,2.0,2.0,2.0,2.0,533.0,493.0,581.0,597.0,96.41,95.65,96.15,94.95,26.12,26.32,26.23,26.5,74.0,87.0,91.0,109.0,126.0
1776088389000,2.0,2.0,2.0,2.0,2.0,498.0,510.0,584.0,491.0,96.42,95.71,96.12,94.8,26.1,26.29,26.2,26.47,70.0,89.0,93.0,88.0,93.0
1776088690000,2.0,2.0,2.0,2.0,2.0,530.0,504.0,654.0,525.0,96.61,95.83,96.29,94.91,26.07,26.26,26.17,26.44,67.0,89.0,128.0,122.0,112.0
1776088990000,2.0,2.0,2.0,2.0,2.0,527.0,541.0,637.0,534.0,96.57,95.82,96.29,94.8,26.03,26.23,26.15,26.41,72.0,91.0,110.0,102.0,125.0
1776089291000,1.0,2.0,2.0,2.0,2.0,521.0,528.0,578.0,517.0,96.39,95.73,96.02,94.57,26.01,26.2,26.11,26.39,71.0,87.0,162.0,85.0,107.0
1776089592000,1.0,2.0,2.0,2.0,2.0,524.0,578.0,553.0,507.0,96.25,95.66,95.8,94.81,25.98,26.17,26.09,26.36,68.0,80.0,80.0,93.0,80.0
1776089892000,2.0,2.0,2.0,2.0,2.0,514.0,538.0,558.0,584.0,96.29,95.67,95.99,94.93,25.97,26.13,26.06,26.32,68.0,83.0,93.0,150.0,72.0
1776090193000,2.0,2.0,2.0,2.0,2.0,542.0,525.0,561.0,622.0,96.45,95.59,95.94,94.95,25.92,26.09,26.0,26.29,72.0,90.0,85.0,105.0,76.0
1776090493000,1.0,2.0,2.0,2.0,1.0,510.0,553.0,560.0,570.0,96.48,95.73,96.04,94.85,25.87,26.05,25.98,26.25,68.0,83.0,84.0,91.0,61.0
1776090794000,2.0,2.0,2.0,2.0,2.0,515.0,514.0,553.0,564.0,96.48,95.79,96.04,94.96,25.85,26.03,25.93,26.19,69.0,81.0,81.0,138.0,91.0
1776091094000,2.0,2.0,2.0,2.0,1.0,529.0,558.0,569.0,574.0,96.35,95.67,95.89,94.69,25.8,25.99,25.89,26.17,69.0,78.0,69.0,85.0,63.0
1776091395000,2.0,2.0,2.0,2.0,1.0,523.0,518.0,536.0,496.0,96.38,95.6,95.9,94.65,25.76,25.93,25.85,26.11,74.0,79.0,77.0,82.0,49.0
1776091696000,2.0,2.0,2.0,2.0,2.0,549.0,499.0,541.0,504.0,96.48,95.75,96.01,94.72,25.71,25.9,25.79,26.06,79.0,92.0,85.0,73.0,71.0
1776091996000,2.0,2.0,2.0,2.0,1.0,514.0,531.0,545.0,555.0,96.73,95.97,96.2,94.92,25.67,25.86,25.74,26.02,73.0,90.0,77.0,75.0,61.0
1776092297000,1.0,2.0,2.0,2.0,1.0,564.0,549.0,569.0,569.0,96.89,96.23,96.74,95.43,25.62,25.81,25.72,25.99,68.0,84.0,79.0,158.0,68.0
1776092597000,1.0,2.0,2.0,1.0,1.0,512.0,567.0,545.0,569.0,97.08,96.22,96.64,95.2,25.59,25.78,25.67,25.94,67.0,74.0,65.0,51.0,47.0
1776092898000,1.0,2.0,1.0,2.0,1.0,515.0,517.0,572.0,582.0,97.2,96.58,96.91,95.46,25.57,25.75,25.65,25.9,64.0,79.0,67.0,73.0,57.0
1776093198000,1.0,2.0,2.0,1.0,2.0,559.0,593.0,621.0,582.0,97.03,96.36,96.9,95.4,25.54,25.7,25.6,25.89,64.0,79.0,125.0,65.0,81.0
1776093499000,2.0,2.0,3.0,1.0,2.0,546.0,572.0,646.0,543.0,96.92,96.16,96.94,95.26,25.51,25.68,25.58,25.84,73.0,90.0,415.0,65.0,164.0
1776093800000,2.0,2.0,2.0,2.0,2.0,569.0,544.0,625.0,517.0,97.22,96.55,97.06,95.52,25.48,25.67,25.55,25.81,84.0,97.0,81.0,71.0,76.0
1776094100000,2.0,2.0,2.0,1.0,1.0,531.0,546.0,547.0,570.0,97.43,96.77,97.14,95.66,25.46,25.65,25.53,25.78,76.0,78.0,75.0,64.0,63.0
1776094401000,2.0,2.0,1.0,2.0,1.0,561.0,603.0,606.0,598.0,97.69,96.73,97.19,95.85,25.43,25.62,25.5,25.77,68.0,77.0,69.0,69.0,51.0
1776094701000,1.0,2.0,1.0,1.0,1.0,544.0,549.0,583.0,585.0,97.74,96.88,97.31,96.07,25.4,25.6,25.48,25.74,61.0,80.0,70.0,58.0,32.0
1776095002000,2.0,2.0,2.0,1.0,1.0,573.0,601.0,586.0,587.0,97.74,97.0,97.46,96.03,25.38,25.59,25.45,25.71,79.0,96.0,79.0,55.0,46.0
1776095302000,2.0,2.0,2.0,1.0,1.0,584.0,600.0,555.0,569.0,97.83,97.06,97.45,96.1,25.39,25.58,25.44,25.7,80.0,92.0,76.0,58.0,46.0
1776095603000,1.0,2.0,2.0,1.0,1.0,549.0,571.0,587.0,540.0,97.96,97.19,97.61,96.29,25.34,25.56,25.41,25.68,74.0,77.0,71.0,61.0,46.0
1776095904000,1.0,2.0,1.0,1.0,1.0,540.0,591.0,598.0,519.0,98.19,97.39,97.85,96.36,25.33,25.53,25.42,25.66,63.0,82.0,65.0,33.0,30.0
1776096204000,1.0,2.0,2.0,1.0,1.0,578.0,597.0,642.0,552.0,98.42,97.62,98.18,96.54,25.31,25.51,25.4,25.65,63.0,77.0,78.0,44.0,28.0
1776096505000,1.0,2.0,1.0,1.0,1.0,585.0,606.0,660.0,606.0,98.58,97.73,98.19,96.62,25.29,25.49,25.38,25.63,58.0,70.0,59.0,33.0,38.0
1776096805000,2.0,2.0,2.0,1.0,1.0,566.0,583.0,649.0,551.0,98.66,97.82,98.4,96.71,25.29,25.5,25.38,25.62,79.0,86.0,132.0,49.0,66.0
1776097106000,2.0,2.0,2.0,1.0,1.0,553.0,568.0,568.0,563.0,98.51,97.67,98.15,96.74,25.27,25.47,25.36,25.61,69.0,79.0,68.0,44.0,27.0
1776097406000,1.0,2.0,2.0,1.0,1.0,544.0,580.0,619.0,592.0,98.52,97.65,98.37,96.69,25.26,25.47,25.36,25.59,65.0,83.0,84.0,33.0,34.0
1776097707000,2.0,2.0,2.0,1.0,2.0,559.0,536.0,584.0,552.0,98.51,97.6,98.12,96.63,25.25,25.47,25.34,25.59,96.0,108.0,82.0,46.0,73.0
1776098008000,2.0,2.0,2.0,1.0,1.0,551.0,553.0,574.0,526.0,98.63,97.69,98.15,96.72,25.24,25.45,25.3,25.58,70.0,91.0,78.0,41.0,65.0
1776098308000,1.0,2.0,1.0,1.0,1.0,592.0,523.0,573.0,566.0,98.73,97.78,98.23,96.88,25.23,25.44,25.3,25.55,65.0,77.0,56.0,55.0,65.0
1776098609000,1.0,2.0,1.0,1.0,1.0,541.0,546.0,535.0,516.0,98.49,97.66,98.09,96.68,25.21,25.43,25.3,25.56,55.0,74.0,54.0,39.0,62.0
1776098909000,1.0,2.0,1.0,1.0,2.0,514.0,523.0,582.0,540.0,98.63,97.71,98.25,96.83,25.19,25.43,25.29,25.56,52.0,71.0,66.0,52.0,130.0
1776099210000,1.0,1.0,1.0,1.0,2.0,490.0,520.0,545.0,501.0,98.65,97.69,98.22,96.76,25.19,25.44,25.29,25.55,52.0,66.0,56.0,56.0,120.0
1776099510000,1.0,1.0,1.0,1.0,2.0,534.0,505.0,523.0,534.0,98.64,97.6,98.13,96.67,25.2,25.42,25.27,25.53,51.0,65.0,55.0,58.0,76.0
1776099811000,1.0,2.0,2.0,1.0,2.0,534.0,535.0,637.0,525.0,98.6,97.57,98.32,96.62,25.18,25.42,25.27,25.54,54.0,67.0,95.0,55.0,204.0
1776100112000,1.0,1.0,1.0,1.0,1.0,541.0,510.0,519.0,534.0,98.57,97.53,98.38,96.59,25.19,25.42,25.27,25.54,47.0,65.0,61.0,49.0,60.0
1776100412000,1.0,1.0,1.0,1.0,2.0,554.0,477.0,551.0,539.0,98.55,97.48,98.16,96.7,25.2,25.43,25.27,25.54,52.0,64.0,53.0,54.0,83.0
1776100713000,1.0,1.0,1.0,1.0,2.0,513.0,546.0,548.0,473.0,98.51,97.47,98.11,96.72,25.2,25.44,25.27,25.55,53.0,60.0,59.0,52.0,78.0
1776101013000,1.0,1.0,1.0,1.0,1.0,507.0,497.0,495.0,520.0,98.56,97.52,98.09,96.58,25.19,25.45,25.28,25.55,49.0,62.0,50.0,46.0,59.0
1776101314000,1.0,1.0,2.0,1.0,1.0,497.0,507.0,642.0,520.0,98.55,97.49,98.33,96.63,25.21,25.47,25.29,25.54,52.0,64.0,91.0,61.0,61.0
1776101614000,1.0,1.0,1.0,1.0,1.0,475.0,566.0,580.0,513.0,98.5,97.44,98.24,96.65,25.22,25.46,25.3,25.56,52.0,65.0,57.0,50.0,45.0
1776101915000,1.0,1.0,1.0,1.0,1.0,529.0,555.0,561.0,531.0,98.41,97.36,98.15,96.65,25.23,25.47,25.31,25.57,55.0,58.0,54.0,47.0,50.0
1776102216000,1.0,1.0,1.0,1.0,2.0,531.0,545.0,498.0,528.0,98.27,97.23,97.78,96.65,25.22,25.48,25.31,25.58,48.0,65.0,49.0,52.0,74.0
1776102516000,1.0,1.0,1.0,2.0,2.0,526.0,531.0,566.0,632.0,97.95,96.81,97.56,96.63,25.22,25.46,25.31,25.59,48.0,61.0,57.0,163.0,86.0
1776102817000,1.0,1.0,1.0,2.0,3.0,548.0,518.0,518.0,584.0,97.86,96.83,97.4,96.28,25.21,25.45,25.28,25.57,52.0,66.0,58.0,83.0,297.0
1776103117000,1.0,1.0,2.0,2.0,2.0,527.0,505.0,534.0,572.0,97.41,96.37,97.07,95.88,25.18,25.44,25.27,25.55,57.0,63.0,108.0,100.0,161.0
1776103418000,1.0,2.0,2.0,2.0,2.0,513.0,541.0,566.0,556.0,97.62,96.5,97.4,96.11,25.16,25.4,25.25,25.51,60.0,71.0,76.0,85.0,112.0
1776103718000,1.0,1.0,2.0,2.0,2.0,538.0,540.0,556.0,544.0,97.74,96.77,97.5,96.13,25.13,25.38,25.22,25.48,57.0,62.0,78.0,73.0,102.0
1776104019000,1.0,1.0,1.0,1.0,1.0,516.0,545.0,563.0,530.0,97.89,96.93,97.75,96.29,25.1,25.35,25.2,25.44,49.0,63.0,62.0,59.0,67.0
1776104320000,1.0,1.0,1.0,1.0,1.0,501.0,533.0,593.0,509.0,97.95,97.03,97.68,96.32,25.09,25.33,25.16,25.42,49.0,61.0,49.0,54.0,48.0
1776104620000,1.0,1.0,1.0,1.0,1.0,503.0,533.0,530.0,572.0,97.86,96.96,97.71,96.29,25.06,25.3,25.13,25.4,55.0,62.0,54.0,59.0,44.0
1776104921000,1.0,1.0,2.0,1.0,1.0,518.0,546.0,558.0,534.0,97.84,96.95,97.86,96.23,25.04,25.28,25.11,25.35,64.0,71.0,75.0,48.0,60.0
1776105221000,1.0,1.0,1.0,1.0,1.0,530.0,530.0,569.0,537.0,97.93,97.01,97.84,96.38,25.01,25.25,25.07,25.33,53.0,69.0,52.0,34.0,36.0
1776105522000,1.0,1.0,1.0,1.0,1.0,519.0,525.0,568.0,527.0,98.17,97.15,98.0,96.62,24.99,25.22,25.05,25.3,50.0,55.0,59.0,38.0,56.0
1776105822000,1.0,1.0,1.0,1.0,1.0,525.0,541.0,611.0,530.0,98.27,97.24,98.19,96.64,24.97,25.2,25.01,25.28,46.0,58.0,57.0,32.0,37.0
1776106123000,1.0,1.0,1.0,1.0,1.0,507.0,537.0,582.0,509.0,98.26,97.29,98.12,96.69,24.95,25.18,24.99,25.26,44.0,58.0,56.0,32.0,41.0
1776106424000,1.0,1.0,1.0,1.0,1.0,545.0,549.0,536.0,527.0,98.25,97.37,98.06,96.72,24.92,25.16,24.96,25.23,47.0,59.0,47.0,30.0,40.0
1776106724000,1.0,2.0,1.0,1.0,1.0,527.0,545.0,622.0,581.0,98.47,97.51,98.25,96.81,24.91,25.14,24.95,25.2,52.0,72.0,65.0,32.0,40.0
1776107025000,1.0,1.0,1.0,1.0,1.0,541.0,561.0,567.0,560.0,98.4,97.59,98.25,97.01,24.88,25.11,24.92,25.2,50.0,63.0,55.0,40.0,45.0
1776107325000,1.0,1.0,1.0,1.0,1.0,534.0,558.0,577.0,565.0,98.62,97.76,98.48,97.12,24.85,25.09,24.91,25.16,52.0,58.0,55.0,37.0,43.0
1776107626000,1.0,1.0,1.0,1.0,1.0,533.0,555.0,569.0,537.0,98.66,97.64,98.41,96.95,24.85,25.07,24.88,25.13,46.0,56.0,48.0,36.0,55.0
1776107926000,1.0,1.0,1.0,1.0,1.0,535.0,574.0,577.0,544.0,98.78,97.77,98.51,97.04,24.82,25.05,24.85,25.13,51.0,60.0,58.0,46.0,39.0
1776108227000,1.0,1.0,1.0,1.0,1.0,572.0,560.0,579.0,529.0,98.83,97.88,98.57,97.16,24.8,25.04,24.84,25.1,51.0,57.0,46.0,29.0,52.0
1776108528000,1.0,1.0,1.0,1.0,1.0,546.0,560.0,573.0,537.0,98.85,97.87,98.56,97.19,24.79,25.02,24.83,25.08,46.0,63.0,49.0,37.0,46.0
1776108828000,1.0,1.0,1.0,1.0,1.0,593.0,578.0,581.0,547.0,98.86,97.89,98.62,97.18,24.77,24.99,24.82,25.08,47.0,55.0,47.0,35.0,43.0
1776109129000,1.0,1.0,1.0,1.0,1.0,538.0,550.0,620.0,583.0,98.9,97.85,98.8,97.26,24.75,25.0,24.8,25.08,48.0,57.0,59.0,35.0,48.0
1776109429000,1.0,1.0,1.0,1.0,1.0,581.0,559.0,580.0,547.0,98.99,97.91,98.85,97.33,24.75,25.01,24.78,25.06,45.0,58.0,48.0,43.0,45.0
1776109730000,1.0,1.0,1.0,1.0,1.0,542.0,563.0,580.0,604.0,99.08,97.97,99.04,97.5,24.72,25.0,24.78,25.05,40.0,52.0,66.0,48.0,47.0
1776110030000,1.0,1.0,1.0,1.0,1.0,569.0,543.0,606.0,589.0,99.19,98.04,99.18,97.48,24.72,24.99,24.77,25.05,42.0,52.0,53.0,33.0,34.0
1776110331000,1.0,1.0,1.0,1.0,1.0,553.0,531.0,577.0,552.0,99.17,98.08,99.09,97.45,24.71,24.98,24.76,25.04,40.0,49.0,40.0,42.0,41.0
1776110632000,1.0,1.0,1.0,1.0,1.0,536.0,563.0,584.0,528.0,99.15,98.02,99.0,97.55,24.69,24.97,24.74,25.03,43.0,53.0,43.0,55.0,54.0
1776110932000,1.0,1.0,1.0,1.0,1.0,556.0,586.0,595.0,540.0,99.24,98.07,98.98,97.47,24.68,24.95,24.75,25.01,46.0,53.0,40.0,45.0,32.0
1776111233000,1.0,1.0,1.0,1.0,1.0,544.0,562.0,596.0,545.0,99.21,97.99,98.95,97.42,24.67,24.96,24.73,25.0,36.0,51.0,56.0,56.0,38.0
1776111533000,1.0,1.0,1.0,1.0,1.0,541.0,513.0,650.0,526.0,99.32,98.11,99.14,97.47,24.67,24.95,24.72,24.99,40.0,47.0,59.0,51.0,37.0
1776111834000,1.0,1.0,1.0,1.0,1.0,561.0,563.0,575.0,534.0,99.18,97.95,99.0,97.46,24.65,24.94,24.71,24.99,31.0,46.0,35.0,47.0,33.0
1776112134000,1.0,1.0,1.0,1.0,1.0,567.0,539.0,591.0,524.0,99.25,98.01,99.02,97.55,24.63,24.94,24.69,24.98,38.0,47.0,39.0,45.0,46.0
1776112435000,1.0,1.0,1.0,1.0,1.0,533.0,570.0,599.0,531.0,99.33,98.05,99.05,97.63,24.63,24.93,24.68,24.96,41.0,47.0,38.0,60.0,46.0
1776112735000,1.0,1.0,1.0,1.0,1.0,564.0,549.0,601.0,545.0,99.27,97.98,99.09,97.56,24.62,24.92,24.68,24.93,36.0,51.0,56.0,40.0,54.0
1776113036000,1.0,1.0,1.0,1.0,1.0,560.0,586.0,579.0,516.0,99.17,97.95,98.95,97.47,24.59,24.91,24.65,24.95,37.0,45.0,35.0,35.0,37.0
1776113337000,1.0,1.0,1.0,1.0,1.0,536.0,554.0,566.0,509.0,99.22,97.93,98.99,97.38,24.57,24.88,24.64,24.94,45.0,47.0,40.0,35.0,37.0
1776113637000,1.0,1.0,1.0,1.0,1.0,580.0,558.0,598.0,534.0,99.16,97.88,98.98,97.35,24.57,24.87,24.62,24.91,36.0,45.0,45.0,42.0,39.0
1776113938000,1.0,1.0,1.0,1.0,1.0,552.0,558.0,550.0,492.0,99.27,97.92,98.98,97.34,24.53,24.86,24.6,24.89,33.0,45.0,35.0,32.0,51.0
1776114238000,1.0,1.0,1.0,1.0,1.0,542.0,574.0,576.0,528.0,99.37,98.08,99.13,97.53,24.51,24.84,24.58,24.87,39.0,44.0,38.0,43.0,53.0
1776114539000,1.0,1.0,1.0,1.0,1.0,565.0,588.0,585.0,533.0,99.44,98.15,99.25,97.61,24.5,24.82,24.55,24.84,37.0,52.0,38.0,39.0,49.0
1776114839000,1.0,1.0,1.0,1.0,1.0,540.0,555.0,588.0,557.0,99.56,98.26,99.37,97.71,24.48,24.8,24.55,24.82,36.0,45.0,38.0,36.0,60.0
1776115140000,1.0,1.0,1.0,1.0,1.0,539.0,566.0,576.0,517.0,99.41,98.13,99.21,97.75,24.47,24.79,24.53,24.81,36.0,43.0,37.0,34.0,40.0
1776115441000,1.0,1.0,1.0,1.0,1.0,564.0,585.0,597.0,533.0,99.49,98.11,99.37,97.65,24.43,24.76,24.53,24.8,33.0,45.0,47.0,36.0,32.0
1776115741000,1.0,1.0,1.0,1.0,1.0,569.0,583.0,561.0,598.0,99.65,98.28,99.38,97.8,24.43,24.77,24.52,24.79,36.0,46.0,38.0,39.0,42.0
1776116042000,1.0,1.0,1.0,1.0,1.0,550.0,578.0,581.0,558.0,99.72,98.42,99.46,98.0,24.42,24.75,24.51,24.78,35.0,44.0,40.0,48.0,49.0
1776116342000,1.0,1.0,2.0,1.0,1.0,575.0,596.0,642.0,573.0,99.8,98.46,99.58,98.08,24.39,24.74,24.51,24.78,44.0,47.0,87.0,57.0,41.0
1776116643000,1.0,1.0,1.0,1.0,1.0,546.0,567.0,585.0,582.0,99.89,98.62,99.63,98.06,24.4,24.72,24.5,24.77,52.0,53.0,45.0,45.0,38.0
1776116943000,1.0,1.0,1.0,1.0,1.0,574.0,588.0,579.0,537.0,99.93,98.69,99.59,98.08,24.38,24.71,24.5,24.77,43.0,54.0,46.0,48.0,31.0
1776117244000,1.0,1.0,1.0,1.0,1.0,581.0,576.0,579.0,553.0,99.97,98.79,99.63,98.31,24.38,24.7,24.5,24.75,47.0,53.0,48.0,55.0,46.0
1776117545000,1.0,1.0,1.0,1.0,1.0,591.0,563.0,618.0,580.0,100.0,99.05,99.83,98.5,24.37,24.71,24.51,24.75,48.0,52.0,42.0,52.0,60.0
1776117845000,1.0,1.0,1.0,1.0,1.0,601.0,573.0,593.0,550.0,100.0,99.1,99.87,98.65,24.4,24.74,24.53,24.76,40.0,52.0,44.0,54.0,41.0
1776118146000,1.0,1.0,1.0,1.0,1.0,625.0,593.0,602.0,564.0,100.0,99.29,99.95,98.77,24.4,24.78,24.55,24.78,48.0,52.0,51.0,56.0,47.0
1776118446000,1.0,1.0,1.0,1.0,2.0,550.0,575.0,588.0,562.0,100.0,99.43,100.0,98.95,24.42,24.79,24.58,24.81,47.0,54.0,59.0,67.0,146.0
1776118747000,1.0,1.0,1.0,2.0,1.0,545.0,563.0,579.0,573.0,100.0,99.56,100.0,99.17,24.44,24.81,24.62,24.82,54.0,60.0,46.0,84.0,53.0
1776119047000,1.0,1.0,1.0,2.0,2.0,552.0,573.0,584.0,574.0,100.0,99.62,100.0,99.19,24.46,24.83,24.65,24.87,46.0,56.0,47.0,84.0,66.0
1776119348000,1.0,1.0,1.0,2.0,1.0,530.0,560.0,565.0,604.0,100.0,99.7,100.0,99.23,24.5,24.85,24.69,24.9,54.0,57.0,46.0,84.0,62.0
1776119649000,1.0,1.0,1.0,2.0,2.0,573.0,556.0,568.0,641.0,100.0,99.67,100.0,99.62,24.52,24.88,24.73,24.94,52.0,57.0,49.0,117.0,90.0
1776119949000,1.0,1.0,1.0,2.0,2.0,539.0,581.0,593.0,579.0,100.0,99.71,100.0,99.41,24.57,24.9,24.77,24.98,55.0,57.0,58.0,116.0,86.0
1776120250000,1.0,1.0,1.0,2.0,1.0,581.0,624.0,611.0,537.0,100.0,99.71,99.98,99.2,24.59,24.9,24.81,24.99,55.0,63.0,56.0,134.0,72.0
1776120550000,1.0,1.0,1.0,2.0,2.0,572.0,597.0,580.0,573.0,100.0,99.76,99.96,99.25,24.63,24.92,24.83,25.01,58.0,65.0,65.0,139.0,80.0
1776120851000,1.0,1.0,1.0,2.0,2.0,600.0,537.0,623.0,580.0,100.0,99.78,99.94,99.36,24.7,24.91,24.87,25.02,60.0,65.0,63.0,123.0,80.0
1776121151000,1.0,1.0,1.0,2.0,2.0,555.0,568.0,592.0,592.0,100.0,99.81,99.94,99.34,24.73,24.91,24.89,25.02,59.0,62.0,57.0,120.0,69.0
1776121452000,1.0,1.0,1.0,2.0,2.0,562.0,575.0,590.0,618.0,100.0,99.89,99.95,99.44,24.77,24.91,24.9,25.01,60.0,64.0,65.0,99.0,92.0
1776121753000,1.0,1.0,1.0,2.0,2.0,564.0,560.0,571.0,606.0,100.0,99.91,99.97,99.57,24.82,24.93,24.9,25.01,56.0,62.0,56.0,99.0,77.0
1776122053000,1.0,1.0,1.0,2.0,1.0,529.0,537.0,581.0,561.0,100.0,99.91,99.95,99.7,24.87,24.95,24.91,25.01,56.0,64.0,60.0,101.0,69.0
1776122354000,1.0,2.0,2.0,2.0,2.0,520.0,538.0,542.0,552.0,100.0,99.91,99.97,99.74,24.91,24.96,24.94,25.02,65.0,69.0,75.0,88.0,90.0
1776122654000,2.0,1.0,1.0,2.0,2.0,558.0,556.0,566.0,619.0,100.0,99.93,100.0,99.84,24.95,24.99,24.96,25.06,69.0,62.0,65.0,144.0,84.0
1776122955000,1.0,2.0,1.0,2.0,2.0,517.0,570.0,592.0,552.0,100.0,99.93,99.97,99.78,25.0,25.02,24.99,25.08,65.0,71.0,61.0,127.0,85.0
1776123255000,1.0,2.0,1.0,2.0,2.0,546.0,589.0,573.0,594.0,100.0,99.94,100.0,99.92,25.05,25.06,25.02,25.1,64.0,70.0,61.0,163.0,72.0
1776123556000,2.0,1.0,2.0,2.0,2.0,546.0,537.0,583.0,538.0,100.0,99.98,100.0,99.78,25.1,25.09,25.05,25.13,75.0,71.0,79.0,145.0,94.0
1776123857000,2.0,2.0,2.0,2.0,2.0,563.0,572.0,577.0,550.0,100.0,99.95,100.0,99.81,25.14,25.13,25.08,25.18,73.0,70.0,70.0,144.0,121.0
1776124157000,2.0,2.0,1.0,2.0,2.0,518.0,547.0,562.0,564.0,99.96,99.81,99.91,99.62,25.18,25.17,25.12,25.21,77.0,75.0,61.0,145.0,127.0
1776124458000,2.0,2.0,1.0,2.0,2.0,519.0,547.0,564.0,527.0,99.92,99.86,99.92,99.56,25.24,25.2,25.15,25.24,74.0,78.0,67.0,149.0,171.0
1776124758000,2.0,2.0,2.0,2.0,2.0,543.0,525.0,595.0,588.0,99.95,99.88,99.94,99.72,25.28,25.24,25.19,25.29,79.0,76.0,73.0,156.0,168.0
1776125059000,2.0,2.0,1.0,2.0,2.0,547.0,527.0,555.0,544.0,99.82,99.74,99.89,99.53,25.33,25.28,25.23,25.34,81.0,78.0,65.0,152.0,138.0
1776125359000,2.0,2.0,2.0,2.0,2.0,523.0,541.0,563.0,559.0,99.76,99.7,99.91,99.35,25.39,25.31,25.27,25.4,75.0,89.0,77.0,141.0,191.0
1776125660000,2.0,2.0,2.0,2.0,2.0,548.0,545.0,538.0,541.0,99.69,99.66,99.89,99.22,25.43,25.36,25.34,25.46,82.0,85.0,71.0,179.0,195.0
1776125961000,2.0,2.0,2.0,3.0,2.0,504.0,531.0,579.0,599.0,99.53,99.59,99.73,99.31,25.51,25.41,25.4,25.51,89.0,92.0,96.0,391.0,207.0
1776126261000,2.0,2.0,2.0,2.0,2.0,534.0,558.0,581.0,583.0,99.54,99.65,99.69,99.28,25.58,25.46,25.48,25.59,93.0,101.0,89.0,167.0,172.0
1776126562000,2.0,2.0,2.0,2.0,2.0,536.0,546.0,562.0,581.0,99.33,99.68,99.59,99.19,25.65,25.53,25.53,25.65,95.0,91.0,96.0,185.0,204.0
1776126862000,2.0,2.0,2.0,2.0,2.0,521.0,514.0,546.0,536.0,99.14,99.41,99.49,98.97,25.74,25.58,25.61,25.73,90.0,100.0,81.0,217.0,211.0
1776127163000,2.0,2.0,2.0,2.0,3.0,525.0,559.0,548.0,599.0,98.94,99.55,99.43,98.98,25.84,25.64,25.64,25.78,94.0,93.0,88.0,201.0,247.0
1776127463000,2.0,2.0,2.0,3.0,2.0,497.0,546.0,556.0,581.0,98.62,99.23,99.21,98.71,25.93,25.7,25.71,25.86,88.0,91.0,84.0,226.0,215.0
1776127764000,2.0,2.0,2.0,2.0,3.0,509.0,606.0,574.0,514.0,98.67,99.54,99.12,98.44,26.01,25.76,25.76,25.93,91.0,123.0,94.0,186.0,279.0
1776128065000,2.0,2.0,2.0,3.0,3.0,531.0,578.0,494.0,607.0,98.29,99.53,98.94,98.32,26.1,25.82,25.82,25.99,101.0,120.0,87.0,226.0,232.0
1776128365000,2.0,2.0,2.0,3.0,2.0,508.0,563.0,542.0,581.0,98.15,99.23,98.97,98.24,26.2,25.9,25.86,26.05,96.0,106.0,92.0,240.0,180.0
1776128666000,2.0,2.0,2.0,3.0,2.0,528.0,621.0,577.0,617.0,98.09,99.3,99.01,98.27,26.27,25.96,25.94,26.11,98.0,158.0,113.0,222.0,189.0
1776128966000,2.0,2.0,2.0,2.0,3.0,549.0,658.0,547.0,588.0,97.51,99.21,98.53,98.15,26.34,26.06,26.0,26.16,94.0,137.0,104.0,226.0,264.0
1776129267000,2.0,2.0,2.0,2.0,3.0,524.0,588.0,612.0,552.0,97.05,98.69,98.73,98.16,26.43,26.13,26.07,26.24,90.0,128.0,115.0,208.0,302.0
1776129567000,2.0,2.0,2.0,2.0,3.0,536.0,499.0,540.0,571.0,96.93,98.48,98.51,97.97,26.52,26.22,26.17,26.31,99.0,115.0,102.0,202.0,239.0
1776129868000,2.0,2.0,2.0,2.0,3.0,499.0,534.0,550.0,604.0,96.96,98.32,98.29,97.87,26.6,26.33,26.24,26.41,106.0,204.0,106.0,196.0,247.0
1776130169000,2.0,2.0,2.0,2.0,3.0,512.0,550.0,531.0,574.0,96.34,97.62,97.52,96.98,26.69,26.42,26.32,26.48,105.0,115.0,106.0,223.0,239.0
1776130469000,2.0,2.0,2.0,3.0,2.0,520.0,580.0,556.0,595.0,95.68,97.21,97.04,96.66,26.78,26.51,26.41,26.56,103.0,157.0,111.0,260.0,202.0
1776130770000,2.0,2.0,2.0,3.0,2.0,548.0,526.0,623.0,635.0,95.51,96.86,97.28,96.77,26.86,26.6,26.49,26.65,127.0,133.0,137.0,263.0,221.0
1776131070000,2.0,2.0,2.0,3.0,3.0,512.0,538.0,573.0,566.0,95.17,96.01,96.62,96.16,26.93,26.69,26.56,26.71,129.0,149.0,133.0,235.0,226.0
1776131371000,2.0,2.0,2.0,3.0,2.0,493.0,562.0,558.0,574.0,94.7,95.59,95.93,95.53,27.02,26.76,26.61,26.78,110.0,134.0,119.0,234.0,193.0
1776131671000,2.0,2.0,2.0,3.0,3.0,544.0,529.0,547.0,594.0,94.32,95.31,95.8,95.26,27.08,26.85,26.67,26.84,135.0,147.0,134.0,242.0,254.0
1776131972000,2.0,2.0,2.0,2.0,3.0,521.0,581.0,535.0,532.0,93.51,94.67,94.82,94.04,27.14,26.92,26.75,26.9,125.0,203.0,118.0,215.0,247.0
1776132272000,2.0,2.0,2.0,2.0,3.0,512.0,547.0,531.0,529.0,92.45,93.37,93.73,93.13,27.22,27.01,26.8,26.99,121.0,137.0,120.0,174.0,276.0
1776132573000,2.0,2.0,2.0,2.0,3.0,504.0,594.0,552.0,521.0,92.04,93.26,93.53,93.13,27.28,27.07,26.87,27.05,123.0,188.0,129.0,160.0,302.0
1776132874000,2.0,2.0,2.0,2.0,3.0,503.0,647.0,541.0,531.0,91.85,93.71,93.27,92.69,27.36,27.15,26.96,27.11,127.0,206.0,178.0,203.0,251.0
1776133174000,2.0,2.0,2.0,2.0,2.0,533.0,551.0,571.0,549.0,90.66,91.81,92.22,91.73,27.43,27.24,27.02,27.2,122.0,133.0,138.0,215.0,212.0
1776133475000,2.0,3.0,2.0,3.0,3.0,505.0,592.0,581.0,614.0,90.7,92.25,92.47,92.68,27.49,27.31,27.1,27.28,128.0,229.0,198.0,288.0,410.0
1776133775000,2.0,2.0,2.0,3.0,3.0,476.0,536.0,535.0,502.0,89.99,91.33,91.84,91.9,27.56,27.4,27.19,27.36,129.0,159.0,127.0,262.0,236.0
1776134076000,2.0,2.0,2.0,3.0,2.0,517.0,589.0,525.0,580.0,90.47,92.13,92.05,91.65,27.65,27.5,27.28,27.44,121.0,174.0,139.0,225.0,184.0
1776134376000,2.0,2.0,2.0,2.0,3.0,481.0,485.0,524.0,606.0,89.45,90.87,91.26,91.14,27.71,27.59,27.38,27.54,130.0,144.0,137.0,219.0,286.0
1776134677000,2.0,2.0,2.0,3.0,3.0,514.0,561.0,545.0,603.0,88.9,90.2,90.29,90.58,27.83,27.7,27.49,27.64,136.0,180.0,141.0,228.0,316.0
1776134978000,2.0,2.0,2.0,3.0,3.0,522.0,532.0,551.0,590.0,88.23,89.51,89.59,89.92,27.93,27.8,27.6,27.72,135.0,161.0,147.0,255.0,260.0
1776135278000,2.0,2.0,2.0,2.0,3.0,500.0,503.0,524.0,536.0,87.88,88.95,89.32,89.58,28.07,27.93,27.73,27.81,139.0,160.0,153.0,195.0,323.0
1776135579000,2.0,2.0,2.0,2.0,3.0,502.0,543.0,607.0,553.0,87.42,88.21,88.72,88.74,28.18,28.04,27.85,27.92,149.0,172.0,163.0,182.0,324.0
1776135879000,2.0,2.0,2.0,2.0,3.0,544.0,541.0,643.0,598.0,87.29,88.37,89.19,88.98,28.3,28.16,27.95,28.04,147.0,179.0,190.0,204.0,317.0
1776136180000,2.0,2.0,2.0,3.0,3.0,495.0,577.0,559.0,529.0,87.07,88.13,88.94,88.64,28.38,28.25,28.04,28.13,139.0,188.0,159.0,239.0,294.0
1776136480000,2.0,2.0,2.0,3.0,2.0,492.0,507.0,526.0,546.0,86.66,87.69,88.02,88.0,28.46,28.34,28.12,28.2,144.0,191.0,149.0,286.0,209.0
1776136781000,2.0,2.0,3.0,3.0,3.0,491.0,543.0,597.0,621.0,86.4,87.34,88.51,88.32,28.53,28.41,28.2,28.27,150.0,179.0,253.0,310.0,312.0
1776137082000,2.0,2.0,2.0,3.0,3.0,478.0,515.0,537.0,572.0,85.43,86.56,87.43,87.27,28.63,28.5,28.28,28.36,142.0,174.0,169.0,247.0,260.0
1776137382000,2.0,2.0,2.0,3.0,3.0,510.0,583.0,603.0,616.0,85.35,86.79,87.57,87.85,28.71,28.61,28.37,28.46,153.0,209.0,212.0,248.0,317.0
1776137683000,2.0,2.0,2.0,3.0,3.0,488.0,557.0,646.0,535.0,84.68,85.93,86.69,86.61,28.77,28.66,28.44,28.53,141.0,186.0,200.0,250.0,247.0
1776137983000,2.0,2.0,2.0,2.0,3.0,494.0,526.0,575.0,546.0,84.44,85.62,85.99,85.86,28.84,28.68,28.51,28.57,145.0,182.0,185.0,208.0,237.0
1776138284000,2.0,2.0,2.0,2.0,2.0,499.0,543.0,586.0,578.0,84.11,85.15,85.82,85.75,28.88,28.68,28.53,28.59,148.0,183.0,192.0,181.0,171.0
1776138584000,2.0,2.0,2.0,2.0,2.0,522.0,514.0,527.0,590.0,84.16,85.64,86.0,86.15,28.89,28.68,28.55,28.61,154.0,177.0,168.0,182.0,183.0
1776138885000,2.0,2.0,2.0,2.0,2.0,473.0,540.0,531.0,592.0,84.25,85.54,85.64,85.78,28.93,28.71,28.56,28.62,142.0,176.0,171.0,169.0,170.0
1776139186000,2.0,2.0,3.0,2.0,2.0,505.0,534.0,614.0,559.0,84.35,85.86,86.41,86.28,28.97,28.72,28.57,28.65,149.0,199.0,244.0,183.0,191.0
1776139486000,2.0,2.0,2.0,2.0,2.0,521.0,555.0,523.0,512.0,84.2,85.67,85.81,85.6,29.01,28.75,28.61,28.66,145.0,187.0,181.0,176.0,212.0
1776139787000,2.0,2.0,2.0,2.0,2.0,490.0,497.0,503.0,482.0,84.65,86.34,86.76,86.47,29.08,28.8,28.67,28.7,151.0,170.0,172.0,172.0,176.0
1776140087000,2.0,2.0,2.0,2.0,2.0,507.0,536.0,526.0,571.0,84.58,86.64,86.82,86.55,29.13,28.85,28.74,28.77,150.0,192.0,193.0,196.0,200.0
1776140388000,2.0,2.0,2.0,2.0,3.0,506.0,500.0,522.0,554.0,84.72,86.44,86.61,86.89,29.19,28.92,28.8,28.85,157.0,180.0,178.0,194.0,257.0
1776140689000,2.0,2.0,2.0,2.0,3.0,515.0,492.0,487.0,489.0,84.63,86.36,86.48,86.34,29.29,29.01,28.92,28.96,153.0,185.0,168.0,181.0,264.0
1776140989000,2.0,2.0,2.0,2.0,3.0,488.0,502.0,505.0,496.0,84.2,85.99,86.1,85.95,29.39,29.11,29.06,29.08,161.0,184.0,193.0,206.0,318.0
1776141290000,2.0,2.0,2.0,2.0,3.0,474.0,526.0,523.0,484.0,83.86,85.79,85.72,85.51,29.51,29.2,29.18,29.2,164.0,192.0,190.0,216.0,331.0
1776141590000,2.0,2.0,2.0,3.0,3.0,484.0,488.0,478.0,523.0,84.11,85.96,85.61,85.46,29.64,29.34,29.33,29.33,163.0,196.0,191.0,226.0,261.0
1776141891000,2.0,2.0,2.0,2.0,3.0,465.0,508.0,505.0,487.0,83.49,85.17,84.69,84.51,29.77,29.46,29.51,29.49,165.0,200.0,200.0,214.0,239.0
1776142191000,2.0,2.0,2.0,3.0,3.0,525.0,500.0,500.0,498.0,83.89,85.97,85.53,85.44,29.9,29.61,29.66,29.62,178.0,213.0,217.0,248.0,257.0
1776142492000,2.0,2.0,2.0,3.0,3.0,527.0,497.0,526.0,558.0,83.32,85.19,84.11,84.39,30.04,29.75,29.82,29.78,178.0,216.0,213.0,244.0,264.0
1776142792000,2.0,2.0,2.0,3.0,3.0,483.0,502.0,485.0,547.0,83.36,85.18,84.41,84.6,30.17,29.88,29.94,29.9,181.0,214.0,212.0,257.0,271.0
1776143093000,2.0,2.0,2.0,3.0,3.0,450.0,486.0,501.0,483.0,82.55,83.87,83.13,82.96,30.3,30.01,30.08,30.05,182.0,217.0,210.0,245.0,274.0
1776143394000,2.0,2.0,2.0,3.0,3.0,494.0,489.0,535.0,515.0,82.74,84.12,83.36,83.13,30.41,30.14,30.2,30.16,195.0,222.0,219.0,256.0,301.0
1776143694000,2.0,2.0,2.0,3.0,3.0,480.0,494.0,498.0,526.0,81.59,82.72,81.94,82.05,30.54,30.25,30.3,30.27,188.0,219.0,207.0,247.0,297.0
1776143995000,2.0,3.0,2.0,3.0,3.0,456.0,517.0,520.0,515.0,81.58,82.84,81.69,81.99,30.65,30.37,30.41,30.39,195.0,226.0,223.0,276.0,301.0
1776144295000,2.0,3.0,3.0,3.0,3.0,499.0,523.0,525.0,523.0,80.16,81.57,81.32,81.5,30.75,30.46,30.51,30.49,186.0,224.0,226.0,281.0,307.0
1776144596000,2.0,3.0,2.0,3.0,3.0,462.0,544.0,483.0,502.0,79.44,81.18,80.33,80.8,30.8,30.53,30.58,30.57,191.0,241.0,222.0,272.0,270.0
1776144896000,2.0,2.0,2.0,3.0,3.0,489.0,506.0,513.0,553.0,79.17,80.66,80.1,80.62,30.88,30.61,30.67,30.63,195.0,220.0,222.0,281.0,258.0
1776145197000,2.0,3.0,3.0,3.0,3.0,473.0,515.0,517.0,503.0,78.94,80.42,80.68,80.79,30.96,30.7,30.74,30.7,193.0,229.0,229.0,299.0,229.0
1776145498000,2.0,3.0,3.0,3.0,3.0,482.0,482.0,528.0,496.0,78.31,79.91,80.08,80.39,31.01,30.75,30.81,30.78,196.0,230.0,232.0,287.0,271.0
1776145798000,2.0,3.0,3.0,3.0,3.0,514.0,529.0,460.0,521.0,78.67,80.04,79.5,79.77,31.06,30.8,30.87,30.84,194.0,247.0,229.0,299.0,248.0
1776146099000,2.0,3.0,3.0,3.0,3.0,487.0,466.0,518.0,528.0,78.72,80.32,80.0,80.49,31.11,30.85,30.94,30.9,201.0,235.0,243.0,294.0,239.0
1776146399000,2.0,3.0,3.0,3.0,3.0,491.0,479.0,487.0,488.0,79.65,81.62,80.98,80.79,31.17,30.93,31.02,30.97,198.0,248.0,248.0,288.0,259.0
1776146700000,2.0,3.0,3.0,3.0,3.0,493.0,512.0,457.0,485.0,80.17,81.74,81.36,81.48,31.23,31.02,31.09,31.06,203.0,245.0,251.0,282.0,239.0
1776147000000,2.0,3.0,3.0,3.0,3.0,459.0,538.0,512.0,467.0,78.13,79.84,79.6,79.71,31.29,31.08,31.14,31.14,194.0,244.0,238.0,275.0,242.0
1776147301000,2.0,3.0,3.0,3.0,3.0,479.0,480.0,515.0,512.0,78.71,80.3,79.7,79.91,31.34,31.13,31.19,31.18,205.0,250.0,244.0,295.0,271.0
1776147601000,2.0,3.0,3.0,3.0,3.0,501.0,481.0,511.0,464.0,76.96,78.67,77.86,78.04,31.39,31.18,31.22,31.23,199.0,234.0,248.0,280.0,254.0
1776147902000,2.0,3.0,3.0,3.0,3.0,470.0,462.0,523.0,510.0,78.01,79.34,78.7,78.63,31.42,31.21,31.26,31.27,214.0,247.0,256.0,301.0,312.0
1776148203000,2.0,3.0,3.0,3.0,3.0,492.0,491.0,491.0,458.0,78.72,80.24,79.51,79.19,31.49,31.26,31.32,31.33,214.0,257.0,265.0,294.0,312.0
1776148503000,2.0,3.0,3.0,3.0,3.0,451.0,458.0,519.0,508.0,79.39,80.94,80.69,80.54,31.57,31.34,31.42,31.4,214.0,263.0,271.0,331.0,277.0
1776148804000,2.0,3.0,3.0,3.0,3.0,441.0,492.0,502.0,479.0,78.49,80.35,80.52,80.34,31.62,31.4,31.49,31.48,209.0,253.0,275.0,317.0,337.0
1776149104000,2.0,3.0,3.0,3.0,3.0,471.0,486.0,536.0,509.0,76.58,78.21,78.12,78.09,31.67,31.44,31.51,31.53,212.0,238.0,251.0,333.0,299.0
1776149405000,2.0,3.0,3.0,3.0,3.0,487.0,470.0,481.0,488.0,77.8,79.71,79.36,79.21,31.71,31.47,31.56,31.57,219.0,261.0,272.0,325.0,348.0
1776149705000,2.0,3.0,3.0,3.0,3.0,455.0,439.0,526.0,463.0,77.94,79.55,79.06,78.68,31.75,31.52,31.59,31.63,217.0,259.0,271.0,313.0,276.0
1776150006000,2.0,3.0,3.0,3.0,3.0,491.0,475.0,466.0,497.0,78.39,79.99,79.68,79.85,31.77,31.55,31.65,31.67,206.0,244.0,270.0,369.0,276.0
1776150307000,2.0,3.0,3.0,3.0,3.0,472.0,472.0,505.0,492.0,78.57,79.92,79.8,79.79,31.78,31.59,31.7,31.71,214.0,256.0,260.0,319.0,286.0
1776150607000,2.0,3.0,3.0,3.0,3.0,469.0,484.0,467.0,484.0,79.1,80.4,79.6,79.23,31.8,31.61,31.75,31.77,218.0,265.0,267.0,326.0,267.0
1776150908000,2.0,3.0,3.0,3.0,3.0,473.0,490.0,479.0,484.0,79.74,80.57,79.91,79.68,31.83,31.65,31.8,31.81,219.0,266.0,271.0,363.0,294.0
1776151208000,2.0,3.0,3.0,3.0,3.0,462.0,469.0,502.0,489.0,78.81,79.63,78.86,78.57,31.83,31.65,31.8,31.83,210.0,254.0,260.0,320.0,294.0
1776151509000,2.0,3.0,3.0,3.0,3.0,491.0,481.0,482.0,492.0,78.42,79.56,78.78,78.57,31.82,31.65,31.8,31.83,211.0,253.0,263.0,319.0,260.0
1776151809000,2.0,3.0,3.0,3.0,3.0,449.0,495.0,509.0,454.0,78.98,80.19,79.11,78.77,31.8,31.63,31.8,31.82,221.0,259.0,273.0,323.0,243.0
1776152110000,2.0,3.0,3.0,3.0,3.0,471.0,507.0,484.0,431.0,78.88,80.25,79.36,79.04,31.76,31.62,31.78,31.79,215.0,257.0,261.0,308.0,246.0
1776152411000,2.0,3.0,3.0,3.0,3.0,466.0,476.0,505.0,469.0,78.82,79.87,78.8,78.4,31.73,31.58,31.74,31.78,208.0,259.0,252.0,303.0,242.0
1776152711000,2.0,3.0,3.0,3.0,3.0,472.0,480.0,491.0,480.0,77.93,79.05,78.25,78.1,31.67,31.53,31.67,31.71,204.0,247.0,248.0,305.0,297.0
1776153012000,2.0,3.0,3.0,3.0,3.0,461.0,495.0,510.0,484.0,79.31,80.5,79.44,78.86,31.6,31.45,31.61,31.65,220.0,256.0,258.0,298.0,250.0
1776153312000,2.0,3.0,3.0,3.0,3.0,447.0,488.0,505.0,458.0,79.74,80.94,80.04,79.47,31.54,31.4,31.55,31.59,214.0,256.0,257.0,290.0,287.0
1776153613000,2.0,3.0,3.0,,3.0,486.0,481.0,485.0,,79.63,80.73,79.86,,31.47,31.32,31.48,,199.0,243.0,247.0,,239.0
1776153913000,2.0,,3.0,3.0,3.0,498.0,,494.0,522.0,79.94,,80.13,79.66,31.39,,31.38,31.43,204.0,,249.0,293.0,236.0
1776154214000,2.0,3.0,3.0,,3.0,466.0,511.0,502.0,,79.59,80.7,80.21,,31.31,31.13,31.26,,192.0,231.0,242.0,,240.0
1776154515000,,3.0,3.0,3.0,3.0,,463.0,499.0,466.0,,80.88,80.38,79.87,,31.01,31.15,31.2,,225.0,249.0,277.0,239.0
1776154815000,2.0,2.0,3.0,3.0,,481.0,438.0,522.0,446.0,79.92,81.27,80.71,80.0,31.08,30.91,31.02,31.07,188.0,220.0,229.0,264.0,
1776155116000,2.0,2.0,3.0,,,489.0,479.0,494.0,,80.64,81.88,81.1,,30.96,30.8,30.9,,184.0,219.0,233.0,,
1776155416000,2.0,2.0,2.0,,,471.0,512.0,498.0,,80.68,81.86,81.19,,30.89,30.69,30.8,,179.0,218.0,217.0,,
1776155717000,2.0,,2.0,,,511.0,,472.0,,80.51,,81.12,,30.75,,30.67,,173.0,,214.0,,
1776156017000,2.0,2.0,,,,466.0,526.0,,,81.2,82.73,,,30.65,30.43,,,182.0,213.0,,,
1776156318000,2.0,2.0,,,,463.0,506.0,,,81.4,82.79,,,30.53,30.32,,,168.0,200.0,,,
1776156618000,2.0,2.0,,,,487.0,478.0,,,81.55,82.86,,,30.43,30.19,,,169.0,195.0,,,
1776156919000,2.0,,,,,493.0,,,,81.55,,,,30.31,,,,158.0,,,,
1776157220000,2.0,,,,,487.0,,,,81.86,,,,30.19,,,,159.0,,,,
1776157520000,2.0,,,,,465.0,,,,82.11,,,,30.06,,,,157.0,,,,
1776157821000,2.0,,,,,451.0,,,,82.48,,,,29.94,,,,149.0,,,,
1776158121000,2.0,,,,,500.0,,,,82.69,,,,29.81,,,,143.0,,,,
1776158422000,2.0,,,,,477.0,,,,83.19,,,,29.67,,,,140.0,,,,
1776158722000,2.0,,,,,488.0,,,,83.37,,,,29.55,,,,147.0,,,,
