time,tvoc,co2,humi,temp,valid_sensor_count
2026-03-28 11:25:00+00:00,85.66666666666667,528.5,100.0,24.689999999999998,5
2026-03-28 11:30:00+00:00,86.0,524.0,100.0,24.665,5
2026-03-28 11:35:00+00:00,83.66666666666667,515.5,100.0,24.63,5
2026-03-28 11:40:00+00:00,85.33333333333333,510.0,100.0,24.61,5
2026-03-28 11:45:00+00:00,95.33333333333333,527.5,100.0,24.585,5
2026-03-28 11:50:00+00:00,76.5,501.5,100.0,24.560000000000002,5
2026-03-28 11:55:00+00:00,71.33333333333333,521.0,100.0,24.54,5
2026-03-28 12:00:00+00:00,99.0,524.0,100.0,24.525,5
2026-03-28 12:05:00+00:00,97.0,524.0,100.0,24.505,5
2026-03-28 12:10:00+00:00,95.66666666666667,532.0,100.0,24.490000000000002,5
2026-03-28 12:15:00+00:00,77.0,519.5,100.0,24.47,5
2026-03-28 12:20:00+00:00,94.66666666666667,525.0,100.0,24.46,5
2026-03-28 12:25:00+00:00,83.33333333333333,530.0,100.0,24.455,5
2026-03-28 12:30:00+00:00,89.0,489.5,100.0,24.435000000000002,5
2026-03-28 12:35:00+00:00,73.66666666666667,525.0,100.0,24.42,5
2026-03-28 12:40:00+00:00,55.0,519.0,100.0,24.395,5
2026-03-28 12:45:00+00:00,74.0,550.0,100.0,24.380000000000003,5
2026-03-28 12:50:00+00:00,81.33333333333333,534.5,100.0,24.380000000000003,5
2026-03-28 12:55:00+00:00,83.33333333333333,538.0,100.0,24.354999999999997,5
2026-03-28 13:00:00+00:00,90.66666666666667,524.5,100.0,24.35,5
2026-03-28 13:05:00+00:00,61.666666666666664,544.0,100.0,24.345,5
2026-03-28 13:10:00+00:00,67.0,551.0,100.0,24.33,5
2026-03-28 13:15:00+00:00,79.33333333333333,534.5,100.0,24.32,5
2026-03-28 13:20:00+00:00,79.33333333333333,537.5,100.0,24.32,5
2026-03-28 13:25:00+00:00,65.0,521.5,100.0,24.32,5
2026-03-28 13:30:00+00:00,46.0,539.5,100.0,24.299999999999997,5
2026-03-28 13:35:00+00:00,71.33333333333333,527.0,100.0,24.299999999999997,5
2026-03-28 13:40:00+00:00,87.33333333333333,528.0,100.0,24.275,5
2026-03-28 13:45:00+00:00,54.666666666666664,523.5,100.0,24.25,5
2026-03-28 13:50:00+00:00,35.0,536.0,100.0,24.21,5
2026-03-28 13:55:00+00:00,48.0,548.5,100.0,24.185,5
2026-03-28 14:00:00+00:00,57.666666666666664,534.0,100.0,24.16,5
2026-03-28 14:05:00+00:00,70.66666666666667,542.5,100.0,24.145000000000003,5
2026-03-28 14:10:00+00:00,80.0,536.0,100.0,24.12,5
2026-03-28 14:15:00+00:00,84.0,540.0,100.0,24.11,5
2026-03-28 14:20:00+00:00,77.0,516.0,100.0,24.085,5
2026-03-28 14:25:00+00:00,76.33333333333333,543.0,100.0,24.060000000000002,5
2026-03-28 14:30:00+00:00,79.66666666666667,512.5,100.0,24.045,5
2026-03-28 14:35:00+00:00,93.66666666666667,532.0,100.0,24.03,5
2026-03-28 14:40:00+00:00,79.0,533.5,100.0,24.005000000000003,5
2026-03-28 14:45:00+00:00,95.33333333333333,529.0,100.0,23.985,5
2026-03-28 14:50:00+00:00,90.0,517.0,100.0,23.985,5
2026-03-28 14:55:00+00:00,69.33333333333333,522.0,100.0,23.965,5
2026-03-28 15:00:00+00:00,83.0,542.0,100.0,23.94,5
2026-03-28 15:05:00+00:00,105.33333333333333,537.0,100.0,23.915,5
2026-03-28 15:10:00+00:00,91.33333333333333,550.5,100.0,23.91,5
2026-03-28 15:15:00+00:00,98.33333333333333,548.0,100.0,23.9,5
2026-03-28 15:20:00+00:00,99.66666666666667,507.0,100.0,23.895,5
2026-03-28 15:25:00+00:00,52.0,548.0,100.0,23.89,5
2026-03-28 15:30:00+00:00,45.666666666666664,555.5,100.0,23.885,5
2026-03-28 15:35:00+00:00,71.0,547.0,100.0,23.869999999999997,5
2026-03-28 15:40:00+00:00,86.66666666666667,543.0,100.0,23.875,5
2026-03-28 15:45:00+00:00,67.0,544.5,100.0,23.875,5
2026-03-28 15:50:00+00:00,47.666666666666664,551.5,100.0,23.865,5
2026-03-28 15:55:00+00:00,44.0,547.5,100.0,23.884999999999998,5
2026-03-28 16:00:00+00:00,60.666666666666664,541.0,100.0,23.884999999999998,5
2026-03-28 16:05:00+00:00,65.66666666666667,551.0,100.0,23.880000000000003,5
2026-03-28 16:10:00+00:00,51.333333333333336,542.5,100.0,23.884999999999998,5
2026-03-28 16:15:00+00:00,76.66666666666667,545.0,100.0,23.869999999999997,5
2026-03-28 16:20:00+00:00,88.0,553.5,100.0,23.89,5
2026-03-28 16:25:00+00:00,96.0,544.5,100.0,23.895000000000003,5
2026-03-28 16:30:00+00:00,89.5,535.5,100.0,23.895000000000003,5
2026-03-28 16:35:00+00:00,98.33333333333333,541.0,100.0,23.89,5
2026-03-28 16:40:00+00:00,81.0,525.5,100.0,23.9,5
2026-03-28 16:45:00+00:00,91.33333333333333,544.0,100.0,23.915,5
2026-03-28 16:50:00+00:00,90.66666666666667,534.5,100.0,23.92,5
2026-03-28 16:55:00+00:00,106.66666666666667,552.0,100.0,23.915,5
2026-03-28 17:00:00+00:00,101.5,521.5,100.0,23.925,5
2026-03-28 17:05:00+00:00,68.0,535.0,100.0,23.92,5
2026-03-28 17:10:00+00:00,68.0,540.5,100.0,23.92,5
2026-03-28 17:15:00+00:00,52.0,555.0,100.0,23.915,5
2026-03-28 17:20:00+00:00,74.0,538.5,100.0,23.915,5
2026-03-28 17:25:00+00:00,80.0,536.5,100.0,23.905,5
2026-03-28 17:30:00+00:00,60.666666666666664,526.0,100.0,23.905,5
2026-03-28 17:35:00+00:00,79.0,543.0,100.0,23.905,5
2026-03-28 17:40:00+00:00,92.33333333333333,551.0,100.0,23.905,5
2026-03-28 17:45:00+00:00,69.33333333333333,533.0,100.0,23.9,5
2026-03-28 17:50:00+00:00,82.33333333333333,555.5,100.0,23.9,5
2026-03-28 17:55:00+00:00,89.33333333333333,545.0,100.0,23.9,5
2026-03-28 18:00:00+00:00,81.0,554.0,100.0,23.875,5
2026-03-28 18:05:00+00:00,87.33333333333333,554.0,100.0,23.875,5
2026-03-28 18:10:00+00:00,90.66666666666667,557.5,100.0,23.875,5
2026-03-28 18:15:00+00:00,92.66666666666667,527.0,100.0,23.86,5
2026-03-28 18:20:00+00:00,81.66666666666667,552.0,100.0,23.86,5
2026-03-28 18:25:00+00:00,80.33333333333333,539.5,100.0,23.84,5
2026-03-28 18:30:00+00:00,88.0,541.0,100.0,23.835,5
2026-03-28 18:35:00+00:00,96.0,547.0,100.0,23.83,5
2026-03-28 18:40:00+00:00,70.0,532.5,100.0,23.814999999999998,5
2026-03-28 18:45:00+00:00,85.33333333333333,547.5,100.0,23.814999999999998,5
2026-03-28 18:50:00+00:00,97.66666666666667,535.5,100.0,23.799999999999997,5
2026-03-28 18:55:00+00:00,89.0,552.0,100.0,23.805,5
2026-03-28 19:00:00+00:00,93.0,548.0,100.0,23.799999999999997,5
2026-03-28 19:05:00+00:00,88.66666666666667,560.5,100.0,23.805,5
2026-03-28 19:10:00+00:00,74.33333333333333,537.0,100.0,23.8,5
2026-03-28 19:15:00+00:00,68.0,554.5,100.0,23.8,5
2026-03-28 19:20:00+00:00,64.0,547.5,100.0,23.795,5
2026-03-28 19:25:00+00:00,82.33333333333333,563.0,100.0,23.78,5
2026-03-28 19:30:00+00:00,91.33333333333333,564.0,100.0,23.775,5
2026-03-28 19:35:00+00:00,83.33333333333333,566.5,100.0,23.759999999999998,5
2026-03-28 19:40:00+00:00,59.0,570.5,100.0,23.76,5
2026-03-28 19:45:00+00:00,77.33333333333333,554.5,100.0,23.75,5
2026-03-28 19:50:00+00:00,80.0,564.0,100.0,23.740000000000002,5
2026-03-28 19:55:00+00:00,99.66666666666667,554.5,100.0,23.735,5
2026-03-28 20:00:00+00:00,88.33333333333333,550.5,100.0,23.725,5
2026-03-28 20:05:00+00:00,85.0,570.0,100.0,23.72,5
2026-03-28 20:10:00+00:00,96.0,569.5,100.0,23.71,5
2026-03-28 20:15:00+00:00,96.33333333333333,567.0,100.0,23.71,5
2026-03-28 20:20:00+00:00,84.66666666666667,561.0,100.0,23.7,5
2026-03-28 20:25:00+00:00,90.33333333333333,568.0,100.0,23.689999999999998,5
2026-03-28 20:30:00+00:00,90.33333333333333,580.5,100.0,23.685000000000002,5
2026-03-28 20:35:00+00:00,84.0,573.0,100.0,23.67,5
2026-03-28 20:40:00+00:00,85.33333333333333,573.0,100.0,23.675,5
2026-03-28 20:45:00+00:00,81.66666666666667,582.5,100.0,23.67,5
2026-03-28 20:50:00+00:00,74.0,580.0,100.0,23.665,5
2026-03-28 20:55:00+00:00,64.66666666666667,561.5,100.0,23.67,5
2026-03-28 21:00:00+00:00,51.5,593.0,100.0,23.665,5
2026-03-28 21:05:00+00:00,53.5,580.0,100.0,23.665,5
2026-03-28 21:10:00+00:00,71.66666666666667,585.5,100.0,23.66,5
2026-03-28 21:15:00+00:00,88.33333333333333,567.0,100.0,23.675,5
2026-03-28 21:20:00+00:00,83.0,569.5,100.0,23.67,5
2026-03-28 21:25:00+00:00,92.0,576.0,100.0,23.68,5
2026-03-28 21:30:00+00:00,97.33333333333333,580.0,100.0,23.685000000000002,5
2026-03-28 21:35:00+00:00,88.66666666666667,566.0,100.0,23.700000000000003,5
2026-03-28 21:40:00+00:00,57.0,552.0,100.0,23.700000000000003,5
2026-03-28 21:45:00+00:00,74.33333333333333,552.5,100.0,23.715,5
2026-03-28 21:50:00+00:00,89.66666666666667,566.5,100.0,23.71,5
2026-03-28 21:55:00+00:00,97.66666666666667,570.0,100.0,23.72,5
2026-03-28 22:00:00+00:00,85.33333333333333,569.5,100.0,23.73,5
2026-03-28 22:05:00+00:00,92.0,571.5,100.0,23.725,5
2026-03-28 22:10:00+00:00,93.66666666666667,563.0,100.0,23.735,5
2026-03-28 22:15:00+00:00,92.0,552.0,100.0,23.740000000000002,5
2026-03-28 22:20:00+00:00,97.0,543.0,100.0,23.75,5
2026-03-28 22:25:00+00:00,97.66666666666667,565.0,100.0,23.755000000000003,5
2026-03-28 22:30:00+00:00,77.5,542.0,100.0,23.75,5
2026-03-28 22:35:00+00:00,75.33333333333333,541.0,100.0,23.75,5
2026-03-28 22:40:00+00:00,91.33333333333333,553.0,100.0,23.740000000000002,5
2026-03-28 22:45:00+00:00,95.33333333333333,543.5,100.0,23.75,5
2026-03-28 22:50:00+00:00,94.33333333333333,547.0,100.0,23.75,5
2026-03-28 22:55:00+00:00,102.0,571.5,100.0,23.744999999999997,5
2026-03-28 23:00:00+00:00,90.0,559.5,100.0,23.75,5
2026-03-28 23:05:00+00:00,81.66666666666667,553.0,100.0,23.745,5
2026-03-28 23:10:00+00:00,90.33333333333333,570.0,100.0,23.755000000000003,5
2026-03-28 23:15:00+00:00,98.0,556.5,100.0,23.765,5
2026-03-28 23:20:00+00:00,97.0,551.5,100.0,23.765,5
2026-03-28 23:25:00+00:00,93.66666666666667,565.0,100.0,23.755000000000003,5
2026-03-28 23:30:00+00:00,74.0,573.0,100.0,23.77,5
2026-03-28 23:35:00+00:00,75.33333333333333,561.5,100.0,23.765,5
2026-03-28 23:40:00+00:00,89.0,551.5,100.0,23.775,5
2026-03-28 23:45:00+00:00,94.0,574.0,100.0,23.78,5
2026-03-28 23:50:00+00:00,86.66666666666667,542.0,100.0,23.785,5
2026-03-28 23:55:00+00:00,83.66666666666667,555.5,100.0,23.79,5
2026-03-29 00:00:00+00:00,84.66666666666667,564.5,100.0,23.8,5
2026-03-29 00:05:00+00:00,82.66666666666667,549.5,100.0,23.81,5
2026-03-29 00:10:00+00:00,88.66666666666667,559.5,100.0,23.814999999999998,5
2026-03-29 00:15:00+00:00,87.0,586.0,100.0,23.825,5
2026-03-29 00:20:00+00:00,79.33333333333333,556.5,100.0,23.82,5
2026-03-29 00:25:00+00:00,86.0,557.0,100.0,23.84,5
2026-03-29 00:30:00+00:00,94.33333333333333,572.5,100.0,23.86,5
2026-03-29 00:35:00+00:00,99.33333333333333,559.0,100.0,23.86,5
2026-03-29 00:40:00+00:00,91.66666666666667,565.0,100.0,23.875,5
2026-03-29 00:45:00+00:00,87.0,559.5,100.0,23.895,5
2026-03-29 00:50:00+00:00,75.66666666666667,548.0,100.0,23.91,5
2026-03-29 00:55:00+00:00,99.33333333333333,574.0,100.0,23.925,5
2026-03-29 01:00:00+00:00,91.66666666666667,550.5,100.0,23.94,5
2026-03-29 01:05:00+00:00,97.0,535.5,100.0,23.965,5
2026-03-29 01:10:00+00:00,100.0,535.0,100.0,23.990000000000002,5
2026-03-29 01:15:00+00:00,85.0,529.0,100.0,24.009999999999998,5
2026-03-29 01:20:00+00:00,55.333333333333336,528.0,100.0,24.035,5
2026-03-29 01:25:00+00:00,46.333333333333336,514.0,100.0,24.04,5
2026-03-29 01:30:00+00:00,53.333333333333336,522.5,100.0,24.085,5
2026-03-29 01:35:00+00:00,106.0,526.5,100.0,24.125,5
2026-03-29 01:40:00+00:00,89.33333333333333,530.0,100.0,24.185000000000002,5
2026-03-29 01:45:00+00:00,102.0,545.0,100.0,24.23,5
2026-03-29 01:50:00+00:00,94.66666666666667,520.0,100.0,24.305,5
2026-03-29 01:55:00+00:00,95.66666666666667,526.5,100.0,24.380000000000003,5
2026-03-29 02:00:00+00:00,53.0,540.5,100.0,24.439999999999998,5
2026-03-29 02:05:00+00:00,67.0,544.0,100.0,24.494999999999997,5
2026-03-29 02:10:00+00:00,88.0,535.0,100.0,24.560000000000002,5
2026-03-29 02:15:00+00:00,111.0,540.5,100.0,24.61,5
2026-03-29 02:20:00+00:00,153.33333333333334,545.0,100.0,24.67,5
2026-03-29 02:25:00+00:00,98.0,539.0,100.0,24.73,5
2026-03-29 02:30:00+00:00,125.5,504.5,100.0,24.79,4
2026-03-29 02:35:00+00:00,115.0,518.0,100.0,24.875,5
2026-03-29 02:40:00+00:00,101.5,532.5,100.0,24.95,5
2026-03-29 02:45:00+00:00,53.0,526.5,99.995,25.005,5
2026-03-29 02:50:00+00:00,100.5,547.5,100.0,25.08,5
2026-03-29 02:55:00+00:00,112.0,513.5,100.0,25.165,5
2026-03-29 03:00:00+00:00,142.33333333333334,523.5,100.0,25.265,5
2026-03-29 03:05:00+00:00,148.66666666666666,527.0,99.97999999999999,25.380000000000003,5
2026-03-29 03:10:00+00:00,97.66666666666667,522.5,99.655,25.52,5
2026-03-29 03:15:00+00:00,124.0,524.0,99.255,25.675,5
2026-03-29 03:20:00+00:00,129.33333333333334,510.0,99.14,25.805,5
2026-03-29 03:25:00+00:00,122.33333333333333,530.0,98.25999999999999,25.905,5
2026-03-29 03:30:00+00:00,160.0,537.5,98.66,25.985,5
2026-03-29 03:35:00+00:00,158.0,523.5,98.27,26.015,5
2026-03-29 03:40:00+00:00,152.0,511.5,97.53999999999999,26.025,5
2026-03-29 03:45:00+00:00,150.0,530.0,97.405,26.025,5
2026-03-29 03:50:00+00:00,242.0,493.5,98.19,26.005,5
2026-03-29 03:55:00+00:00,174.0,508.0,97.815,25.985,5
2026-03-29 04:00:00+00:00,124.66666666666667,531.0,97.34,25.965000000000003,5
2026-03-29 04:05:00+00:00,146.33333333333334,513.5,97.27000000000001,25.96,5
2026-03-29 04:10:00+00:00,131.0,510.5,97.265,25.935000000000002,5
2026-03-29 04:15:00+00:00,114.33333333333333,515.0,97.645,25.95,5
2026-03-29 04:20:00+00:00,159.66666666666666,521.0,97.55,26.025,5
2026-03-29 04:25:00+00:00,113.66666666666667,519.5,97.745,26.18,5
2026-03-29 04:30:00+00:00,117.0,512.5,97.94,26.369999999999997,5
2026-03-29 04:35:00+00:00,132.0,526.0,97.49,26.585,5
2026-03-29 04:40:00+00:00,150.66666666666666,510.5,96.935,26.79,5
2026-03-29 04:45:00+00:00,157.33333333333334,500.0,96.795,26.97,5
2026-03-29 04:50:00+00:00,153.33333333333334,514.5,95.83500000000001,27.155,5
2026-03-29 04:55:00+00:00,155.0,517.0,95.35,27.365000000000002,5
2026-03-29 05:00:00+00:00,170.33333333333334,528.5,95.1,27.57,5
2026-03-29 05:05:00+00:00,157.33333333333334,506.0,93.85499999999999,27.78,5
2026-03-29 05:10:00+00:00,135.33333333333334,505.5,92.82499999999999,27.995,5
2026-03-29 05:15:00+00:00,144.66666666666666,508.5,91.765,28.185000000000002,5
2026-03-29 05:20:00+00:00,143.0,511.0,90.845,28.35,5
2026-03-29 05:25:00+00:00,169.66666666666666,523.5,90.34,28.465,5
2026-03-29 05:30:00+00:00,168.0,518.5,90.07499999999999,28.575,5
2026-03-29 05:35:00+00:00,189.5,507.5,90.17,28.653333333333332,5
2026-03-29 05:40:00+00:00,215.5,532.5,89.91499999999999,28.731666666666666,5
2026-03-29 05:45:00+00:00,179.66666666666666,509.0,89.695,28.81,5
2026-03-29 05:50:00+00:00,182.66666666666666,508.5,89.325,28.822499999999998,5
2026-03-29 05:55:00+00:00,211.0,502.5,89.9,28.835,5
2026-03-29 06:00:00+00:00,169.33333333333334,504.5,89.53,28.79,5
2026-03-29 06:05:00+00:00,156.33333333333334,479.5,89.51,28.72,5
2026-03-29 06:10:00+00:00,142.66666666666666,499.0,89.59,28.68,5
2026-03-29 06:15:00+00:00,211.66666666666666,487.5,90.13,28.665,5
2026-03-29 06:20:00+00:00,195.66666666666666,498.0,90.13,28.63,5
2026-03-29 06:25:00+00:00,145.66666666666666,491.5,89.735,28.585,5
2026-03-29 06:30:00+00:00,144.66666666666666,499.0,89.45500000000001,28.555,5
2026-03-29 06:35:00+00:00,152.33333333333334,500.5,89.66499999999999,28.555,5
2026-03-29 06:40:00+00:00,153.33333333333334,507.0,89.06,28.58,5
2026-03-29 06:45:00+00:00,146.66666666666666,506.0,89.375,28.605,5
2026-03-29 06:50:00+00:00,162.66666666666666,501.0,89.195,28.62,5
2026-03-29 06:55:00+00:00,212.0,496.0,88.94,28.655,5
2026-03-29 07:00:00+00:00,141.66666666666666,501.5,88.61500000000001,28.68,5
2026-03-29 07:05:00+00:00,150.33333333333334,518.0,88.55,28.71,5
2026-03-29 07:10:00+00:00,164.5,510.0,88.65,28.740000000000002,5
2026-03-29 07:15:00+00:00,164.66666666666666,503.5,88.18,28.759999999999998,5
2026-03-29 07:20:00+00:00,124.0,499.0,88.40166666666667,28.775,5
2026-03-29 07:25:00+00:00,118.33333333333333,487.0,88.62333333333333,28.795,5
2026-03-29 07:30:00+00:00,146.33333333333334,488.5,88.845,28.795,5
2026-03-29 07:35:00+00:00,219.0,499.5,89.06666666666668,28.7425,5
2026-03-29 07:40:00+00:00,168.33333333333334,515.0,89.28833333333334,28.69,5
2026-03-29 07:45:00+00:00,233.0,501.5,89.51,28.585,5
2026-03-29 07:50:00+00:00,197.0,504.0,89.255,28.465,5
2026-03-29 07:55:00+00:00,190.0,490.5,89.63,28.31,5
2026-03-29 08:00:00+00:00,225.33333333333334,492.0,90.42,28.155,5
2026-03-29 08:05:00+00:00,201.33333333333334,491.5,90.80000000000001,27.994999999999997,5
2026-03-29 08:10:00+00:00,177.33333333333334,515.5,91.25,27.825,5
2026-03-29 08:15:00+00:00,178.0,505.5,91.775,27.66,5
2026-03-29 08:20:00+00:00,176.0,502.0,92.05000000000001,27.505,5
2026-03-29 08:25:00+00:00,146.0,499.0,92.13499999999999,27.345,5
2026-03-29 08:30:00+00:00,150.33333333333334,487.5,92.685,27.21,5
2026-03-29 08:35:00+00:00,139.0,505.0,92.53,27.06,5
2026-03-29 08:40:00+00:00,90.0,533.5,92.64,26.92,5
2026-03-29 08:45:00+00:00,91.0,512.0,92.31,26.799999999999997,5
2026-03-29 08:50:00+00:00,115.33333333333333,512.0,92.795,26.68,5
2026-03-29 08:55:00+00:00,134.33333333333334,522.0,93.46000000000001,26.57,5
2026-03-29 09:00:00+00:00,167.33333333333334,496.5,94.875,26.490000000000002,5
2026-03-29 09:05:00+00:00,165.33333333333334,520.5,95.62,26.395000000000003,5
2026-03-29 09:10:00+00:00,148.0,496.5,96.045,26.315,5
2026-03-29 09:15:00+00:00,137.33333333333334,516.0,96.335,26.245,5
2026-03-29 09:20:00+00:00,89.0,510.5,96.785,26.18,5
2026-03-29 09:25:00+00:00,89.0,525.0,97.075,26.125,5
2026-03-29 09:30:00+00:00,115.66666666666667,511.0,97.305,26.064999999999998,5
2026-03-29 09:35:00+00:00,127.0,497.5,97.74,26.015,5
2026-03-29 09:40:00+00:00,111.66666666666667,514.0,97.85499999999999,25.97,5
2026-03-29 09:45:00+00:00,130.33333333333334,500.0,98.38,25.924999999999997,5
2026-03-29 09:50:00+00:00,115.33333333333333,509.0,98.21000000000001,25.875,5
2026-03-29 09:55:00+00:00,127.66666666666667,522.5,98.435,25.84,5
2026-03-29 10:00:00+00:00,137.33333333333334,501.0,98.60499999999999,25.825000000000003,5
2026-03-29 10:05:00+00:00,154.0,502.5,98.985,25.810000000000002,5
2026-03-29 10:10:00+00:00,154.5,488.5,99.02,25.795,5
2026-03-29 10:15:00+00:00,87.5,491.0,98.355,25.759999999999998,5
2026-03-29 10:20:00+00:00,102.33333333333333,495.5,98.19,25.73,5
2026-03-29 10:25:00+00:00,112.66666666666667,477.5,98.205,25.7,5
2026-03-29 10:30:00+00:00,125.66666666666667,503.0,98.11,25.665,5
2026-03-29 10:35:00+00:00,106.33333333333333,511.5,97.53,25.630000000000003,5
2026-03-29 10:40:00+00:00,129.33333333333334,493.5,97.995,25.58,5
2026-03-29 10:45:00+00:00,145.33333333333334,501.0,98.61500000000001,25.545,5
2026-03-29 10:50:00+00:00,113.66666666666667,501.5,98.71000000000001,25.5,5
2026-03-29 10:55:00+00:00,134.33333333333334,487.0,98.525,25.445,5
2026-03-29 11:00:00+00:00,127.0,499.5,98.88499999999999,25.39,5
2026-03-29 11:05:00+00:00,129.0,499.5,98.505,25.35,5
2026-03-29 11:10:00+00:00,114.66666666666667,490.5,98.93,25.299999999999997,5
2026-03-29 11:15:00+00:00,114.66666666666667,515.5,99.38499999999999,25.259999999999998,5
2026-03-29 11:20:00+00:00,127.0,503.5,99.42500000000001,25.215,5
2026-03-29 11:25:00+00:00,116.33333333333333,505.0,99.19,25.175,5
2026-03-29 11:30:00+00:00,119.0,502.0,99.43,25.14,5
2026-03-29 11:35:00+00:00,107.0,522.5,99.80000000000001,25.1,5
2026-03-29 11:40:00+00:00,90.0,529.5,99.755,25.07,5
2026-03-29 11:45:00+00:00,115.33333333333333,515.5,99.955,25.04,5
2026-03-29 11:50:00+00:00,119.33333333333333,498.0,99.96000000000001,25.009999999999998,5
2026-03-29 11:55:00+00:00,116.0,510.5,99.875,24.98,5
2026-03-29 12:00:00+00:00,108.0,506.5,99.91499999999999,24.97,5
2026-03-29 12:05:00+00:00,109.0,524.0,99.96000000000001,24.950000000000003,5
2026-03-29 12:10:00+00:00,110.33333333333333,516.5,99.99000000000001,24.935000000000002,5
2026-03-29 12:15:00+00:00,105.66666666666667,498.5,99.975,24.905,5
2026-03-29 12:20:00+00:00,108.66666666666667,516.5,99.955,24.885,5
2026-03-29 12:25:00+00:00,112.33333333333333,519.5,99.97999999999999,24.86,5
2026-03-29 12:30:00+00:00,104.5,527.0,99.955,24.835,5
2026-03-29 12:35:00+00:00,107.33333333333333,520.5,99.935,24.805,5
2026-03-29 12:40:00+00:00,104.0,503.0,99.945,24.79,5
2026-03-29 12:45:00+00:00,109.33333333333333,516.5,100.0,24.759999999999998,5
2026-03-29 12:50:00+00:00,126.33333333333333,516.5,100.0,24.745,5
2026-03-29 12:55:00+00:00,129.66666666666666,529.5,100.0,24.73,5
2026-03-29 13:00:00+00:00,106.66666666666667,499.5,100.0,24.715,5
2026-03-29 13:05:00+00:00,116.33333333333333,524.5,100.0,24.71,5
2026-03-29 13:10:00+00:00,116.33333333333333,519.0,100.0,24.700000000000003,5
2026-03-29 13:15:00+00:00,123.33333333333333,515.5,100.0,24.689999999999998,5
2026-03-29 13:20:00+00:00,108.66666666666667,521.5,100.0,24.685,5
2026-03-29 13:25:00+00:00,124.33333333333333,514.0,100.0,24.68,5
2026-03-29 13:30:00+00:00,125.33333333333333,519.5,100.0,24.67,5
2026-03-29 13:35:00+00:00,108.66666666666667,521.5,100.0,24.665,5
2026-03-29 13:40:00+00:00,126.66666666666667,524.5,100.0,24.66,5
2026-03-29 13:45:00+00:00,99.5,526.0,100.0,24.65,5
2026-03-29 13:50:00+00:00,114.66666666666667,522.5,100.0,24.625,5
2026-03-29 13:55:00+00:00,119.66666666666667,517.0,100.0,24.625,5
2026-03-29 14:00:00+00:00,96.66666666666667,514.5,100.0,24.6,5
2026-03-29 14:05:00+00:00,99.33333333333333,531.5,100.0,24.59,5
2026-03-29 14:10:00+00:00,114.66666666666667,527.5,100.0,24.575000000000003,5
2026-03-29 14:15:00+00:00,107.33333333333333,516.0,100.0,24.560000000000002,5
2026-03-29 14:20:00+00:00,110.0,519.5,100.0,24.54,5
2026-03-29 14:25:00+00:00,116.66666666666667,522.0,100.0,24.52,5
2026-03-29 14:30:00+00:00,117.66666666666667,513.0,100.0,24.509999999999998,5
2026-03-29 14:35:00+00:00,106.0,520.0,100.0,24.490000000000002,5
2026-03-29 14:40:00+00:00,101.0,500.5,100.0,24.475,5
2026-03-29 14:45:00+00:00,109.66666666666667,515.5,100.0,24.455,5
2026-03-29 14:50:00+00:00,114.0,514.5,100.0,24.439999999999998,5
2026-03-29 14:55:00+00:00,124.66666666666667,504.5,100.0,24.43,5
2026-03-29 15:00:00+00:00,121.66666666666667,505.5,100.0,24.424999999999997,5
2026-03-29 15:05:00+00:00,111.0,512.0,100.0,24.405,5
2026-03-29 15:10:00+00:00,99.66666666666667,538.5,100.0,24.39,5
2026-03-29 15:15:00+00:00,111.0,501.0,100.0,24.37,5
2026-03-29 15:20:00+00:00,97.0,511.0,100.0,24.37,5
2026-03-29 15:25:00+00:00,119.33333333333333,511.0,100.0,24.35,5
2026-03-29 15:30:00+00:00,93.33333333333333,513.0,100.0,24.32,5
2026-03-29 15:35:00+00:00,88.0,528.5,100.0,24.305,5
2026-03-29 15:40:00+00:00,81.33333333333333,543.5,100.0,24.295,5
2026-03-29 15:45:00+00:00,92.66666666666667,528.5,100.0,24.27,5
2026-03-29 15:50:00+00:00,99.0,528.0,100.0,24.255000000000003,5
2026-03-29 15:55:00+00:00,105.66666666666667,530.0,100.0,24.244999999999997,5
2026-03-29 16:00:00+00:00,102.0,522.5,100.0,24.23,5
2026-03-29 16:05:00+00:00,93.33333333333333,521.5,100.0,24.225,5
2026-03-29 16:10:00+00:00,87.33333333333333,549.5,100.0,24.225,5
2026-03-29 16:15:00+00:00,79.33333333333333,515.0,100.0,24.22,5
2026-03-29 16:20:00+00:00,77.0,532.5,100.0,24.205,5
2026-03-29 16:25:00+00:00,91.66666666666667,524.0,100.0,24.205,5
2026-03-29 16:30:00+00:00,95.0,507.5,100.0,24.21,5
2026-03-29 16:35:00+00:00,103.66666666666667,522.5,100.0,24.22,5
2026-03-29 16:40:00+00:00,95.33333333333333,547.0,100.0,24.215,5
2026-03-29 16:45:00+00:00,75.33333333333333,531.0,100.0,24.22,5
2026-03-29 16:50:00+00:00,92.0,525.0,100.0,24.235,5
2026-03-29 16:55:00+00:00,103.0,548.5,100.0,24.225,5
2026-03-29 17:00:00+00:00,103.0,548.0,100.0,24.23,5
2026-03-29 17:05:00+00:00,83.33333333333333,529.0,100.0,24.240000000000002,5
2026-03-29 17:10:00+00:00,59.333333333333336,530.0,100.0,24.22,5
2026-03-29 17:15:00+00:00,67.5,541.5,100.0,24.205,5
2026-03-29 17:20:00+00:00,94.0,550.5,100.0,24.200000000000003,5
2026-03-29 17:25:00+00:00,81.66666666666667,547.0,100.0,24.195,5
2026-03-29 17:30:00+00:00,92.66666666666667,560.0,100.0,24.185000000000002,5
2026-03-29 17:35:00+00:00,108.33333333333333,553.0,100.0,24.185000000000002,5
2026-03-29 17:40:00+00:00,117.0,551.5,100.0,24.175,5
2026-03-29 17:45:00+00:00,111.33333333333333,555.0,100.0,24.17,5
2026-03-29 17:50:00+00:00,107.66666666666667,542.0,100.0,24.175,5
2026-03-29 17:55:00+00:00,91.0,557.5,100.0,24.17,5
2026-03-29 18:00:00+00:00,104.0,565.5,100.0,24.16,5
2026-03-29 18:05:00+00:00,113.66666666666667,540.0,100.0,24.15,5
2026-03-29 18:10:00+00:00,112.0,552.0,100.0,24.16,5
2026-03-29 18:15:00+00:00,117.33333333333333,545.0,100.0,24.155,5
2026-03-29 18:20:00+00:00,107.66666666666667,551.0,100.0,24.155,5
2026-03-29 18:25:00+00:00,88.0,557.0,100.0,24.16,5
2026-03-29 18:30:00+00:00,106.33333333333333,552.5,100.0,24.145000000000003,5
2026-03-29 18:35:00+00:00,109.0,553.5,100.0,24.14,5
2026-03-29 18:40:00+00:00,106.33333333333333,541.0,100.0,24.14,5
2026-03-29 18:45:00+00:00,112.33333333333333,553.0,100.0,24.145,5
2026-03-29 18:50:00+00:00,97.66666666666667,543.0,100.0,24.145,5
2026-03-29 18:55:00+00:00,90.0,544.5,100.0,24.15,5
2026-03-29 19:00:00+00:00,86.0,544.0,100.0,24.119999999999997,5
2026-03-29 19:05:00+00:00,98.66666666666667,549.5,100.0,24.125,5
2026-03-29 19:10:00+00:00,104.66666666666667,562.5,100.0,24.115000000000002,5
2026-03-29 19:15:00+00:00,99.66666666666667,543.5,100.0,24.095,5
2026-03-29 19:20:00+00:00,78.66666666666667,534.5,100.0,24.07,5
2026-03-29 19:25:00+00:00,97.66666666666667,540.0,100.0,24.05,5
2026-03-29 19:30:00+00:00,107.0,549.5,100.0,24.035,5
2026-03-29 19:35:00+00:00,124.5,545.0,100.0,24.025,5
2026-03-29 19:40:00+00:00,108.0,541.0,100.0,24.005000000000003,5
2026-03-29 19:45:00+00:00,100.33333333333333,532.5,100.0,23.990000000000002,5
2026-03-29 19:50:00+00:00,99.0,545.0,100.0,23.965,5
2026-03-29 19:55:00+00:00,86.33333333333333,532.5,100.0,23.96,5
2026-03-29 20:00:00+00:00,80.33333333333333,534.5,100.0,23.939999999999998,5
2026-03-29 20:05:00+00:00,57.0,573.0,100.0,23.91,5
2026-03-29 20:10:00+00:00,79.0,560.5,100.0,23.875,5
2026-03-29 20:15:00+00:00,90.33333333333333,549.0,100.0,23.86,5
2026-03-29 20:20:00+00:00,90.66666666666667,567.5,100.0,23.835,5
2026-03-29 20:25:00+00:00,84.66666666666667,554.5,100.0,23.81,5
2026-03-29 20:30:00+00:00,77.66666666666667,563.0,100.0,23.795,5
2026-03-29 20:35:00+00:00,78.66666666666667,559.0,100.0,23.765,5
2026-03-29 20:40:00+00:00,78.66666666666667,566.5,100.0,23.744999999999997,5
2026-03-29 20:45:00+00:00,82.33333333333333,566.0,100.0,23.72,5
2026-03-29 20:50:00+00:00,83.66666666666667,558.5,100.0,23.700000000000003,5
2026-03-29 20:55:00+00:00,87.66666666666667,563.5,100.0,23.715,5
2026-03-29 21:00:00+00:00,93.0,573.0,100.0,23.705,5
2026-03-29 21:05:00+00:00,75.0,600.0,100.0,23.7,5
2026-03-29 21:10:00+00:00,63.0,579.0,100.0,23.71,5
2026-03-29 21:15:00+00:00,73.66666666666667,587.0,100.0,23.725,5
2026-03-29 21:20:00+00:00,75.66666666666667,581.5,100.0,23.725,5
2026-03-29 21:25:00+00:00,89.33333333333333,578.5,100.0,23.729999999999997,5
2026-03-29 21:30:00+00:00,91.66666666666667,584.0,100.0,23.735,5
2026-03-29 21:35:00+00:00,90.0,585.5,100.0,23.75,5
2026-03-29 21:40:00+00:00,98.66666666666667,577.5,100.0,23.775,5
2026-03-29 21:45:00+00:00,103.0,565.0,100.0,23.770000000000003,5
2026-03-29 21:50:00+00:00,102.33333333333333,595.0,100.0,23.799999999999997,5
2026-03-29 21:55:00+00:00,102.0,566.5,100.0,23.81,5
2026-03-29 22:00:00+00:00,100.66666666666667,567.5,100.0,23.84,5
2026-03-29 22:05:00+00:00,96.66666666666667,563.5,100.0,23.84,5
2026-03-29 22:10:00+00:00,99.0,568.0,100.0,23.855,5
2026-03-29 22:15:00+00:00,93.66666666666667,581.5,100.0,23.865000000000002,5
2026-03-29 22:20:00+00:00,104.66666666666667,563.0,100.0,23.869999999999997,5
2026-03-29 22:25:00+00:00,108.66666666666667,566.0,100.0,23.880000000000003,5
2026-03-29 22:30:00+00:00,105.0,563.5,100.0,23.895,5
2026-03-29 22:35:00+00:00,96.66666666666667,551.5,100.0,23.9,5
2026-03-29 22:40:00+00:00,105.33333333333333,545.0,100.0,23.905,5
2026-03-29 22:45:00+00:00,92.66666666666667,565.5,100.0,23.915,5
2026-03-29 22:50:00+00:00,97.33333333333333,579.5,100.0,23.91,5
2026-03-29 22:55:00+00:00,108.33333333333333,565.5,100.0,23.9,5
2026-03-29 23:00:00+00:00,99.33333333333333,569.5,100.0,23.905,5
2026-03-29 23:05:00+00:00,89.0,580.5,100.0,23.9,5
2026-03-29 23:10:00+00:00,90.33333333333333,582.5,100.0,23.905,5
2026-03-29 23:15:00+00:00,89.66666666666667,580.5,100.0,23.905,5
2026-03-29 23:20:00+00:00,102.0,581.5,100.0,23.9,5
2026-03-29 23:25:00+00:00,117.66666666666667,585.0,100.0,23.9,5
2026-03-29 23:30:00+00:00,97.33333333333333,562.5,100.0,23.905,5
2026-03-29 23:35:00+00:00,99.66666666666667,573.0,100.0,23.91,5
2026-03-29 23:40:00+00:00,86.0,588.5,100.0,23.915,5
2026-03-29 23:45:00+00:00,85.0,580.5,100.0,23.91,5
2026-03-29 23:50:00+00:00,99.66666666666667,601.0,100.0,23.935000000000002,5
2026-03-29 23:55:00+00:00,95.33333333333333,587.5,100.0,23.939999999999998,5
2026-03-30 00:00:00+00:00,103.33333333333333,556.0,100.0,23.955,5
2026-03-30 00:05:00+00:00,92.0,596.5,100.0,23.955,5
2026-03-30 00:10:00+00:00,102.0,555.5,100.0,23.965,5
2026-03-30 00:15:00+00:00,116.0,566.0,100.0,23.990000000000002,5
2026-03-30 00:20:00+00:00,100.33333333333333,547.0,100.0,24.009999999999998,5
2026-03-30 00:25:00+00:00,102.0,575.5,100.0,24.035,5
2026-03-30 00:30:00+00:00,113.0,562.0,100.0,24.08,5
2026-03-30 00:35:00+00:00,130.0,563.0,100.0,24.11,5
2026-03-30 00:40:00+00:00,108.66666666666667,558.5,100.0,24.15,5
2026-03-30 00:45:00+00:00,123.66666666666667,562.5,100.0,24.2,5
2026-03-30 00:50:00+00:00,100.0,548.0,100.0,24.23,4
2026-03-30 00:55:00+00:00,88.5,558.0,100.0,24.265,4
2026-03-30 01:00:00+00:00,115.0,568.0,100.0,24.315,5
2026-03-30 01:05:00+00:00,110.0,578.0,100.0,24.355,5
2026-03-30 01:10:00+00:00,105.0,536.0,100.0,24.41,5
2026-03-30 01:15:00+00:00,105.66666666666667,564.0,100.0,24.455,5
2026-03-30 01:20:00+00:00,110.33333333333333,542.0,100.0,24.509999999999998,5
2026-03-30 01:25:00+00:00,94.66666666666667,520.5,100.0,24.555,5
2026-03-30 01:30:00+00:00,96.0,520.5,100.0,24.6,5
2026-03-30 01:35:00+00:00,102.66666666666667,536.5,100.0,24.645000000000003,5
2026-03-30 01:40:00+00:00,124.33333333333333,508.0,100.0,24.715,5
2026-03-30 01:45:00+00:00,104.0,506.5,100.0,24.784999999999997,5
2026-03-30 01:50:00+00:00,107.0,527.0,100.0,24.895,5
2026-03-30 01:55:00+00:00,109.0,535.0,100.0,24.994999999999997,5
2026-03-30 02:00:00+00:00,84.66666666666667,508.0,100.0,25.104999999999997,5
2026-03-30 02:05:00+00:00,135.5,523.5,100.0,25.22,5
2026-03-30 02:10:00+00:00,124.0,515.0,100.0,25.355,5
2026-03-30 02:15:00+00:00,121.33333333333333,513.5,100.0,25.5,5
2026-03-30 02:20:00+00:00,115.0,535.5,99.955,25.625,5
2026-03-30 02:25:00+00:00,125.0,511.0,99.875,25.759999999999998,5
2026-03-30 02:30:00+00:00,135.33333333333334,509.5,99.5,25.895000000000003,5
2026-03-30 02:35:00+00:00,144.66666666666666,515.5,98.9,26.04,5
2026-03-30 02:40:00+00:00,127.66666666666667,522.0,98.475,26.17,5
2026-03-30 02:45:00+00:00,125.0,528.5,98.0,26.3,5
2026-03-30 02:50:00+00:00,141.33333333333334,522.0,97.65,26.425,5
2026-03-30 02:55:00+00:00,160.33333333333334,516.0,97.455,26.545,5
2026-03-30 03:00:00+00:00,169.0,511.5,96.9,26.67,5
2026-03-30 03:05:00+00:00,116.33333333333333,527.5,96.255,26.775,5
2026-03-30 03:10:00+00:00,144.66666666666666,519.0,96.145,26.880000000000003,5
2026-03-30 03:15:00+00:00,171.0,509.5,95.735,26.975,5
2026-03-30 03:20:00+00:00,146.66666666666666,506.5,95.53,27.060000000000002,5
2026-03-30 03:25:00+00:00,139.0,517.5,95.19,27.14,5
2026-03-30 03:30:00+00:00,157.0,523.0,94.875,27.240000000000002,5
2026-03-30 03:35:00+00:00,136.0,521.0,94.41,27.34,5
2026-03-30 03:40:00+00:00,188.0,516.0,94.25,27.435000000000002,5
2026-03-30 03:45:00+00:00,155.0,504.0,93.99000000000001,27.545,5
2026-03-30 03:50:00+00:00,177.0,512.5,93.725,27.665,5
2026-03-30 03:55:00+00:00,168.66666666666666,517.5,93.225,27.755000000000003,5
2026-03-30 04:00:00+00:00,139.0,514.5,92.675,27.855,5
2026-03-30 04:05:00+00:00,144.66666666666666,516.0,92.16499999999999,27.95,5
2026-03-30 04:10:00+00:00,144.66666666666666,520.0,91.495,28.03,5
2026-03-30 04:15:00+00:00,165.33333333333334,506.5,90.9,28.095,5
2026-03-30 04:20:00+00:00,148.66666666666666,508.5,90.52000000000001,28.174999999999997,5
2026-03-30 04:25:00+00:00,171.66666666666666,514.5,90.72,28.259999999999998,5
2026-03-30 04:30:00+00:00,179.66666666666666,509.0,90.95,28.345,5
2026-03-30 04:35:00+00:00,164.0,481.5,90.41499999999999,28.41,5
2026-03-30 04:40:00+00:00,154.0,516.0,89.975,28.48,5
2026-03-30 04:45:00+00:00,153.0,491.5,89.50999999999999,28.560000000000002,5
2026-03-30 04:50:00+00:00,154.0,505.0,89.21000000000001,28.64,5
2026-03-30 04:55:00+00:00,161.0,508.5,88.62,28.71,5
2026-03-30 05:00:00+00:00,200.5,511.5,89.16499999999999,28.784999999999997,5
2026-03-30 05:05:00+00:00,165.33333333333334,501.5,88.375,28.86,5
2026-03-30 05:10:00+00:00,146.0,500.5,88.27,28.945,5
2026-03-30 05:15:00+00:00,147.33333333333334,498.5,87.85,29.02,5
2026-03-30 05:20:00+00:00,173.0,489.5,88.005,29.08,5
2026-03-30 05:25:00+00:00,175.0,475.5,87.985,29.134999999999998,5
2026-03-30 05:30:00+00:00,144.66666666666666,493.5,87.22,29.195,5
2026-03-30 05:35:00+00:00,150.33333333333334,498.0,86.86,29.245,5
2026-03-30 05:40:00+00:00,214.5,511.0,87.155,29.284999999999997,5
2026-03-30 05:45:00+00:00,145.66666666666666,478.5,86.65,29.335,5
2026-03-30 05:50:00+00:00,172.0,488.5,86.755,29.39,5
2026-03-30 05:55:00+00:00,214.0,495.0,87.28999999999999,29.439999999999998,5
2026-03-30 06:00:00+00:00,146.66666666666666,490.0,86.315,29.490000000000002,5
2026-03-30 06:05:00+00:00,160.33333333333334,512.5,86.195,29.54,5
2026-03-30 06:10:00+00:00,164.0,490.5,86.13,29.604999999999997,5
2026-03-30 06:15:00+00:00,191.66666666666666,500.5,86.1,29.67,5
2026-03-30 06:20:00+00:00,188.33333333333334,501.0,86.18,29.72,5
2026-03-30 06:25:00+00:00,153.33333333333334,479.0,85.695,29.77,5
2026-03-30 06:30:00+00:00,182.0,482.0,86.12,29.814999999999998,5
2026-03-30 06:35:00+00:00,158.0,506.0,85.475,29.87,5
2026-03-30 06:40:00+00:00,155.33333333333334,485.5,84.965,29.91,5
2026-03-30 06:45:00+00:00,177.16666666666669,489.25,85.1675,29.945,0
2026-03-30 06:50:00+00:00,199.0,493.0,85.37,29.98,5
2026-03-30 06:55:00+00:00,179.33333333333334,494.5,85.34,30.02,5
2026-03-30 07:00:00+00:00,154.0,479.0,85.06,30.095,5
2026-03-30 07:05:00+00:00,172.0,507.0,84.73500000000001,30.125,5
2026-03-30 07:10:00+00:00,174.5,492.5,84.83,30.17,4
2026-03-30 07:15:00+00:00,184.0,470.5,84.96000000000001,30.17,5
2026-03-30 07:20:00+00:00,187.0,501.5,84.9,30.164285714285715,5
2026-03-30 07:25:00+00:00,191.66666666666666,478.5,85.125,30.15857142857143,5
2026-03-30 07:30:00+00:00,193.33333333333334,504.0,85.08500000000001,30.152857142857144,5
2026-03-30 07:35:00+00:00,187.33333333333334,486.5,85.135,30.147142857142857,5
2026-03-30 07:40:00+00:00,191.66666666666666,489.0,85.35,30.14142857142857,5
2026-03-30 07:45:00+00:00,173.0,514.0,85.155,30.135714285714286,5
2026-03-30 07:50:00+00:00,175.33333333333334,490.5,85.195,30.13,5
2026-03-30 07:55:00+00:00,171.66666666666666,492.0,85.195,30.130000000000003,5
2026-03-30 08:00:00+00:00,171.66666666666666,490.0,85.15,30.09,5
2026-03-30 08:05:00+00:00,179.66666666666666,493.0,85.32,30.025,5
2026-03-30 08:10:00+00:00,179.33333333333334,497.0,85.715,29.97,5
2026-03-30 08:15:00+00:00,152.33333333333334,485.0,85.42,29.9,5
2026-03-30 08:20:00+00:00,151.33333333333334,498.0,85.14500000000001,29.825,5
2026-03-30 08:25:00+00:00,152.66666666666666,498.0,85.005,29.755000000000003,5
2026-03-30 08:30:00+00:00,154.66666666666666,507.0,85.095,29.67,5
2026-03-30 08:35:00+00:00,162.5,490.0,85.63,29.59,5
2026-03-30 08:40:00+00:00,154.0,491.5,85.995,29.490000000000002,5
2026-03-30 08:45:00+00:00,152.0,504.0,86.345,29.39,5
2026-03-30 08:50:00+00:00,151.33333333333334,469.5,86.535,29.3,5
2026-03-30 08:55:00+00:00,150.66666666666666,479.5,86.97,29.21,5
2026-03-30 09:00:00+00:00,141.66666666666666,509.0,87.17500000000001,29.115,5
2026-03-30 09:05:00+00:00,137.66666666666666,487.0,87.03,29.015,5
2026-03-30 09:10:00+00:00,136.33333333333334,477.0,87.38,28.92,5
2026-03-30 09:15:00+00:00,132.66666666666666,508.5,87.33000000000001,28.83,5
2026-03-30 09:20:00+00:00,128.66666666666666,498.5,87.44,28.740000000000002,5
2026-03-30 09:25:00+00:00,136.66666666666666,523.5,87.77,28.65,5
2026-03-30 09:30:00+00:00,135.0,503.0,87.91,28.545,5
2026-03-30 09:35:00+00:00,131.33333333333334,491.5,87.91,28.435,5
2026-03-30 09:40:00+00:00,132.0,498.5,88.265,28.32,5
2026-03-30 09:45:00+00:00,129.66666666666666,515.5,88.595,28.205,5
2026-03-30 09:50:00+00:00,123.33333333333333,501.5,88.645,28.1,5
2026-03-30 09:55:00+00:00,121.0,518.5,88.86,27.98,5
2026-03-30 10:00:00+00:00,117.66666666666667,530.5,88.89500000000001,27.875,5
2026-03-30 10:05:00+00:00,109.0,494.5,89.25999999999999,27.759999999999998,5
2026-03-30 10:10:00+00:00,109.5,504.0,89.13499999999999,27.66,5
2026-03-30 10:15:00+00:00,117.5,507.0,89.645,27.53,5
2026-03-30 10:20:00+00:00,99.5,534.5,89.78999999999999,27.405,5
2026-03-30 10:25:00+00:00,113.0,517.5,90.62,27.284999999999997,5
2026-03-30 10:30:00+00:00,115.33333333333333,515.0,91.14,27.16,5
2026-03-30 10:35:00+00:00,109.33333333333333,496.0,91.38499999999999,27.045,5
2026-03-30 10:40:00+00:00,106.66666666666667,511.5,91.87,26.935000000000002,5
2026-03-30 10:45:00+00:00,100.66666666666667,515.5,92.105,26.825,5
2026-03-30 10:50:00+00:00,120.66666666666667,513.0,92.9,26.725,5
2026-03-30 10:55:00+00:00,123.66666666666667,521.5,93.705,26.625,5
2026-03-30 11:00:00+00:00,127.0,509.0,94.33500000000001,26.535,5
2026-03-30 11:05:00+00:00,120.33333333333333,521.0,94.82,26.445,5
2026-03-30 11:10:00+00:00,100.0,510.0,94.57499999999999,26.345,5
2026-03-30 11:15:00+00:00,116.33333333333333,514.5,95.35499999999999,26.275,5
2026-03-30 11:20:00+00:00,107.0,509.0,95.61,26.18,5
2026-03-30 11:25:00+00:00,125.33333333333333,497.5,96.42500000000001,26.119999999999997,5
2026-03-30 11:30:00+00:00,130.33333333333334,524.0,97.115,26.045,5
2026-03-30 11:35:00+00:00,139.33333333333334,497.0,97.89,25.98,5
2026-03-30 11:40:00+00:00,138.66666666666666,539.0,98.465,25.93,5
2026-03-30 11:45:00+00:00,142.0,505.0,98.93,25.875,5
2026-03-30 11:50:00+00:00,118.5,528.5,98.9,25.814999999999998,5
2026-03-30 11:55:00+00:00,106.66666666666667,527.5,98.82,25.759999999999998,5
2026-03-30 12:00:00+00:00,120.66666666666667,524.5,99.42,25.72,5
2026-03-30 12:05:00+00:00,123.0,504.5,99.83,25.68,5
2026-03-30 12:10:00+00:00,127.33333333333333,528.0,99.95,25.64,5
2026-03-30 12:15:00+00:00,120.33333333333333,517.5,99.96000000000001,25.59,5
2026-03-30 12:20:00+00:00,131.0,516.5,100.0,25.560000000000002,5
2026-03-30 12:25:00+00:00,121.66666666666667,521.0,100.0,25.53,5
2026-03-30 12:30:00+00:00,122.66666666666667,528.5,100.0,25.494999999999997,5
2026-03-30 12:35:00+00:00,118.66666666666667,509.5,100.0,25.455,5
2026-03-30 12:40:00+00:00,114.66666666666667,546.0,100.0,25.43,5
2026-03-30 12:45:00+00:00,125.33333333333333,527.5,100.0,25.395,5
2026-03-30 12:50:00+00:00,111.66666666666667,521.0,100.0,25.375,5
2026-03-30 12:55:00+00:00,113.66666666666667,533.0,100.0,25.345,5
2026-03-30 13:00:00+00:00,127.33333333333333,542.0,100.0,25.33,5
2026-03-30 13:05:00+00:00,124.33333333333333,546.0,100.0,25.310000000000002,5
2026-03-30 13:10:00+00:00,128.0,525.0,100.0,25.27,5
2026-03-30 13:15:00+00:00,121.33333333333333,529.5,100.0,25.244999999999997,5
2026-03-30 13:20:00+00:00,115.0,523.0,100.0,25.225,5
2026-03-30 13:25:00+00:00,107.66666666666667,518.5,100.0,25.21,5
2026-03-30 13:30:00+00:00,115.33333333333333,535.0,100.0,25.195,5
2026-03-30 13:35:00+00:00,101.33333333333333,557.0,100.0,25.174999999999997,5
2026-03-30 13:40:00+00:00,100.66666666666667,521.5,100.0,25.165,5
2026-03-30 13:45:00+00:00,112.0,533.5,100.0,25.134999999999998,5
2026-03-30 13:50:00+00:00,96.0,538.5,100.0,25.11,5
2026-03-30 13:55:00+00:00,109.0,537.0,100.0,25.1,5
2026-03-30 14:00:00+00:00,113.0,543.0,100.0,25.08,5
2026-03-30 14:05:00+00:00,118.66666666666667,538.5,100.0,25.07,5
2026-03-30 14:10:00+00:00,112.66666666666667,531.0,100.0,25.055,5
2026-03-30 14:15:00+00:00,108.33333333333333,533.0,100.0,25.045,5
2026-03-30 14:20:00+00:00,116.66666666666667,555.0,100.0,25.025,5
2026-03-30 14:25:00+00:00,116.66666666666667,526.0,100.0,25.009999999999998,5
2026-03-30 14:30:00+00:00,116.33333333333333,556.0,100.0,25.009999999999998,5
2026-03-30 14:35:00+00:00,109.66666666666667,547.0,100.0,24.995,5
2026-03-30 14:40:00+00:00,115.66666666666667,536.5,100.0,24.975,5
2026-03-30 14:45:00+00:00,107.66666666666667,534.5,100.0,24.98,5
2026-03-30 14:50:00+00:00,107.66666666666667,554.5,100.0,24.96,5
2026-03-30 14:55:00+00:00,107.66666666666667,537.0,100.0,24.945,5
2026-03-30 15:00:00+00:00,112.0,539.5,100.0,24.925,5
2026-03-30 15:05:00+00:00,112.5,539.0,100.0,24.905,5
2026-03-30 15:10:00+00:00,114.33333333333333,535.5,100.0,24.895000000000003,5
2026-03-30 15:15:00+00:00,106.66666666666667,541.5,100.0,24.875,5
2026-03-30 15:20:00+00:00,107.0,547.5,100.0,24.865,5
2026-03-30 15:25:00+00:00,110.33333333333333,541.5,100.0,24.86,5
2026-03-30 15:30:00+00:00,110.0,549.0,100.0,24.84,5
2026-03-30 15:35:00+00:00,108.33333333333333,522.5,100.0,24.835,5
2026-03-30 15:40:00+00:00,105.33333333333333,564.5,100.0,24.825,5
2026-03-30 15:45:00+00:00,102.33333333333333,555.0,100.0,24.815,5
2026-03-30 15:50:00+00:00,106.0,560.5,100.0,24.799999999999997,5
2026-03-30 15:55:00+00:00,114.33333333333333,573.0,100.0,24.79,5
2026-03-30 16:00:00+00:00,108.0,556.0,100.0,24.775,5
2026-03-30 16:05:00+00:00,105.0,555.5,100.0,24.77,5
2026-03-30 16:10:00+00:00,104.0,567.0,100.0,24.745,5
2026-03-30 16:15:00+00:00,101.66666666666667,549.5,100.0,24.73,5
2026-03-30 16:20:00+00:00,102.33333333333333,564.0,100.0,24.73,5
2026-03-30 16:25:00+00:00,104.66666666666667,546.5,100.0,24.72,5
2026-03-30 16:30:00+00:00,100.0,572.5,100.0,24.705,5
2026-03-30 16:35:00+00:00,95.66666666666667,560.5,100.0,24.689999999999998,5
2026-03-30 16:40:00+00:00,99.33333333333333,563.0,100.0,24.675,5
2026-03-30 16:45:00+00:00,93.0,545.0,100.0,24.66,5
2026-03-30 16:50:00+00:00,95.66666666666667,552.0,100.0,24.645000000000003,5
2026-03-30 16:55:00+00:00,94.66666666666667,554.5,100.0,24.630000000000003,5
2026-03-30 17:00:00+00:00,92.0,565.0,100.0,24.615000000000002,5
2026-03-30 17:05:00+00:00,91.66666666666667,573.5,100.0,24.585,5
2026-03-30 17:10:00+00:00,91.0,570.0,100.0,24.575000000000003,5
2026-03-30 17:15:00+00:00,90.33333333333333,580.5,100.0,24.560000000000002,5
2026-03-30 17:20:00+00:00,91.0,573.0,100.0,24.54,5
2026-03-30 17:25:00+00:00,96.66666666666667,576.0,100.0,24.53,5
2026-03-30 17:30:00+00:00,90.66666666666667,565.5,100.0,24.52,5
2026-03-30 17:35:00+00:00,88.33333333333333,547.5,100.0,24.509999999999998,5
2026-03-30 17:40:00+00:00,88.33333333333333,568.0,100.0,24.494999999999997,5
2026-03-30 17:45:00+00:00,90.66666666666667,558.0,100.0,24.490000000000002,5
2026-03-30 17:50:00+00:00,91.66666666666667,574.0,100.0,24.48,5
2026-03-30 17:55:00+00:00,93.66666666666667,574.0,100.0,24.46,5
2026-03-30 18:00:00+00:00,91.33333333333333,550.5,100.0,24.465,5
2026-03-30 18:05:00+00:00,92.0,555.0,100.0,24.48,3
2026-03-30 18:10:00+00:00,88.66666666666667,551.5,100.0,24.46,5
2026-03-30 18:15:00+00:00,94.33333333333333,546.0,100.0,24.435,5
2026-03-30 18:20:00+00:00,89.66666666666667,559.5,100.0,24.43,5
2026-03-30 18:25:00+00:00,90.33333333333333,554.5,100.0,24.424999999999997,5
2026-03-30 18:30:00+00:00,91.33333333333333,529.0,100.0,24.42,5
2026-03-30 18:35:00+00:00,83.33333333333333,542.0,100.0,24.41,5
2026-03-30 18:40:00+00:00,79.33333333333333,546.0,100.0,24.4,5
2026-03-30 18:45:00+00:00,80.0,537.0,100.0,24.4,5
2026-03-30 18:50:00+00:00,78.33333333333333,546.0,100.0,24.380000000000003,5
2026-03-30 18:55:00+00:00,81.0,550.5,100.0,24.369999999999997,5
2026-03-30 19:00:00+00:00,85.66666666666667,546.0,100.0,24.365000000000002,5
2026-03-30 19:05:00+00:00,75.66666666666667,570.0,100.0,24.35,5
2026-03-30 19:10:00+00:00,79.33333333333333,556.0,100.0,24.335,5
2026-03-30 19:15:00+00:00,76.66666666666667,563.0,100.0,24.32,5
2026-03-30 19:20:00+00:00,79.33333333333333,568.0,100.0,24.3,5
2026-03-30 19:25:00+00:00,70.0,569.5,100.0,24.285,5
2026-03-30 19:30:00+00:00,68.0,582.0,100.0,24.265,5
2026-03-30 19:35:00+00:00,64.33333333333333,553.0,100.0,24.25,5
2026-03-30 19:40:00+00:00,66.33333333333333,584.0,100.0,24.21,5
2026-03-30 19:45:00+00:00,60.333333333333336,617.0,100.0,24.195,5
2026-03-30 19:50:00+00:00,73.33333333333333,611.5,100.0,24.17,5
2026-03-30 19:55:00+00:00,58.333333333333336,622.0,100.0,24.17,5
2026-03-30 20:00:00+00:00,55.0,641.0,100.0,24.15,5
2026-03-30 20:05:00+00:00,60.333333333333336,628.5,100.0,24.155,5
2026-03-30 20:10:00+00:00,70.66666666666667,612.0,100.0,24.15,5
2026-03-30 20:15:00+00:00,78.33333333333333,623.5,100.0,24.155,5
2026-03-30 20:20:00+00:00,71.33333333333333,617.5,100.0,24.17,5
2026-03-30 20:25:00+00:00,63.666666666666664,609.5,100.0,24.175,5
2026-03-30 20:30:00+00:00,54.0,596.5,100.0,24.18,5
2026-03-30 20:35:00+00:00,51.666666666666664,605.0,100.0,24.174999999999997,5
2026-03-30 20:40:00+00:00,63.666666666666664,597.0,100.0,24.18,5
2026-03-30 20:45:00+00:00,65.0,594.5,100.0,24.195,5
2026-03-30 20:50:00+00:00,72.0,601.0,100.0,24.205,5
2026-03-30 20:55:00+00:00,72.0,584.5,100.0,24.225,5
2026-03-30 21:00:00+00:00,55.666666666666664,558.5,100.0,24.22,5
2026-03-30 21:05:00+00:00,61.666666666666664,566.0,100.0,24.215000000000003,5
2026-03-30 21:10:00+00:00,74.33333333333333,563.5,100.0,24.23,5
2026-03-30 21:15:00+00:00,72.33333333333333,556.5,100.0,24.240000000000002,5
2026-03-30 21:20:00+00:00,67.0,572.0,100.0,24.255,5
2026-03-30 21:25:00+00:00,74.66666666666667,567.5,100.0,24.255000000000003,5
2026-03-30 21:30:00+00:00,67.66666666666667,580.0,100.0,24.27,5
2026-03-30 21:35:00+00:00,61.0,528.5,100.0,24.27,5
2026-03-30 21:40:00+00:00,72.0,549.0,100.0,24.284999999999997,5
2026-03-30 21:45:00+00:00,73.33333333333333,551.5,100.0,24.29,5
2026-03-30 21:50:00+00:00,71.33333333333333,553.0,100.0,24.295,5
2026-03-30 21:55:00+00:00,70.0,562.0,100.0,24.3,5
2026-03-30 22:00:00+00:00,70.66666666666667,548.5,100.0,24.3,5
2026-03-30 22:05:00+00:00,68.0,540.5,100.0,24.29,5
2026-03-30 22:10:00+00:00,73.33333333333333,555.5,100.0,24.295,5
2026-03-30 22:15:00+00:00,68.0,555.0,100.0,24.310000000000002,5
2026-03-30 22:20:00+00:00,72.0,536.5,100.0,24.3,5
2026-03-30 22:25:00+00:00,67.66666666666667,527.0,100.0,24.3,5
2026-03-30 22:30:00+00:00,70.0,552.0,100.0,24.3,5
2026-03-30 22:35:00+00:00,70.33333333333333,541.5,100.0,24.3,5
2026-03-30 22:40:00+00:00,74.0,516.0,100.0,24.3,5
2026-03-30 22:45:00+00:00,72.66666666666667,550.0,100.0,24.305,5
2026-03-30 22:50:00+00:00,68.0,530.5,100.0,24.284999999999997,5
2026-03-30 22:55:00+00:00,66.66666666666667,541.5,100.0,24.28,5
2026-03-30 23:00:00+00:00,70.0,530.0,100.0,24.275,5
2026-03-30 23:05:00+00:00,69.33333333333333,528.5,100.0,24.27,5
2026-03-30 23:10:00+00:00,60.333333333333336,536.5,100.0,24.25,5
2026-03-30 23:15:00+00:00,68.0,545.0,100.0,24.23,5
2026-03-30 23:20:00+00:00,64.33333333333333,543.5,100.0,24.215000000000003,5
2026-03-30 23:25:00+00:00,71.66666666666667,555.0,100.0,24.215,5
2026-03-30 23:30:00+00:00,75.66666666666667,536.0,100.0,24.21,5
2026-03-30 23:35:00+00:00,76.0,531.0,100.0,24.195,5
2026-03-30 23:40:00+00:00,82.0,539.0,100.0,24.21,5
2026-03-30 23:45:00+00:00,81.33333333333333,525.0,100.0,24.205,5
2026-03-30 23:50:00+00:00,81.0,544.5,100.0,24.23,5
2026-03-30 23:55:00+00:00,76.0,537.5,100.0,24.225,5
2026-03-31 00:00:00+00:00,73.33333333333333,558.5,100.0,24.244999999999997,5
2026-03-31 00:05:00+00:00,73.66666666666667,552.5,100.0,24.255000000000003,5
2026-03-31 00:10:00+00:00,74.66666666666667,545.5,100.0,24.27,5
2026-03-31 00:15:00+00:00,83.33333333333333,539.5,100.0,24.28,5
2026-03-31 00:20:00+00:00,70.0,532.0,100.0,24.295,5
2026-03-31 00:25:00+00:00,55.666666666666664,528.5,100.0,24.325000000000003,5
2026-03-31 00:30:00+00:00,54.0,543.5,100.0,24.35,5
2026-03-31 00:35:00+00:00,49.666666666666664,538.5,100.0,24.38,5
2026-03-31 00:40:00+00:00,63.333333333333336,532.0,100.0,24.405,5
2026-03-31 00:45:00+00:00,60.0,534.5,100.0,24.445,5
2026-03-31 00:50:00+00:00,70.66666666666667,526.5,100.0,24.475,5
2026-03-31 00:55:00+00:00,50.333333333333336,521.5,100.0,24.525,5
2026-03-31 01:00:00+00:00,50.0,536.0,100.0,24.549999999999997,5
2026-03-31 01:05:00+00:00,77.33333333333333,529.0,100.0,24.59,5
2026-03-31 01:10:00+00:00,69.0,516.5,100.0,24.634999999999998,5
2026-03-31 01:15:00+00:00,66.0,548.0,100.0,24.689999999999998,5
2026-03-31 01:20:00+00:00,68.0,532.5,100.0,24.735,5
2026-03-31 01:25:00+00:00,64.33333333333333,535.0,100.0,24.78,5
2026-03-31 01:30:00+00:00,56.0,518.0,100.0,24.85,5
2026-03-31 01:35:00+00:00,47.0,525.0,100.0,24.89,5
2026-03-31 01:40:00+00:00,55.5,504.5,100.0,24.935000000000002,5
2026-03-31 01:45:00+00:00,64.33333333333333,529.0,100.0,24.995,5
2026-03-31 01:50:00+00:00,81.5,512.5,100.0,25.049999999999997,5
2026-03-31 01:55:00+00:00,66.5,490.5,99.96,25.115000000000002,5
2026-03-31 02:00:00+00:00,77.66666666666667,505.0,99.925,25.195,5
2026-03-31 02:05:00+00:00,91.66666666666667,512.0,100.0,25.28,5
2026-03-31 02:10:00+00:00,90.33333333333333,512.0,100.0,25.36,5
2026-03-31 02:15:00+00:00,98.0,530.5,100.0,25.445,5
2026-03-31 02:20:00+00:00,122.0,511.5,100.0,25.509999999999998,5
2026-03-31 02:25:00+00:00,117.0,534.5,100.0,25.585,5
2026-03-31 02:30:00+00:00,122.66666666666667,523.0,100.0,25.665,5
2026-03-31 02:35:00+00:00,125.33333333333333,515.5,100.0,25.785,5
2026-03-31 02:40:00+00:00,120.66666666666667,507.0,100.0,25.905,5
2026-03-31 02:45:00+00:00,134.66666666666666,511.5,100.0,26.03,5
2026-03-31 02:50:00+00:00,131.0,501.0,100.0,26.17,5
2026-03-31 02:55:00+00:00,122.0,511.5,100.0,26.305,5
2026-03-31 03:00:00+00:00,132.66666666666666,512.0,100.0,26.455,5
2026-03-31 03:05:00+00:00,122.33333333333333,510.0,99.815,26.59,5
2026-03-31 03:10:00+00:00,141.66666666666666,505.5,99.70500000000001,26.735,5
2026-03-31 03:15:00+00:00,141.66666666666666,524.5,99.02,26.880000000000003,5
2026-03-31 03:20:00+00:00,134.66666666666666,510.0,98.45,27.020000000000003,5
2026-03-31 03:25:00+00:00,143.33333333333334,508.0,98.08,27.159999999999997,5
2026-03-31 03:30:00+00:00,142.66666666666666,500.0,97.69,27.295,5
2026-03-31 03:35:00+00:00,133.33333333333334,500.5,96.755,27.445,5
2026-03-31 03:40:00+00:00,139.66666666666666,505.5,96.155,27.57,5
2026-03-31 03:45:00+00:00,138.0,496.0,95.185,27.695,5
2026-03-31 03:50:00+00:00,153.0,506.5,95.16,27.799999999999997,5
2026-03-31 03:55:00+00:00,146.0,492.5,95.39,27.924999999999997,5
2026-03-31 04:00:00+00:00,145.0,514.0,94.31,28.015,5
2026-03-31 04:05:00+00:00,161.0,495.0,93.975,28.119999999999997,5
2026-03-31 04:10:00+00:00,182.5,491.0,93.935,28.22,5
2026-03-31 04:15:00+00:00,140.33333333333334,504.5,93.505,28.305,5
2026-03-31 04:20:00+00:00,143.33333333333334,479.0,93.39,28.375,5
2026-03-31 04:25:00+00:00,149.33333333333334,491.5,92.99000000000001,28.445,5
2026-03-31 04:30:00+00:00,160.0,509.0,93.175,28.525,5
2026-03-31 04:35:00+00:00,136.5,506.0,91.94,28.605,4
2026-03-31 04:40:00+00:00,146.5,492.5,91.94,28.655,5
2026-03-31 04:45:00+00:00,135.0,485.5,91.69999999999999,28.715,5
2026-03-31 04:50:00+00:00,152.0,503.0,91.46,28.785,5
2026-03-31 04:55:00+00:00,161.66666666666666,482.0,91.495,28.855,5
2026-03-31 05:00:00+00:00,171.66666666666666,488.0,91.775,28.91,5
2026-03-31 05:05:00+00:00,167.83333333333331,497.0,91.905,28.97,4
2026-03-31 05:10:00+00:00,164.0,497.5,92.035,29.03,5
2026-03-31 05:15:00+00:00,163.0,487.0,91.58,29.07,5
2026-03-31 05:20:00+00:00,153.66666666666666,498.0,91.35,29.130000000000003,5
2026-03-31 05:25:00+00:00,175.0,474.5,91.245,29.18,5
2026-03-31 05:30:00+00:00,170.0,483.5,91.21000000000001,29.244999999999997,4
2026-03-31 05:35:00+00:00,167.33333333333334,494.0,90.96,29.310000000000002,5
2026-03-31 05:40:00+00:00,162.66666666666666,487.0,90.25,29.354999999999997,5
2026-03-31 05:45:00+00:00,167.33333333333334,469.0,89.99,29.415,5
2026-03-31 05:50:00+00:00,168.66666666666666,479.0,89.65,29.48,5
2026-03-31 05:55:00+00:00,176.0,479.0,89.37,29.549999999999997,5
2026-03-31 06:00:00+00:00,159.0,471.5,88.74000000000001,29.61,5
2026-03-31 06:05:00+00:00,166.0,482.0,88.63499999999999,29.674999999999997,5
2026-03-31 06:10:00+00:00,174.33333333333334,466.5,88.655,29.725,5
2026-03-31 06:15:00+00:00,168.0,458.0,88.455,29.77,5
2026-03-31 06:20:00+00:00,174.66666666666666,477.0,88.58500000000001,29.825,5
2026-03-31 06:25:00+00:00,182.66666666666666,471.5,88.705,29.880000000000003,5
2026-03-31 06:30:00+00:00,177.66666666666666,487.0,88.49000000000001,29.92,5
2026-03-31 06:35:00+00:00,171.0,477.0,87.67,29.97,5
2026-03-31 06:40:00+00:00,171.66666666666666,472.5,87.41,30.02,5
2026-03-31 06:45:00+00:00,171.66666666666666,473.0,87.09,30.075,5
2026-03-31 06:50:00+00:00,178.0,472.5,87.1,30.125,5
2026-03-31 06:55:00+00:00,181.66666666666666,464.0,86.875,30.175,5
2026-03-31 07:00:00+00:00,181.66666666666666,460.5,86.795,30.23,5
2026-03-31 07:05:00+00:00,168.66666666666666,458.5,86.555,30.265,5
2026-03-31 07:10:00+00:00,181.33333333333334,478.0,86.655,30.29,5
2026-03-31 07:15:00+00:00,183.66666666666666,464.5,86.225,30.33,5
2026-03-31 07:20:00+00:00,175.0,456.5,85.87,30.365000000000002,5
2026-03-31 07:25:00+00:00,188.5,484.5,86.405,30.4,5
2026-03-31 07:30:00+00:00,167.33333333333334,472.5,86.4975,30.415,5
2026-03-31 07:35:00+00:00,185.0,465.0,86.59,30.445,5
2026-03-31 07:40:00+00:00,185.0,463.0,86.035,30.46,5
2026-03-31 07:45:00+00:00,176.33333333333334,475.0,86.16,30.494999999999997,5
2026-03-31 07:50:00+00:00,188.0,463.5,85.94,30.505000000000003,5
2026-03-31 07:55:00+00:00,176.66666666666666,461.5,85.875,30.515,5
2026-03-31 08:00:00+00:00,179.66666666666666,459.5,86.16,30.53,5
2026-03-31 08:05:00+00:00,181.0,473.5,85.895,30.535,5
2026-03-31 08:10:00+00:00,187.0,471.0,85.87,30.549999999999997,5
2026-03-31 08:15:00+00:00,173.0,470.5,85.04,30.549999999999997,5
2026-03-31 08:20:00+00:00,185.0,466.0,85.95500000000001,30.57,5
2026-03-31 08:25:00+00:00,182.33333333333334,466.5,85.705,30.57,5
2026-03-31 08:30:00+00:00,182.0,463.0,85.68,30.55,5
2026-03-31 08:35:00+00:00,175.66666666666666,462.5,85.63,30.535,5
2026-03-31 08:40:00+00:00,174.66666666666666,475.5,85.65,30.525,5
2026-03-31 08:45:00+00:00,189.0,482.0,86.1,30.52,5
2026-03-31 08:50:00+00:00,174.33333333333334,462.5,86.245,30.475,5
2026-03-31 08:55:00+00:00,179.33333333333334,485.5,86.28,30.424999999999997,5
2026-03-31 09:00:00+00:00,166.0,477.5,85.83,30.35,5
2026-03-31 09:05:00+00:00,166.0,453.5,85.885,30.270000000000003,5
2026-03-31 09:10:00+00:00,166.33333333333334,479.0,86.095,30.18,5
2026-03-31 09:15:00+00:00,166.0,467.5,86.23,30.07,5
2026-03-31 09:20:00+00:00,162.0,480.5,86.45,29.97,5
2026-03-31 09:25:00+00:00,150.33333333333334,477.0,86.57,29.86,5
2026-03-31 09:30:00+00:00,149.0,480.5,86.75,29.745,5
2026-03-31 09:35:00+00:00,146.33333333333334,476.5,87.225,29.625,5
2026-03-31 09:40:00+00:00,143.66666666666666,499.0,87.32499999999999,29.505000000000003,5
2026-03-31 09:45:00+00:00,124.0,485.0,87.25,29.4,5
2026-03-31 09:50:00+00:00,129.33333333333334,482.0,87.33,29.275,5
2026-03-31 09:55:00+00:00,129.33333333333334,489.5,87.535,29.165,5
2026-03-31 10:00:00+00:00,107.66666666666667,479.5,86.66,29.06,5
2026-03-31 10:05:00+00:00,100.66666666666667,473.0,85.845,28.935000000000002,5
2026-03-31 10:10:00+00:00,91.0,481.0,85.65,28.805,5
2026-03-31 10:15:00+00:00,93.0,485.5,85.71,28.68,5
2026-03-31 10:20:00+00:00,91.0,517.5,85.91,28.555,5
2026-03-31 10:25:00+00:00,94.66666666666667,486.5,85.97,28.425,5
2026-03-31 10:30:00+00:00,83.33333333333333,491.5,85.92,28.299999999999997,5
2026-03-31 10:35:00+00:00,87.0,482.0,86.33,28.17,5
2026-03-31 10:40:00+00:00,86.66666666666667,496.5,86.82,28.049999999999997,5
2026-03-31 10:45:00+00:00,82.33333333333333,481.0,87.315,27.924999999999997,5
2026-03-31 10:50:00+00:00,81.33333333333333,491.0,87.61,27.814999999999998,5
2026-03-31 10:55:00+00:00,78.33333333333333,473.0,87.92500000000001,27.685000000000002,5
2026-03-31 11:00:00+00:00,76.33333333333333,488.0,88.33500000000001,27.575000000000003,5
2026-03-31 11:05:00+00:00,75.66666666666667,484.5,88.785,27.46,5
2026-03-31 11:10:00+00:00,69.0,476.5,88.83500000000001,27.35,5
2026-03-31 11:15:00+00:00,65.33333333333333,488.0,89.24000000000001,27.215,5
2026-03-31 11:20:00+00:00,65.33333333333333,492.5,89.48,27.11,5
2026-03-31 11:25:00+00:00,67.66666666666667,494.0,89.735,26.985,5
2026-03-31 11:30:00+00:00,69.66666666666667,508.0,90.37,26.88,5
2026-03-31 11:35:00+00:00,61.0,507.0,90.45,26.76,5
2026-03-31 11:40:00+00:00,57.666666666666664,500.0,90.72,26.65,5
2026-03-31 11:45:00+00:00,55.0,499.5,90.97,26.545,5
2026-03-31 11:50:00+00:00,55.0,491.0,91.36,26.435,5
2026-03-31 11:55:00+00:00,61.333333333333336,531.5,91.83,26.335,5
2026-03-31 12:00:00+00:00,59.333333333333336,524.0,92.46000000000001,26.245,5
2026-03-31 12:05:00+00:00,56.0,500.0,92.56,26.17,5
2026-03-31 12:10:00+00:00,50.333333333333336,510.5,92.735,26.08,5
2026-03-31 12:15:00+00:00,52.666666666666664,497.5,93.14,25.975,5
2026-03-31 12:20:00+00:00,48.0,508.5,93.265,25.895,5
2026-03-31 12:25:00+00:00,47.0,505.5,93.335,25.799999999999997,5
2026-03-31 12:30:00+00:00,42.333333333333336,513.5,94.025,25.72,5
2026-03-31 12:35:00+00:00,42.333333333333336,523.5,94.35499999999999,25.634999999999998,5
2026-03-31 12:40:00+00:00,45.333333333333336,508.5,94.63499999999999,25.585,5
2026-03-31 12:45:00+00:00,39.0,497.5,94.71000000000001,25.53,5
2026-03-31 12:50:00+00:00,41.333333333333336,518.0,94.885,25.47,5
2026-03-31 12:55:00+00:00,37.0,509.0,94.975,25.425,5
2026-03-31 13:00:00+00:00,37.666666666666664,526.0,95.065,25.369999999999997,5
2026-03-31 13:05:00+00:00,40.0,509.0,95.13499999999999,25.3,5
2026-03-31 13:10:00+00:00,39.333333333333336,508.5,95.275,25.259999999999998,5
2026-03-31 13:15:00+00:00,40.333333333333336,510.0,95.245,25.23,5
2026-03-31 13:20:00+00:00,34.333333333333336,532.0,95.35,25.175,5
2026-03-31 13:25:00+00:00,36.333333333333336,508.0,95.625,25.134999999999998,5
2026-03-31 13:30:00+00:00,35.0,515.0,95.68,25.09,5
2026-03-31 13:35:00+00:00,35.666666666666664,523.0,95.92500000000001,25.07,5
2026-03-31 13:40:00+00:00,34.0,531.5,95.96000000000001,25.035,5
2026-03-31 13:45:00+00:00,36.0,514.5,96.13499999999999,24.995,5
2026-03-31 13:50:00+00:00,40.666666666666664,524.5,96.21000000000001,24.965000000000003,5
2026-03-31 13:55:00+00:00,34.333333333333336,517.0,96.175,24.924999999999997,5
2026-03-31 14:00:00+00:00,37.0,491.0,96.27000000000001,24.89,5
2026-03-31 14:05:00+00:00,33.0,503.5,96.315,24.865000000000002,5
2026-03-31 14:10:00+00:00,33.333333333333336,496.5,96.64500000000001,24.845,5
2026-03-31 14:15:00+00:00,34.333333333333336,501.5,96.715,24.83,5
2026-03-31 14:20:00+00:00,35.333333333333336,501.5,96.705,24.805,5
2026-03-31 14:25:00+00:00,35.0,520.5,96.6,24.78,5
2026-03-31 14:30:00+00:00,35.0,527.0,96.59,24.759999999999998,5
2026-03-31 14:35:00+00:00,34.666666666666664,530.5,96.985,24.725,5
2026-03-31 14:40:00+00:00,39.0,515.0,97.29,24.71,5
2026-03-31 14:45:00+00:00,37.0,524.0,97.285,24.685000000000002,5
2026-03-31 14:50:00+00:00,35.666666666666664,526.0,97.435,24.67,5
2026-03-31 14:55:00+00:00,34.0,497.5,97.725,24.655,5
2026-03-31 15:00:00+00:00,37.333333333333336,531.0,97.785,24.634999999999998,5
2026-03-31 15:05:00+00:00,33.333333333333336,500.5,97.815,24.619999999999997,5
2026-03-31 15:10:00+00:00,33.0,512.5,98.06,24.6,5
2026-03-31 15:15:00+00:00,34.666666666666664,512.0,97.81,24.604999999999997,5
2026-03-31 15:20:00+00:00,34.666666666666664,516.5,97.66499999999999,24.58,5
2026-03-31 15:25:00+00:00,35.666666666666664,523.5,97.69999999999999,24.575,5
2026-03-31 15:30:00+00:00,35.666666666666664,506.5,97.905,24.549999999999997,5
2026-03-31 15:35:00+00:00,36.333333333333336,511.0,97.94999999999999,24.54,5
2026-03-31 15:40:00+00:00,36.333333333333336,508.5,97.95500000000001,24.505,5
2026-03-31 15:45:00+00:00,43.666666666666664,531.0,97.95,24.490000000000002,5
2026-03-31 15:50:00+00:00,40.333333333333336,531.5,98.065,24.465,5
2026-03-31 15:55:00+00:00,36.0,543.5,98.41,24.450000000000003,5
2026-03-31 16:00:00+00:00,33.333333333333336,563.0,98.85499999999999,24.435,5
2026-03-31 16:05:00+00:00,34.0,530.0,99.00999999999999,24.41,5
2026-03-31 16:10:00+00:00,33.0,546.5,99.2,24.395,5
2026-03-31 16:15:00+00:00,33.333333333333336,548.0,99.24000000000001,24.375,5
2026-03-31 16:20:00+00:00,34.333333333333336,535.5,99.28,24.384999999999998,5
2026-03-31 16:25:00+00:00,40.0,555.5,99.15,24.345,5
2026-03-31 16:30:00+00:00,40.333333333333336,547.0,99.195,24.34,5
2026-03-31 16:35:00+00:00,36.0,540.5,99.245,24.325000000000003,5
2026-03-31 16:40:00+00:00,35.333333333333336,521.5,99.22,24.31,5
2026-03-31 16:45:00+00:00,32.333333333333336,534.0,99.37,24.285,5
2026-03-31 16:50:00+00:00,33.0,504.5,99.505,24.265,5
2026-03-31 16:55:00+00:00,36.666666666666664,520.0,99.645,24.255,5
2026-03-31 17:00:00+00:00,34.0,523.5,99.775,24.255,5
2026-03-31 17:05:00+00:00,35.666666666666664,525.0,99.805,24.244999999999997,5
2026-03-31 17:10:00+00:00,34.333333333333336,514.5,99.82,24.259999999999998,5
2026-03-31 17:15:00+00:00,33.666666666666664,514.0,99.88499999999999,24.255,5
2026-03-31 17:20:00+00:00,36.666666666666664,513.0,99.91499999999999,24.259999999999998,5
2026-03-31 17:25:00+00:00,38.666666666666664,506.5,99.875,24.28,5
2026-03-31 17:30:00+00:00,36.0,500.5,99.88,24.27,5
2026-03-31 17:35:00+00:00,33.666666666666664,515.5,99.85,24.29,5
2026-03-31 17:40:00+00:00,33.0,501.5,99.85,24.29,5
2026-03-31 17:45:00+00:00,35.0,502.5,99.86500000000001,24.305,5
2026-03-31 17:50:00+00:00,34.0,499.5,99.815,24.305,5
2026-03-31 17:55:00+00:00,35.333333333333336,519.5,99.85,24.305,5
2026-03-31 18:00:00+00:00,34.0,516.0,99.86500000000001,24.315,5
2026-03-31 18:05:00+00:00,34.333333333333336,502.0,99.85499999999999,24.32,5
2026-03-31 18:10:00+00:00,35.666666666666664,504.0,99.78,24.314999999999998,5
2026-03-31 18:15:00+00:00,34.0,519.0,99.685,24.325000000000003,5
2026-03-31 18:20:00+00:00,35.666666666666664,500.0,99.62,24.32,5
2026-03-31 18:25:00+00:00,34.0,488.5,99.57499999999999,24.325,5
2026-03-31 18:30:00+00:00,34.666666666666664,502.5,99.625,24.33,5
2026-03-31 18:35:00+00:00,35.333333333333336,497.5,99.62,24.34,5
2026-03-31 18:40:00+00:00,35.666666666666664,508.0,99.41999999999999,24.335,5
2026-03-31 18:45:00+00:00,37.0,510.0,99.09,24.33,5
2026-03-31 18:50:00+00:00,37.333333333333336,504.5,98.54499999999999,24.32,5
2026-03-31 18:55:00+00:00,37.666666666666664,500.5,98.22,24.305,5
2026-03-31 19:00:00+00:00,34.333333333333336,523.0,97.64,24.28,5
2026-03-31 19:05:00+00:00,35.0,491.0,97.60499999999999,24.259999999999998,5
2026-03-31 19:10:00+00:00,35.333333333333336,503.0,97.32499999999999,24.235,5
2026-03-31 19:15:00+00:00,38.666666666666664,510.5,96.81,24.205,5
2026-03-31 19:20:00+00:00,36.0,517.5,96.67,24.18,5
2026-03-31 19:25:00+00:00,35.666666666666664,503.0,96.625,24.155,5
2026-03-31 19:30:00+00:00,35.666666666666664,513.5,96.49,24.130000000000003,5
2026-03-31 19:35:00+00:00,36.666666666666664,499.5,96.46000000000001,24.11,5
2026-03-31 19:40:00+00:00,35.0,490.0,96.41999999999999,24.09,5
2026-03-31 19:45:00+00:00,35.333333333333336,505.0,96.235,24.060000000000002,5
2026-03-31 19:50:00+00:00,31.0,498.5,95.235,24.025,5
2026-03-31 19:55:00+00:00,33.0,514.0,94.06,23.975,5
2026-03-31 20:00:00+00:00,34.0,505.5,92.935,23.92,5
2026-03-31 20:05:00+00:00,31.0,520.0,92.385,23.855,5
2026-03-31 20:10:00+00:00,33.0,508.5,91.62,23.795,5
2026-03-31 20:15:00+00:00,34.0,502.5,91.00999999999999,23.744999999999997,5
2026-03-31 20:20:00+00:00,33.666666666666664,488.0,90.305,23.689999999999998,5
2026-03-31 20:25:00+00:00,32.333333333333336,503.5,89.99000000000001,23.625,5
2026-03-31 20:30:00+00:00,32.333333333333336,495.5,89.535,23.585,5
2026-03-31 20:35:00+00:00,33.333333333333336,499.0,89.14,23.555,5
2026-03-31 20:40:00+00:00,35.666666666666664,506.0,88.7,23.51,5
2026-03-31 20:45:00+00:00,34.0,499.0,88.945,23.485,5
2026-03-31 20:50:00+00:00,33.0,494.0,88.8,23.44,5
2026-03-31 20:55:00+00:00,32.333333333333336,495.5,88.747,23.415,5
2026-03-31 21:00:00+00:00,32.666666666666664,508.0,88.694,23.380000000000003,5
2026-03-31 21:05:00+00:00,36.333333333333336,479.0,88.64099999999999,23.354999999999997,5
2026-03-31 21:10:00+00:00,38.333333333333336,512.5,88.588,23.33,5
2026-03-31 21:15:00+00:00,40.0,512.5,88.535,23.314999999999998,5
2026-03-31 21:20:00+00:00,38.333333333333336,506.5,89.315,23.305,5
2026-03-31 21:25:00+00:00,39.333333333333336,515.5,89.73,23.295,5
2026-03-31 21:30:00+00:00,37.666666666666664,521.0,89.74,23.29,5
2026-03-31 21:35:00+00:00,33.0,510.5,89.65,23.275,5
2026-03-31 21:40:00+00:00,34.0,520.0,89.675,23.240000000000002,5
2026-03-31 21:45:00+00:00,31.333333333333332,512.0,89.89,23.22,5
2026-03-31 21:50:00+00:00,33.666666666666664,523.5,89.72999999999999,23.185,5
2026-03-31 21:55:00+00:00,34.333333333333336,522.0,89.505,23.13,5
2026-03-31 22:00:00+00:00,34.333333333333336,534.5,89.63499999999999,23.1,5
2026-03-31 22:05:00+00:00,33.333333333333336,515.5,89.64500000000001,23.075000000000003,5
2026-03-31 22:10:00+00:00,36.0,516.5,89.55,23.060000000000002,5
2026-03-31 22:15:00+00:00,37.16666666666667,520.5,89.35999999999999,23.0475,0
2026-03-31 22:20:00+00:00,38.333333333333336,524.5,89.16999999999999,23.034999999999997,5
2026-03-31 22:25:00+00:00,38.333333333333336,525.5,89.5,23.025,5
2026-03-31 22:30:00+00:00,39.333333333333336,532.5,90.125,23.005,5
2026-03-31 22:35:00+00:00,36.666666666666664,525.5,90.41,23.015,5
2026-03-31 22:40:00+00:00,43.333333333333336,531.5,91.41499999999999,23.009999999999998,5
2026-03-31 22:45:00+00:00,43.333333333333336,537.5,91.64500000000001,23.025,5
2026-03-31 22:50:00+00:00,44.666666666666664,531.0,91.805,23.02,5
2026-03-31 22:55:00+00:00,40.666666666666664,522.0,91.25999999999999,23.02,5
2026-03-31 23:00:00+00:00,35.333333333333336,519.0,90.8,22.985,5
2026-03-31 23:05:00+00:00,33.666666666666664,526.0,91.0,22.935000000000002,5
2026-03-31 23:10:00+00:00,36.333333333333336,522.5,90.86,22.895,5
2026-03-31 23:15:00+00:00,36.0,531.5,90.395,22.845,5
2026-03-31 23:20:00+00:00,33.333333333333336,519.5,90.16499999999999,22.814999999999998,5
2026-03-31 23:25:00+00:00,31.666666666666668,529.0,89.935,22.77,5
2026-03-31 23:30:00+00:00,34.0,556.0,91.475,22.765,5
2026-03-31 23:35:00+00:00,54.333333333333336,543.0,92.69999999999999,22.765,5
2026-03-31 23:40:00+00:00,75.0,546.5,92.815,22.810000000000002,5
2026-03-31 23:45:00+00:00,62.666666666666664,554.5,92.61500000000001,22.83,5
2026-03-31 23:50:00+00:00,47.666666666666664,518.0,92.33500000000001,22.83,5
2026-03-31 23:55:00+00:00,43.333333333333336,551.5,92.20500000000001,22.82,5
2026-04-01 00:00:00+00:00,45.0,515.0,92.59,22.83,5
2026-04-01 00:05:00+00:00,54.333333333333336,524.5,92.96000000000001,22.84,5
2026-04-01 00:10:00+00:00,59.0,547.0,93.305,22.86,5
2026-04-01 00:15:00+00:00,59.666666666666664,505.5,93.195,22.875,5
2026-04-01 00:20:00+00:00,56.333333333333336,526.0,93.34,22.89,5
2026-04-01 00:25:00+00:00,55.333333333333336,523.0,93.195,22.905,5
2026-04-01 00:30:00+00:00,53.666666666666664,511.5,93.24000000000001,22.939999999999998,5
2026-04-01 00:35:00+00:00,46.0,509.0,92.53999999999999,22.955,5
2026-04-01 00:40:00+00:00,44.0,499.0,92.16499999999999,22.985,5
2026-04-01 00:45:00+00:00,41.666666666666664,500.5,91.62,23.015,5
2026-04-01 00:50:00+00:00,57.333333333333336,502.5,91.11500000000001,23.035,5
2026-04-01 00:55:00+00:00,37.333333333333336,493.0,90.455,23.064999999999998,5
2026-04-01 01:00:00+00:00,36.0,486.0,90.31,23.09,5
2026-04-01 01:05:00+00:00,38.0,481.0,89.66,23.14,5
2026-04-01 01:10:00+00:00,40.0,502.0,89.715,23.185000000000002,5
2026-04-01 01:15:00+00:00,41.0,491.0,89.695,23.225,5
2026-04-01 01:20:00+00:00,42.333333333333336,496.0,89.555,23.275,5
2026-04-01 01:25:00+00:00,44.0,479.0,89.38499999999999,23.325,5
2026-04-01 01:30:00+00:00,55.666666666666664,476.5,90.03999999999999,23.38,5
2026-04-01 01:35:00+00:00,93.0,476.0,92.07,23.47,5
2026-04-01 01:40:00+00:00,119.66666666666667,486.0,92.16499999999999,23.486666666666665,5
2026-04-01 01:45:00+00:00,134.0,497.0,92.795,23.503333333333334,5
2026-04-01 01:50:00+00:00,110.33333333333333,514.5,95.24000000000001,23.52,5
2026-04-01 01:55:00+00:00,112.0,500.0,97.15,23.384999999999998,5
2026-04-01 02:00:00+00:00,123.0,496.0,98.03999999999999,23.42375,5
2026-04-01 02:05:00+00:00,130.66666666666666,515.5,98.7,23.4625,5
2026-04-01 02:10:00+00:00,132.0,509.0,99.11,23.50125,4
2026-04-01 02:15:00+00:00,142.66666666666666,509.5,99.53,23.54,5
2026-04-01 02:20:00+00:00,141.0,491.0,99.275,23.69,4
2026-04-01 02:25:00+00:00,121.0,509.0,99.205,23.86,4
2026-04-01 02:30:00+00:00,125.66666666666667,502.0,99.88,23.810000000000002,5
2026-04-01 02:35:00+00:00,126.0,497.0,99.28,23.955,5
2026-04-01 02:40:00+00:00,130.0,494.0,98.68,24.075000000000003,5
2026-04-01 02:45:00+00:00,116.33333333333333,511.5,96.56,24.21,5
2026-04-01 02:50:00+00:00,121.33333333333333,499.5,96.24,24.32,5
2026-04-01 02:55:00+00:00,117.33333333333333,509.5,96.035,24.43,5
2026-04-01 03:00:00+00:00,117.66666666666667,500.5,95.755,24.564999999999998,5
2026-04-01 03:05:00+00:00,117.0,489.5,95.07499999999999,24.685,5
2026-04-01 03:10:00+00:00,118.33333333333333,501.0,94.57499999999999,24.810000000000002,5
2026-04-01 03:15:00+00:00,117.66666666666667,513.5,93.975,24.92,5
2026-04-01 03:20:00+00:00,125.0,494.0,93.49000000000001,25.020000000000003,5
2026-04-01 03:25:00+00:00,123.33333333333333,512.0,92.72,25.105,5
2026-04-01 03:30:00+00:00,117.33333333333333,497.5,91.9,25.18,5
2026-04-01 03:35:00+00:00,117.66666666666667,508.0,91.38499999999999,25.265,5
2026-04-01 03:40:00+00:00,116.0,486.0,90.64,25.345,5
2026-04-01 03:45:00+00:00,121.33333333333333,511.5,90.655,25.415,5
2026-04-01 03:50:00+00:00,128.33333333333334,493.0,90.155,25.490000000000002,5
2026-04-01 03:55:00+00:00,129.66666666666666,490.0,89.525,25.560000000000002,5
2026-04-01 04:00:00+00:00,124.33333333333333,502.5,89.13499999999999,25.625,5
2026-04-01 04:05:00+00:00,125.0,495.0,88.57,25.700000000000003,5
2026-04-01 04:10:00+00:00,138.33333333333334,519.5,88.48,25.770000000000003,5
2026-04-01 04:15:00+00:00,133.33333333333334,497.5,88.105,25.835,5
2026-04-01 04:20:00+00:00,140.0,493.5,87.88,25.905,5
2026-04-01 04:25:00+00:00,142.0,480.5,87.55000000000001,25.965,5
2026-04-01 04:30:00+00:00,141.66666666666666,489.0,87.19999999999999,26.0,5
2026-04-01 04:35:00+00:00,141.0,499.5,87.485,26.045,5
2026-04-01 04:40:00+00:00,141.33333333333334,476.0,87.36,26.075000000000003,5
2026-04-01 04:45:00+00:00,146.5,491.5,87.745,26.1,5
2026-04-01 04:50:00+00:00,157.33333333333334,493.0,87.32,26.115,5
2026-04-01 04:55:00+00:00,140.66666666666666,512.5,86.56,26.130000000000003,5
2026-04-01 05:00:00+00:00,139.33333333333334,505.0,86.72,26.15,5
2026-04-01 05:05:00+00:00,147.33333333333334,510.5,86.555,26.155,5
2026-04-01 05:10:00+00:00,142.66666666666666,476.0,86.44999999999999,26.17,5
2026-04-01 05:15:00+00:00,138.33333333333334,498.5,86.08500000000001,26.16,5
2026-04-01 05:20:00+00:00,129.33333333333334,511.0,86.515,26.16,5
2026-04-01 05:25:00+00:00,151.0,513.0,86.68,26.165,5
2026-04-01 05:30:00+00:00,153.66666666666666,500.0,86.80000000000001,26.15,5
2026-04-01 05:35:00+00:00,152.0,493.5,87.25,26.130000000000003,5
2026-04-01 05:40:00+00:00,150.0,501.0,86.84,26.125,5
2026-04-01 05:45:00+00:00,149.33333333333334,484.0,87.205,26.11,5
2026-04-01 05:50:00+00:00,147.33333333333334,491.5,87.425,26.09,5
2026-04-01 05:55:00+00:00,152.0,491.5,87.565,26.07,5
2026-04-01 06:00:00+00:00,148.0,502.5,87.47,26.085,5
2026-04-01 06:05:00+00:00,142.66666666666666,507.5,87.47999999999999,26.09,5
2026-04-01 06:10:00+00:00,154.66666666666666,500.0,87.63499999999999,26.1,5
2026-04-01 06:15:00+00:00,146.33333333333334,509.0,87.35499999999999,26.130000000000003,5
2026-04-01 06:20:00+00:00,149.5,485.0,87.305,26.155,5
2026-04-01 06:25:00+00:00,143.0,494.0,86.91999999999999,26.185000000000002,5
2026-04-01 06:30:00+00:00,147.0,494.0,86.63499999999999,26.22,5
2026-04-01 06:35:00+00:00,143.66666666666666,500.0,86.19,26.259999999999998,5
2026-04-01 06:40:00+00:00,142.33333333333334,486.5,86.285,26.275,5
2026-04-01 06:45:00+00:00,142.66666666666666,498.0,86.00999999999999,26.29,5
2026-04-01 06:50:00+00:00,157.33333333333334,492.5,85.84,26.314999999999998,5
2026-04-01 06:55:00+00:00,145.33333333333334,486.5,85.85,26.33,5
2026-04-01 07:00:00+00:00,157.33333333333334,491.5,85.625,26.34,5
2026-04-01 07:05:00+00:00,138.5,482.5,85.255,26.33,5
2026-04-01 07:10:00+00:00,136.66666666666666,493.0,85.57499999999999,26.325,5
2026-04-01 07:15:00+00:00,144.33333333333334,481.0,85.55,26.325,5
2026-04-01 07:20:00+00:00,160.5,485.5,85.965,26.305,5
2026-04-01 07:25:00+00:00,154.0,483.0,85.375,26.285,5
2026-04-01 07:30:00+00:00,134.33333333333334,451.5,85.08500000000001,26.29,5
2026-04-01 07:35:00+00:00,140.66666666666666,476.5,85.485,26.28,5
2026-04-01 07:40:00+00:00,141.0,474.0,85.14,26.27,5
2026-04-01 07:45:00+00:00,155.66666666666666,505.5,85.28999999999999,26.29,5
2026-04-01 07:50:00+00:00,149.0,489.0,85.32,26.305,5
2026-04-01 07:55:00+00:00,139.0,471.0,85.15,26.34,5
2026-04-01 08:00:00+00:00,147.5,492.5,84.765,26.36,4
2026-04-01 08:05:00+00:00,139.66666666666666,498.0,84.67500000000001,26.384999999999998,5
2026-04-01 08:10:00+00:00,134.66666666666666,472.5,84.53,26.415,5
2026-04-01 08:15:00+00:00,144.0,470.5,84.33500000000001,26.43,5
2026-04-01 08:20:00+00:00,145.66666666666666,484.0,84.43,26.424999999999997,5
2026-04-01 08:25:00+00:00,143.66666666666666,484.5,83.945,26.424999999999997,5
2026-04-01 08:30:00+00:00,155.0,491.5,83.775,26.395,5
2026-04-01 08:35:00+00:00,138.33333333333334,485.0,83.465,26.375,5
2026-04-01 08:40:00+00:00,134.66666666666666,470.5,83.005,26.345,5
2026-04-01 08:45:00+00:00,145.66666666666666,477.5,83.49000000000001,26.33,5
2026-04-01 08:50:00+00:00,147.0,469.0,83.305,26.32,5
2026-04-01 08:55:00+00:00,141.66666666666666,504.5,83.26,26.31,5
2026-04-01 09:00:00+00:00,141.5,482.5,83.015,26.29,5
2026-04-01 09:05:00+00:00,140.66666666666666,461.0,83.33500000000001,26.28,5
2026-04-01 09:10:00+00:00,133.66666666666666,460.5,82.86500000000001,26.27,5
2026-04-01 09:15:00+00:00,144.0,488.0,83.13499999999999,26.255,5
2026-04-01 09:20:00+00:00,124.66666666666667,443.0,82.69999999999999,26.25,5
2026-04-01 09:25:00+00:00,118.33333333333333,469.0,82.11500000000001,26.240000000000002,5
2026-04-01 09:30:00+00:00,130.33333333333334,463.5,82.17,26.215,5
2026-04-01 09:35:00+00:00,124.33333333333333,474.5,82.18,26.19,5
2026-04-01 09:40:00+00:00,122.66666666666667,495.0,82.18,26.155,5
2026-04-01 09:45:00+00:00,125.33333333333333,468.0,82.21000000000001,26.105,5
2026-04-01 09:50:00+00:00,135.33333333333334,479.0,82.64500000000001,26.045,5
2026-04-01 09:55:00+00:00,118.66666666666667,485.0,82.45750000000001,25.994999999999997,5
2026-04-01 10:00:00+00:00,129.66666666666666,479.5,82.27,25.93,5
2026-04-01 10:05:00+00:00,134.66666666666666,484.5,82.695,25.869999999999997,5
2026-04-01 10:10:00+00:00,129.33333333333334,473.5,83.15,25.78,5
2026-04-01 10:15:00+00:00,137.33333333333334,480.5,83.765,25.715,5
2026-04-01 10:20:00+00:00,152.0,481.0,84.88,25.64,5
2026-04-01 10:25:00+00:00,133.66666666666666,485.5,84.875,25.564999999999998,5
2026-04-01 10:30:00+00:00,142.66666666666666,481.5,85.68,25.475,5
2026-04-01 10:35:00+00:00,137.33333333333334,499.0,85.88499999999999,25.4,5
2026-04-01 10:40:00+00:00,142.33333333333334,477.0,86.55,25.315,5
2026-04-01 10:45:00+00:00,140.0,488.5,86.9,25.240000000000002,5
2026-04-01 10:50:00+00:00,143.0,495.0,87.3,25.165,5
2026-04-01 10:55:00+00:00,137.0,487.5,87.62,25.09,5
2026-04-01 11:00:00+00:00,143.0,500.0,87.95,25.015,5
2026-04-01 11:05:00+00:00,133.0,510.5,88.3,24.945,5
2026-04-01 11:10:00+00:00,136.33333333333334,521.0,88.645,24.880000000000003,5
2026-04-01 11:15:00+00:00,133.0,523.0,88.61500000000001,24.815,5
2026-04-01 11:20:00+00:00,131.66666666666666,495.5,89.32,24.75,5
2026-04-01 11:25:00+00:00,127.33333333333333,508.0,89.275,24.695,5
2026-04-01 11:30:00+00:00,116.66666666666667,504.5,89.09,24.64,5
2026-04-01 11:35:00+00:00,117.0,499.0,89.485,24.585,5
2026-04-01 11:40:00+00:00,118.33333333333333,498.0,89.68,24.54,5
2026-04-01 11:45:00+00:00,118.0,514.5,90.08500000000001,24.5,5
2026-04-01 11:50:00+00:00,122.66666666666667,499.0,90.375,24.46,5
2026-04-01 11:55:00+00:00,124.66666666666667,503.5,90.86,24.41,5
2026-04-01 12:00:00+00:00,120.33333333333333,509.5,91.015,24.380000000000003,5
2026-04-01 12:05:00+00:00,111.66666666666667,510.5,90.795,24.33,5
2026-04-01 12:10:00+00:00,113.0,516.5,90.775,24.299999999999997,5
2026-04-01 12:15:00+00:00,108.0,502.5,90.745,24.259999999999998,5
2026-04-01 12:20:00+00:00,111.66666666666667,513.0,90.975,24.22,5
2026-04-01 12:25:00+00:00,112.66666666666667,511.5,91.175,24.175,5
2026-04-01 12:30:00+00:00,114.33333333333333,504.0,91.38499999999999,24.134999999999998,5
2026-04-01 12:35:00+00:00,112.66666666666667,518.5,91.435,24.115000000000002,5
2026-04-01 12:40:00+00:00,106.66666666666667,515.5,91.43,24.08,5
2026-04-01 12:45:00+00:00,110.66666666666667,526.5,91.44,24.05,5
2026-04-01 12:50:00+00:00,119.0,514.5,91.9,24.03,5
2026-04-01 12:55:00+00:00,110.66666666666667,519.0,92.02,24.0,5
2026-04-01 13:00:00+00:00,106.33333333333333,518.0,91.95500000000001,23.975,5
2026-04-01 13:05:00+00:00,103.0,522.0,91.66,23.939999999999998,5
2026-04-01 13:10:00+00:00,108.66666666666667,497.5,91.94,23.92,5
2026-04-01 13:15:00+00:00,112.0,499.5,92.14500000000001,23.89,5
2026-04-01 13:20:00+00:00,113.0,522.0,92.45500000000001,23.875,5
2026-04-01 13:25:00+00:00,99.66666666666667,515.5,92.20500000000001,23.86,5
2026-04-01 13:30:00+00:00,103.0,512.5,92.315,23.835,5
2026-04-01 13:35:00+00:00,100.0,517.5,92.505,23.825,5
2026-04-01 13:40:00+00:00,103.66666666666667,525.0,92.65,23.8,5
2026-04-01 13:45:00+00:00,99.0,509.0,92.55000000000001,23.799999999999997,5
2026-04-01 13:50:00+00:00,92.33333333333333,527.5,92.44,23.775,5
2026-04-01 13:55:00+00:00,97.0,530.5,92.71000000000001,23.755,5
2026-04-01 14:00:00+00:00,97.66666666666667,537.5,92.77,23.745,5
2026-04-01 14:05:00+00:00,100.66666666666667,517.5,93.10499999999999,23.729999999999997,5
2026-04-01 14:10:00+00:00,94.66666666666667,513.0,93.145,23.72,5
2026-04-01 14:15:00+00:00,99.33333333333333,526.5,93.325,23.705,5
2026-04-01 14:20:00+00:00,105.66666666666667,531.0,93.78999999999999,23.7,5
2026-04-01 14:25:00+00:00,114.0,510.5,94.07,23.695,5
2026-04-01 14:30:00+00:00,107.0,510.5,94.205,23.689999999999998,5
2026-04-01 14:35:00+00:00,110.0,523.5,94.69,23.695,5
2026-04-01 14:40:00+00:00,116.33333333333333,517.0,95.17,23.69,5
2026-04-01 14:45:00+00:00,124.0,517.5,95.41499999999999,23.689999999999998,5
2026-04-01 14:50:00+00:00,115.0,512.0,95.38,23.695,5
2026-04-01 14:55:00+00:00,113.66666666666667,534.5,95.475,23.695,5
2026-04-01 15:00:00+00:00,112.66666666666667,520.5,95.685,23.700000000000003,5
2026-04-01 15:05:00+00:00,104.66666666666667,541.5,95.65,23.689999999999998,5
2026-04-01 15:10:00+00:00,104.0,521.5,95.41499999999999,23.700000000000003,5
2026-04-01 15:15:00+00:00,104.66666666666667,555.0,95.44,23.685000000000002,5
2026-04-01 15:20:00+00:00,109.0,529.0,95.74,23.68,5
2026-04-01 15:25:00+00:00,107.33333333333333,542.5,95.955,23.675,5
2026-04-01 15:30:00+00:00,111.66666666666667,526.5,95.99,23.675,5
2026-04-01 15:35:00+00:00,111.33333333333333,527.5,96.08,23.67,5
2026-04-01 15:40:00+00:00,110.33333333333333,532.0,96.12,23.675,5
2026-04-01 15:45:00+00:00,107.66666666666667,521.0,96.02000000000001,23.675,5
2026-04-01 15:50:00+00:00,115.0,534.0,96.215,23.665,5
2026-04-01 15:55:00+00:00,112.66666666666667,533.5,96.31,23.665,5
2026-04-01 16:00:00+00:00,115.33333333333333,534.5,96.57,23.66,5
2026-04-01 16:05:00+00:00,112.33333333333333,556.0,96.82499999999999,23.665,5
2026-04-01 16:10:00+00:00,123.33333333333333,543.0,97.095,23.665,5
2026-04-01 16:15:00+00:00,121.0,542.5,97.195,23.665,5
2026-04-01 16:20:00+00:00,112.0,543.0,97.475,23.675,5
2026-04-01 16:25:00+00:00,120.33333333333333,563.5,97.63499999999999,23.685000000000002,5
2026-04-01 16:30:00+00:00,120.66666666666667,559.0,97.74000000000001,23.675,5
2026-04-01 16:35:00+00:00,122.66666666666667,544.5,97.635,23.685000000000002,5
2026-04-01 16:40:00+00:00,118.33333333333333,548.0,97.50999999999999,23.68,5
2026-04-01 16:45:00+00:00,108.66666666666667,549.5,97.555,23.685000000000002,5
2026-04-01 16:50:00+00:00,124.0,555.0,97.64,23.685000000000002,5
2026-04-01 16:55:00+00:00,115.33333333333333,544.5,97.485,23.68,5
2026-04-01 17:00:00+00:00,106.66666666666667,552.0,97.3,23.685000000000002,5
2026-04-01 17:05:00+00:00,105.0,539.0,97.27,23.685000000000002,5
2026-04-01 17:10:00+00:00,99.66666666666667,546.5,97.265,23.685000000000002,5
2026-04-01 17:15:00+00:00,97.33333333333333,549.0,97.07,23.675,5
2026-04-01 17:20:00+00:00,97.33333333333333,537.0,97.03,23.675,5
2026-04-01 17:25:00+00:00,97.33333333333333,533.5,96.985,23.655,5
2026-04-01 17:30:00+00:00,98.33333333333333,545.0,97.19,23.655,5
2026-04-01 17:35:00+00:00,103.66666666666667,572.0,97.425,23.645,5
2026-04-01 17:40:00+00:00,97.33333333333333,578.0,97.41,23.634999999999998,5
2026-04-01 17:45:00+00:00,105.0,552.0,97.43,23.62,5
2026-04-01 17:50:00+00:00,112.33333333333333,535.0,97.49,23.62,5
2026-04-01 17:55:00+00:00,108.0,563.5,97.35,23.6,5
2026-04-01 18:00:00+00:00,106.66666666666667,564.0,97.49000000000001,23.595,5
2026-04-01 18:05:00+00:00,111.66666666666667,547.0,97.655,23.58,5
2026-04-01 18:10:00+00:00,101.66666666666667,550.0,97.66,23.58,5
2026-04-01 18:15:00+00:00,101.0,539.5,97.75999999999999,23.564999999999998,5
2026-04-01 18:20:00+00:00,94.33333333333333,565.5,97.765,23.56,5
2026-04-01 18:25:00+00:00,85.0,541.0,97.875,23.564999999999998,5
2026-04-01 18:30:00+00:00,94.0,559.0,97.94,23.555,5
2026-04-01 18:35:00+00:00,98.66666666666667,557.0,98.035,23.545,5
2026-04-01 18:40:00+00:00,102.66666666666667,544.5,98.185,23.55,5
2026-04-01 18:45:00+00:00,97.0,546.5,98.19,23.55,5
2026-04-01 18:50:00+00:00,91.33333333333333,552.0,98.32,23.545,5
2026-04-01 18:55:00+00:00,92.0,572.5,98.13,23.54,5
2026-04-01 19:00:00+00:00,95.0,573.5,98.17,23.53,5
2026-04-01 19:05:00+00:00,92.33333333333333,595.5,98.19,23.525,5
2026-04-01 19:10:00+00:00,83.66666666666667,567.0,98.215,23.515,5
2026-04-01 19:15:00+00:00,83.66666666666667,581.5,98.205,23.509999999999998,5
2026-04-01 19:20:00+00:00,91.33333333333333,579.0,98.365,23.51,5
2026-04-01 19:25:00+00:00,85.66666666666667,551.0,98.445,23.5,5
2026-04-01 19:30:00+00:00,91.33333333333333,589.5,98.535,23.5,5
2026-04-01 19:35:00+00:00,96.66666666666667,587.0,98.595,23.494999999999997,5
2026-04-01 19:40:00+00:00,91.0,578.5,98.56,23.479999999999997,5
2026-04-01 19:45:00+00:00,102.66666666666667,575.5,98.285,23.494999999999997,5
2026-04-01 19:50:00+00:00,108.66666666666667,557.0,98.21000000000001,23.49,5
2026-04-01 19:55:00+00:00,100.0,549.5,98.28999999999999,23.49,5
2026-04-01 20:00:00+00:00,95.33333333333333,574.0,98.50999999999999,23.48,5
2026-04-01 20:05:00+00:00,91.66666666666667,576.0,98.585,23.475,5
2026-04-01 20:10:00+00:00,93.0,572.5,98.545,23.485,5
2026-04-01 20:15:00+00:00,93.0,570.0,98.63,23.485,5
2026-04-01 20:20:00+00:00,88.0,607.0,98.66499999999999,23.490000000000002,5
2026-04-01 20:25:00+00:00,88.66666666666667,596.0,98.83500000000001,23.48,5
2026-04-01 20:30:00+00:00,86.66666666666667,627.5,98.97,23.48,5
2026-04-01 20:35:00+00:00,91.0,601.5,98.87,23.485,5
2026-04-01 20:40:00+00:00,92.66666666666667,603.0,98.94,23.48,5
2026-04-01 20:45:00+00:00,106.33333333333333,576.5,99.015,23.48,5
2026-04-01 20:50:00+00:00,111.66666666666667,560.5,99.0,23.49,5
2026-04-01 20:55:00+00:00,111.5,551.5,98.88499999999999,23.49,5
2026-04-01 21:00:00+00:00,107.0,543.0,98.17,23.48,5
2026-04-01 21:05:00+00:00,106.33333333333333,549.5,98.405,23.475,5
2026-04-01 21:10:00+00:00,105.0,551.5,98.57499999999999,23.47,5
2026-04-01 21:15:00+00:00,100.0,553.0,98.72999999999999,23.46,5
2026-04-01 21:20:00+00:00,97.33333333333333,571.5,98.94999999999999,23.450000000000003,5
2026-04-01 21:25:00+00:00,98.33333333333333,583.0,99.055,23.465,5
2026-04-01 21:30:00+00:00,108.66666666666667,585.0,99.025,23.450000000000003,5
2026-04-01 21:35:00+00:00,105.0,548.5,99.13499999999999,23.450000000000003,5
2026-04-01 21:40:00+00:00,99.66666666666667,564.5,99.195,23.439999999999998,5
2026-04-01 21:45:00+00:00,105.0,540.5,99.225,23.445,5
2026-04-01 21:50:00+00:00,107.33333333333333,535.5,99.19999999999999,23.435000000000002,5
2026-04-01 21:55:00+00:00,97.66666666666667,595.0,99.18,23.425,5
2026-04-01 22:00:00+00:00,90.0,611.5,99.43,23.44,5
2026-04-01 22:05:00+00:00,101.5,580.0,99.235,23.435000000000002,5
2026-04-01 22:10:00+00:00,93.33333333333333,557.5,99.225,23.445,5
2026-04-01 22:15:00+00:00,87.33333333333333,574.0,99.17,23.445,5
2026-04-01 22:20:00+00:00,89.33333333333333,614.5,99.195,23.450000000000003,5
2026-04-01 22:25:00+00:00,85.33333333333333,594.5,99.14,23.445,5
2026-04-01 22:30:00+00:00,85.66666666666667,609.5,99.16499999999999,23.435000000000002,5
2026-04-01 22:35:00+00:00,88.33333333333333,582.5,99.22,23.43,5
2026-04-01 22:40:00+00:00,88.66666666666667,584.0,99.325,23.43,5
2026-04-01 22:45:00+00:00,75.0,586.0,99.195,23.42,5
2026-04-01 22:50:00+00:00,86.66666666666667,612.5,99.35,23.43,5
2026-04-01 22:55:00+00:00,97.0,622.5,99.185,23.42,5
2026-04-01 23:00:00+00:00,89.33333333333333,619.5,99.33,23.425,5
2026-04-01 23:05:00+00:00,86.0,633.5,99.345,23.42,5
2026-04-01 23:10:00+00:00,89.66666666666667,613.5,99.42,23.43,5
2026-04-01 23:15:00+00:00,106.0,580.5,99.58,23.425,5
2026-04-01 23:20:00+00:00,104.33333333333333,598.5,99.565,23.425,5
2026-04-01 23:25:00+00:00,99.66666666666667,618.5,99.68,23.44,5
2026-04-01 23:30:00+00:00,92.0,617.0,99.72999999999999,23.435000000000002,5
2026-04-01 23:35:00+00:00,97.33333333333333,594.5,99.44999999999999,23.455,5
2026-04-01 23:40:00+00:00,107.0,592.0,99.105,23.450000000000003,5
2026-04-01 23:45:00+00:00,85.66666666666667,600.5,99.32499999999999,23.46,5
2026-04-01 23:50:00+00:00,93.66666666666667,590.5,99.515,23.47,5
2026-04-01 23:55:00+00:00,104.33333333333333,583.0,99.47,23.485,5
2026-04-02 00:00:00+00:00,109.66666666666667,558.5,99.025,23.490000000000002,5
2026-04-02 00:05:00+00:00,111.33333333333333,558.0,98.945,23.495,5
2026-04-02 00:10:00+00:00,108.66666666666667,567.0,98.88499999999999,23.505,5
2026-04-02 00:15:00+00:00,108.66666666666667,573.0,99.215,23.515,5
2026-04-02 00:20:00+00:00,95.33333333333333,548.0,98.195,23.54,5
2026-04-02 00:25:00+00:00,90.33333333333333,564.5,97.775,23.535,5
2026-04-02 00:30:00+00:00,96.0,547.5,97.85,23.564999999999998,5
2026-04-02 00:35:00+00:00,91.33333333333333,534.0,97.485,23.575000000000003,5
2026-04-02 00:40:00+00:00,97.0,533.5,97.375,23.595,5
2026-04-02 00:45:00+00:00,99.33333333333333,564.5,97.41499999999999,23.630000000000003,5
2026-04-02 00:50:00+00:00,97.0,559.5,97.41,23.66,5
2026-04-02 00:55:00+00:00,91.66666666666667,529.5,96.88499999999999,23.689999999999998,5
2026-04-02 01:00:00+00:00,92.33333333333333,567.0,96.8,23.725,5
2026-04-02 01:05:00+00:00,99.66666666666667,527.0,96.83,23.765,5
2026-04-02 01:10:00+00:00,102.66666666666667,542.5,96.935,23.799999999999997,5
2026-04-02 01:15:00+00:00,84.33333333333333,526.5,96.455,23.845,5
2026-04-02 01:20:00+00:00,97.66666666666667,528.0,96.54499999999999,23.884999999999998,5
2026-04-02 01:25:00+00:00,94.33333333333333,533.5,96.285,23.939999999999998,5
2026-04-02 01:30:00+00:00,97.66666666666667,527.0,96.495,23.985,5
2026-04-02 01:35:00+00:00,106.0,524.0,96.36500000000001,24.025,5
2026-04-02 01:40:00+00:00,108.0,531.0,96.38499999999999,24.08,5
2026-04-02 01:45:00+00:00,105.66666666666667,547.5,96.055,24.130000000000003,5
2026-04-02 01:50:00+00:00,111.33333333333333,540.0,95.74000000000001,24.174999999999997,5
2026-04-02 01:55:00+00:00,105.0,524.0,95.41,24.235,5
2026-04-02 02:00:00+00:00,110.33333333333333,528.0,95.58,24.285,5
2026-04-02 02:05:00+00:00,113.33333333333333,544.0,95.605,24.34,5
2026-04-02 02:10:00+00:00,116.66666666666667,536.5,95.41,24.415,5
2026-04-02 02:15:00+00:00,111.0,543.5,95.155,24.47,5
2026-04-02 02:20:00+00:00,109.0,546.5,94.93,24.545,5
2026-04-02 02:25:00+00:00,107.66666666666667,536.0,94.47,24.625,5
2026-04-02 02:30:00+00:00,96.0,524.5,94.09,24.705,5
2026-04-02 02:35:00+00:00,117.0,523.5,94.005,24.810000000000002,5
2026-04-02 02:40:00+00:00,101.5,532.5,93.19999999999999,24.91,5
2026-04-02 02:45:00+00:00,102.33333333333333,533.0,92.97999999999999,25.055,5
2026-04-02 02:50:00+00:00,113.33333333333333,531.5,92.275,25.215,5
2026-04-02 02:55:00+00:00,115.0,520.5,91.44,25.384999999999998,5
2026-04-02 03:00:00+00:00,129.0,513.0,91.575,25.57,5
2026-04-02 03:05:00+00:00,127.0,525.0,90.95,25.775,5
2026-04-02 03:10:00+00:00,124.0,516.5,90.495,25.975,5
2026-04-02 03:15:00+00:00,121.66666666666667,508.5,89.47999999999999,26.175,5
2026-04-02 03:20:00+00:00,121.33333333333333,527.5,88.485,26.35,5
2026-04-02 03:25:00+00:00,131.33333333333334,526.5,88.18,26.54,5
2026-04-02 03:30:00+00:00,131.33333333333334,514.0,87.54499999999999,26.72,5
2026-04-02 03:35:00+00:00,123.0,500.5,85.785,26.91,5
2026-04-02 03:40:00+00:00,137.33333333333334,512.0,85.61500000000001,27.085,5
2026-04-02 03:45:00+00:00,137.66666666666666,501.0,84.89,27.25,5
2026-04-02 03:50:00+00:00,141.33333333333334,511.0,84.52333333333333,27.36,5
2026-04-02 03:55:00+00:00,148.0,516.0,84.15666666666667,27.439999999999998,5
2026-04-02 04:00:00+00:00,150.66666666666666,510.5,83.78999999999999,27.5,5
2026-04-02 04:05:00+00:00,161.66666666666666,521.5,84.13499999999999,27.525,5
2026-04-02 04:10:00+00:00,168.66666666666666,523.5,84.16,27.54,5
2026-04-02 04:15:00+00:00,156.66666666666666,503.0,83.75,27.564999999999998,5
2026-04-02 04:20:00+00:00,158.0,509.5,83.78,27.575000000000003,5
2026-04-02 04:25:00+00:00,155.33333333333334,506.0,83.95,27.58,5
2026-04-02 04:30:00+00:00,163.0,511.0,83.965,27.585,5
2026-04-02 04:35:00+00:00,164.33333333333334,524.5,84.275,27.585,5
2026-04-02 04:40:00+00:00,164.33333333333334,509.0,84.185,27.58,5
2026-04-02 04:45:00+00:00,163.33333333333334,471.5,84.08,27.585,5
2026-04-02 04:50:00+00:00,154.33333333333334,490.0,83.93,27.605,5
2026-04-02 04:55:00+00:00,160.33333333333334,499.0,83.69,27.63,5
2026-04-02 05:00:00+00:00,149.66666666666666,470.5,83.4,27.66,5
2026-04-02 05:05:00+00:00,161.0,483.5,83.625,27.685000000000002,5
2026-04-02 05:10:00+00:00,168.33333333333334,486.5,83.795,27.735,5
2026-04-02 05:15:00+00:00,169.0,504.5,83.615,27.805,5
2026-04-02 05:20:00+00:00,180.0,469.5,83.58,27.905,5
2026-04-02 05:25:00+00:00,183.66666666666666,494.5,83.465,28.04,5
2026-04-02 05:30:00+00:00,188.33333333333334,481.5,83.27,28.195,5
2026-04-02 05:35:00+00:00,182.66666666666666,477.0,82.565,28.38,5
2026-04-02 05:40:00+00:00,180.66666666666666,483.0,81.6,28.555,5
2026-04-02 05:45:00+00:00,178.0,477.0,81.05,28.73,5
2026-04-02 05:50:00+00:00,184.66666666666666,454.0,80.22999999999999,28.9,5
2026-04-02 05:55:00+00:00,184.0,479.0,79.825,29.075,5
2026-04-02 06:00:00+00:00,200.33333333333334,458.0,79.68,29.25,5
2026-04-02 06:05:00+00:00,204.33333333333334,481.5,79.135,29.41,5
2026-04-02 06:10:00+00:00,200.33333333333334,463.5,78.875,29.555,5
2026-04-02 06:15:00+00:00,208.33333333333334,477.5,78.605,29.65,5
2026-04-02 06:20:00+00:00,212.33333333333334,463.0,78.75,29.74,5
2026-04-02 06:25:00+00:00,211.33333333333334,490.0,78.25,29.82,5
2026-04-02 06:30:00+00:00,218.66666666666666,478.0,78.1,29.855,5
2026-04-02 06:35:00+00:00,219.5,489.5,78.16,29.895,5
2026-04-02 06:40:00+00:00,207.0,463.5,77.695,29.905,5
2026-04-02 06:45:00+00:00,212.33333333333334,482.0,77.645,29.945,5
2026-04-02 06:50:00+00:00,224.33333333333334,496.5,77.61500000000001,29.994999999999997,5
2026-04-02 06:55:00+00:00,221.0,480.5,77.41499999999999,30.035,5
2026-04-02 07:00:00+00:00,214.0,447.0,76.905,30.060000000000002,5
2026-04-02 07:05:00+00:00,218.0,474.0,76.965,30.1,5
2026-04-02 07:10:00+00:00,214.66666666666666,480.5,76.82499999999999,30.16,5
2026-04-02 07:15:00+00:00,217.33333333333334,460.5,76.97,30.21,5
2026-04-02 07:20:00+00:00,215.0,461.0,76.535,30.28,5
2026-04-02 07:25:00+00:00,221.0,465.5,76.545,30.34,5
2026-04-02 07:30:00+00:00,220.0,461.0,76.52,30.37,5
2026-04-02 07:35:00+00:00,213.33333333333334,459.0,76.225,30.378,5
2026-04-02 07:40:00+00:00,230.0,491.5,76.58500000000001,30.386,5
2026-04-02 07:45:00+00:00,222.0,460.5,76.525,30.394000000000002,5
2026-04-02 07:50:00+00:00,218.0,489.0,76.555,30.402,5
2026-04-02 07:55:00+00:00,212.33333333333334,497.5,76.34,30.41,5
2026-04-02 08:00:00+00:00,201.33333333333334,486.0,76.1525,30.418,5
2026-04-02 08:05:00+00:00,200.33333333333334,500.0,75.965,30.426,5
2026-04-02 08:10:00+00:00,205.33333333333334,504.5,75.97,30.434,5
2026-04-02 08:15:00+00:00,199.66666666666666,489.0,75.96000000000001,30.442,5
2026-04-02 08:20:00+00:00,196.33333333333334,471.0,75.94,30.45,5
2026-04-02 08:25:00+00:00,199.0,505.0,76.34,30.380000000000003,5
2026-04-02 08:30:00+00:00,202.0,492.0,76.9,30.314999999999998,4
2026-04-02 08:35:00+00:00,198.0,495.0,76.49000000000001,30.245,5
2026-04-02 08:40:00+00:00,189.66666666666666,508.5,76.41499999999999,30.17,5
2026-04-02 08:45:00+00:00,181.66666666666666,477.5,76.64500000000001,30.085,5
2026-04-02 08:50:00+00:00,180.0,497.0,76.845,30.005,5
2026-04-02 08:55:00+00:00,178.66666666666666,474.5,76.82,29.915,5
2026-04-02 09:00:00+00:00,177.33333333333334,488.5,76.93,29.835,5
2026-04-02 09:05:00+00:00,178.33333333333334,482.5,77.055,29.735,5
2026-04-02 09:10:00+00:00,173.33333333333334,486.5,76.775,29.630000000000003,5
2026-04-02 09:15:00+00:00,169.33333333333334,472.5,76.61500000000001,29.54,5
2026-04-02 09:20:00+00:00,163.66666666666666,477.5,76.75999999999999,29.42,5
2026-04-02 09:25:00+00:00,158.33333333333334,456.5,76.79499999999999,29.305,5
2026-04-02 09:30:00+00:00,156.66666666666666,485.5,76.67,29.17,5
2026-04-02 09:35:00+00:00,153.33333333333334,475.0,76.91499999999999,29.03,5
2026-04-02 09:40:00+00:00,153.33333333333334,488.0,77.15,28.915,5
2026-04-02 09:45:00+00:00,145.33333333333334,483.0,77.33,28.79,5
2026-04-02 09:50:00+00:00,143.0,468.0,77.50999999999999,28.65,5
2026-04-02 09:55:00+00:00,145.66666666666666,483.0,77.82,28.515,5
2026-04-02 10:00:00+00:00,142.0,476.0,78.31,28.39,5
2026-04-02 10:05:00+00:00,142.0,479.5,78.405,28.275,5
2026-04-02 10:10:00+00:00,136.66666666666666,493.5,78.63499999999999,28.155,5
2026-04-02 10:15:00+00:00,135.66666666666666,487.0,79.025,28.025,5
2026-04-02 10:20:00+00:00,135.66666666666666,475.5,79.16,27.905,5
2026-04-02 10:25:00+00:00,126.66666666666667,485.0,79.44,27.775,5
2026-04-02 10:30:00+00:00,121.0,471.0,79.775,27.634999999999998,5
2026-04-02 10:35:00+00:00,116.0,495.0,79.835,27.494999999999997,5
2026-04-02 10:40:00+00:00,114.33333333333333,487.0,80.07,27.35,5
2026-04-02 10:45:00+00:00,111.0,467.5,80.37,27.200000000000003,5
2026-04-02 10:50:00+00:00,107.33333333333333,486.0,80.83,27.075,5
2026-04-02 10:55:00+00:00,107.66666666666667,482.5,81.16499999999999,26.93,5
2026-04-02 11:00:00+00:00,104.0,468.5,81.53,26.79,5
2026-04-02 11:05:00+00:00,102.0,500.5,81.93,26.655,5
2026-04-02 11:10:00+00:00,101.33333333333333,485.5,82.42,26.54,5
2026-04-02 11:15:00+00:00,95.66666666666667,494.0,82.925,26.415,5
2026-04-02 11:20:00+00:00,93.33333333333333,485.5,83.325,26.3,5
2026-04-02 11:25:00+00:00,91.66666666666667,492.5,83.785,26.189999999999998,5
2026-04-02 11:30:00+00:00,90.0,501.0,84.22,26.075000000000003,5
2026-04-02 11:35:00+00:00,84.66666666666667,505.0,84.695,25.985,5
2026-04-02 11:40:00+00:00,86.33333333333333,479.5,85.205,25.92,5
2026-04-02 11:45:00+00:00,83.0,470.0,85.535,25.825000000000003,5
2026-04-02 11:50:00+00:00,85.33333333333333,498.0,85.895,25.77,5
2026-04-02 11:55:00+00:00,86.66666666666667,513.0,86.275,25.705,5
2026-04-02 12:00:00+00:00,84.66666666666667,502.5,86.715,25.66,5
2026-04-02 12:05:00+00:00,85.33333333333333,505.0,87.02,25.605,5
2026-04-02 12:10:00+00:00,85.33333333333333,489.5,87.16499999999999,25.565,5
2026-04-02 12:15:00+00:00,84.33333333333333,500.5,87.36,25.53,5
2026-04-02 12:20:00+00:00,81.66666666666667,520.0,87.50999999999999,25.48,5
2026-04-02 12:25:00+00:00,82.0,498.5,87.725,25.455,5
2026-04-02 12:30:00+00:00,81.33333333333333,500.0,87.965,25.424999999999997,5
2026-04-02 12:35:00+00:00,81.33333333333333,505.0,88.305,25.39,5
2026-04-02 12:40:00+00:00,80.66666666666667,498.0,88.525,25.37,5
2026-04-02 12:45:00+00:00,79.33333333333333,513.5,88.82,25.34,5
2026-04-02 12:50:00+00:00,77.0,514.5,89.11,25.32,5
2026-04-02 12:55:00+00:00,82.66666666666667,501.5,89.265,25.3,5
2026-04-02 13:00:00+00:00,83.33333333333333,519.0,89.345,25.29,5
2026-04-02 13:05:00+00:00,85.0,511.0,89.45,25.275,5
2026-04-02 13:10:00+00:00,84.0,525.0,89.535,25.259999999999998,5
2026-04-02 13:15:00+00:00,86.0,505.0,89.61500000000001,25.25,5
2026-04-02 13:20:00+00:00,87.0,514.5,89.69,25.240000000000002,5
2026-04-02 13:25:00+00:00,83.33333333333333,508.5,89.785,25.22,5
2026-04-02 13:30:00+00:00,81.0,498.5,89.74000000000001,25.22,5
2026-04-02 13:35:00+00:00,87.33333333333333,509.5,89.935,25.205,5
2026-04-02 13:40:00+00:00,85.33333333333333,516.5,90.14500000000001,25.185000000000002,5
2026-04-02 13:45:00+00:00,84.0,521.0,90.31,25.18,5
2026-04-02 13:50:00+00:00,84.0,495.5,90.435,25.17,5
2026-04-02 13:55:00+00:00,86.33333333333333,518.5,90.66999999999999,25.155,5
2026-04-02 14:00:00+00:00,85.0,533.0,90.61500000000001,25.145000000000003,5
2026-04-02 14:05:00+00:00,80.0,514.5,90.66,25.134999999999998,5
2026-04-02 14:10:00+00:00,78.66666666666667,500.5,90.815,25.125,5
2026-04-02 14:15:00+00:00,73.66666666666667,539.5,90.84,25.104999999999997,5
2026-04-02 14:20:00+00:00,76.33333333333333,506.0,91.185,25.1,5
2026-04-02 14:25:00+00:00,78.33333333333333,516.5,91.33000000000001,25.09,5
2026-04-02 14:30:00+00:00,78.0,529.5,91.595,25.085,5
2026-04-02 14:35:00+00:00,81.66666666666667,522.5,91.65,25.08,5
2026-04-02 14:40:00+00:00,83.33333333333333,522.0,91.71000000000001,25.085,5
2026-04-02 14:45:00+00:00,79.66666666666667,531.5,91.83500000000001,25.065,5
2026-04-02 14:50:00+00:00,81.66666666666667,540.5,91.92500000000001,25.060000000000002,5
2026-04-02 14:55:00+00:00,79.0,531.0,91.925,25.065,5
2026-04-02 15:00:00+00:00,78.66666666666667,518.0,91.965,25.055,5
2026-04-02 15:05:00+00:00,78.33333333333333,551.0,92.17,25.05,5
2026-04-02 15:10:00+00:00,81.33333333333333,542.0,92.14,25.045,5
2026-04-02 15:15:00+00:00,79.66666666666667,529.0,92.10499999999999,25.04,5
2026-04-02 15:20:00+00:00,73.33333333333333,538.0,92.16,25.04,5
2026-04-02 15:25:00+00:00,75.33333333333333,533.5,92.44999999999999,25.03,5
2026-04-02 15:30:00+00:00,76.0,554.0,92.53,25.025,5
2026-04-02 15:35:00+00:00,79.0,551.0,92.56,25.02,5
2026-04-02 15:40:00+00:00,79.33333333333333,540.0,92.945,25.015,5
2026-04-02 15:45:00+00:00,80.33333333333333,541.0,92.83500000000001,25.015,5
2026-04-02 15:50:00+00:00,79.0,565.0,93.005,25.005,5
2026-04-02 15:55:00+00:00,71.66666666666667,551.5,92.98500000000001,25.005000000000003,5
2026-04-02 16:00:00+00:00,70.0,561.5,93.21,25.0,5
2026-04-02 16:05:00+00:00,69.0,568.5,93.38,24.995,5
2026-04-02 16:10:00+00:00,55.0,554.0,93.39,24.990000000000002,5
2026-04-02 16:15:00+00:00,56.666666666666664,556.0,93.445,24.98,5
2026-04-02 16:20:00+00:00,55.666666666666664,573.0,93.465,24.985,5
2026-04-02 16:25:00+00:00,60.333333333333336,555.0,93.475,24.97,5
2026-04-02 16:30:00+00:00,58.0,549.5,93.655,24.965,5
2026-04-02 16:35:00+00:00,55.333333333333336,562.5,93.655,24.965,5
2026-04-02 16:40:00+00:00,56.333333333333336,562.0,93.83500000000001,24.955,5
2026-04-02 16:45:00+00:00,56.0,576.5,93.96000000000001,24.950000000000003,5
2026-04-02 16:50:00+00:00,54.666666666666664,571.0,94.06,24.93,5
2026-04-02 16:55:00+00:00,54.0,586.0,94.22,24.92,5
2026-04-02 17:00:00+00:00,54.666666666666664,565.0,94.21000000000001,24.924999999999997,5
2026-04-02 17:05:00+00:00,62.666666666666664,573.0,94.39,24.92,5
2026-04-02 17:10:00+00:00,52.666666666666664,566.5,94.435,24.905,5
2026-04-02 17:15:00+00:00,51.333333333333336,573.0,94.445,24.905,5
2026-04-02 17:20:00+00:00,46.666666666666664,569.5,94.57,24.880000000000003,5
2026-04-02 17:25:00+00:00,48.333333333333336,577.5,94.44999999999999,24.89,5
2026-04-02 17:30:00+00:00,44.0,559.0,94.485,24.875,5
2026-04-02 17:35:00+00:00,44.0,566.5,94.58,24.875,5
2026-04-02 17:40:00+00:00,51.0,565.5,94.705,24.875,5
2026-04-02 17:45:00+00:00,48.333333333333336,584.5,94.60499999999999,24.86,5
2026-04-02 17:50:00+00:00,46.333333333333336,566.5,94.66499999999999,24.869999999999997,5
2026-04-02 17:55:00+00:00,46.0,583.0,94.83000000000001,24.865000000000002,5
2026-04-02 18:00:00+00:00,44.666666666666664,559.5,94.78999999999999,24.855,5
2026-04-02 18:05:00+00:00,42.0,578.5,94.825,24.845,5
2026-04-02 18:10:00+00:00,46.0,609.0,94.965,24.85,5
2026-04-02 18:15:00+00:00,45.333333333333336,581.5,95.055,24.845,5
2026-04-02 18:20:00+00:00,43.666666666666664,608.0,95.145,24.845,5
2026-04-02 18:25:00+00:00,44.33333333333333,602.5,95.08500000000001,24.845,0
2026-04-02 18:30:00+00:00,45.0,597.0,95.025,24.845,5
2026-04-02 18:35:00+00:00,45.333333333333336,612.5,95.285,24.84,5
2026-04-02 18:40:00+00:00,48.0,603.0,95.025,24.84,5
2026-04-02 18:45:00+00:00,44.666666666666664,599.5,95.285,24.835,5
2026-04-02 18:50:00+00:00,45.0,609.5,95.22,24.835,5
2026-04-02 18:55:00+00:00,47.666666666666664,595.5,95.47999999999999,24.82,5
2026-04-02 19:00:00+00:00,43.666666666666664,596.0,95.42,24.810000000000002,5
2026-04-02 19:05:00+00:00,38.666666666666664,592.0,95.21000000000001,24.825000000000003,5
2026-04-02 19:10:00+00:00,39.0,601.0,95.25999999999999,24.810000000000002,5
2026-04-02 19:15:00+00:00,39.0,605.0,95.405,24.815,5
2026-04-02 19:20:00+00:00,40.666666666666664,603.0,95.225,24.805,5
2026-04-02 19:25:00+00:00,39.666666666666664,601.5,95.32499999999999,24.79,5
2026-04-02 19:30:00+00:00,39.666666666666664,632.5,95.32,24.79,5
2026-04-02 19:35:00+00:00,38.0,604.0,95.255,24.77,5
2026-04-02 19:40:00+00:00,35.666666666666664,594.5,95.35,24.77,5
2026-04-02 19:45:00+00:00,39.333333333333336,587.0,95.35,24.77,5
2026-04-02 19:50:00+00:00,42.333333333333336,613.5,95.41999999999999,24.765,5
2026-04-02 19:55:00+00:00,39.333333333333336,596.0,95.375,24.744999999999997,5
2026-04-02 20:00:00+00:00,38.0,593.0,95.5,24.755000000000003,5
2026-04-02 20:05:00+00:00,37.666666666666664,587.0,95.395,24.740000000000002,5
2026-04-02 20:10:00+00:00,35.666666666666664,602.5,95.49,24.73,5
2026-04-02 20:15:00+00:00,37.333333333333336,603.0,95.61500000000001,24.72,5
2026-04-02 20:20:00+00:00,41.333333333333336,580.5,95.555,24.72,5
2026-04-02 20:25:00+00:00,36.0,611.5,95.63499999999999,24.72,5
2026-04-02 20:30:00+00:00,39.333333333333336,597.5,95.665,24.705,5
2026-04-02 20:35:00+00:00,38.0,587.0,95.775,24.715,5
2026-04-02 20:40:00+00:00,38.0,590.0,95.83500000000001,24.705,5
2026-04-02 20:45:00+00:00,37.0,603.5,95.905,24.715,5
2026-04-02 20:50:00+00:00,39.333333333333336,592.0,95.99,24.71,5
2026-04-02 20:55:00+00:00,40.666666666666664,593.5,96.035,24.705,5
2026-04-02 21:00:00+00:00,45.666666666666664,586.0,96.05,24.700000000000003,5
2026-04-02 21:05:00+00:00,45.666666666666664,574.5,96.035,24.689999999999998,5
2026-04-02 21:10:00+00:00,44.333333333333336,590.5,96.02,24.695,5
2026-04-02 21:15:00+00:00,43.333333333333336,593.0,96.12,24.689999999999998,5
2026-04-02 21:20:00+00:00,46.0,575.0,96.395,24.689999999999998,4
2026-04-02 21:25:00+00:00,48.0,576.5,96.235,24.685000000000002,5
2026-04-02 21:30:00+00:00,46.666666666666664,594.0,96.36500000000001,24.689999999999998,5
2026-04-02 21:35:00+00:00,40.333333333333336,569.5,96.22,24.700000000000003,5
2026-04-02 21:40:00+00:00,40.333333333333336,586.5,96.355,24.68,5
2026-04-02 21:45:00+00:00,37.0,585.5,96.19,24.685000000000002,5
2026-04-02 21:50:00+00:00,39.666666666666664,600.0,96.35499999999999,24.68,5
2026-04-02 21:55:00+00:00,36.333333333333336,592.5,96.32499999999999,24.675,5
2026-04-02 22:00:00+00:00,34.666666666666664,596.0,96.29499999999999,24.674999999999997,5
2026-04-02 22:05:00+00:00,35.0,580.5,96.35,24.68,5
2026-04-02 22:10:00+00:00,34.333333333333336,627.0,96.32,24.67,5
2026-04-02 22:15:00+00:00,36.666666666666664,588.0,96.38,24.665,5
2026-04-02 22:20:00+00:00,39.333333333333336,598.0,96.485,24.655,5
2026-04-02 22:25:00+00:00,40.333333333333336,626.5,96.6,24.655,5
2026-04-02 22:30:00+00:00,40.0,605.0,96.555,24.655,5
2026-04-02 22:35:00+00:00,43.0,595.0,96.43,24.655,5
2026-04-02 22:40:00+00:00,40.0,599.0,96.57,24.645,5
2026-04-02 22:45:00+00:00,36.333333333333336,590.5,96.525,24.65,5
2026-04-02 22:50:00+00:00,36.333333333333336,616.0,96.485,24.64,5
2026-04-02 22:55:00+00:00,37.333333333333336,637.5,96.61500000000001,24.645000000000003,5
2026-04-02 23:00:00+00:00,43.0,610.0,96.69,24.635,5
2026-04-02 23:05:00+00:00,45.666666666666664,610.5,96.66,24.630000000000003,5
2026-04-02 23:10:00+00:00,43.0,610.5,96.775,24.634999999999998,5
2026-04-02 23:15:00+00:00,41.333333333333336,604.5,96.745,24.630000000000003,5
2026-04-02 23:20:00+00:00,35.666666666666664,599.5,96.78,24.625,5
2026-04-02 23:25:00+00:00,38.666666666666664,599.5,96.72,24.635,5
2026-04-02 23:30:00+00:00,39.333333333333336,582.0,96.715,24.634999999999998,5
2026-04-02 23:35:00+00:00,39.333333333333336,594.5,96.75,24.64,5
2026-04-02 23:40:00+00:00,41.0,580.0,96.785,24.645000000000003,5
2026-04-02 23:45:00+00:00,43.333333333333336,584.0,96.765,24.66,5
2026-04-02 23:50:00+00:00,47.333333333333336,562.5,96.25,24.67,5
2026-04-02 23:55:00+00:00,45.0,523.0,95.955,24.66,5
2026-04-03 00:00:00+00:00,33.666666666666664,529.0,95.945,24.64,5
2026-04-03 00:05:00+00:00,34.666666666666664,504.0,95.825,24.61,5
2026-04-03 00:10:00+00:00,30.333333333333332,529.0,95.74,24.59,5
2026-04-03 00:15:00+00:00,36.0,514.0,95.87,24.560000000000002,5
2026-04-03 00:20:00+00:00,38.666666666666664,501.0,95.875,24.549999999999997,5
2026-04-03 00:25:00+00:00,39.0,493.0,95.81,24.56,5
2026-04-03 00:30:00+00:00,40.666666666666664,494.5,95.595,24.57,5
2026-04-03 00:35:00+00:00,47.333333333333336,503.5,95.64,24.58,5
2026-04-03 00:40:00+00:00,37.666666666666664,502.0,95.43,24.59,5
2026-04-03 00:45:00+00:00,35.666666666666664,495.0,95.31,24.62,5
2026-04-03 00:50:00+00:00,36.0,496.0,95.13250000000001,24.619999999999997,5
2026-04-03 00:55:00+00:00,34.666666666666664,491.0,94.95500000000001,24.665,5
2026-04-03 01:00:00+00:00,39.0,490.0,95.025,24.735,5
2026-04-03 01:05:00+00:00,45.666666666666664,505.0,94.42,24.825000000000003,5
2026-04-03 01:10:00+00:00,43.0,490.5,94.0,24.884999999999998,5
2026-04-03 01:15:00+00:00,44.666666666666664,522.0,93.71,24.97,5
2026-04-03 01:20:00+00:00,43.0,497.0,93.66,25.05,5
2026-04-03 01:25:00+00:00,46.333333333333336,509.5,94.31,25.134999999999998,5
2026-04-03 01:30:00+00:00,49.333333333333336,524.0,95.21000000000001,25.23,5
2026-04-03 01:35:00+00:00,52.333333333333336,522.0,96.305,25.314999999999998,5
2026-04-03 01:40:00+00:00,54.666666666666664,507.0,97.57499999999999,25.43,5
2026-04-03 01:45:00+00:00,57.333333333333336,542.5,98.465,25.505,5
2026-04-03 01:50:00+00:00,57.0,547.0,98.49000000000001,25.565,5
2026-04-03 01:55:00+00:00,101.66666666666667,532.0,98.82,25.66,5
2026-04-03 02:00:00+00:00,99.66666666666667,535.5,98.865,25.62,5
2026-04-03 02:05:00+00:00,99.0,545.5,99.3,25.545,5
2026-04-03 02:10:00+00:00,104.0,527.0,99.68,25.59,5
2026-04-03 02:15:00+00:00,109.66666666666667,546.0,100.0,25.6,5
2026-04-03 02:20:00+00:00,102.66666666666667,520.0,99.86,25.66,5
2026-04-03 02:25:00+00:00,97.0,504.5,99.815,25.73,5
2026-04-03 02:30:00+00:00,103.33333333333333,528.0,100.0,25.85,5
2026-04-03 02:35:00+00:00,104.0,499.5,100.0,25.880000000000003,5
2026-04-03 02:40:00+00:00,111.66666666666667,513.5,99.57,26.035,5
2026-04-03 02:45:00+00:00,110.66666666666667,523.0,99.80000000000001,26.205,5
2026-04-03 02:50:00+00:00,116.0,519.0,98.025,26.395,5
2026-04-03 02:55:00+00:00,123.0,539.5,99.43,26.605,5
2026-04-03 03:00:00+00:00,122.0,539.0,98.59,26.8,5
2026-04-03 03:05:00+00:00,118.0,526.5,98.06,27.005000000000003,5
2026-04-03 03:10:00+00:00,118.33333333333333,520.5,97.00999999999999,27.189999999999998,5
2026-04-03 03:15:00+00:00,124.0,522.0,96.115,27.38,5
2026-04-03 03:20:00+00:00,126.66666666666667,541.0,96.07,27.560000000000002,5
2026-04-03 03:25:00+00:00,144.66666666666666,518.0,94.695,27.73,5
2026-04-03 03:30:00+00:00,143.33333333333334,484.5,92.465,27.86,5
2026-04-03 03:35:00+00:00,144.33333333333334,517.5,92.695,28.015,5
2026-04-03 03:40:00+00:00,146.0,501.5,90.65,28.174999999999997,5
2026-04-03 03:45:00+00:00,143.66666666666666,494.0,91.6,28.335,5
2026-04-03 03:50:00+00:00,146.66666666666666,503.5,91.36,28.505,5
2026-04-03 03:55:00+00:00,147.66666666666666,520.0,91.175,28.655,5
2026-04-03 04:00:00+00:00,151.66666666666666,513.5,90.855,28.8,5
2026-04-03 04:05:00+00:00,161.0,505.0,91.68,28.95,5
2026-04-03 04:10:00+00:00,158.0,500.5,89.96000000000001,29.085,5
2026-04-03 04:15:00+00:00,162.0,495.0,87.66,29.229999999999997,5
2026-04-03 04:20:00+00:00,166.0,501.0,86.285,29.365000000000002,5
2026-04-03 04:25:00+00:00,168.66666666666666,506.0,85.41499999999999,29.535,5
2026-04-03 04:30:00+00:00,172.66666666666666,482.0,85.93,29.715,5
2026-04-03 04:35:00+00:00,178.66666666666666,501.0,85.71000000000001,29.884999999999998,5
2026-04-03 04:40:00+00:00,181.66666666666666,512.0,85.73,30.07,5
2026-04-03 04:45:00+00:00,183.33333333333334,496.0,85.235,30.229999999999997,5
2026-04-03 04:50:00+00:00,187.0,528.0,84.815,30.375,5
2026-04-03 04:55:00+00:00,192.66666666666666,518.5,84.715,30.505000000000003,5
2026-04-03 05:00:00+00:00,196.33333333333334,518.0,83.685,30.615000000000002,5
2026-04-03 05:05:00+00:00,203.0,515.0,84.095,30.72,5
2026-04-03 05:10:00+00:00,200.33333333333334,493.0,82.805,30.805,5
2026-04-03 05:15:00+00:00,200.33333333333334,499.0,81.875,30.895,5
2026-04-03 05:20:00+00:00,195.0,504.0,80.07,30.994999999999997,5
2026-04-03 05:25:00+00:00,210.0,506.0,81.21,31.1,5
2026-04-03 05:30:00+00:00,205.33333333333334,504.0,80.465,31.205,5
2026-04-03 05:35:00+00:00,209.66666666666666,500.5,80.03999999999999,31.310000000000002,5
2026-04-03 05:40:00+00:00,213.33333333333334,482.0,80.58500000000001,31.405,5
2026-04-03 05:45:00+00:00,214.66666666666666,487.0,80.2,31.515,5
2026-04-03 05:50:00+00:00,208.33333333333334,489.5,79.1,31.615000000000002,5
2026-04-03 05:55:00+00:00,219.66666666666666,503.5,79.625,31.715,5
2026-04-03 06:00:00+00:00,220.33333333333334,516.5,79.965,31.810000000000002,5
2026-04-03 06:05:00+00:00,225.66666666666666,494.5,79.64500000000001,31.9,5
2026-04-03 06:10:00+00:00,222.0,510.5,79.435,31.975,5
2026-04-03 06:15:00+00:00,219.33333333333334,505.0,77.94999999999999,32.045,5
2026-04-03 06:20:00+00:00,215.66666666666666,480.5,76.63,32.095,5
2026-04-03 06:25:00+00:00,218.33333333333334,468.5,77.4,32.155,5
2026-04-03 06:30:00+00:00,222.33333333333334,477.0,77.195,32.195,5
2026-04-03 06:35:00+00:00,219.0,461.5,76.53999999999999,32.245000000000005,5
2026-04-03 06:40:00+00:00,219.0,466.5,75.905,32.285,5
2026-04-03 06:45:00+00:00,219.0,477.5,75.76,32.345,5
2026-04-03 06:50:00+00:00,217.0,487.0,75.565,32.39,5
2026-04-03 06:55:00+00:00,223.66666666666666,495.5,75.91499999999999,32.43,5
2026-04-03 07:00:00+00:00,229.66666666666666,491.0,75.505,32.485,5
2026-04-03 07:05:00+00:00,228.66666666666666,497.0,75.445,32.525000000000006,5
2026-04-03 07:10:00+00:00,234.33333333333334,474.5,75.79499999999999,32.575,5
2026-04-03 07:15:00+00:00,226.33333333333334,486.5,75.465,32.63,5
2026-04-03 07:20:00+00:00,228.66666666666666,481.5,75.035,32.655,5
2026-04-03 07:25:00+00:00,237.33333333333334,455.5,75.41,32.74,5
2026-04-03 07:30:00+00:00,239.33333333333334,469.0,76.145,32.736111111111114,5
2026-04-03 07:35:00+00:00,238.0,488.5,75.83000000000001,32.73222222222223,5
2026-04-03 07:40:00+00:00,239.0,465.0,75.22999999999999,32.72833333333333,5
2026-04-03 07:45:00+00:00,235.0,490.0,75.78999999999999,32.724444444444444,5
2026-04-03 07:50:00+00:00,236.0,468.5,75.20500000000001,32.720555555555556,5
2026-04-03 07:55:00+00:00,243.33333333333334,477.0,75.65,32.71666666666667,5
2026-04-03 08:00:00+00:00,238.66666666666666,477.0,75.36,32.712777777777774,5
2026-04-03 08:05:00+00:00,237.66666666666666,471.0,74.795,32.708888888888886,5
2026-04-03 08:10:00+00:00,224.33333333333334,486.5,74.98666666666666,32.705,5
2026-04-03 08:15:00+00:00,223.33333333333334,460.5,75.17833333333334,32.625,5
2026-04-03 08:20:00+00:00,219.66666666666666,477.0,75.37,32.53,5
2026-04-03 08:25:00+00:00,214.33333333333334,480.0,75.32,32.43,5
2026-04-03 08:30:00+00:00,217.66666666666666,468.5,74.945,32.33,5
2026-04-03 08:35:00+00:00,216.0,470.0,75.05,32.224999999999994,5
2026-04-03 08:40:00+00:00,215.33333333333334,459.5,75.36500000000001,32.11,5
2026-04-03 08:45:00+00:00,206.33333333333334,489.0,76.00999999999999,31.975,5
2026-04-03 08:50:00+00:00,196.0,461.5,76.045,31.845,5
2026-04-03 08:55:00+00:00,198.66666666666666,469.0,76.1,31.695,5
2026-04-03 09:00:00+00:00,186.66666666666666,500.5,76.69,31.54,5
2026-04-03 09:05:00+00:00,187.0,475.5,76.75,31.380000000000003,5
2026-04-03 09:10:00+00:00,181.0,463.5,77.0,31.21,5
2026-04-03 09:15:00+00:00,179.0,465.5,76.995,31.04,5
2026-04-03 09:20:00+00:00,168.66666666666666,469.5,77.45,30.865,5
2026-04-03 09:25:00+00:00,168.0,485.5,77.845,30.695,5
2026-04-03 09:30:00+00:00,167.0,486.0,78.06,30.525,5
2026-04-03 09:35:00+00:00,162.33333333333334,499.0,78.77,30.36,5
2026-04-03 09:40:00+00:00,160.33333333333334,482.5,79.22,30.2,5
2026-04-03 09:45:00+00:00,159.33333333333334,491.5,79.875,30.060000000000002,5
2026-04-03 09:50:00+00:00,158.66666666666666,522.0,80.485,29.945,5
2026-04-03 09:55:00+00:00,156.33333333333334,506.5,80.95500000000001,29.81,5
2026-04-03 10:00:00+00:00,154.0,517.0,81.645,29.695,5
2026-04-03 10:05:00+00:00,153.33333333333334,512.0,82.13,29.585,5
2026-04-03 10:10:00+00:00,152.0,503.0,82.14,29.485,5
2026-04-03 10:15:00+00:00,148.0,519.0,82.62,29.375,5
2026-04-03 10:20:00+00:00,146.66666666666666,528.0,83.015,29.27,5
2026-04-03 10:25:00+00:00,145.0,539.0,83.625,29.16,5
2026-04-03 10:30:00+00:00,143.0,515.5,83.83,29.06,5
2026-04-03 10:35:00+00:00,137.33333333333334,553.0,84.30000000000001,28.945,5
2026-04-03 10:40:00+00:00,137.33333333333334,541.5,84.295,28.83,5
2026-04-03 10:45:00+00:00,132.66666666666666,523.0,84.78999999999999,28.715,5
2026-04-03 10:50:00+00:00,132.0,541.0,85.175,28.59,5
2026-04-03 10:55:00+00:00,130.33333333333334,541.5,85.465,28.48,5
2026-04-03 11:00:00+00:00,130.66666666666666,534.5,85.6,28.36,5
2026-04-03 11:05:00+00:00,125.33333333333333,540.5,85.72999999999999,28.255000000000003,5
2026-04-03 11:10:00+00:00,121.33333333333333,534.5,86.255,28.135,5
2026-04-03 11:15:00+00:00,117.0,544.0,86.77,28.02,5
2026-04-03 11:20:00+00:00,114.33333333333333,537.5,86.97,27.91,5
2026-04-03 11:25:00+00:00,113.33333333333333,567.5,87.485,27.805,5
2026-04-03 11:30:00+00:00,111.33333333333333,556.0,87.91499999999999,27.700000000000003,5
2026-04-03 11:35:00+00:00,112.0,543.0,88.16,27.604999999999997,5
2026-04-03 11:40:00+00:00,106.33333333333333,587.0,88.685,27.509999999999998,5
2026-04-03 11:45:00+00:00,107.33333333333333,573.5,88.83500000000001,27.405,5
2026-04-03 11:50:00+00:00,109.66666666666667,553.5,89.16499999999999,27.305,5
2026-04-03 11:55:00+00:00,104.0,546.5,89.475,27.225,5
2026-04-03 12:00:00+00:00,101.66666666666667,569.0,89.53,27.130000000000003,5
2026-04-03 12:05:00+00:00,98.66666666666667,545.5,89.755,27.055,5
2026-04-03 12:10:00+00:00,94.66666666666667,553.5,89.995,26.97,5
2026-04-03 12:15:00+00:00,92.0,547.0,89.83500000000001,26.89,5
2026-04-03 12:20:00+00:00,89.0,534.0,90.27000000000001,26.825,5
2026-04-03 12:25:00+00:00,87.33333333333333,554.5,90.785,26.745,5
2026-04-03 12:30:00+00:00,87.66666666666667,552.0,90.775,26.675,5
2026-04-03 12:35:00+00:00,88.66666666666667,566.5,91.17500000000001,26.62,5
2026-04-03 12:40:00+00:00,89.0,572.5,91.275,26.549999999999997,5
2026-04-03 12:45:00+00:00,88.0,562.0,91.545,26.485,5
2026-04-03 12:50:00+00:00,85.66666666666667,565.0,91.715,26.42,5
2026-04-03 12:55:00+00:00,84.66666666666667,569.5,92.125,26.355,5
2026-04-03 13:00:00+00:00,82.66666666666667,573.5,92.25999999999999,26.29,5
2026-04-03 13:05:00+00:00,83.0,598.5,92.53999999999999,26.240000000000002,5
2026-04-03 13:10:00+00:00,82.66666666666667,579.0,92.745,26.185000000000002,5
2026-04-03 13:15:00+00:00,78.66666666666667,584.0,92.88,26.14,5
2026-04-03 13:20:00+00:00,81.0,584.0,93.28,26.085,5
2026-04-03 13:25:00+00:00,81.0,579.0,93.25,26.035,5
2026-04-03 13:30:00+00:00,77.0,596.0,93.67,25.985,5
2026-04-03 13:35:00+00:00,78.33333333333333,573.0,93.69,25.924999999999997,5
2026-04-03 13:40:00+00:00,74.66666666666667,610.0,94.02,25.884999999999998,5
2026-04-03 13:45:00+00:00,77.0,574.0,93.93,25.835,5
2026-04-03 13:50:00+00:00,73.33333333333333,599.5,94.14500000000001,25.785,5
2026-04-03 13:55:00+00:00,73.33333333333333,599.0,94.485,25.745,5
2026-04-03 14:00:00+00:00,72.66666666666667,606.0,94.65,25.695,5
2026-04-03 14:05:00+00:00,75.33333333333333,623.0,94.7,25.655,5
2026-04-03 14:10:00+00:00,69.66666666666667,622.0,94.75,25.604999999999997,5
2026-04-03 14:15:00+00:00,70.33333333333333,586.5,94.935,25.564999999999998,5
2026-04-03 14:20:00+00:00,70.66666666666667,633.5,95.08500000000001,25.535,5
2026-04-03 14:25:00+00:00,70.0,610.0,95.275,25.495,5
2026-04-03 14:30:00+00:00,71.66666666666667,634.5,95.305,25.46,5
2026-04-03 14:35:00+00:00,71.66666666666667,629.0,95.37,25.43,5
2026-04-03 14:40:00+00:00,68.66666666666667,648.0,95.44,25.395000000000003,5
2026-04-03 14:45:00+00:00,64.66666666666667,655.5,95.535,25.380000000000003,5
2026-04-03 14:50:00+00:00,64.0,635.5,95.66499999999999,25.345,5
2026-04-03 14:55:00+00:00,62.666666666666664,628.5,95.77,25.32,5
2026-04-03 15:00:00+00:00,64.0,659.5,95.805,25.3,5
2026-04-03 15:05:00+00:00,62.666666666666664,651.0,95.905,25.28,5
2026-04-03 15:10:00+00:00,59.0,628.0,95.87,25.259999999999998,5
2026-04-03 15:15:00+00:00,57.333333333333336,629.0,95.86,25.22,5
2026-04-03 15:20:00+00:00,55.333333333333336,636.0,95.8,25.19,5
2026-04-03 15:25:00+00:00,50.666666666666664,622.5,95.97,25.16,5
2026-04-03 15:30:00+00:00,51.666666666666664,618.0,96.13499999999999,25.14,5
2026-04-03 15:35:00+00:00,51.333333333333336,639.5,96.13,25.115000000000002,5
2026-04-03 15:40:00+00:00,51.0,645.0,96.36500000000001,25.09,5
2026-04-03 15:45:00+00:00,53.0,618.0,96.25,25.055,5
2026-04-03 15:50:00+00:00,52.0,663.5,96.325,25.04,5
2026-04-03 15:55:00+00:00,52.333333333333336,651.0,96.32,25.015,5
2026-04-03 16:00:00+00:00,49.0,635.5,96.52,25.005000000000003,5
2026-04-03 16:05:00+00:00,51.666666666666664,628.0,96.655,24.995,5
2026-04-03 16:10:00+00:00,50.0,657.5,96.855,25.0,5
2026-04-03 16:15:00+00:00,50.0,664.0,96.89,25.015,5
2026-04-03 16:20:00+00:00,52.333333333333336,663.5,96.82,25.015,5
2026-04-03 16:25:00+00:00,49.333333333333336,650.5,96.745,25.02,5
2026-04-03 16:30:00+00:00,46.666666666666664,670.0,96.75999999999999,25.04,5
2026-04-03 16:35:00+00:00,47.666666666666664,638.5,96.65,25.04,5
2026-04-03 16:40:00+00:00,44.333333333333336,621.0,96.63499999999999,25.060000000000002,5
2026-04-03 16:45:00+00:00,47.333333333333336,642.5,96.58000000000001,25.07,5
2026-04-03 16:50:00+00:00,43.0,604.0,96.49000000000001,25.085,5
2026-04-03 16:55:00+00:00,44.333333333333336,610.5,96.4,25.09,5
2026-04-03 17:00:00+00:00,42.666666666666664,625.0,96.46000000000001,25.104999999999997,5
2026-04-03 17:05:00+00:00,44.0,586.5,96.375,25.115000000000002,5
2026-04-03 17:10:00+00:00,40.333333333333336,593.0,96.265,25.125,5
2026-04-03 17:15:00+00:00,37.666666666666664,594.0,96.35,25.125,5
2026-04-03 17:20:00+00:00,39.666666666666664,597.0,96.44,25.134999999999998,5
2026-04-03 17:25:00+00:00,43.333333333333336,601.5,96.44,25.125,5
2026-04-03 17:30:00+00:00,43.333333333333336,613.0,96.67500000000001,25.134999999999998,5
2026-04-03 17:35:00+00:00,45.0,611.0,96.585,25.145000000000003,5
2026-04-03 17:40:00+00:00,47.666666666666664,609.5,96.56,25.145000000000003,5
2026-04-03 17:45:00+00:00,45.666666666666664,589.5,96.47,25.145000000000003,5
2026-04-03 17:50:00+00:00,44.333333333333336,594.0,96.48,25.155,5
2026-04-03 17:55:00+00:00,41.333333333333336,576.0,96.32,25.15,5
2026-04-03 18:00:00+00:00,38.666666666666664,575.0,96.27,25.145000000000003,5
2026-04-03 18:05:00+00:00,38.333333333333336,572.0,96.345,25.145000000000003,5
2026-04-03 18:10:00+00:00,37.666666666666664,550.5,96.095,25.15,5
2026-04-03 18:15:00+00:00,36.0,574.5,96.08000000000001,25.14,5
2026-04-03 18:20:00+00:00,36.666666666666664,557.5,95.97999999999999,25.134999999999998,5
2026-04-03 18:25:00+00:00,38.666666666666664,557.0,96.005,25.125,5
2026-04-03 18:30:00+00:00,39.333333333333336,551.5,95.94999999999999,25.125,5
2026-04-03 18:35:00+00:00,37.0,566.0,96.16,25.11,5
2026-04-03 18:40:00+00:00,37.333333333333336,557.0,95.905,25.1,5
2026-04-03 18:45:00+00:00,37.666666666666664,567.5,96.02000000000001,25.095,5
2026-04-03 18:50:00+00:00,37.666666666666664,558.5,95.925,25.085,5
2026-04-03 18:55:00+00:00,36.666666666666664,547.5,95.75,25.060000000000002,5
2026-04-03 19:00:00+00:00,37.0,538.0,95.83500000000001,25.055,5
2026-04-03 19:05:00+00:00,36.333333333333336,511.5,95.805,25.04,5
2026-04-03 19:10:00+00:00,37.0,538.0,95.655,25.025,5
2026-04-03 19:15:00+00:00,36.0,520.5,95.60499999999999,25.015,5
2026-04-03 19:20:00+00:00,36.333333333333336,552.0,95.705,25.0,5
2026-04-03 19:25:00+00:00,37.333333333333336,533.5,95.735,24.985,5
2026-04-03 19:30:00+00:00,36.666666666666664,554.5,95.795,24.975,5
2026-04-03 19:35:00+00:00,36.0,539.0,95.96000000000001,24.965,5
2026-04-03 19:40:00+00:00,38.333333333333336,535.0,96.07,24.945,5
2026-04-03 19:45:00+00:00,39.0,545.0,95.925,24.950000000000003,5
2026-04-03 19:50:00+00:00,39.666666666666664,538.0,95.85,24.939999999999998,5
2026-04-03 19:55:00+00:00,36.666666666666664,550.0,95.91499999999999,24.93,5
2026-04-03 20:00:00+00:00,37.0,534.0,95.82,24.915,5
2026-04-03 20:05:00+00:00,34.666666666666664,540.0,95.79,24.905,5
2026-04-03 20:10:00+00:00,37.333333333333336,538.0,95.815,24.895,5
2026-04-03 20:15:00+00:00,35.666666666666664,542.5,95.95,24.895,5
2026-04-03 20:20:00+00:00,36.666666666666664,548.0,96.025,24.885,5
2026-04-03 20:25:00+00:00,37.333333333333336,569.0,96.22,24.875,5
2026-04-03 20:30:00+00:00,38.333333333333336,531.5,96.13499999999999,24.86,5
2026-04-03 20:35:00+00:00,38.0,535.0,96.07,24.865000000000002,5
2026-04-03 20:40:00+00:00,39.0,536.5,96.055,24.86,5
2026-04-03 20:45:00+00:00,39.666666666666664,542.0,96.10499999999999,24.85,5
2026-04-03 20:50:00+00:00,39.333333333333336,516.5,96.11500000000001,24.85,5
2026-04-03 20:55:00+00:00,37.666666666666664,544.5,96.095,24.835,5
2026-04-03 21:00:00+00:00,39.0,526.5,96.09,24.835,5
2026-04-03 21:05:00+00:00,41.333333333333336,531.5,96.11,24.835,5
2026-04-03 21:10:00+00:00,40.0,539.5,96.235,24.815,5
2026-04-03 21:15:00+00:00,39.666666666666664,531.5,96.2,24.805,5
2026-04-03 21:20:00+00:00,42.0,526.5,96.16499999999999,24.805,5
2026-04-03 21:25:00+00:00,40.333333333333336,528.5,96.135,24.795,5
2026-04-03 21:30:00+00:00,37.0,533.0,96.21000000000001,24.785,5
2026-04-03 21:35:00+00:00,40.666666666666664,514.5,96.2,24.77,5
2026-04-03 21:40:00+00:00,37.0,523.5,96.245,24.759999999999998,5
2026-04-03 21:45:00+00:00,35.333333333333336,538.5,96.35,24.75,5
2026-04-03 21:50:00+00:00,37.666666666666664,534.0,96.45,24.745,5
2026-04-03 21:55:00+00:00,36.0,534.0,96.535,24.725,5
2026-04-03 22:00:00+00:00,37.333333333333336,533.5,96.56,24.715,5
2026-04-03 22:05:00+00:00,39.666666666666664,538.5,96.66499999999999,24.715,5
2026-04-03 22:10:00+00:00,38.333333333333336,548.0,96.79499999999999,24.7,5
2026-04-03 22:15:00+00:00,40.0,551.5,96.87,24.705,5
2026-04-03 22:20:00+00:00,40.0,564.5,96.97,24.695,5
2026-04-03 22:25:00+00:00,41.333333333333336,543.0,96.95,24.7,5
2026-04-03 22:30:00+00:00,40.666666666666664,553.5,97.095,24.695,5
2026-04-03 22:35:00+00:00,43.333333333333336,560.5,97.06,24.689999999999998,5
2026-04-03 22:40:00+00:00,39.666666666666664,537.5,97.025,24.685,5
2026-04-03 22:45:00+00:00,40.333333333333336,534.5,96.96,24.685,5
2026-04-03 22:50:00+00:00,37.666666666666664,539.0,96.85,24.685,5
2026-04-03 22:55:00+00:00,38.333333333333336,546.0,96.795,24.675,5
2026-04-03 23:00:00+00:00,32.333333333333336,534.0,96.845,24.67,5
2026-04-03 23:05:00+00:00,33.0,522.0,96.77000000000001,24.665,5
2026-04-03 23:10:00+00:00,32.666666666666664,531.5,96.72,24.645,5
2026-04-03 23:15:00+00:00,35.0,508.0,96.675,24.645000000000003,5
2026-04-03 23:20:00+00:00,36.0,530.5,96.68,24.64,5
2026-04-03 23:25:00+00:00,34.666666666666664,530.5,96.75,24.64,5
2026-04-03 23:30:00+00:00,34.333333333333336,532.0,96.825,24.64,5
2026-04-03 23:35:00+00:00,38.0,534.5,96.97,24.645,5
2026-04-03 23:40:00+00:00,36.666666666666664,536.0,97.095,24.65,5
2026-04-03 23:45:00+00:00,39.333333333333336,544.5,97.11500000000001,24.66,5
2026-04-03 23:50:00+00:00,43.0,569.0,97.065,24.665,5
2026-04-03 23:55:00+00:00,43.0,534.5,96.995,24.67,5
2026-04-04 00:00:00+00:00,41.333333333333336,502.0,96.995,24.685,5
2026-04-04 00:05:00+00:00,40.0,518.5,96.96000000000001,24.7,5
2026-04-04 00:10:00+00:00,41.666666666666664,517.5,96.94,24.705,5
2026-04-04 00:15:00+00:00,40.0,510.0,96.925,24.73,5
2026-04-04 00:20:00+00:00,39.666666666666664,526.5,96.855,24.75,5
2026-04-04 00:25:00+00:00,41.333333333333336,510.0,96.92,24.775,5
2026-04-04 00:30:00+00:00,42.333333333333336,508.5,96.98,24.810000000000002,5
2026-04-04 00:35:00+00:00,43.0,528.0,97.045,24.835,5
2026-04-04 00:40:00+00:00,43.0,515.0,96.97,24.865000000000002,5
2026-04-04 00:45:00+00:00,41.333333333333336,487.5,96.905,24.895000000000003,5
2026-04-04 00:50:00+00:00,40.666666666666664,494.0,96.795,24.915,5
2026-04-04 00:55:00+00:00,38.333333333333336,508.5,96.72999999999999,24.95,5
2026-04-04 01:00:00+00:00,37.666666666666664,504.5,96.53,24.97,5
2026-04-04 01:05:00+00:00,38.666666666666664,495.5,96.245,24.985,5
2026-04-04 01:10:00+00:00,42.666666666666664,501.5,96.25999999999999,25.02,5
2026-04-04 01:15:00+00:00,42.333333333333336,505.5,96.185,25.06,5
2026-04-04 01:20:00+00:00,48.333333333333336,509.0,96.18,25.115000000000002,5
2026-04-04 01:25:00+00:00,49.666666666666664,515.0,96.045,25.17,5
2026-04-04 01:30:00+00:00,47.333333333333336,492.5,95.715,25.23,5
2026-04-04 01:35:00+00:00,43.333333333333336,492.0,95.38,25.24,5
2026-04-04 01:40:00+00:00,40.0,484.0,95.20500000000001,25.21,5
2026-04-04 01:45:00+00:00,38.333333333333336,485.0,95.14,25.185000000000002,5
2026-04-04 01:50:00+00:00,38.333333333333336,486.5,95.225,25.165,5
2026-04-04 01:55:00+00:00,39.666666666666664,471.5,95.33500000000001,25.185000000000002,5
2026-04-04 02:00:00+00:00,40.0,475.5,95.945,25.21,5
2026-04-04 02:05:00+00:00,44.333333333333336,460.5,95.985,25.270000000000003,5
2026-04-04 02:10:00+00:00,46.333333333333336,488.0,95.38499999999999,25.36,5
2026-04-04 02:15:00+00:00,51.333333333333336,484.5,95.675,25.450000000000003,5
2026-04-04 02:20:00+00:00,50.666666666666664,461.0,94.77,25.545,5
2026-04-04 02:25:00+00:00,52.333333333333336,474.5,94.64500000000001,25.62,5
2026-04-04 02:30:00+00:00,50.0,483.5,93.88499999999999,25.685000000000002,5
2026-04-04 02:35:00+00:00,49.333333333333336,485.0,93.35,25.695,5
2026-04-04 02:40:00+00:00,48.333333333333336,468.5,93.63,25.705,5
2026-04-04 02:45:00+00:00,46.0,490.0,93.38,25.72,5
2026-04-04 02:50:00+00:00,45.333333333333336,483.5,93.24,25.71,5
2026-04-04 02:55:00+00:00,44.333333333333336,484.5,93.22,25.7,5
2026-04-04 03:00:00+00:00,46.16666666666667,483.0,93.4875,25.689999999999998,0
2026-04-04 03:05:00+00:00,48.0,481.5,93.755,25.68,5
2026-04-04 03:10:00+00:00,50.666666666666664,489.5,95.89,25.725,5
2026-04-04 03:15:00+00:00,57.0,518.5,97.5,25.78,5
2026-04-04 03:20:00+00:00,53.0,502.0,97.235,25.83,5
2026-04-04 03:25:00+00:00,57.333333333333336,495.0,96.645,25.895,5
2026-04-04 03:30:00+00:00,61.666666666666664,517.0,95.91,25.979999999999997,5
2026-04-04 03:35:00+00:00,68.33333333333333,509.5,95.66,26.075,5
2026-04-04 03:40:00+00:00,80.0,486.0,95.645,26.189999999999998,5
2026-04-04 03:45:00+00:00,83.0,483.5,95.33,26.305,5
2026-04-04 03:50:00+00:00,95.33333333333333,498.5,95.895,26.439999999999998,5
2026-04-04 03:55:00+00:00,127.0,510.0,96.785,26.535,4
2026-04-04 04:00:00+00:00,112.0,515.5,96.475,26.634999999999998,5
2026-04-04 04:05:00+00:00,112.33333333333333,517.5,95.70500000000001,26.765,5
2026-04-04 04:10:00+00:00,113.0,505.5,95.27,26.924999999999997,5
2026-04-04 04:15:00+00:00,117.33333333333333,499.5,94.04499999999999,27.1,5
2026-04-04 04:20:00+00:00,118.0,493.0,92.99,27.27,5
2026-04-04 04:25:00+00:00,123.0,494.0,91.605,27.445,5
2026-04-04 04:30:00+00:00,120.33333333333333,475.0,90.975,27.6,5
2026-04-04 04:35:00+00:00,124.0,487.0,89.74000000000001,27.740000000000002,5
2026-04-04 04:40:00+00:00,121.66666666666667,482.0,89.17,27.86,5
2026-04-04 04:45:00+00:00,122.33333333333333,518.5,88.695,27.975,5
2026-04-04 04:50:00+00:00,128.0,509.5,90.1,28.085,5
2026-04-04 04:55:00+00:00,127.33333333333333,500.5,89.515,28.16,5
2026-04-04 05:00:00+00:00,135.66666666666666,517.0,90.22999999999999,28.255,5
2026-04-04 05:05:00+00:00,131.33333333333334,496.0,89.09,28.335,5
2026-04-04 05:10:00+00:00,137.33333333333334,490.5,88.505,28.44,5
2026-04-04 05:15:00+00:00,142.66666666666666,485.5,88.535,28.54,5
2026-04-04 05:20:00+00:00,142.66666666666666,490.0,88.08500000000001,28.64,5
2026-04-04 05:25:00+00:00,151.0,497.5,88.23,28.77,5
2026-04-04 05:30:00+00:00,150.0,493.0,87.435,28.9,5
2026-04-04 05:35:00+00:00,152.0,474.5,86.59,29.009999999999998,5
2026-04-04 05:40:00+00:00,163.66666666666666,504.0,87.31,29.1375,5
2026-04-04 05:45:00+00:00,167.0,522.0,86.78,29.265,5
2026-04-04 05:50:00+00:00,161.33333333333334,499.5,86.14,29.375,5
2026-04-04 05:55:00+00:00,158.66666666666666,514.0,86.685,29.44,5
2026-04-04 06:00:00+00:00,149.0,509.5,85.7,29.44,5
2026-04-04 06:05:00+00:00,149.66666666666666,498.5,85.36,29.4,5
2026-04-04 06:10:00+00:00,144.66666666666666,502.5,85.46,29.345,5
2026-04-04 06:15:00+00:00,140.33333333333334,474.0,84.69,29.27,5
2026-04-04 06:20:00+00:00,138.33333333333334,491.0,84.655,29.174999999999997,5
2026-04-04 06:25:00+00:00,139.33333333333334,550.0,86.605,29.085,5
2026-04-04 06:30:00+00:00,134.66666666666666,516.0,86.33,29.015,5
2026-04-04 06:35:00+00:00,134.66666666666666,506.5,85.405,28.945,5
2026-04-04 06:40:00+00:00,133.0,484.5,85.065,28.89,5
2026-04-04 06:45:00+00:00,132.0,490.0,85.50999999999999,28.835,5
2026-04-04 06:50:00+00:00,131.33333333333331,484.25,85.4425,28.815,0
2026-04-04 06:55:00+00:00,130.66666666666666,478.5,85.375,28.795,5
2026-04-04 07:00:00+00:00,132.66666666666666,507.0,85.905,28.83,5
2026-04-04 07:05:00+00:00,135.0,478.5,85.65,28.87,5
2026-04-04 07:10:00+00:00,141.33333333333334,485.5,86.305,28.92,5
2026-04-04 07:15:00+00:00,137.66666666666666,482.0,85.09,28.975,5
2026-04-04 07:20:00+00:00,142.0,495.0,85.00999999999999,29.03,5
2026-04-04 07:25:00+00:00,147.33333333333334,503.5,84.785,29.08,5
2026-04-04 07:30:00+00:00,143.33333333333334,506.0,84.815,29.13,5
2026-04-04 07:35:00+00:00,140.66666666666666,500.5,84.125,29.145,5
2026-04-04 07:40:00+00:00,141.33333333333334,487.5,83.58500000000001,29.15,5
2026-04-04 07:45:00+00:00,139.66666666666666,507.5,84.45,29.15,5
2026-04-04 07:50:00+00:00,138.0,485.0,83.72,29.15,5
2026-04-04 07:55:00+00:00,134.66666666666666,460.5,83.35,29.15,5
2026-04-04 08:00:00+00:00,132.33333333333334,472.0,83.205,29.125,5
2026-04-04 08:05:00+00:00,131.0,505.5,83.32499999999999,29.1,5
2026-04-04 08:10:00+00:00,120.66666666666667,482.0,83.16,29.025,5
2026-04-04 08:15:00+00:00,119.0,471.0,82.99499999999999,28.735,5
2026-04-04 08:20:00+00:00,85.33333333333333,469.5,82.83,28.345,5
2026-04-04 08:25:00+00:00,77.33333333333333,485.5,82.66499999999999,27.985,5
2026-04-04 08:30:00+00:00,69.66666666666667,474.5,82.5,27.665,5
2026-04-04 08:35:00+00:00,62.666666666666664,474.0,82.97999999999999,27.315,5
2026-04-04 08:40:00+00:00,58.333333333333336,475.0,83.575,27.009999999999998,5
2026-04-04 08:45:00+00:00,52.333333333333336,483.5,83.88,26.759999999999998,5
2026-04-04 08:50:00+00:00,53.0,480.0,84.38,26.595,5
2026-04-04 08:55:00+00:00,57.0,492.5,85.085,26.520000000000003,5
2026-04-04 09:00:00+00:00,59.333333333333336,488.0,85.41499999999999,26.494999999999997,5
2026-04-04 09:05:00+00:00,61.666666666666664,495.5,85.86,26.5,5
2026-04-04 09:10:00+00:00,65.0,470.0,86.315,26.505000000000003,5
2026-04-04 09:15:00+00:00,64.66666666666667,495.0,86.355,26.54,5
2026-04-04 09:20:00+00:00,66.66666666666667,506.5,86.50999999999999,26.560000000000002,5
2026-04-04 09:25:00+00:00,67.66666666666667,502.5,85.91,26.560000000000002,5
2026-04-04 09:30:00+00:00,70.0,503.5,85.795,26.57,5
2026-04-04 09:35:00+00:00,67.0,528.5,86.1,26.57,5
2026-04-04 09:40:00+00:00,70.0,515.5,86.265,26.564999999999998,5
2026-04-04 09:45:00+00:00,69.33333333333333,522.0,86.185,26.555,5
2026-04-04 09:50:00+00:00,70.0,529.0,85.765,26.525,5
2026-04-04 09:55:00+00:00,67.66666666666667,527.0,85.53,26.509999999999998,5
2026-04-04 10:00:00+00:00,69.66666666666667,533.0,85.85,26.46,5
2026-04-04 10:05:00+00:00,66.33333333333333,525.5,85.515,26.439999999999998,5
2026-04-04 10:10:00+00:00,64.33333333333333,526.0,85.525,26.395,5
2026-04-04 10:15:00+00:00,62.666666666666664,542.0,85.53,26.36,5
2026-04-04 10:20:00+00:00,63.333333333333336,559.0,85.81,26.305,5
2026-04-04 10:25:00+00:00,61.666666666666664,535.5,85.795,26.259999999999998,5
2026-04-04 10:30:00+00:00,59.666666666666664,542.0,85.99000000000001,26.2,5
2026-04-04 10:35:00+00:00,59.0,549.0,86.22999999999999,26.155,5
2026-04-04 10:40:00+00:00,57.333333333333336,562.0,86.53,26.105,5
2026-04-04 10:45:00+00:00,56.0,558.5,86.495,26.045,5
2026-04-04 10:50:00+00:00,54.333333333333336,537.5,86.47999999999999,25.979999999999997,5
2026-04-04 10:55:00+00:00,55.333333333333336,556.0,86.64,25.915,5
2026-04-04 11:00:00+00:00,54.0,554.75,87.01249999999999,25.8525,0
2026-04-04 11:05:00+00:00,52.666666666666664,553.5,87.38499999999999,25.79,5
2026-04-04 11:10:00+00:00,52.666666666666664,573.0,87.85,25.73,5
2026-04-04 11:15:00+00:00,49.0,556.5,87.94,25.674999999999997,5
2026-04-04 11:20:00+00:00,51.666666666666664,571.0,88.255,25.615,5
2026-04-04 11:25:00+00:00,51.333333333333336,572.5,88.58,25.565,5
2026-04-04 11:30:00+00:00,51.666666666666664,582.5,88.715,25.505,5
2026-04-04 11:35:00+00:00,52.0,555.5,88.755,25.45,5
2026-04-04 11:40:00+00:00,46.666666666666664,560.0,88.53,25.395000000000003,5
2026-04-04 11:45:00+00:00,48.666666666666664,596.5,89.08,25.34,5
2026-04-04 11:50:00+00:00,47.0,579.5,89.205,25.284999999999997,5
2026-04-04 11:55:00+00:00,46.0,616.5,89.68,25.244999999999997,5
2026-04-04 12:00:00+00:00,45.333333333333336,569.5,89.85,25.195,5
2026-04-04 12:05:00+00:00,46.333333333333336,582.5,90.04499999999999,25.145000000000003,5
2026-04-04 12:10:00+00:00,45.333333333333336,598.0,90.275,25.11,5
2026-04-04 12:15:00+00:00,49.0,609.0,90.41,25.065,5
2026-04-04 12:20:00+00:00,48.333333333333336,611.0,90.605,25.03,5
2026-04-04 12:25:00+00:00,47.333333333333336,605.0,90.79,24.994999999999997,5
2026-04-04 12:30:00+00:00,46.0,610.0,90.89,24.96,5
2026-04-04 12:35:00+00:00,45.333333333333336,621.0,91.015,24.939999999999998,5
2026-04-04 12:40:00+00:00,46.333333333333336,578.0,90.875,24.924999999999997,5
2026-04-04 12:45:00+00:00,43.666666666666664,600.5,91.305,24.9,5
2026-04-04 12:50:00+00:00,45.333333333333336,619.0,91.4,24.880000000000003,5
2026-04-04 12:55:00+00:00,43.0,635.0,91.65,24.875,5
2026-04-04 13:00:00+00:00,43.0,624.0,91.83500000000001,24.854999999999997,5
2026-04-04 13:05:00+00:00,44.333333333333336,629.5,92.115,24.84,5
2026-04-04 13:10:00+00:00,45.666666666666664,644.0,92.22999999999999,24.825000000000003,5
2026-04-04 13:15:00+00:00,47.666666666666664,635.0,92.375,24.814999999999998,5
2026-04-04 13:20:00+00:00,47.333333333333336,631.5,92.53,24.795,5
2026-04-04 13:25:00+00:00,44.666666666666664,656.0,92.465,24.795,5
2026-04-04 13:30:00+00:00,44.0,655.0,92.78,24.784999999999997,5
2026-04-04 13:35:00+00:00,45.333333333333336,646.0,92.875,24.77,5
2026-04-04 13:40:00+00:00,45.333333333333336,642.5,92.94,24.775,5
2026-04-04 13:45:00+00:00,46.0,674.0,93.0,24.775,5
2026-04-04 13:50:00+00:00,47.666666666666664,673.5,93.02,24.765,5
2026-04-04 13:55:00+00:00,48.333333333333336,647.5,93.07499999999999,24.755000000000003,5
2026-04-04 14:00:00+00:00,42.0,670.0,93.245,24.740000000000002,5
2026-04-04 14:05:00+00:00,45.666666666666664,679.0,93.36,24.755000000000003,5
2026-04-04 14:10:00+00:00,44.0,665.5,93.49000000000001,24.744999999999997,5
2026-04-04 14:15:00+00:00,44.333333333333336,679.5,93.56,24.740000000000002,5
2026-04-04 14:20:00+00:00,44.16666666666667,672.5,93.5975,24.735,0
2026-04-04 14:25:00+00:00,44.0,665.5,93.63499999999999,24.73,5
2026-04-04 14:30:00+00:00,45.0,679.5,93.49,24.72,5
2026-04-04 14:35:00+00:00,42.0,650.5,93.695,24.71,5
2026-04-04 14:40:00+00:00,41.0,671.0,93.87,24.705,5
2026-04-04 14:45:00+00:00,41.0,664.5,93.97,24.71,5
2026-04-04 14:50:00+00:00,41.666666666666664,695.5,94.06,24.695,5
2026-04-04 14:55:00+00:00,44.333333333333336,681.0,94.125,24.689999999999998,5
2026-04-04 15:00:00+00:00,44.333333333333336,670.5,94.19,24.68,5
2026-04-04 15:05:00+00:00,47.0,675.0,94.24000000000001,24.675,5
2026-04-04 15:10:00+00:00,45.666666666666664,705.0,94.25,24.655,5
2026-04-04 15:15:00+00:00,43.0,690.0,94.28,24.66,5
2026-04-04 15:20:00+00:00,41.0,686.0,94.22,24.645,5
2026-04-04 15:25:00+00:00,40.333333333333336,673.5,94.105,24.635,5
2026-04-04 15:30:00+00:00,37.666666666666664,675.0,94.215,24.630000000000003,5
2026-04-04 15:35:00+00:00,35.666666666666664,690.0,94.20500000000001,24.619999999999997,5
2026-04-04 15:40:00+00:00,35.666666666666664,683.0,94.22,24.615,5
2026-04-04 15:45:00+00:00,36.666666666666664,677.0,94.185,24.605,5
2026-04-04 15:50:00+00:00,38.333333333333336,678.0,94.35499999999999,24.595,5
2026-04-04 15:55:00+00:00,36.333333333333336,671.0,94.38499999999999,24.58,5
2026-04-04 16:00:00+00:00,38.333333333333336,652.5,94.38499999999999,24.575,5
2026-04-04 16:05:00+00:00,39.0,667.0,94.36500000000001,24.575000000000003,5
2026-04-04 16:10:00+00:00,36.333333333333336,673.0,94.61,24.560000000000002,5
2026-04-04 16:15:00+00:00,35.0,702.5,94.69,24.549999999999997,5
2026-04-04 16:20:00+00:00,37.0,673.0,94.66499999999999,24.549999999999997,5
2026-04-04 16:25:00+00:00,41.666666666666664,667.5,94.475,24.54,5
2026-04-04 16:30:00+00:00,39.0,645.5,94.515,24.53,5
2026-04-04 16:35:00+00:00,37.666666666666664,653.5,94.72999999999999,24.52,5
2026-04-04 16:40:00+00:00,37.0,680.0,94.755,24.52,5
2026-04-04 16:45:00+00:00,36.0,665.5,94.76,24.5,5
2026-04-04 16:50:00+00:00,36.0,680.0,94.67500000000001,24.5,5
2026-04-04 16:55:00+00:00,35.0,658.0,94.86,24.485,5
2026-04-04 17:00:00+00:00,35.333333333333336,678.0,94.965,24.48,5
2026-04-04 17:05:00+00:00,34.666666666666664,649.5,94.765,24.465,5
2026-04-04 17:10:00+00:00,36.0,657.0,94.73,24.47,5
2026-04-04 17:15:00+00:00,34.666666666666664,626.0,94.72,24.455,5
2026-04-04 17:20:00+00:00,35.666666666666664,638.5,94.69999999999999,24.450000000000003,5
2026-04-04 17:25:00+00:00,35.0,631.5,94.7,24.435,5
2026-04-04 17:30:00+00:00,35.0,640.0,94.88,24.45,5
2026-04-04 17:35:00+00:00,34.666666666666664,637.0,94.945,24.435000000000002,5
2026-04-04 17:40:00+00:00,34.0,659.5,94.99000000000001,24.425,5
2026-04-04 17:45:00+00:00,39.666666666666664,661.0,95.10499999999999,24.42,5
2026-04-04 17:50:00+00:00,38.333333333333336,650.5,95.20500000000001,24.415,5
2026-04-04 17:55:00+00:00,37.333333333333336,696.5,95.42500000000001,24.405,5
2026-04-04 18:00:00+00:00,39.0,655.5,95.535,24.4,5
2026-04-04 18:05:00+00:00,39.666666666666664,687.5,95.58,24.395,5
2026-04-04 18:10:00+00:00,43.666666666666664,684.0,95.63,24.4,5
2026-04-04 18:15:00+00:00,43.666666666666664,686.0,95.705,24.39,5
2026-04-04 18:20:00+00:00,43.333333333333336,685.0,95.66999999999999,24.39,5
2026-04-04 18:25:00+00:00,42.0,673.0,95.64,24.380000000000003,5
2026-04-04 18:30:00+00:00,39.0,692.0,95.64500000000001,24.380000000000003,5
2026-04-04 18:35:00+00:00,41.333333333333336,693.5,95.78999999999999,24.369999999999997,5
2026-04-04 18:40:00+00:00,37.0,675.0,95.74,24.369999999999997,5
2026-04-04 18:45:00+00:00,39.333333333333336,677.5,95.745,24.369999999999997,5
2026-04-04 18:50:00+00:00,39.0,682.0,95.81,24.369999999999997,5
2026-04-04 18:55:00+00:00,38.0,690.0,95.82,24.369999999999997,5
2026-04-04 19:00:00+00:00,39.0,703.0,95.935,24.355,5
2026-04-04 19:05:00+00:00,38.333333333333336,717.5,96.055,24.35,5
2026-04-04 19:10:00+00:00,40.0,712.5,96.055,24.35,5
2026-04-04 19:15:00+00:00,39.666666666666664,731.0,96.08,24.35,5
2026-04-04 19:20:00+00:00,40.333333333333336,716.0,96.11,24.34,5
2026-04-04 19:25:00+00:00,41.666666666666664,699.5,96.19,24.345,5
2026-04-04 19:30:00+00:00,39.333333333333336,713.5,96.285,24.34,5
2026-04-04 19:35:00+00:00,42.333333333333336,728.5,96.31,24.335,5
2026-04-04 19:40:00+00:00,41.666666666666664,698.0,96.34,24.34,5
2026-04-04 19:45:00+00:00,42.333333333333336,696.0,96.3,24.34,5
2026-04-04 19:50:00+00:00,41.0,721.0,96.35,24.33,5
2026-04-04 19:55:00+00:00,40.666666666666664,694.5,96.18,24.33,5
2026-04-04 20:00:00+00:00,37.0,713.5,96.34,24.32,5
2026-04-04 20:05:00+00:00,36.0,717.5,96.44,24.32,5
2026-04-04 20:10:00+00:00,36.0,710.0,96.52,24.310000000000002,5
2026-04-04 20:15:00+00:00,38.0,701.0,96.495,24.305,5
2026-04-04 20:20:00+00:00,34.666666666666664,684.0,96.46000000000001,24.295,5
2026-04-04 20:25:00+00:00,36.333333333333336,708.5,96.555,24.29,5
2026-04-04 20:30:00+00:00,36.333333333333336,693.0,96.53,24.285,5
2026-04-04 20:35:00+00:00,36.666666666666664,693.5,96.505,24.27,5
2026-04-04 20:40:00+00:00,36.333333333333336,690.0,96.425,24.265,5
2026-04-04 20:45:00+00:00,33.333333333333336,693.0,96.53999999999999,24.255,5
2026-04-04 20:50:00+00:00,35.0,687.0,96.595,24.255,5
2026-04-04 20:55:00+00:00,35.666666666666664,689.0,96.56,24.240000000000002,5
2026-04-04 21:00:00+00:00,33.0,688.0,96.545,24.245,5
2026-04-04 21:05:00+00:00,34.333333333333336,684.5,96.685,24.235,5
2026-04-04 21:10:00+00:00,32.0,703.0,96.755,24.23,5
2026-04-04 21:15:00+00:00,34.666666666666664,696.5,96.91,24.22,5
2026-04-04 21:20:00+00:00,36.333333333333336,670.0,96.94999999999999,24.225,5
2026-04-04 21:25:00+00:00,36.333333333333336,696.5,97.03,24.205,5
2026-04-04 21:30:00+00:00,37.333333333333336,697.5,97.13499999999999,24.205,5
2026-04-04 21:35:00+00:00,39.333333333333336,707.0,97.20500000000001,24.205,5
2026-04-04 21:40:00+00:00,38.333333333333336,717.5,97.255,24.205,5
2026-04-04 21:45:00+00:00,38.0,695.5,97.3,24.195,5
2026-04-04 21:50:00+00:00,37.333333333333336,691.0,97.31,24.200000000000003,5
2026-04-04 21:55:00+00:00,38.333333333333336,683.5,97.25,24.18,5
2026-04-04 22:00:00+00:00,35.0,678.0,97.265,24.185,5
2026-04-04 22:05:00+00:00,34.0,704.5,97.44,24.185000000000002,5
2026-04-04 22:10:00+00:00,33.666666666666664,710.5,97.47999999999999,24.174999999999997,5
2026-04-04 22:15:00+00:00,34.333333333333336,689.0,97.58500000000001,24.175,5
2026-04-04 22:20:00+00:00,36.666666666666664,701.0,97.585,24.175,5
2026-04-04 22:25:00+00:00,37.0,697.0,97.58500000000001,24.17,5
2026-04-04 22:30:00+00:00,37.666666666666664,684.0,97.64,24.174999999999997,5
2026-04-04 22:35:00+00:00,35.666666666666664,700.0,97.555,24.17,5
2026-04-04 22:40:00+00:00,38.333333333333336,679.0,97.7,24.165,5
2026-04-04 22:45:00+00:00,37.333333333333336,715.0,97.71000000000001,24.16,5
2026-04-04 22:50:00+00:00,36.333333333333336,674.5,97.7,24.15,5
2026-04-04 22:55:00+00:00,34.333333333333336,701.5,97.77,24.155,5
2026-04-04 23:00:00+00:00,35.666666666666664,687.5,97.785,24.155,5
2026-04-04 23:05:00+00:00,36.333333333333336,697.5,97.84,24.15,5
2026-04-04 23:10:00+00:00,38.0,695.5,97.76,24.145000000000003,5
2026-04-04 23:15:00+00:00,38.666666666666664,667.5,97.72,24.14,5
2026-04-04 23:20:00+00:00,38.333333333333336,669.0,97.65,24.130000000000003,5
2026-04-04 23:25:00+00:00,35.0,680.5,97.75999999999999,24.130000000000003,5
2026-04-04 23:30:00+00:00,35.333333333333336,672.5,97.79,24.119999999999997,5
2026-04-04 23:35:00+00:00,36.333333333333336,684.5,97.775,24.11,5
2026-04-04 23:40:00+00:00,33.333333333333336,668.0,97.695,24.11,5
2026-04-04 23:45:00+00:00,36.0,621.5,97.535,24.104999999999997,5
2026-04-04 23:50:00+00:00,36.0,642.0,97.555,24.104999999999997,5
2026-04-04 23:55:00+00:00,36.666666666666664,664.5,97.63499999999999,24.105,5
2026-04-05 00:00:00+00:00,33.666666666666664,610.0,97.45500000000001,24.1,5
2026-04-05 00:05:00+00:00,36.333333333333336,616.5,97.605,24.1,5
2026-04-05 00:10:00+00:00,33.0,647.0,97.66,24.095,5
2026-04-05 00:15:00+00:00,35.666666666666664,661.5,97.755,24.1,5
2026-04-05 00:20:00+00:00,35.333333333333336,658.0,97.815,24.11,5
2026-04-05 00:25:00+00:00,35.333333333333336,623.0,97.71000000000001,24.104999999999997,5
2026-04-05 00:30:00+00:00,39.333333333333336,616.5,97.63,24.105,5
2026-04-05 00:35:00+00:00,40.333333333333336,616.0,97.61500000000001,24.11,5
2026-04-05 00:40:00+00:00,39.333333333333336,620.0,97.57499999999999,24.12,5
2026-04-05 00:45:00+00:00,40.0,623.5,97.58000000000001,24.134999999999998,5
2026-04-05 00:50:00+00:00,39.666666666666664,599.0,97.50999999999999,24.134999999999998,5
2026-04-05 00:55:00+00:00,39.0,591.0,97.55000000000001,24.15,5
2026-04-05 01:00:00+00:00,38.333333333333336,605.0,97.58,24.165,5
2026-04-05 01:05:00+00:00,35.333333333333336,614.0,97.75,24.17,5
2026-04-05 01:10:00+00:00,36.666666666666664,612.0,97.685,24.195,5
2026-04-05 01:15:00+00:00,40.333333333333336,588.5,97.695,24.205,5
2026-04-05 01:20:00+00:00,38.0,622.5,97.78,24.22,5
2026-04-05 01:25:00+00:00,39.666666666666664,616.0,97.815,24.255,5
2026-04-05 01:30:00+00:00,43.333333333333336,626.0,97.93,24.285,5
2026-04-05 01:35:00+00:00,42.666666666666664,618.5,97.955,24.314999999999998,5
2026-04-05 01:40:00+00:00,47.333333333333336,598.0,97.765,24.345,5
2026-04-05 01:45:00+00:00,48.0,586.0,97.775,24.4,5
2026-04-05 01:50:00+00:00,50.333333333333336,605.0,97.77000000000001,24.445,5
2026-04-05 01:55:00+00:00,51.666666666666664,612.0,97.72,24.494999999999997,5
2026-04-05 02:00:00+00:00,53.333333333333336,613.0,97.625,24.56,5
2026-04-05 02:05:00+00:00,55.666666666666664,588.5,97.36500000000001,24.62,5
2026-04-05 02:10:00+00:00,54.666666666666664,593.5,97.185,24.675,5
2026-04-05 02:15:00+00:00,53.0,570.0,97.095,24.740000000000002,5
2026-04-05 02:20:00+00:00,53.333333333333336,598.5,97.0,24.805,5
2026-04-05 02:25:00+00:00,53.666666666666664,548.5,96.58000000000001,24.865000000000002,5
2026-04-05 02:30:00+00:00,55.666666666666664,564.0,96.58,24.93,5
2026-04-05 02:35:00+00:00,55.0,570.0,96.44999999999999,25.009999999999998,5
2026-04-05 02:40:00+00:00,58.0,592.5,96.405,25.085,5
2026-04-05 02:45:00+00:00,65.0,587.0,96.355,25.174999999999997,5
2026-04-05 02:50:00+00:00,65.33333333333333,586.0,96.195,25.265,5
2026-04-05 02:55:00+00:00,68.0,571.5,96.045,25.35,5
2026-04-05 03:00:00+00:00,70.0,583.0,95.735,25.38375,5
2026-04-05 03:05:00+00:00,64.33333333333333,503.0,94.32499999999999,25.4175,5
2026-04-05 03:10:00+00:00,59.666666666666664,490.0,93.695,25.45125,5
2026-04-05 03:15:00+00:00,53.333333333333336,504.0,93.50999999999999,25.485,5
2026-04-05 03:20:00+00:00,46.0,513.5,93.22,25.46,5
2026-04-05 03:25:00+00:00,44.0,494.0,93.35,25.42,5
2026-04-05 03:30:00+00:00,43.666666666666664,496.5,93.36,25.439999999999998,5
2026-04-05 03:35:00+00:00,46.333333333333336,495.5,93.245,25.42,5
2026-04-05 03:40:00+00:00,47.666666666666664,490.5,93.38,25.475,5
2026-04-05 03:45:00+00:00,51.666666666666664,490.5,93.74000000000001,25.535,5
2026-04-05 03:50:00+00:00,51.0,486.5,93.59,25.615,5
2026-04-05 03:55:00+00:00,57.333333333333336,482.5,93.27000000000001,25.715000000000003,5
2026-04-05 04:00:00+00:00,60.0,471.0,92.75,25.83,5
2026-04-05 04:05:00+00:00,61.666666666666664,486.5,92.43,25.945,5
2026-04-05 04:10:00+00:00,65.66666666666667,495.5,91.92500000000001,26.05,5
2026-04-05 04:15:00+00:00,69.0,494.5,91.985,26.18,5
2026-04-05 04:20:00+00:00,73.66666666666667,480.0,91.97,26.305,5
2026-04-05 04:25:00+00:00,76.66666666666667,471.0,91.695,26.46,5
2026-04-05 04:30:00+00:00,80.0,467.5,91.135,26.615000000000002,5
2026-04-05 04:35:00+00:00,86.33333333333333,464.0,91.22,26.75,5
2026-04-05 04:40:00+00:00,89.0,474.5,90.18,26.895000000000003,5
2026-04-05 04:45:00+00:00,91.33333333333333,477.5,90.5,27.015,5
2026-04-05 04:50:00+00:00,94.0,471.5,90.41,27.130000000000003,5
2026-04-05 04:55:00+00:00,97.0,481.5,89.84,27.275,5
2026-04-05 05:00:00+00:00,105.33333333333333,479.5,89.82,27.424999999999997,5
2026-04-05 05:05:00+00:00,106.33333333333333,461.0,88.97,27.56,5
2026-04-05 05:10:00+00:00,110.0,454.5,88.465,27.7,5
2026-04-05 05:15:00+00:00,115.66666666666667,459.5,88.41,27.82,5
2026-04-05 05:20:00+00:00,113.66666666666667,470.0,87.75,27.94,5
2026-04-05 05:25:00+00:00,120.33333333333333,473.5,87.735,28.07,5
2026-04-05 05:30:00+00:00,120.33333333333333,454.5,87.11,28.19,5
2026-04-05 05:35:00+00:00,125.33333333333333,473.0,87.33500000000001,28.299999999999997,5
2026-04-05 05:40:00+00:00,126.33333333333333,481.0,86.41,28.405,5
2026-04-05 05:45:00+00:00,134.66666666666666,472.5,86.255,28.485,5
2026-04-05 05:50:00+00:00,132.0,459.0,86.43,28.555,5
2026-04-05 05:55:00+00:00,134.0,466.5,86.225,28.634999999999998,5
2026-04-05 06:00:00+00:00,136.33333333333334,491.5,85.505,28.685000000000002,5
2026-04-05 06:05:00+00:00,135.33333333333334,473.0,85.41,28.75,5
2026-04-05 06:10:00+00:00,139.0,470.5,85.38499999999999,28.805,5
2026-04-05 06:15:00+00:00,138.33333333333334,457.5,85.36,28.85,5
2026-04-05 06:20:00+00:00,139.0,465.0,85.335,28.86,5
2026-04-05 06:25:00+00:00,133.66666666666666,457.0,85.31,28.845,5
2026-04-05 06:30:00+00:00,138.0,465.0,85.285,28.8,5
2026-04-05 06:35:00+00:00,140.0,470.5,85.765,28.77,5
2026-04-05 06:40:00+00:00,137.66666666666666,467.0,85.655,28.775,5
2026-04-05 06:45:00+00:00,143.0,464.0,85.695,28.79,5
2026-04-05 06:50:00+00:00,146.0,458.0,86.65,28.855,5
2026-04-05 06:55:00+00:00,150.0,449.5,86.08,28.93,5
2026-04-05 07:00:00+00:00,151.33333333333334,457.5,86.14,29.02,5
2026-04-05 07:05:00+00:00,151.33333333333334,461.5,85.475,29.105,5
2026-04-05 07:10:00+00:00,155.33333333333334,459.5,85.57,29.18,5
2026-04-05 07:15:00+00:00,158.0,458.0,85.725,29.25,5
2026-04-05 07:20:00+00:00,157.33333333333334,456.5,86.4,29.335,5
2026-04-05 07:25:00+00:00,160.33333333333334,457.0,85.53999999999999,29.415,5
2026-04-05 07:30:00+00:00,164.33333333333334,458.0,84.925,29.47,5
2026-04-05 07:35:00+00:00,162.66666666666666,449.5,85.36500000000001,29.535,5
2026-04-05 07:40:00+00:00,168.0,471.0,85.33,29.6,5
2026-04-05 07:45:00+00:00,167.66666666666666,434.5,85.24000000000001,29.659999999999997,5
2026-04-05 07:50:00+00:00,169.33333333333334,459.0,85.205,29.63,5
2026-04-05 07:55:00+00:00,168.66666666666666,437.5,85.20500000000001,29.67,5
2026-04-05 08:00:00+00:00,167.66666666666666,448.0,85.035,29.775,5
2026-04-05 08:05:00+00:00,172.33333333333334,445.0,85.375,29.784999999999997,5
2026-04-05 08:10:00+00:00,171.66666666666666,449.5,85.245,29.78,5
2026-04-05 08:15:00+00:00,175.66666666666666,450.5,85.6,29.79,5
2026-04-05 08:20:00+00:00,169.66666666666666,458.5,85.07,29.8,5
2026-04-05 08:25:00+00:00,171.33333333333334,443.5,84.94,29.8,5
2026-04-05 08:30:00+00:00,169.66666666666666,450.0,84.56,29.79,5
2026-04-05 08:35:00+00:00,169.66666666666666,443.0,84.69,29.77,5
2026-04-05 08:40:00+00:00,167.33333333333334,446.0,84.77,29.775,5
2026-04-05 08:45:00+00:00,172.0,449.0,85.16,29.755000000000003,5
2026-04-05 08:50:00+00:00,171.33333333333334,447.0,85.785,29.744999999999997,5
2026-04-05 08:55:00+00:00,169.33333333333334,444.5,85.77,29.744999999999997,5
2026-04-05 09:00:00+00:00,169.66666666666666,465.5,86.18,29.740000000000002,5
2026-04-05 09:05:00+00:00,169.33333333333334,451.0,85.99000000000001,29.715,5
2026-04-05 09:10:00+00:00,165.66666666666666,443.5,86.05,29.685000000000002,5
2026-04-05 09:15:00+00:00,165.66666666666666,448.5,86.55,29.619999999999997,5
2026-04-05 09:20:00+00:00,161.33333333333334,450.0,86.33500000000001,29.545,5
2026-04-05 09:25:00+00:00,158.0,454.0,86.345,29.46,5
2026-04-05 09:30:00+00:00,148.0,471.0,86.18,29.35,5
2026-04-05 09:35:00+00:00,146.0,462.5,86.52,29.22,5
2026-04-05 09:40:00+00:00,144.5,480.0,87.02,29.09,5
2026-04-05 09:45:00+00:00,143.5,477.5,87.055,28.97,5
2026-04-05 09:50:00+00:00,137.5,488.5,87.315,28.855,5
2026-04-05 09:55:00+00:00,129.5,469.5,87.235,28.72,5
2026-04-05 10:00:00+00:00,131.0,455.5,87.37,28.575000000000003,5
2026-04-05 10:05:00+00:00,127.66666666666667,475.0,87.78999999999999,28.405,5
2026-04-05 10:10:00+00:00,120.66666666666667,473.5,88.01,28.22,5
2026-04-05 10:15:00+00:00,113.66666666666667,471.5,88.5,28.04,5
2026-04-05 10:20:00+00:00,115.66666666666667,468.0,89.19,27.86,5
2026-04-05 10:25:00+00:00,111.0,483.0,89.73,27.705,5
2026-04-05 10:30:00+00:00,104.66666666666667,471.0,89.94,27.55,5
2026-04-05 10:35:00+00:00,95.66666666666667,485.0,89.91999999999999,27.375,5
2026-04-05 10:40:00+00:00,95.66666666666667,500.0,90.19999999999999,27.205,5
2026-04-05 10:45:00+00:00,95.0,486.0,90.72,27.05,5
2026-04-05 10:50:00+00:00,91.33333333333333,483.5,91.17,26.905,5
2026-04-05 10:55:00+00:00,88.66666666666667,469.5,91.485,26.759999999999998,5
2026-04-05 11:00:00+00:00,83.66666666666667,480.0,91.75,26.634999999999998,5
2026-04-05 11:05:00+00:00,84.33333333333333,493.0,92.075,26.494999999999997,5
2026-04-05 11:10:00+00:00,75.66666666666667,479.0,92.36,26.375,5
2026-04-05 11:15:00+00:00,71.66666666666667,493.0,92.675,26.259999999999998,5
2026-04-05 11:20:00+00:00,70.33333333333333,489.5,93.05000000000001,26.145,5
2026-04-05 11:25:00+00:00,67.33333333333333,473.0,93.41,26.035,5
2026-04-05 11:30:00+00:00,65.33333333333333,482.5,93.84,25.93,5
2026-04-05 11:35:00+00:00,65.0,486.5,94.22,25.825,5
2026-04-05 11:40:00+00:00,60.0,491.0,94.55000000000001,25.729999999999997,5
2026-04-05 11:45:00+00:00,60.333333333333336,494.0,94.88499999999999,25.634999999999998,5
2026-04-05 11:50:00+00:00,56.0,495.0,95.215,25.555,5
2026-04-05 11:55:00+00:00,57.333333333333336,493.5,95.47999999999999,25.475,5
2026-04-05 12:00:00+00:00,52.0,488.0,95.705,25.39,5
2026-04-05 12:05:00+00:00,52.0,492.0,96.005,25.31,5
2026-04-05 12:10:00+00:00,49.333333333333336,486.5,96.3,25.235,5
2026-04-05 12:15:00+00:00,48.0,503.0,96.565,25.17,5
2026-04-05 12:20:00+00:00,47.0,487.5,96.755,25.11,5
2026-04-05 12:25:00+00:00,46.0,498.0,97.035,25.04,5
2026-04-05 12:30:00+00:00,45.333333333333336,498.0,97.33500000000001,24.990000000000002,5
2026-04-05 12:35:00+00:00,43.333333333333336,507.0,97.515,24.92,5
2026-04-05 12:40:00+00:00,41.666666666666664,486.5,97.735,24.865000000000002,5
2026-04-05 12:45:00+00:00,42.0,507.0,97.97,24.805,5
2026-04-05 12:50:00+00:00,40.0,512.0,98.195,24.765,5
2026-04-05 12:55:00+00:00,37.333333333333336,511.5,98.365,24.715,5
2026-04-05 13:00:00+00:00,37.0,498.0,98.315,24.67,5
2026-04-05 13:05:00+00:00,36.666666666666664,507.0,98.695,24.619999999999997,5
2026-04-05 13:10:00+00:00,37.333333333333336,497.0,98.70500000000001,24.57,5
2026-04-05 13:15:00+00:00,36.0,498.0,98.865,24.535,5
2026-04-05 13:20:00+00:00,38.666666666666664,519.5,99.185,24.5,5
2026-04-05 13:25:00+00:00,35.0,516.0,99.34,24.465,5
2026-04-05 13:30:00+00:00,36.0,538.5,99.47,24.439999999999998,5
2026-04-05 13:35:00+00:00,36.0,530.0,99.38499999999999,24.4,5
2026-04-05 13:40:00+00:00,32.0,505.5,99.315,24.355,5
2026-04-05 13:45:00+00:00,37.333333333333336,524.5,99.59,24.314999999999998,5
2026-04-05 13:50:00+00:00,35.333333333333336,509.0,99.69,24.28,5
2026-04-05 13:55:00+00:00,34.666666666666664,528.0,99.7,24.245,5
2026-04-05 14:00:00+00:00,36.0,517.5,99.725,24.21,5
2026-04-05 14:05:00+00:00,38.333333333333336,526.0,99.81,24.165,5
2026-04-05 14:10:00+00:00,36.333333333333336,509.5,99.75,24.134999999999998,5
2026-04-05 14:15:00+00:00,36.0,540.5,99.72999999999999,24.08,5
2026-04-05 14:20:00+00:00,35.666666666666664,532.0,99.965,24.055,5
2026-04-05 14:25:00+00:00,38.333333333333336,537.0,100.0,24.035,5
2026-04-05 14:30:00+00:00,37.666666666666664,525.0,100.0,24.025,5
2026-04-05 14:35:00+00:00,35.333333333333336,535.5,100.0,24.025,5
2026-04-05 14:40:00+00:00,36.0,555.5,99.995,24.009999999999998,5
2026-04-05 14:45:00+00:00,39.0,521.5,99.925,23.985,5
2026-04-05 14:50:00+00:00,35.333333333333336,520.5,99.965,23.95,5
2026-04-05 14:55:00+00:00,37.333333333333336,531.0,100.0,23.92,5
2026-04-05 15:00:00+00:00,34.0,534.5,100.0,23.875,5
2026-04-05 15:05:00+00:00,38.333333333333336,542.0,100.0,23.845,5
2026-04-05 15:10:00+00:00,40.666666666666664,564.0,100.0,23.814999999999998,5
2026-04-05 15:15:00+00:00,38.666666666666664,549.0,100.0,23.79,5
2026-04-05 15:20:00+00:00,38.333333333333336,527.0,100.0,23.78,5
2026-04-05 15:25:00+00:00,36.333333333333336,537.5,100.0,23.78,5
2026-04-05 15:30:00+00:00,36.0,534.0,100.0,23.759999999999998,5
2026-04-05 15:35:00+00:00,36.333333333333336,541.5,100.0,23.75,5
2026-04-05 15:40:00+00:00,36.0,545.0,100.0,23.740000000000002,5
2026-04-05 15:45:00+00:00,34.333333333333336,549.5,100.0,23.72,5
2026-04-05 15:50:00+00:00,35.333333333333336,524.5,100.0,23.715,5
2026-04-05 15:55:00+00:00,36.666666666666664,531.5,100.0,23.685,5
2026-04-05 16:00:00+00:00,36.333333333333336,549.5,100.0,23.665,5
2026-04-05 16:05:00+00:00,36.333333333333336,529.0,100.0,23.655,5
2026-04-05 16:10:00+00:00,32.333333333333336,538.0,100.0,23.635,5
2026-04-05 16:15:00+00:00,33.666666666666664,551.5,100.0,23.625,5
2026-04-05 16:20:00+00:00,31.666666666666668,566.5,100.0,23.615000000000002,5
2026-04-05 16:25:00+00:00,34.666666666666664,548.0,100.0,23.575,5
2026-04-05 16:30:00+00:00,32.666666666666664,558.5,100.0,23.535,5
2026-04-05 16:35:00+00:00,35.666666666666664,511.5,100.0,23.509999999999998,5
2026-04-05 16:40:00+00:00,33.0,545.5,100.0,23.48,5
2026-04-05 16:45:00+00:00,33.0,527.5,100.0,23.46,5
2026-04-05 16:50:00+00:00,34.0,549.5,100.0,23.45,5
2026-04-05 16:55:00+00:00,33.333333333333336,529.5,100.0,23.43,5
2026-04-05 17:00:00+00:00,33.0,550.5,100.0,23.42,5
2026-04-05 17:05:00+00:00,35.0,563.0,100.0,23.405,5
2026-04-05 17:10:00+00:00,34.666666666666664,568.5,100.0,23.385,5
2026-04-05 17:15:00+00:00,42.666666666666664,570.5,100.0,23.365000000000002,5
2026-04-05 17:20:00+00:00,42.666666666666664,566.5,100.0,23.325000000000003,5
2026-04-05 17:25:00+00:00,39.333333333333336,565.5,100.0,23.285,5
2026-04-05 17:30:00+00:00,39.333333333333336,553.5,100.0,23.255,5
2026-04-05 17:35:00+00:00,38.666666666666664,551.5,100.0,23.22,5
2026-04-05 17:40:00+00:00,33.0,562.5,100.0,23.18,5
2026-04-05 17:45:00+00:00,33.333333333333336,578.0,100.0,23.14,5
2026-04-05 17:50:00+00:00,34.666666666666664,573.0,100.0,23.119999999999997,5
2026-04-05 17:55:00+00:00,35.333333333333336,585.5,100.0,23.09,5
2026-04-05 18:00:00+00:00,35.666666666666664,575.5,100.0,23.065,5
2026-04-05 18:05:00+00:00,35.0,553.0,100.0,23.055,5
2026-04-05 18:10:00+00:00,34.0,585.0,100.0,23.025,5
2026-04-05 18:15:00+00:00,35.0,560.5,100.0,23.015,5
2026-04-05 18:20:00+00:00,34.0,573.0,100.0,22.990000000000002,5
2026-04-05 18:25:00+00:00,29.666666666666668,607.5,100.0,22.98,5
2026-04-05 18:30:00+00:00,34.0,587.0,100.0,22.955,5
2026-04-05 18:35:00+00:00,32.0,611.0,100.0,22.91,5
2026-04-05 18:40:00+00:00,36.0,618.0,100.0,22.869999999999997,5
2026-04-05 18:45:00+00:00,34.333333333333336,589.0,100.0,22.82,5
2026-04-05 18:50:00+00:00,38.333333333333336,574.5,100.0,22.785,5
2026-04-05 18:55:00+00:00,37.333333333333336,580.0,100.0,22.755000000000003,5
2026-04-05 19:00:00+00:00,40.333333333333336,588.5,100.0,22.740000000000002,5
2026-04-05 19:05:00+00:00,39.666666666666664,549.5,100.0,22.735,5
2026-04-05 19:10:00+00:00,47.666666666666664,568.0,100.0,22.73,5
2026-04-05 19:15:00+00:00,43.333333333333336,578.0,100.0,22.725,5
2026-04-05 19:20:00+00:00,41.0,586.0,100.0,22.735,5
2026-04-05 19:25:00+00:00,40.333333333333336,570.0,100.0,22.735,5
2026-04-05 19:30:00+00:00,40.666666666666664,583.0,100.0,22.735,5
2026-04-05 19:35:00+00:00,38.666666666666664,585.5,100.0,22.735,5
2026-04-05 19:40:00+00:00,38.333333333333336,587.5,100.0,22.744999999999997,5
2026-04-05 19:45:00+00:00,39.0,567.5,100.0,22.744999999999997,5
2026-04-05 19:50:00+00:00,39.0,568.5,100.0,22.725,5
2026-04-05 19:55:00+00:00,39.333333333333336,591.0,100.0,22.72,5
2026-04-05 20:00:00+00:00,37.0,592.5,100.0,22.71,5
2026-04-05 20:05:00+00:00,35.666666666666664,600.0,100.0,22.689999999999998,5
2026-04-05 20:10:00+00:00,37.333333333333336,605.5,100.0,22.67,5
2026-04-05 20:15:00+00:00,39.0,579.5,100.0,22.655,5
2026-04-05 20:20:00+00:00,37.333333333333336,555.5,100.0,22.634999999999998,5
2026-04-05 20:25:00+00:00,33.666666666666664,672.0,100.0,22.63,5
2026-04-05 20:30:00+00:00,38.333333333333336,672.0,100.0,22.59,5
2026-04-05 20:35:00+00:00,36.0,654.5,100.0,22.53,5
2026-04-05 20:40:00+00:00,34.333333333333336,627.5,100.0,22.475,5
2026-04-05 20:45:00+00:00,34.666666666666664,650.0,100.0,22.42,5
2026-04-05 20:50:00+00:00,35.333333333333336,664.0,100.0,22.375,5
2026-04-05 20:55:00+00:00,33.333333333333336,647.5,100.0,22.345,5
2026-04-05 21:00:00+00:00,33.666666666666664,661.5,100.0,22.305,5
2026-04-05 21:05:00+00:00,36.0,666.5,100.0,22.265,5
2026-04-05 21:10:00+00:00,39.666666666666664,638.0,100.0,22.225,5
2026-04-05 21:15:00+00:00,47.0,608.5,100.0,22.215,5
2026-04-05 21:20:00+00:00,43.666666666666664,615.0,100.0,22.205,5
2026-04-05 21:25:00+00:00,41.0,618.5,100.0,22.215,5
2026-04-05 21:30:00+00:00,39.333333333333336,634.0,100.0,22.235,5
2026-04-05 21:35:00+00:00,48.666666666666664,671.0,100.0,22.23,5
2026-04-05 21:40:00+00:00,47.333333333333336,659.0,100.0,22.225,5
2026-04-05 21:45:00+00:00,42.666666666666664,655.0,100.0,22.205,5
2026-04-05 21:50:00+00:00,43.666666666666664,617.5,100.0,22.185,5
2026-04-05 21:55:00+00:00,49.333333333333336,618.5,100.0,22.18,5
2026-04-05 22:00:00+00:00,52.0,617.0,100.0,22.18,5
2026-04-05 22:05:00+00:00,44.666666666666664,606.0,100.0,22.215,5
2026-04-05 22:10:00+00:00,41.0,583.0,100.0,22.240000000000002,5
2026-04-05 22:15:00+00:00,47.333333333333336,581.0,100.0,22.29,5
2026-04-05 22:20:00+00:00,46.333333333333336,584.0,100.0,22.325,5
2026-04-05 22:25:00+00:00,40.0,567.5,100.0,22.36,5
2026-04-05 22:30:00+00:00,41.666666666666664,564.0,100.0,22.39,5
2026-04-05 22:35:00+00:00,48.0,575.0,100.0,22.42,5
2026-04-05 22:40:00+00:00,47.333333333333336,555.5,100.0,22.439999999999998,5
2026-04-05 22:45:00+00:00,49.0,593.5,100.0,22.455,5
2026-04-05 22:50:00+00:00,44.333333333333336,566.0,100.0,22.47,5
2026-04-05 22:55:00+00:00,40.666666666666664,566.5,100.0,22.465,5
2026-04-05 23:00:00+00:00,41.0,558.5,100.0,22.48,5
2026-04-05 23:05:00+00:00,40.666666666666664,556.0,100.0,22.48,5
2026-04-05 23:10:00+00:00,40.0,585.5,100.0,22.48,5
2026-04-05 23:15:00+00:00,38.0,565.5,100.0,22.475,5
2026-04-05 23:20:00+00:00,36.666666666666664,571.5,100.0,22.48,5
2026-04-05 23:25:00+00:00,37.666666666666664,581.5,100.0,22.48,5
2026-04-05 23:30:00+00:00,34.333333333333336,572.5,100.0,22.490000000000002,5
2026-04-05 23:35:00+00:00,39.0,584.5,100.0,22.485,5
2026-04-05 23:40:00+00:00,41.333333333333336,558.0,100.0,22.5,5
2026-04-05 23:45:00+00:00,45.333333333333336,564.0,100.0,22.53,5
2026-04-05 23:50:00+00:00,49.0,567.5,100.0,22.555,5
2026-04-05 23:55:00+00:00,50.333333333333336,575.5,100.0,22.59,5
2026-04-06 00:00:00+00:00,54.333333333333336,573.0,100.0,22.634999999999998,5
2026-04-06 00:05:00+00:00,58.666666666666664,568.5,100.0,22.68,5
2026-04-06 00:10:00+00:00,61.0,568.0,100.0,22.73,5
2026-04-06 00:15:00+00:00,65.66666666666667,561.5,100.0,22.775,5
2026-04-06 00:20:00+00:00,65.0,564.0,100.0,22.83,5
2026-04-06 00:25:00+00:00,64.66666666666667,574.5,100.0,22.884999999999998,5
2026-04-06 00:30:00+00:00,71.33333333333333,557.5,100.0,22.935000000000002,5
2026-04-06 00:35:00+00:00,70.33333333333333,561.5,100.0,22.985,5
2026-04-06 00:40:00+00:00,71.33333333333333,554.5,100.0,23.060000000000002,5
2026-04-06 00:45:00+00:00,76.66666666666667,558.0,100.0,23.125,5
2026-04-06 00:50:00+00:00,80.33333333333333,547.5,100.0,23.185000000000002,5
2026-04-06 00:55:00+00:00,82.0,549.5,100.0,23.255000000000003,5
2026-04-06 01:00:00+00:00,85.0,555.0,100.0,23.325,5
2026-04-06 01:05:00+00:00,84.66666666666667,549.0,100.0,23.384999999999998,5
2026-04-06 01:10:00+00:00,88.33333333333333,557.0,100.0,23.465,5
2026-04-06 01:15:00+00:00,87.33333333333333,543.0,100.0,23.54,5
2026-04-06 01:20:00+00:00,91.66666666666667,563.0,100.0,23.63,5
2026-04-06 01:25:00+00:00,89.0,544.0,100.0,23.72,5
2026-04-06 01:30:00+00:00,94.33333333333333,559.5,100.0,23.814999999999998,5
2026-04-06 01:35:00+00:00,102.66666666666667,584.5,100.0,23.9,5
2026-04-06 01:40:00+00:00,107.33333333333333,551.5,100.0,23.994999999999997,5
2026-04-06 01:45:00+00:00,108.66666666666667,542.5,100.0,24.090000000000003,5
2026-04-06 01:50:00+00:00,109.0,545.0,100.0,24.17,5
2026-04-06 01:55:00+00:00,111.0,553.5,100.0,24.28,5
2026-04-06 02:00:00+00:00,114.0,546.0,100.0,24.384999999999998,5
2026-04-06 02:05:00+00:00,119.0,561.5,100.0,24.509999999999998,5
2026-04-06 02:10:00+00:00,126.66666666666667,537.0,100.0,24.645,5
2026-04-06 02:15:00+00:00,134.33333333333334,543.5,100.0,24.795,5
2026-04-06 02:20:00+00:00,143.0,542.0,100.0,24.97,5
2026-04-06 02:25:00+00:00,150.66666666666666,543.0,100.0,25.17,5
2026-04-06 02:30:00+00:00,162.33333333333334,521.5,100.0,25.36,5
2026-04-06 02:35:00+00:00,166.33333333333334,525.5,100.0,25.58,5
2026-04-06 02:40:00+00:00,177.0,536.5,100.0,25.8,5
2026-04-06 02:45:00+00:00,181.0,525.0,99.985,26.03,5
2026-04-06 02:50:00+00:00,194.0,514.0,99.745,26.244999999999997,5
2026-04-06 02:55:00+00:00,195.33333333333334,536.0,99.325,26.479999999999997,5
2026-04-06 03:00:00+00:00,204.66666666666666,531.5,98.805,26.69,5
2026-04-06 03:05:00+00:00,211.33333333333334,488.0,98.35,26.884999999999998,5
2026-04-06 03:10:00+00:00,218.33333333333334,511.5,97.595,27.08,5
2026-04-06 03:15:00+00:00,222.0,509.5,96.42,27.245,5
2026-04-06 03:20:00+00:00,226.0,509.0,95.37,27.395,5
2026-04-06 03:25:00+00:00,232.0,502.0,95.63,27.54,5
2026-04-06 03:30:00+00:00,236.33333333333334,489.0,95.17500000000001,27.68,5
2026-04-06 03:35:00+00:00,241.0,493.5,94.74000000000001,27.825000000000003,5
2026-04-06 03:40:00+00:00,240.33333333333334,501.5,94.315,27.93,5
2026-04-06 03:45:00+00:00,246.0,488.5,93.86000000000001,28.009999999999998,5
2026-04-06 03:50:00+00:00,254.33333333333334,494.0,93.985,28.11,5
2026-04-06 03:55:00+00:00,265.6666666666667,498.5,94.275,28.229999999999997,5
2026-04-06 04:00:00+00:00,278.6666666666667,487.0,93.75,28.38,5
2026-04-06 04:05:00+00:00,292.3333333333333,502.0,93.155,28.575,5
2026-04-06 04:10:00+00:00,304.0,497.0,93.025,28.78,5
2026-04-06 04:15:00+00:00,319.6666666666667,480.5,92.085,29.015,5
2026-04-06 04:20:00+00:00,327.3333333333333,492.5,91.55000000000001,29.26,5
2026-04-06 04:25:00+00:00,333.6666666666667,483.5,90.70500000000001,29.479999999999997,5
2026-04-06 04:30:00+00:00,345.0,470.5,89.61,29.700000000000003,5
2026-04-06 04:35:00+00:00,348.0,463.5,87.935,29.895,5
2026-04-06 04:40:00+00:00,349.0,489.0,86.14,30.049999999999997,5
2026-04-06 04:45:00+00:00,343.3333333333333,478.0,84.71000000000001,30.200000000000003,5
2026-04-06 04:50:00+00:00,351.3333333333333,482.5,84.145,30.355,5
2026-04-06 04:55:00+00:00,363.0,468.0,83.575,30.525,5
2026-04-06 05:00:00+00:00,361.6666666666667,463.5,82.625,30.700000000000003,5
2026-04-06 05:05:00+00:00,373.3333333333333,477.0,82.925,30.87,5
2026-04-06 05:10:00+00:00,377.0,482.0,81.85499999999999,31.05,5
2026-04-06 05:15:00+00:00,390.0,460.0,81.01499999999999,31.235,5
2026-04-06 05:20:00+00:00,397.6666666666667,487.0,80.855,31.38,5
2026-04-06 05:25:00+00:00,417.0,478.5,81.52,31.545,5
2026-04-06 05:30:00+00:00,402.6666666666667,465.5,80.695,31.695,5
2026-04-06 05:35:00+00:00,415.5,480.0,80.85499999999999,31.82,5
2026-04-06 05:40:00+00:00,414.6666666666667,463.5,80.375,31.945,5
2026-04-06 05:45:00+00:00,419.0,461.0,79.97,32.055,5
2026-04-06 05:50:00+00:00,422.6666666666667,460.5,80.0025,32.165,5
2026-04-06 05:55:00+00:00,433.0,456.0,80.035,32.28,5
2026-04-06 06:00:00+00:00,436.6666666666667,438.5,79.38,32.39,5
2026-04-06 06:05:00+00:00,446.6666666666667,458.5,80.5,32.525,5
2026-04-06 06:10:00+00:00,442.3333333333333,473.0,79.34,32.64,5
2026-04-06 06:15:00+00:00,443.0,461.0,78.22,32.75,5
2026-04-06 06:20:00+00:00,444.6666666666667,445.0,78.155,32.845,5
2026-04-06 06:25:00+00:00,441.0,462.5,76.25999999999999,32.96,5
2026-04-06 06:30:00+00:00,440.3333333333333,447.5,75.66499999999999,33.075,5
2026-04-06 06:35:00+00:00,446.6666666666667,450.0,75.565,33.18,5
2026-04-06 06:40:00+00:00,446.3333333333333,457.0,75.02,33.32,5
2026-04-06 06:45:00+00:00,454.6666666666667,446.0,74.80000000000001,33.445,5
2026-04-06 06:50:00+00:00,451.3333333333333,466.0,74.04,33.57,5
2026-04-06 06:55:00+00:00,463.3333333333333,466.0,74.31,33.66,5
2026-04-06 07:00:00+00:00,451.3333333333333,449.5,73.92500000000001,33.765,5
2026-04-06 07:05:00+00:00,470.6666666666667,442.0,73.91,33.875,5
2026-04-06 07:10:00+00:00,471.0,461.0,73.5,33.97,5
2026-04-06 07:15:00+00:00,470.0,437.0,73.46000000000001,34.055,5
2026-04-06 07:20:00+00:00,489.6666666666667,433.0,74.41,34.15,5
2026-04-06 07:25:00+00:00,487.3333333333333,448.5,74.3,34.235,5
2026-04-06 07:30:00+00:00,474.6666666666667,459.5,73.095,34.295,5
2026-04-06 07:35:00+00:00,486.3333333333333,476.5,72.74,34.345,5
2026-04-06 07:40:00+00:00,481.6666666666667,443.0,73.065,34.385000000000005,5
2026-04-06 07:45:00+00:00,485.6666666666667,458.0,72.6,34.41,5
2026-04-06 07:50:00+00:00,488.3333333333333,481.5,72.715,34.425,5
2026-04-06 07:55:00+00:00,484.0,475.0,72.83,34.46,5
2026-04-06 08:00:00+00:00,492.6666666666667,482.5,72.89500000000001,34.489999999999995,5
2026-04-06 08:05:00+00:00,495.6666666666667,493.0,72.875,34.519999999999996,5
2026-04-06 08:10:00+00:00,494.3333333333333,494.0,72.955,34.53,5
2026-04-06 08:15:00+00:00,506.0,515.0,73.155,34.55,5
2026-04-06 08:20:00+00:00,512.0,511.0,73.28,34.56,5
2026-04-06 08:25:00+00:00,519.3333333333334,503.5,73.23,34.595,5
2026-04-06 08:30:00+00:00,512.3333333333334,498.5,73.405,34.65,5
2026-04-06 08:35:00+00:00,516.3333333333334,514.5,73.61,34.65,5
2026-04-06 08:40:00+00:00,515.3333333333334,516.5,73.74000000000001,34.628,5
2026-04-06 08:45:00+00:00,518.3333333333334,515.0,73.39,34.606,5
2026-04-06 08:50:00+00:00,515.6666666666666,493.0,72.87,34.583999999999996,5
2026-04-06 08:55:00+00:00,516.3333333333334,490.0,72.57499999999999,34.562,5
2026-04-06 09:00:00+00:00,513.0,512.0,72.375,34.54,5
2026-04-06 09:05:00+00:00,503.0,512.0,72.55,34.49,5
2026-04-06 09:10:00+00:00,505.0,513.0,72.44333333333333,34.485,5
2026-04-06 09:15:00+00:00,502.6666666666667,524.0,72.33666666666667,34.41,5
2026-04-06 09:20:00+00:00,502.6666666666667,525.5,72.23,34.35,5
2026-04-06 09:25:00+00:00,509.3333333333333,530.5,72.62,34.3,5
2026-04-06 09:30:00+00:00,508.0,512.0,72.905,34.24,5
2026-04-06 09:35:00+00:00,499.3333333333333,513.0,73.095,34.165000000000006,5
2026-04-06 09:40:00+00:00,501.0,536.5,73.46000000000001,34.084999999999994,5
2026-04-06 09:45:00+00:00,499.3333333333333,560.0,73.805,34.019999999999996,5
2026-04-06 09:50:00+00:00,488.5,563.0,74.635,33.935,4
2026-04-06 09:55:00+00:00,479.25,563.0,74.71000000000001,33.879999999999995,4
2026-04-06 10:00:00+00:00,470.0,616.0,74.67,33.825,5
2026-04-06 10:05:00+00:00,494.0,602.5,74.69,33.74,5
2026-04-06 10:10:00+00:00,501.33333333333337,598.25,74.7,33.6875,0
2026-04-06 10:15:00+00:00,508.6666666666667,594.0,74.71000000000001,33.635000000000005,5
2026-04-06 10:20:00+00:00,500.3333333333333,616.5,74.695,33.51,5
2026-04-06 10:25:00+00:00,498.3333333333333,622.0,75.065,33.349999999999994,5
2026-04-06 10:30:00+00:00,481.0,617.5,75.235,33.19,5
2026-04-06 10:35:00+00:00,468.3333333333333,605.5,75.495,33.004999999999995,5
2026-04-06 10:40:00+00:00,431.5,624.5,75.675,32.825,5
2026-04-06 10:45:00+00:00,436.0,652.0,76.435,32.66,4
2026-04-06 10:50:00+00:00,481.6666666666667,680.0,76.81,32.54,5
2026-04-06 10:55:00+00:00,484.3333333333333,702.0,76.59,32.435,5
2026-04-06 11:00:00+00:00,472.0,701.5,77.08,32.365,5
2026-04-06 11:05:00+00:00,476.0,730.0,77.265,32.269999999999996,5
2026-04-06 11:10:00+00:00,468.0,810.5,77.375,32.185,5
2026-04-06 11:15:00+00:00,472.3333333333333,788.5,77.805,32.08,5
2026-04-06 11:20:00+00:00,477.6666666666667,912.0,78.30000000000001,31.994999999999997,5
2026-04-06 11:25:00+00:00,474.6666666666667,912.5,78.75,31.91,5
2026-04-06 11:30:00+00:00,469.3333333333333,918.0,78.89500000000001,31.83,5
2026-04-06 11:35:00+00:00,485.0,1027.0,79.41499999999999,31.75,5
2026-04-06 11:40:00+00:00,475.3333333333333,1101.0,79.745,31.68,5
2026-04-06 11:45:00+00:00,486.6666666666667,1172.0,79.5,31.605,5
2026-04-06 11:50:00+00:00,472.6666666666667,1074.5,80.455,31.54,5
2026-04-06 11:55:00+00:00,484.0,1237.0,80.5,31.48,5
2026-04-06 12:00:00+00:00,463.6666666666667,1070.0,80.545,31.39,5
2026-04-06 12:05:00+00:00,466.6666666666667,1012.0,80.05,31.315,5
2026-04-06 12:10:00+00:00,449.3333333333333,977.5,79.705,31.23,5
2026-04-06 12:15:00+00:00,445.0,971.0,79.83000000000001,31.14,5
2026-04-06 12:20:00+00:00,446.6666666666667,1015.5,79.94,31.075,5
2026-04-06 12:25:00+00:00,441.0,1043.5,80.16999999999999,31.025,5
2026-04-06 12:30:00+00:00,453.3333333333333,1092.5,80.53999999999999,30.975,5
2026-04-06 12:35:00+00:00,449.0,1079.5,80.33,30.945,5
2026-04-06 12:40:00+00:00,461.6666666666667,1116.5,80.6,30.935000000000002,5
2026-04-06 12:45:00+00:00,469.0,1091.5,80.675,30.92,5
2026-04-06 12:50:00+00:00,475.0,1361.5,81.33500000000001,30.935000000000002,5
2026-04-06 12:55:00+00:00,490.3333333333333,1515.0,81.81,30.93,5
2026-04-06 13:00:00+00:00,492.3333333333333,1361.0,81.92,30.925,5
2026-04-06 13:05:00+00:00,523.0,1447.5,82.19,30.925,5
2026-04-06 13:10:00+00:00,471.0,1534.0,82.285,30.91,4
2026-04-06 13:15:00+00:00,473.3333333333333,1318.0,81.295,30.91,5
2026-04-06 13:20:00+00:00,445.3333333333333,1309.5,79.91,30.92,5
2026-04-06 13:25:00+00:00,448.6666666666667,1301.0,79.615,30.89,5
2026-04-06 13:30:00+00:00,461.3333333333333,1368.0,80.225,30.875,5
2026-04-06 13:35:00+00:00,459.6666666666667,1362.5,80.695,30.855,5
2026-04-06 13:40:00+00:00,456.0,1209.0,80.565,30.82,5
2026-04-06 13:45:00+00:00,463.0,1425.5,81.095,30.79,5
2026-04-06 13:50:00+00:00,461.0,1363.5,81.16499999999999,30.755000000000003,5
2026-04-06 13:55:00+00:00,463.3333333333333,1448.0,81.36500000000001,30.72,5
2026-04-06 14:00:00+00:00,470.0,1540.5,81.59,30.685000000000002,5
2026-04-06 14:05:00+00:00,456.0,1412.5,81.465,30.655,5
2026-04-06 14:10:00+00:00,459.0,1494.5,81.935,30.619999999999997,5
2026-04-06 14:15:00+00:00,486.5,1604.5,82.105,30.59,5
2026-04-06 14:20:00+00:00,446.6666666666667,1408.0,82.025,30.564999999999998,5
2026-04-06 14:25:00+00:00,471.0,1652.0,82.53999999999999,30.54,5
2026-04-06 14:30:00+00:00,459.3333333333333,1486.0,82.265,30.525,5
2026-04-06 14:35:00+00:00,448.3333333333333,1395.5,82.38,30.52,5
2026-04-06 14:40:00+00:00,456.3333333333333,1392.0,82.245,30.509999999999998,5
2026-04-06 14:45:00+00:00,464.3333333333333,1352.5,81.96000000000001,30.490000000000002,5
2026-04-06 14:50:00+00:00,459.6666666666667,1614.0,82.495,30.494999999999997,5
2026-04-06 14:55:00+00:00,464.0,1682.0,82.41,30.505000000000003,5
2026-04-06 15:00:00+00:00,418.5,1443.0,82.03,30.545,4
2026-04-06 15:05:00+00:00,472.3333333333333,1410.5,81.83500000000001,30.619999999999997,5
2026-04-06 15:10:00+00:00,450.3333333333333,1313.5,81.64500000000001,30.64,5
2026-04-06 15:15:00+00:00,489.3333333333333,1834.5,82.435,30.619999999999997,5
2026-04-06 15:20:00+00:00,470.3333333333333,1658.5,82.415,30.6,5
2026-04-06 15:25:00+00:00,461.0,1567.5,82.12,30.575,5
2026-04-06 15:30:00+00:00,456.3333333333333,1583.0,81.91499999999999,30.54,5
2026-04-06 15:35:00+00:00,459.3333333333333,1463.5,82.35499999999999,30.5,5
2026-04-06 15:40:00+00:00,477.0,1715.0,83.0,30.47,5
2026-04-06 15:45:00+00:00,473.3333333333333,1658.5,83.255,30.439999999999998,5
2026-04-06 15:50:00+00:00,493.6666666666667,1807.5,83.57,30.41,5
2026-04-06 15:55:00+00:00,480.3333333333333,1610.5,82.985,30.375,5
2026-04-06 16:00:00+00:00,478.6666666666667,1648.0,82.71000000000001,30.34,5
2026-04-06 16:05:00+00:00,482.6666666666667,1722.5,83.095,30.325,5
2026-04-06 16:10:00+00:00,473.0,1734.0,83.50999999999999,30.3,5
2026-04-06 16:15:00+00:00,483.6666666666667,1804.0,83.945,30.28,5
2026-04-06 16:20:00+00:00,471.3333333333333,1650.5,83.57,30.265,5
2026-04-06 16:25:00+00:00,488.6666666666667,1872.5,83.65,30.240000000000002,5
2026-04-06 16:30:00+00:00,434.0,1870.5,83.425,30.205,5
2026-04-06 16:35:00+00:00,474.3333333333333,1700.5,83.4,30.185000000000002,5
2026-04-06 16:40:00+00:00,463.0,1707.5,83.595,30.14,5
2026-04-06 16:45:00+00:00,463.3333333333333,1762.0,83.635,30.119999999999997,5
2026-04-06 16:50:00+00:00,470.3333333333333,1854.5,83.78,30.105,5
2026-04-06 16:55:00+00:00,486.6666666666667,1782.0,82.02,30.09,5
2026-04-06 17:00:00+00:00,482.6666666666667,1995.5,82.67166666666667,30.085,5
2026-04-06 17:05:00+00:00,500.5,1907.25,83.32333333333332,30.08,5
2026-04-06 17:10:00+00:00,461.0,1819.0,83.975,30.064999999999998,5
2026-04-06 17:15:00+00:00,465.6666666666667,1846.0,83.63,30.045,5
2026-04-06 17:20:00+00:00,449.6666666666667,1482.0,83.06,30.03,5
2026-04-06 17:25:00+00:00,438.0,1606.0,82.925,30.035,5
2026-04-06 17:30:00+00:00,436.6666666666667,1736.5,83.13,30.009999999999998,5
2026-04-06 17:35:00+00:00,438.6666666666667,1780.5,83.205,30.02,5
2026-04-06 17:40:00+00:00,441.0,1765.5,83.355,30.035,5
2026-04-06 17:45:00+00:00,444.6666666666667,1763.0,83.28,30.04,5
2026-04-06 17:50:00+00:00,439.0,1770.5,83.375,30.07,5
2026-04-06 17:55:00+00:00,440.0,1786.5,82.74000000000001,30.049999999999997,5
2026-04-06 18:00:00+00:00,431.3333333333333,1784.5,82.845,30.035,5
2026-04-06 18:05:00+00:00,437.0,1834.5,82.95,30.015,5
2026-04-06 18:10:00+00:00,428.0,1566.5,81.0,30.02,5
2026-04-06 18:15:00+00:00,441.3333333333333,1829.5,82.61000000000001,30.0,5
2026-04-06 18:20:00+00:00,418.3333333333333,1597.5,82.11,29.98,5
2026-04-06 18:25:00+00:00,426.0,1726.0,82.46000000000001,29.95,5
2026-04-06 18:30:00+00:00,428.3333333333333,1735.5,82.425,29.924999999999997,5
2026-04-06 18:35:00+00:00,435.3333333333333,1911.5,83.09,29.91,5
2026-04-06 18:40:00+00:00,439.3333333333333,1773.0,82.83500000000001,29.89,5
2026-04-06 18:45:00+00:00,445.6666666666667,1781.0,82.655,29.89,5
2026-04-06 18:50:00+00:00,450.3333333333333,2017.0,83.37,29.869999999999997,5
2026-04-06 18:55:00+00:00,462.6666666666667,1996.0,83.07,29.835,5
2026-04-06 19:00:00+00:00,447.0,1930.0,83.625,29.810000000000002,5
2026-04-06 19:05:00+00:00,452.3333333333333,1967.0,83.64,29.785,5
2026-04-06 19:10:00+00:00,456.3333333333333,1865.5,83.19999999999999,29.77,5
2026-04-06 19:15:00+00:00,453.0,1895.5,83.30000000000001,29.755000000000003,5
2026-04-06 19:20:00+00:00,466.6666666666667,2012.0,83.07,29.725,5
2026-04-06 19:25:00+00:00,441.0,1827.0,83.185,29.705,5
2026-04-06 19:30:00+00:00,461.0,1969.0,83.275,29.665,5
2026-04-06 19:35:00+00:00,435.6666666666667,1774.5,83.22,29.635,5
2026-04-06 19:40:00+00:00,438.3333333333333,1889.5,83.255,29.615000000000002,5
2026-04-06 19:45:00+00:00,455.0,1897.0,83.21000000000001,29.59,5
2026-04-06 19:50:00+00:00,391.0,1808.5,83.35499999999999,29.625,5
2026-04-06 19:55:00+00:00,437.0,1793.5,82.995,29.605,5
2026-04-06 20:00:00+00:00,456.0,2018.0,83.07,29.57,5
2026-04-06 20:05:00+00:00,447.0,1924.0,83.215,29.59,5
2026-04-06 20:10:00+00:00,472.6666666666667,1879.0,83.3,29.58,5
2026-04-06 20:15:00+00:00,454.0,1840.0,83.08500000000001,29.545,5
2026-04-06 20:20:00+00:00,449.0,1748.0,83.015,29.55,5
2026-04-06 20:25:00+00:00,453.0,1710.0,83.0,29.545,5
2026-04-06 20:30:00+00:00,444.0,1740.0,82.805,29.54,5
2026-04-06 20:35:00+00:00,471.0,1901.5,83.055,29.53,5
2026-04-06 20:40:00+00:00,478.6666666666667,1967.5,83.315,29.509999999999998,5
2026-04-06 20:45:00+00:00,462.3333333333333,1747.5,83.1,29.509999999999998,5
2026-04-06 20:50:00+00:00,470.3333333333333,1761.0,82.97999999999999,29.47,5
2026-04-06 20:55:00+00:00,466.0,1847.0,83.19,29.455,5
2026-04-06 21:00:00+00:00,469.0,1868.0,83.295,29.43,5
2026-04-06 21:05:00+00:00,460.6666666666667,1815.0,83.07499999999999,29.415,5
2026-04-06 21:10:00+00:00,361.5,1689.5,82.86000000000001,29.42,4
2026-04-06 21:15:00+00:00,494.3333333333333,1780.0,83.24000000000001,29.39,5
2026-04-06 21:20:00+00:00,482.6666666666667,1966.5,83.045,29.369999999999997,5
2026-04-06 21:25:00+00:00,469.6666666666667,1788.5,82.9,29.355,5
2026-04-06 21:30:00+00:00,476.3333333333333,1717.0,82.86500000000001,29.34,5
2026-04-06 21:35:00+00:00,487.3333333333333,1761.0,82.44999999999999,29.314999999999998,5
2026-04-06 21:40:00+00:00,506.6666666666667,1928.0,82.83500000000001,29.28,5
2026-04-06 21:45:00+00:00,473.0,1698.0,82.38,29.259999999999998,5
2026-04-06 21:50:00+00:00,511.0,1883.0,83.08500000000001,29.255000000000003,5
2026-04-06 21:55:00+00:00,510.3333333333333,1777.0,82.87,29.25,5
2026-04-06 22:00:00+00:00,476.0,1713.5,82.685,29.215,5
2026-04-06 22:05:00+00:00,529.6666666666666,2002.5,82.91,29.18,5
2026-04-06 22:10:00+00:00,443.5,1885.0,82.8,29.18,4
2026-04-06 22:15:00+00:00,509.3333333333333,1858.5,82.88499999999999,29.175,5
2026-04-06 22:20:00+00:00,530.0,1846.5,82.85,29.16,5
2026-04-06 22:25:00+00:00,524.0,1785.5,82.895,29.16,5
2026-04-06 22:30:00+00:00,553.0,1765.0,82.86500000000001,29.15,5
2026-04-06 22:35:00+00:00,549.3333333333334,1945.0,83.495,29.134999999999998,5
2026-04-06 22:40:00+00:00,510.0,1779.5,83.34,29.13,5
2026-04-06 22:45:00+00:00,532.3333333333334,1808.0,83.35499999999999,29.134999999999998,5
2026-04-06 22:50:00+00:00,575.0,1977.0,83.5,29.145,5
2026-04-06 22:55:00+00:00,538.3333333333334,1749.5,83.15,29.14,5
2026-04-06 23:00:00+00:00,584.3333333333334,1809.0,83.45500000000001,29.145,5
2026-04-06 23:05:00+00:00,603.6666666666666,2019.0,83.645,29.159999999999997,5
2026-04-06 23:10:00+00:00,587.0,1886.5,83.83500000000001,29.17,5
2026-04-06 23:15:00+00:00,591.0,1846.0,83.465,29.165,5
2026-04-06 23:20:00+00:00,598.3333333333334,1927.5,83.405,29.155,5
2026-04-06 23:25:00+00:00,594.0,1832.0,83.33000000000001,29.15,5
2026-04-06 23:30:00+00:00,618.6666666666666,1904.5,83.45,29.15,5
2026-04-06 23:35:00+00:00,642.6666666666666,1927.5,84.105,29.18,5
2026-04-06 23:40:00+00:00,694.0,1837.75,85.45,29.2,5
2026-04-06 23:45:00+00:00,542.0,1748.0,83.565,29.229999999999997,4
2026-04-06 23:50:00+00:00,782.0,1885.5,84.105,29.240000000000002,5
2026-04-06 23:55:00+00:00,562.5,1738.0,83.75,29.27,5
2026-04-07 00:00:00+00:00,776.0,1786.0,84.28,29.32,5
2026-04-07 00:05:00+00:00,683.0,1834.0,84.47,29.49,4
2026-04-07 00:10:00+00:00,590.0,1798.0,85.035,29.265,5
2026-04-07 00:15:00+00:00,541.6666666666666,1676.5,85.18,29.244999999999997,5
2026-04-07 00:20:00+00:00,482.6666666666667,1423.5,85.035,29.23,5
2026-04-07 00:25:00+00:00,464.0,1366.5,85.155,29.22,5
2026-04-07 00:30:00+00:00,446.3333333333333,1255.0,84.91499999999999,29.21,5
2026-04-07 00:35:00+00:00,434.6666666666667,1248.0,85.055,29.22,5
2026-04-07 00:40:00+00:00,431.6666666666667,1172.0,85.22999999999999,29.245,5
2026-04-07 00:45:00+00:00,435.3333333333333,1152.0,85.44,29.275,5
2026-04-07 00:50:00+00:00,426.3333333333333,1114.0,85.475,29.335,5
2026-04-07 00:55:00+00:00,428.6666666666667,1090.0,85.6,29.385,5
2026-04-07 01:00:00+00:00,422.3333333333333,1106.0,87.07,29.47,5
2026-04-07 01:05:00+00:00,449.0,1093.5,86.96,29.58,5
2026-04-07 01:10:00+00:00,439.3333333333333,1060.0,86.85,29.695,5
2026-04-07 01:15:00+00:00,415.0,1008.0,85.82,29.810000000000002,5
2026-04-07 01:20:00+00:00,393.3333333333333,998.25,84.49000000000001,29.91,5
2026-04-07 01:25:00+00:00,393.6666666666667,988.5,84.35,30.025,5
2026-04-07 01:30:00+00:00,357.0,966.0,84.16499999999999,30.13,4
2026-04-07 01:35:00+00:00,344.0,893.0,83.43,30.22,4
2026-04-07 01:40:00+00:00,416.6666666666667,841.0,82.5,30.285,5
2026-04-07 01:45:00+00:00,405.6666666666667,851.0,82.5,30.384999999999998,5
2026-04-07 01:50:00+00:00,412.3333333333333,829.0,82.495,30.48,5
2026-04-07 01:55:00+00:00,396.6666666666667,785.5,82.22,30.555,5
2026-04-07 02:00:00+00:00,417.3333333333333,818.5,82.18,30.665,5
2026-04-07 02:05:00+00:00,426.3333333333333,819.5,81.86500000000001,30.810000000000002,5
2026-04-07 02:10:00+00:00,413.6666666666667,787.5,81.545,30.95,5
2026-04-07 02:15:00+00:00,418.0,754.5,81.14500000000001,31.105,5
2026-04-07 02:20:00+00:00,400.0,777.0,80.795,31.255,5
2026-04-07 02:25:00+00:00,412.3333333333333,729.5,80.22999999999999,31.4,5
2026-04-07 02:30:00+00:00,412.0,704.5,79.735,31.564999999999998,5
2026-04-07 02:35:00+00:00,434.0,763.0,79.73,31.729999999999997,5
2026-04-07 02:40:00+00:00,415.3333333333333,701.0,79.185,31.875,5
2026-04-07 02:45:00+00:00,390.3333333333333,646.0,77.935,32.025,5
2026-04-07 02:50:00+00:00,361.3333333333333,579.0,76.83500000000001,32.115,5
2026-04-07 02:55:00+00:00,365.6666666666667,596.0,76.435,32.19,5
2026-04-07 03:00:00+00:00,354.0,576.0,75.75,32.235,5
2026-04-07 03:05:00+00:00,339.0,557.0,75.565,32.275,5
2026-04-07 03:10:00+00:00,344.6666666666667,580.5,75.22,32.315,5
2026-04-07 03:15:00+00:00,343.6666666666667,572.0,74.69,32.355000000000004,5
2026-04-07 03:20:00+00:00,342.0,575.5,74.72999999999999,32.415,5
2026-04-07 03:25:00+00:00,336.0,519.0,74.35499999999999,32.489999999999995,5
2026-04-07 03:30:00+00:00,348.3333333333333,536.5,74.63499999999999,32.614999999999995,5
2026-04-07 03:35:00+00:00,355.0,530.5,74.715,32.72,5
2026-04-07 03:40:00+00:00,357.3333333333333,544.5,74.025,32.84,5
2026-04-07 03:45:00+00:00,358.3333333333333,526.5,73.44,32.965,5
2026-04-07 03:50:00+00:00,363.3333333333333,518.0,72.445,33.085,5
2026-04-07 03:55:00+00:00,365.3333333333333,535.5,71.44,33.19,5
2026-04-07 04:00:00+00:00,359.6666666666667,522.0,70.43,33.28,5
2026-04-07 04:05:00+00:00,362.3333333333333,528.0,69.495,33.370000000000005,5
2026-04-07 04:10:00+00:00,377.0,528.5,68.825,33.45,5
2026-04-07 04:15:00+00:00,374.3333333333333,522.0,68.245,33.55,5
2026-04-07 04:20:00+00:00,379.6666666666667,519.0,67.955,33.66,5
2026-04-07 04:25:00+00:00,380.6666666666667,517.5,67.53,33.805,5
2026-04-07 04:30:00+00:00,381.0,499.5,66.92,33.93,5
2026-04-07 04:35:00+00:00,386.3333333333333,492.5,66.88499999999999,34.065,5
2026-04-07 04:40:00+00:00,388.6666666666667,487.5,67.16,34.175,5
2026-04-07 04:45:00+00:00,392.0,466.0,66.99,34.25,5
2026-04-07 04:50:00+00:00,383.0,479.0,65.655,34.33,5
2026-04-07 04:55:00+00:00,386.0,473.0,65.21000000000001,34.405,5
2026-04-07 05:00:00+00:00,387.3333333333333,495.0,64.83,34.455,5
2026-04-07 05:05:00+00:00,378.0,492.0,64.44,34.525000000000006,4
2026-04-07 05:10:00+00:00,393.0,471.0,64.05,34.615,5
2026-04-07 05:15:00+00:00,391.0,483.5,63.465,34.715,5
2026-04-07 05:20:00+00:00,388.3333333333333,477.0,62.44,34.83,5
2026-04-07 05:25:00+00:00,385.3333333333333,460.0,61.45,34.945,5
2026-04-07 05:30:00+00:00,380.6666666666667,474.5,60.505,35.01,5
2026-04-07 05:35:00+00:00,393.3333333333333,480.0,60.305,35.115,5
2026-04-07 05:40:00+00:00,377.3333333333333,471.5,58.55,35.215,5
2026-04-07 05:45:00+00:00,404.3333333333333,469.5,59.545,35.325,5
2026-04-07 05:50:00+00:00,393.5,469.5,57.89,35.445,5
2026-04-07 05:55:00+00:00,398.3333333333333,468.0,58.435,35.565,5
2026-04-07 06:00:00+00:00,430.3333333333333,489.5,58.98,35.725,5
2026-04-07 06:05:00+00:00,460.3333333333333,508.0,58.91,35.93,5
2026-04-07 06:10:00+00:00,504.6666666666667,552.0,58.650000000000006,36.175,5
2026-04-07 06:15:00+00:00,532.3333333333334,618.5,58.555,36.415,5
2026-04-07 06:20:00+00:00,591.3333333333334,659.5,58.71,36.675,5
2026-04-07 06:25:00+00:00,630.3333333333334,656.0,58.94,36.915,5
2026-04-07 06:30:00+00:00,624.0,689.0,59.370000000000005,37.144999999999996,5
2026-04-07 06:35:00+00:00,649.0,679.0,59.92,37.379999999999995,5
2026-04-07 06:40:00+00:00,696.3333333333334,711.5,59.585,37.6,5
2026-04-07 06:45:00+00:00,700.0,696.5,59.44,37.8,5
2026-04-07 06:50:00+00:00,704.0,729.0,59.19,37.989999999999995,5
2026-04-07 06:55:00+00:00,724.3333333333334,762.0,59.155,38.17,5
2026-04-07 07:00:00+00:00,719.5,761.5,59.06,38.32,5
2026-04-07 07:05:00+00:00,728.0,763.0,58.835,38.43,4
2026-04-07 07:10:00+00:00,747.3333333333334,761.0,58.6,38.545,5
2026-04-07 07:15:00+00:00,767.0,807.0,58.71,38.65,4
2026-04-07 07:20:00+00:00,767.5,782.0,58.8,38.739999999999995,5
2026-04-07 07:25:00+00:00,781.3333333333334,810.0,58.67,38.815,5
2026-04-07 07:30:00+00:00,787.6666666666666,823.5,58.55,38.885000000000005,5
2026-04-07 07:35:00+00:00,791.3333333333334,821.0,58.295,38.94,5
2026-04-07 07:40:00+00:00,773.0,819.0,58.315,38.943749999999994,5
2026-04-07 07:45:00+00:00,771.0,799.0,58.010000000000005,38.9475,5
2026-04-07 07:50:00+00:00,797.0,843.0,58.18,38.95125,5
2026-04-07 07:55:00+00:00,779.0,832.5,58.295,38.955,5
2026-04-07 08:00:00+00:00,773.6666666666666,849.5,58.25,38.958749999999995,5
2026-04-07 08:05:00+00:00,802.3333333333334,839.0,58.31,38.9625,5
2026-04-07 08:10:00+00:00,777.6666666666666,836.0,58.595,38.96625,5
2026-04-07 08:15:00+00:00,793.5,844.5,58.745000000000005,38.97,5
2026-04-07 08:20:00+00:00,778.3333333333334,849.0,58.93,38.93,5
2026-04-07 08:25:00+00:00,765.3333333333334,860.5,59.095,38.86,5
2026-04-07 08:30:00+00:00,759.3333333333334,850.5,59.37,38.8,5
2026-04-07 08:35:00+00:00,781.0,862.0,59.769999999999996,38.745000000000005,5
2026-04-07 08:40:00+00:00,800.0,855.5,59.935,38.665,5
2026-04-07 08:45:00+00:00,792.6666666666666,845.0,59.75,38.595,5
2026-04-07 08:50:00+00:00,796.0,869.0,60.195,38.51,5
2026-04-07 08:55:00+00:00,797.3333333333334,880.0,60.385000000000005,38.425,5
2026-04-07 09:00:00+00:00,749.0,882.0,60.93,38.335,4
2026-04-07 09:05:00+00:00,804.0,864.0,60.965,38.230000000000004,4
2026-04-07 09:10:00+00:00,782.5,899.0,61.239999999999995,38.125,5
2026-04-07 09:15:00+00:00,759.3333333333334,870.0,61.305,38.0,5
2026-04-07 09:20:00+00:00,753.3333333333334,917.5,61.599999999999994,37.85,5
2026-04-07 09:25:00+00:00,718.0,892.5,61.78,37.68,5
2026-04-07 09:30:00+00:00,733.0,894.0,61.845,37.49,5
2026-04-07 09:35:00+00:00,431.3333333333333,545.5,57.82,37.2,5
2026-04-07 09:40:00+00:00,376.0,488.5,57.99166666666667,36.76,5
2026-04-07 09:45:00+00:00,369.3333333333333,478.0,58.163333333333334,36.245000000000005,5
2026-04-07 09:50:00+00:00,359.3333333333333,485.0,58.335,35.760000000000005,5
2026-04-07 09:55:00+00:00,345.3333333333333,497.5,59.565,35.295,5
2026-04-07 10:00:00+00:00,344.3333333333333,485.0,60.995,34.875,5
2026-04-07 10:05:00+00:00,336.3333333333333,475.5,62.265,34.485,5
2026-04-07 10:10:00+00:00,322.6666666666667,491.0,63.480000000000004,34.105000000000004,5
2026-04-07 10:15:00+00:00,324.3333333333333,476.5,64.36500000000001,33.745,5
2026-04-07 10:20:00+00:00,310.6666666666667,467.5,64.89,33.355000000000004,5
2026-04-07 10:25:00+00:00,301.3333333333333,496.0,65.645,33.055,5
2026-04-07 10:30:00+00:00,301.3333333333333,492.0,66.535,32.8,5
2026-04-07 10:35:00+00:00,297.3333333333333,474.0,67.08,32.59,5
2026-04-07 10:40:00+00:00,295.6666666666667,500.0,67.51,32.395,5
2026-04-07 10:45:00+00:00,299.0,513.5,67.97999999999999,32.215,5
2026-04-07 10:50:00+00:00,315.0,522.5,68.4,32.05,5
2026-04-07 10:55:00+00:00,303.6666666666667,520.0,68.73,31.895,5
2026-04-07 11:00:00+00:00,312.0,512.5,69.235,31.740000000000002,5
2026-04-07 11:05:00+00:00,297.0,529.5,69.685,31.58,5
2026-04-07 11:10:00+00:00,292.6666666666667,521.5,69.995,31.435000000000002,5
2026-04-07 11:15:00+00:00,292.3333333333333,555.5,70.395,31.27,5
2026-04-07 11:20:00+00:00,292.6666666666667,556.5,70.6,31.134999999999998,5
2026-04-07 11:25:00+00:00,295.6666666666667,545.5,70.91,31.005000000000003,5
2026-04-07 11:30:00+00:00,288.6666666666667,557.0,70.97,30.87,5
2026-04-07 11:35:00+00:00,284.6666666666667,579.0,71.35,30.735,5
2026-04-07 11:40:00+00:00,282.6666666666667,556.0,71.435,30.6,5
2026-04-07 11:45:00+00:00,288.0,568.0,71.775,30.46,5
2026-04-07 11:50:00+00:00,272.6666666666667,544.5,71.82,30.34,5
2026-04-07 11:55:00+00:00,266.0,552.0,71.975,30.21,5
2026-04-07 12:00:00+00:00,262.6666666666667,546.0,72.33,30.095,5
2026-04-07 12:05:00+00:00,258.0,540.0,72.62,29.975,5
2026-04-07 12:10:00+00:00,258.3333333333333,547.5,72.99000000000001,29.869999999999997,5
2026-04-07 12:15:00+00:00,259.0,544.5,73.28,29.759999999999998,5
2026-04-07 12:20:00+00:00,254.33333333333334,566.5,73.695,29.67,5
2026-04-07 12:25:00+00:00,260.0,556.0,74.07499999999999,29.575,5
2026-04-07 12:30:00+00:00,264.0,560.0,74.45,29.515,5
2026-04-07 12:35:00+00:00,254.66666666666666,550.0,74.815,29.42,5
2026-04-07 12:40:00+00:00,252.33333333333334,544.0,75.22999999999999,29.35,5
2026-04-07 12:45:00+00:00,257.0,595.0,75.695,29.295,5
2026-04-07 12:50:00+00:00,257.6666666666667,542.0,76.0,29.22,5
2026-04-07 12:55:00+00:00,253.33333333333334,553.5,76.315,29.16,5
2026-04-07 13:00:00+00:00,247.0,569.0,76.685,29.09,5
2026-04-07 13:05:00+00:00,264.3333333333333,560.0,76.96000000000001,29.049999999999997,5
2026-04-07 13:10:00+00:00,264.0,551.0,77.105,28.994999999999997,5
2026-04-07 13:15:00+00:00,268.3333333333333,558.0,77.28999999999999,28.935,5
2026-04-07 13:20:00+00:00,265.3333333333333,552.0,77.445,28.89,5
2026-04-07 13:25:00+00:00,264.6666666666667,575.5,77.7,28.86,5
2026-04-07 13:30:00+00:00,265.6666666666667,591.5,77.97,28.795,5
2026-04-07 13:35:00+00:00,270.0,571.5,78.155,28.759999999999998,5
2026-04-07 13:40:00+00:00,272.0,566.0,78.285,28.71,5
2026-04-07 13:45:00+00:00,264.0,585.5,78.515,28.68,5
2026-04-07 13:50:00+00:00,272.3333333333333,594.5,78.72,28.630000000000003,5
2026-04-07 13:55:00+00:00,273.3333333333333,619.0,78.985,28.59,5
2026-04-07 14:00:00+00:00,281.6666666666667,612.0,79.255,28.545,5
2026-04-07 14:05:00+00:00,262.3333333333333,612.0,79.485,28.494999999999997,5
2026-04-07 14:10:00+00:00,265.0,603.5,79.68,28.46,5
2026-04-07 14:15:00+00:00,254.66666666666666,621.5,79.88499999999999,28.41,5
2026-04-07 14:20:00+00:00,265.0,635.5,80.3,28.375,5
2026-04-07 14:25:00+00:00,266.6666666666667,655.5,80.58500000000001,28.325,5
2026-04-07 14:30:00+00:00,256.6666666666667,635.0,80.72,28.299999999999997,5
2026-04-07 14:35:00+00:00,268.6666666666667,648.5,80.83,28.259999999999998,5
2026-04-07 14:40:00+00:00,269.0,638.0,81.095,28.23,5
2026-04-07 14:45:00+00:00,268.0,619.0,81.265,28.175,5
2026-04-07 14:50:00+00:00,274.6666666666667,627.0,81.41,28.14,5
2026-04-07 14:55:00+00:00,273.0,628.0,81.535,28.115000000000002,5
2026-04-07 15:00:00+00:00,269.6666666666667,631.5,81.495,28.049999999999997,5
2026-04-07 15:05:00+00:00,269.6666666666667,640.0,81.52000000000001,28.02,5
2026-04-07 15:10:00+00:00,268.6666666666667,638.0,81.60499999999999,27.98,5
2026-04-07 15:15:00+00:00,270.3333333333333,669.5,81.73,27.935,5
2026-04-07 15:20:00+00:00,274.3333333333333,637.0,81.875,27.905,5
2026-04-07 15:25:00+00:00,265.6666666666667,664.5,82.0,27.865000000000002,5
2026-04-07 15:30:00+00:00,256.6666666666667,648.5,82.075,27.814999999999998,5
2026-04-07 15:35:00+00:00,256.0,657.5,82.22,27.78,5
2026-04-07 15:40:00+00:00,252.0,664.0,82.35499999999999,27.735,5
2026-04-07 15:45:00+00:00,250.66666666666666,644.5,82.53999999999999,27.685000000000002,5
2026-04-07 15:50:00+00:00,257.6666666666667,649.5,82.78,27.655,5
2026-04-07 15:55:00+00:00,269.6666666666667,669.5,82.955,27.619999999999997,5
2026-04-07 16:00:00+00:00,248.66666666666666,651.0,83.225,27.595,5
2026-04-07 16:05:00+00:00,245.33333333333334,629.5,83.68,27.57,5
2026-04-07 16:10:00+00:00,244.33333333333334,651.0,84.28999999999999,27.555,5
2026-04-07 16:15:00+00:00,243.33333333333334,647.5,84.675,27.545,5
2026-04-07 16:20:00+00:00,248.33333333333334,676.0,84.87,27.545,5
2026-04-07 16:25:00+00:00,244.0,649.5,84.93,27.545,5
2026-04-07 16:30:00+00:00,249.0,653.0,84.96000000000001,27.55,5
2026-04-07 16:35:00+00:00,242.33333333333334,660.5,84.925,27.55,5
2026-04-07 16:40:00+00:00,236.33333333333334,643.5,84.955,27.535,5
2026-04-07 16:45:00+00:00,240.0,662.5,85.025,27.535,5
2026-04-07 16:50:00+00:00,239.33333333333334,681.5,85.02,27.52,5
2026-04-07 16:55:00+00:00,227.66666666666666,668.5,85.1,27.505000000000003,5
2026-04-07 17:00:00+00:00,230.33333333333334,667.0,85.14,27.490000000000002,5
2026-04-07 17:05:00+00:00,232.33333333333334,660.5,85.185,27.465,5
2026-04-07 17:10:00+00:00,244.33333333333334,700.0,85.455,27.439999999999998,5
2026-04-07 17:15:00+00:00,229.33333333333334,636.0,85.47,27.41,5
2026-04-07 17:20:00+00:00,232.33333333333334,653.0,85.545,27.384999999999998,5
2026-04-07 17:25:00+00:00,218.66666666666666,659.0,85.66,27.365000000000002,5
2026-04-07 17:30:00+00:00,219.33333333333334,659.5,85.785,27.34,5
2026-04-07 17:35:00+00:00,221.66666666666666,677.0,85.955,27.3,5
2026-04-07 17:40:00+00:00,210.66666666666666,727.5,85.995,27.28,5
2026-04-07 17:45:00+00:00,231.66666666666666,715.5,86.02000000000001,27.255,5
2026-04-07 17:50:00+00:00,260.0,717.5,86.11,27.205,5
2026-04-07 17:55:00+00:00,228.5,691.5,86.15,27.18,5
2026-04-07 18:00:00+00:00,262.0,686.5,86.19,27.130000000000003,5
2026-04-07 18:05:00+00:00,233.0,698.5,86.325,27.1,5
2026-04-07 18:10:00+00:00,264.6666666666667,662.0,86.35,27.064999999999998,5
2026-04-07 18:15:00+00:00,268.3333333333333,689.5,86.465,27.025,5
2026-04-07 18:20:00+00:00,263.3333333333333,698.5,86.58,26.985,5
2026-04-07 18:25:00+00:00,254.0,690.0,86.775,26.945,5
2026-04-07 18:30:00+00:00,267.6666666666667,672.5,86.83500000000001,26.9,5
2026-04-07 18:35:00+00:00,221.0,722.0,87.05,26.845,5
2026-04-07 18:40:00+00:00,246.0,696.5,87.27,26.805,5
2026-04-07 18:45:00+00:00,242.0,703.5,87.475,26.75,5
2026-04-07 18:50:00+00:00,209.66666666666666,678.5,87.56,26.71,5
2026-04-07 18:55:00+00:00,212.33333333333334,705.5,87.675,26.66,5
2026-04-07 19:00:00+00:00,218.33333333333334,716.5,87.87,26.615000000000002,5
2026-04-07 19:05:00+00:00,203.0,722.5,88.035,26.575,5
2026-04-07 19:10:00+00:00,229.66666666666666,702.0,88.19,26.53,5
2026-04-07 19:15:00+00:00,215.0,670.0,88.32,26.5,5
2026-04-07 19:20:00+00:00,236.33333333333334,689.0,88.435,26.45,5
2026-04-07 19:25:00+00:00,259.3333333333333,674.0,88.5,26.405,5
2026-04-07 19:30:00+00:00,248.66666666666666,673.0,88.725,26.365000000000002,5
2026-04-07 19:35:00+00:00,270.0,666.5,88.9,26.325,5
2026-04-07 19:40:00+00:00,278.3333333333333,700.5,89.13,26.285,5
2026-04-07 19:45:00+00:00,236.0,696.0,89.425,26.255000000000003,5
2026-04-07 19:50:00+00:00,262.5,687.5,89.75999999999999,26.21,5
2026-04-07 19:55:00+00:00,255.33333333333334,683.0,90.00999999999999,26.18,5
2026-04-07 20:00:00+00:00,264.5,681.0,90.005,26.15,5
2026-04-07 20:05:00+00:00,191.0,697.5,90.14,26.11,5
2026-04-07 20:10:00+00:00,176.66666666666666,725.0,90.06,26.07,5
2026-04-07 20:15:00+00:00,198.33333333333334,760.5,89.96,26.02,5
2026-04-07 20:20:00+00:00,184.0,757.5,90.02,26.0375,5
2026-04-07 20:25:00+00:00,184.0,730.0,90.14,26.055,5
2026-04-07 20:30:00+00:00,185.0,730.5,90.48,26.072499999999998,5
2026-04-07 20:35:00+00:00,200.0,781.0,90.53,26.09,5
2026-04-07 20:40:00+00:00,189.66666666666666,842.0,90.58,26.1075,5
2026-04-07 20:45:00+00:00,243.0,763.0,90.5,26.125,5
2026-04-07 20:50:00+00:00,221.0,786.0,90.625,26.1425,5
2026-04-07 20:55:00+00:00,240.33333333333334,810.5,90.5,26.16,5
2026-04-07 21:00:00+00:00,227.66666666666666,797.5,90.265,26.19,5
2026-04-07 21:05:00+00:00,231.5,767.0,90.12,26.26,5
2026-04-07 21:10:00+00:00,222.0,750.0,90.0,26.315,5
2026-04-07 21:15:00+00:00,228.0,769.0,89.825,26.380000000000003,5
2026-04-07 21:20:00+00:00,224.33333333333334,768.5,89.58,26.45,5
2026-04-07 21:25:00+00:00,214.33333333333334,800.0,89.125,26.465,5
2026-04-07 21:30:00+00:00,196.66666666666666,827.0,88.8,26.509999999999998,5
2026-04-07 21:35:00+00:00,181.0,849.5,88.645,26.53,5
2026-04-07 21:40:00+00:00,176.0,813.0,88.525,26.545,5
2026-04-07 21:45:00+00:00,170.66666666666666,798.0,88.47,26.555,5
2026-04-07 21:50:00+00:00,172.0,791.0,88.565,26.55,5
2026-04-07 21:55:00+00:00,173.33333333333331,798.25,88.6875,26.567500000000003,0
2026-04-07 22:00:00+00:00,174.66666666666666,805.5,88.81,26.585,5
2026-04-07 22:05:00+00:00,189.66666666666666,807.5,89.045,26.630000000000003,5
2026-04-07 22:10:00+00:00,148.5,770.0,88.78,26.66,4
2026-04-07 22:15:00+00:00,118.0,741.0,88.515,26.615000000000002,4
2026-04-07 22:20:00+00:00,113.0,787.5,89.17,26.58,4
2026-04-07 22:25:00+00:00,130.0,801.5,89.29,26.59,5
2026-04-07 22:30:00+00:00,162.33333333333334,817.0,89.29,26.65,5
2026-04-07 22:35:00+00:00,141.0,814.0,88.255,26.755,5
2026-04-07 22:40:00+00:00,162.33333333333334,833.5,87.89500000000001,26.86,5
2026-04-07 22:45:00+00:00,170.0,858.5,87.455,26.945,5
2026-04-07 22:50:00+00:00,174.66666666666666,870.5,87.13,27.035,5
2026-04-07 22:55:00+00:00,180.66666666666666,861.5,87.045,27.12,5
2026-04-07 23:00:00+00:00,185.66666666666666,838.5,87.03999999999999,27.21,5
2026-04-07 23:05:00+00:00,184.0,864.0,86.88,27.29,5
2026-04-07 23:10:00+00:00,190.66666666666666,855.5,86.795,27.355,5
2026-04-07 23:15:00+00:00,190.33333333333334,854.5,86.84,27.439999999999998,5
2026-04-07 23:20:00+00:00,191.0,880.5,86.68,27.525,5
2026-04-07 23:25:00+00:00,193.0,867.0,86.61,27.595,5
2026-04-07 23:30:00+00:00,190.33333333333334,842.5,86.475,27.67,5
2026-04-07 23:35:00+00:00,194.0,852.5,86.555,27.740000000000002,5
2026-04-07 23:40:00+00:00,189.33333333333334,845.0,86.235,27.8,5
2026-04-07 23:45:00+00:00,191.0,858.0,86.19999999999999,27.85,5
2026-04-07 23:50:00+00:00,204.0,850.0,86.325,27.915,5
2026-04-07 23:55:00+00:00,300.0,853.0,86.245,27.97,5
2026-04-08 00:00:00+00:00,309.6666666666667,831.0,86.31,28.020000000000003,5
2026-04-08 00:05:00+00:00,319.3333333333333,835.0,86.31,28.095,5
2026-04-08 00:10:00+00:00,329.0,847.5,86.42500000000001,28.14,5
2026-04-08 00:15:00+00:00,263.0,806.5,86.325,28.215,5
2026-04-08 00:20:00+00:00,257.0,777.0,86.41499999999999,28.275,5
2026-04-08 00:25:00+00:00,235.0,758.0,86.305,28.335,5
2026-04-08 00:30:00+00:00,228.66666666666666,790.0,86.465,28.4,5
2026-04-08 00:35:00+00:00,225.66666666666666,773.0,86.41499999999999,28.465,5
2026-04-08 00:40:00+00:00,233.66666666666666,720.0,86.31,28.535,5
2026-04-08 00:45:00+00:00,238.33333333333334,715.5,86.03,28.595,5
2026-04-08 00:50:00+00:00,241.33333333333334,714.0,86.03,28.655,5
2026-04-08 00:55:00+00:00,243.33333333333334,713.0,86.00999999999999,28.725,5
2026-04-08 01:00:00+00:00,246.66666666666666,728.5,85.86,28.810000000000002,5
2026-04-08 01:05:00+00:00,246.33333333333334,675.5,85.745,28.89,5
2026-04-08 01:10:00+00:00,238.66666666666666,637.5,85.57,28.975,5
2026-04-08 01:15:00+00:00,247.66666666666666,659.0,85.59,29.055,5
2026-04-08 01:20:00+00:00,218.66666666666666,665.5,85.625,29.155,5
2026-04-08 01:25:00+00:00,125.66666666666667,675.5,85.35499999999999,29.25,5
2026-04-08 01:30:00+00:00,112.0,639.5,85.125,29.355,5
2026-04-08 01:35:00+00:00,117.0,643.0,85.0,29.45,5
2026-04-08 01:40:00+00:00,114.0,635.5,84.94999999999999,29.545,5
2026-04-08 01:45:00+00:00,118.0,617.0,84.77,29.625,5
2026-04-08 01:50:00+00:00,113.66666666666667,604.5,84.47,29.744999999999997,5
2026-04-08 01:55:00+00:00,117.66666666666667,606.5,84.41499999999999,29.835,5
2026-04-08 02:00:00+00:00,117.66666666666667,612.5,83.91499999999999,29.925,5
2026-04-08 02:05:00+00:00,113.33333333333333,579.0,83.65,30.009999999999998,5
2026-04-08 02:10:00+00:00,115.66666666666667,623.5,83.105,30.085,5
2026-04-08 02:15:00+00:00,120.0,582.5,82.895,30.189999999999998,5
2026-04-08 02:20:00+00:00,116.66666666666667,569.5,82.34,30.295,5
2026-04-08 02:25:00+00:00,121.0,576.5,81.93,30.43,5
2026-04-08 02:30:00+00:00,122.0,563.5,81.82,30.525,5
2026-04-08 02:35:00+00:00,124.33333333333333,567.5,81.5,30.61,5
2026-04-08 02:40:00+00:00,126.0,567.5,80.77,30.725,5
2026-04-08 02:45:00+00:00,132.33333333333334,560.5,80.32,30.83,5
2026-04-08 02:50:00+00:00,128.66666666666666,569.0,79.45500000000001,30.91,5
2026-04-08 02:55:00+00:00,127.66666666666667,523.0,79.03,31.0,5
2026-04-08 03:00:00+00:00,130.66666666666666,525.5,78.345,31.075000000000003,5
2026-04-08 03:05:00+00:00,128.33333333333334,512.5,78.065,31.145,5
2026-04-08 03:10:00+00:00,124.0,514.0,77.82,31.185000000000002,5
2026-04-08 03:15:00+00:00,116.66666666666667,497.5,77.8,31.195,5
2026-04-08 03:20:00+00:00,116.0,526.0,77.345,31.205,5
2026-04-08 03:25:00+00:00,119.0,518.0,77.365,31.28,5
2026-04-08 03:30:00+00:00,115.66666666666667,511.5,76.28,31.36,5
2026-04-08 03:35:00+00:00,124.33333333333333,514.5,76.03,31.445,5
2026-04-08 03:40:00+00:00,116.66666666666667,512.0,75.06,31.53,5
2026-04-08 03:45:00+00:00,121.66666666666667,517.5,74.71000000000001,31.6,5
2026-04-08 03:50:00+00:00,120.0,528.5,74.015,31.665,5
2026-04-08 03:55:00+00:00,122.0,494.0,73.32,31.715,5
2026-04-08 04:00:00+00:00,115.33333333333333,499.5,73.375,31.77,5
2026-04-08 04:05:00+00:00,120.33333333333333,466.0,73.43,31.84,5
2026-04-08 04:10:00+00:00,130.0,474.0,74.11,31.935000000000002,5
2026-04-08 04:15:00+00:00,125.66666666666667,489.5,74.35499999999999,32.04,5
2026-04-08 04:20:00+00:00,130.66666666666666,474.0,73.995,32.144999999999996,5
2026-04-08 04:25:00+00:00,126.66666666666667,507.5,73.12,32.254999999999995,5
2026-04-08 04:30:00+00:00,133.33333333333334,481.5,72.015,32.355000000000004,5
2026-04-08 04:35:00+00:00,133.33333333333334,498.5,72.05,32.455,5
2026-04-08 04:40:00+00:00,139.0,460.5,72.28,32.535,5
2026-04-08 04:45:00+00:00,144.0,471.5,72.27,32.64,5
2026-04-08 04:50:00+00:00,149.66666666666666,463.0,73.07,32.765,5
2026-04-08 04:55:00+00:00,153.33333333333334,474.0,73.03,32.885000000000005,5
2026-04-08 05:00:00+00:00,145.0,472.5,71.60499999999999,32.989999999999995,5
2026-04-08 05:05:00+00:00,147.0,497.0,70.265,33.08,5
2026-04-08 05:10:00+00:00,147.0,447.0,69.69,33.135,5
2026-04-08 05:15:00+00:00,160.66666666666666,467.0,70.765,33.22,5
2026-04-08 05:20:00+00:00,161.33333333333334,464.5,70.67,33.35,5
2026-04-08 05:25:00+00:00,155.66666666666666,463.0,69.52,33.46,5
2026-04-08 05:30:00+00:00,165.33333333333334,470.0,69.675,33.55,5
2026-04-08 05:35:00+00:00,162.33333333333334,461.0,68.525,33.64,5
2026-04-08 05:40:00+00:00,163.66666666666666,461.5,68.61500000000001,33.745000000000005,5
2026-04-08 05:45:00+00:00,156.66666666666666,466.0,66.94999999999999,33.825,5
2026-04-08 05:50:00+00:00,166.0,472.0,68.195,33.89,5
2026-04-08 05:55:00+00:00,170.66666666666666,461.0,68.07,33.94499999999999,5
2026-04-08 06:00:00+00:00,170.66666666666666,476.0,68.28,34.010000000000005,5
2026-04-08 06:05:00+00:00,170.33333333333334,446.0,68.465,34.099999999999994,5
2026-04-08 06:10:00+00:00,173.66666666666666,449.5,68.075,34.16,5
2026-04-08 06:15:00+00:00,172.66666666666666,450.5,67.255,34.2,5
2026-04-08 06:20:00+00:00,172.33333333333334,471.5,66.88499999999999,34.225,5
2026-04-08 06:25:00+00:00,172.33333333333334,479.5,66.435,34.260000000000005,5
2026-04-08 06:30:00+00:00,171.66666666666666,477.5,66.565,34.265,5
2026-04-08 06:35:00+00:00,170.66666666666666,465.0,66.605,34.275000000000006,5
2026-04-08 06:40:00+00:00,165.66666666666666,475.5,65.705,34.31,5
2026-04-08 06:45:00+00:00,176.66666666666666,476.5,66.94,34.33,5
2026-04-08 06:50:00+00:00,173.66666666666666,465.5,66.41499999999999,34.385000000000005,5
2026-04-08 06:55:00+00:00,179.66666666666666,460.5,66.61,34.43,5
2026-04-08 07:00:00+00:00,183.66666666666666,476.5,66.92,34.63,5
2026-04-08 07:05:00+00:00,183.33333333333334,466.5,66.79499999999999,34.61,5
2026-04-08 07:10:00+00:00,195.33333333333334,439.5,68.61000000000001,34.59,5
2026-04-08 07:15:00+00:00,181.0,469.5,69.75,34.57000000000001,5
2026-04-08 07:20:00+00:00,177.0,460.0,70.755,34.550000000000004,5
2026-04-08 07:25:00+00:00,192.66666666666666,458.0,70.6,34.53,5
2026-04-08 07:30:00+00:00,195.66666666666666,460.5,70.435,34.510000000000005,5
2026-04-08 07:35:00+00:00,184.66666666666666,464.0,70.19,34.49000000000001,5
2026-04-08 07:40:00+00:00,181.33333333333334,466.5,69.50999999999999,34.470000000000006,5
2026-04-08 07:45:00+00:00,172.33333333333334,495.0,69.61500000000001,34.45,5
2026-04-08 07:50:00+00:00,177.0,487.0,69.57499999999999,34.43000000000001,5
2026-04-08 07:55:00+00:00,170.66666666666666,470.5,70.0,34.295,5
2026-04-08 08:00:00+00:00,164.33333333333334,465.5,69.38999999999999,34.175,5
2026-04-08 08:05:00+00:00,151.0,467.0,68.11500000000001,34.025000000000006,5
2026-04-08 08:10:00+00:00,152.33333333333334,497.0,68.19,33.870000000000005,5
2026-04-08 08:15:00+00:00,146.33333333333334,487.5,67.28,33.709999999999994,5
2026-04-08 08:20:00+00:00,139.0,463.0,67.03999999999999,33.575,5
2026-04-08 08:25:00+00:00,141.33333333333334,457.0,67.65,33.44,5
2026-04-08 08:30:00+00:00,131.33333333333334,486.0,66.025,33.31,5
2026-04-08 08:35:00+00:00,126.0,473.0,64.86,33.17,5
2026-04-08 08:40:00+00:00,117.66666666666667,460.5,64.87,33.019999999999996,5
2026-04-08 08:45:00+00:00,112.33333333333333,480.5,64.36500000000001,32.885000000000005,5
2026-04-08 08:50:00+00:00,109.33333333333333,476.5,64.13499999999999,32.76,5
2026-04-08 08:55:00+00:00,105.0,463.0,64.08,32.635000000000005,5
2026-04-08 09:00:00+00:00,106.0,467.0,64.45,32.519999999999996,5
2026-04-08 09:05:00+00:00,105.0,463.0,64.61,32.41,5
2026-04-08 09:10:00+00:00,99.66666666666667,462.0,65.03,32.295,5
2026-04-08 09:15:00+00:00,100.0,468.0,65.83500000000001,32.18,5
2026-04-08 09:20:00+00:00,99.0,479.5,66.135,32.075,5
2026-04-08 09:25:00+00:00,94.33333333333333,474.0,66.47999999999999,31.94,5
2026-04-08 09:30:00+00:00,92.0,472.5,67.08500000000001,31.805,5
2026-04-08 09:35:00+00:00,93.33333333333333,470.0,68.22999999999999,31.665,5
2026-04-08 09:40:00+00:00,86.33333333333333,476.5,68.545,31.53,5
2026-04-08 09:45:00+00:00,85.33333333333333,486.0,69.375,31.395,5
2026-04-08 09:50:00+00:00,82.66666666666667,494.0,69.945,31.25,5
2026-04-08 09:55:00+00:00,85.0,484.5,70.735,31.1,5
2026-04-08 10:00:00+00:00,85.66666666666667,480.5,71.495,30.955,5
2026-04-08 10:05:00+00:00,80.33333333333333,491.0,71.755,30.82,5
2026-04-08 10:10:00+00:00,76.66666666666667,471.0,72.0,30.665,5
2026-04-08 10:15:00+00:00,76.0,499.0,72.56,30.525,5
2026-04-08 10:20:00+00:00,68.66666666666667,490.5,72.045,30.38,5
2026-04-08 10:25:00+00:00,68.0,512.5,72.475,30.235,5
2026-04-08 10:30:00+00:00,77.66666666666667,522.0,73.19,30.07,5
2026-04-08 10:35:00+00:00,79.33333333333333,527.0,73.41,29.97,5
2026-04-08 10:40:00+00:00,68.33333333333333,532.0,73.16999999999999,29.884999999999998,5
2026-04-08 10:45:00+00:00,84.33333333333333,534.0,73.35,29.775,5
2026-04-08 10:50:00+00:00,66.66666666666667,536.0,73.565,29.674999999999997,5
2026-04-08 10:55:00+00:00,72.33333333333333,525.0,73.755,29.605,5
2026-04-08 11:00:00+00:00,66.66666666666667,528.0,73.955,29.515,5
2026-04-08 11:05:00+00:00,70.33333333333333,489.5,74.335,29.445,5
2026-04-08 11:10:00+00:00,66.0,517.0,74.52,29.41,4
2026-04-08 11:15:00+00:00,63.666666666666664,521.5,74.86500000000001,29.275,5
2026-04-08 11:20:00+00:00,67.66666666666667,519.5,75.38499999999999,29.195,5
2026-04-08 11:25:00+00:00,75.0,559.0,76.03,29.115000000000002,5
2026-04-08 11:30:00+00:00,66.33333333333333,536.5,76.49000000000001,29.045,5
2026-04-08 11:35:00+00:00,72.0,563.5,76.91999999999999,28.96,5
2026-04-08 11:40:00+00:00,65.33333333333333,513.0,77.28999999999999,28.78,5
2026-04-08 11:45:00+00:00,66.66666666666667,572.0,77.745,28.67,5
2026-04-08 11:50:00+00:00,63.666666666666664,552.0,77.975,28.6,5
2026-04-08 11:55:00+00:00,69.66666666666667,575.0,78.41,28.623333333333335,5
2026-04-08 12:00:00+00:00,61.666666666666664,549.0,78.80000000000001,28.64666666666667,5
2026-04-08 12:05:00+00:00,73.33333333333333,670.0,79.63,28.67,5
2026-04-08 12:10:00+00:00,74.33333333333333,678.5,79.97,28.693333333333335,5
2026-04-08 12:15:00+00:00,70.33333333333333,599.0,79.92,28.71666666666667,5
2026-04-08 12:20:00+00:00,80.66666666666667,609.5,79.155,28.740000000000002,5
2026-04-08 12:25:00+00:00,90.0,719.0,79.37,28.835,5
2026-04-08 12:30:00+00:00,87.0,698.0,79.015,28.91,5
2026-04-08 12:35:00+00:00,80.66666666666667,608.0,78.68,28.97,5
2026-04-08 12:40:00+00:00,80.66666666666667,632.5,78.38499999999999,29.015,5
2026-04-08 12:45:00+00:00,94.66666666666667,699.5,78.56,29.07,5
2026-04-08 12:50:00+00:00,88.66666666666667,679.5,78.38499999999999,29.104999999999997,5
2026-04-08 12:55:00+00:00,81.33333333333333,601.5,78.1,29.155,5
2026-04-08 13:00:00+00:00,83.33333333333333,605.5,78.11,29.189999999999998,5
2026-04-08 13:05:00+00:00,92.0,746.5,78.485,29.21,5
2026-04-08 13:10:00+00:00,90.33333333333333,726.5,78.34,29.225,5
2026-04-08 13:15:00+00:00,78.33333333333333,627.0,78.225,29.235,5
2026-04-08 13:20:00+00:00,83.0,675.5,78.285,29.235,5
2026-04-08 13:25:00+00:00,95.0,738.5,78.58500000000001,29.225,5
2026-04-08 13:30:00+00:00,84.0,682.0,78.56,29.23,5
2026-04-08 13:35:00+00:00,75.0,618.0,78.43,29.21,5
2026-04-08 13:40:00+00:00,83.33333333333333,624.0,78.61,29.18,5
2026-04-08 13:45:00+00:00,88.0,735.0,79.145,29.16,4
2026-04-08 13:50:00+00:00,82.33333333333333,697.5,79.13,29.145000000000003,5
2026-04-08 13:55:00+00:00,75.66666666666667,626.0,78.88,29.12,5
2026-04-08 14:00:00+00:00,86.33333333333333,706.0,79.055,29.095,5
2026-04-08 14:05:00+00:00,88.33333333333333,746.0,79.235,29.065,5
2026-04-08 14:10:00+00:00,84.66666666666667,751.0,79.25999999999999,29.04,5
2026-04-08 14:15:00+00:00,76.66666666666667,650.5,79.225,29.015,5
2026-04-08 14:20:00+00:00,83.0,696.5,79.53,28.990000000000002,5
2026-04-08 14:25:00+00:00,86.5,782.0,80.05000000000001,28.96,5
2026-04-08 14:30:00+00:00,82.33333333333333,748.5,79.955,28.93,5
2026-04-08 14:35:00+00:00,71.33333333333333,676.0,79.705,28.905,5
2026-04-08 14:40:00+00:00,79.66666666666667,750.5,80.095,28.880000000000003,5
2026-04-08 14:45:00+00:00,82.0,770.5,80.43,28.840000000000003,4
2026-04-08 14:50:00+00:00,76.33333333333333,700.5,80.41,28.81,5
2026-04-08 14:55:00+00:00,69.66666666666667,615.0,80.145,28.785,5
2026-04-08 15:00:00+00:00,82.58333333333334,786.0,79.7375,29.0275,2
2026-04-08 15:05:00+00:00,95.5,957.0,79.33,29.27,4
2026-04-08 15:10:00+00:00,72.33333333333333,718.0,80.705,28.674999999999997,5
2026-04-08 15:15:00+00:00,64.33333333333333,611.0,80.41,28.64,5
2026-04-08 15:20:00+00:00,71.0,707.5,80.66999999999999,28.62,5
2026-04-08 15:25:00+00:00,72.66666666666667,737.0,80.975,28.585,5
2026-04-08 15:30:00+00:00,66.0,706.5,80.955,28.545,5
2026-04-08 15:35:00+00:00,65.66666666666667,614.5,80.955,28.495,5
2026-04-08 15:40:00+00:00,72.66666666666667,712.0,81.35,28.46,5
2026-04-08 15:45:00+00:00,75.66666666666667,760.0,81.555,28.425,5
2026-04-08 15:50:00+00:00,63.333333333333336,710.5,81.67,28.39,5
2026-04-08 15:55:00+00:00,56.0,622.0,81.305,28.34,5
2026-04-08 16:00:00+00:00,62.0,684.0,81.39500000000001,28.299999999999997,5
2026-04-08 16:05:00+00:00,66.0,754.0,81.795,28.265,5
2026-04-08 16:10:00+00:00,59.0,704.0,81.94,28.215,5
2026-04-08 16:15:00+00:00,56.0,643.0,81.99,28.16,5
2026-04-08 16:20:00+00:00,58.333333333333336,717.0,82.285,28.134999999999998,5
2026-04-08 16:25:00+00:00,67.0,751.5,82.66,28.09,5
2026-04-08 16:30:00+00:00,56.666666666666664,664.5,82.69,28.06,5
2026-04-08 16:35:00+00:00,49.333333333333336,644.5,82.345,28.02,5
2026-04-08 16:40:00+00:00,57.333333333333336,672.5,82.505,27.97,5
2026-04-08 16:45:00+00:00,59.333333333333336,727.5,82.82,27.9,5
2026-04-08 16:50:00+00:00,45.666666666666664,667.0,82.845,27.845,5
2026-04-08 16:55:00+00:00,42.666666666666664,629.0,82.875,27.78,5
2026-04-08 17:00:00+00:00,48.333333333333336,689.0,83.115,27.72,5
2026-04-08 17:05:00+00:00,52.666666666666664,775.5,83.59,27.645,5
2026-04-08 17:10:00+00:00,44.0,692.0,83.66999999999999,27.595,5
2026-04-08 17:15:00+00:00,44.0,608.0,83.745,27.54,5
2026-04-08 17:20:00+00:00,47.666666666666664,660.5,84.16499999999999,27.490000000000002,5
2026-04-08 17:25:00+00:00,56.666666666666664,769.0,84.78,27.43,5
2026-04-08 17:30:00+00:00,40.666666666666664,690.0,84.905,27.37,5
2026-04-08 17:35:00+00:00,40.0,656.0,85.1,27.325,5
2026-04-08 17:40:00+00:00,41.666666666666664,653.0,85.31,27.275,5
2026-04-08 17:45:00+00:00,50.0,759.0,85.78,27.21,5
2026-04-08 17:50:00+00:00,32.333333333333336,647.0,85.755,27.16,5
2026-04-08 17:55:00+00:00,35.666666666666664,630.0,85.825,27.11,5
2026-04-08 18:00:00+00:00,35.0,630.5,86.035,27.035,5
2026-04-08 18:05:00+00:00,49.333333333333336,583.0,86.81,26.990000000000002,5
2026-04-08 18:10:00+00:00,33.333333333333336,608.5,86.825,26.93,5
2026-04-08 18:15:00+00:00,37.0,597.0,86.82499999999999,26.9,5
2026-04-08 18:20:00+00:00,41.333333333333336,661.0,86.91499999999999,26.86,5
2026-04-08 18:25:00+00:00,47.666666666666664,673.5,87.35,26.825000000000003,5
2026-04-08 18:30:00+00:00,34.333333333333336,626.5,87.38,26.785,5
2026-04-08 18:35:00+00:00,38.333333333333336,599.0,87.505,26.744999999999997,5
2026-04-08 18:40:00+00:00,40.333333333333336,650.0,87.71000000000001,26.71,5
2026-04-08 18:45:00+00:00,49.333333333333336,594.0,88.08000000000001,26.665,5
2026-04-08 18:50:00+00:00,32.333333333333336,635.0,87.95,26.625,5
2026-04-08 18:55:00+00:00,34.666666666666664,614.0,88.11500000000001,26.57,5
2026-04-08 19:00:00+00:00,39.333333333333336,598.0,88.29499999999999,26.515,5
2026-04-08 19:05:00+00:00,51.333333333333336,649.0,88.8,26.479999999999997,5
2026-04-08 19:10:00+00:00,37.0,605.0,88.92,26.44,5
2026-04-08 19:15:00+00:00,37.0,612.5,88.88999999999999,26.409999999999997,5
2026-04-08 19:20:00+00:00,41.0,630.0,88.99000000000001,26.365000000000002,5
2026-04-08 19:25:00+00:00,52.333333333333336,675.5,89.25,26.335,5
2026-04-08 19:30:00+00:00,35.0,605.0,88.955,26.285,5
2026-04-08 19:35:00+00:00,40.333333333333336,659.5,88.79499999999999,26.25,5
2026-04-08 19:40:00+00:00,38.333333333333336,630.5,88.74,26.21,5
2026-04-08 19:45:00+00:00,45.0,652.5,89.01,26.155,5
2026-04-08 19:50:00+00:00,35.333333333333336,612.0,89.13,26.1,5
2026-04-08 19:55:00+00:00,45.333333333333336,645.5,89.235,26.05,5
2026-04-08 20:00:00+00:00,51.5,643.5,89.38,26.009999999999998,5
2026-04-08 20:05:00+00:00,53.0,631.5,89.535,25.96,5
2026-04-08 20:10:00+00:00,37.666666666666664,595.5,89.88499999999999,25.905,5
2026-04-08 20:15:00+00:00,47.666666666666664,631.0,90.225,25.855,5
2026-04-08 20:20:00+00:00,56.333333333333336,671.0,90.565,25.82,5
2026-04-08 20:25:00+00:00,37.0,672.5,90.37,25.765,5
2026-04-08 20:30:00+00:00,33.0,614.0,90.275,25.71,5
2026-04-08 20:35:00+00:00,33.666666666666664,606.0,90.245,25.605,5
2026-04-08 20:40:00+00:00,33.0,614.5,90.39,25.505,5
2026-04-08 20:45:00+00:00,35.0,629.0,90.58500000000001,25.4,5
2026-04-08 20:50:00+00:00,36.0,630.0,90.755,25.295,5
2026-04-08 20:55:00+00:00,34.0,635.5,90.845,25.185000000000002,5
2026-04-08 21:00:00+00:00,38.0,655.0,91.035,25.085,5
2026-04-08 21:05:00+00:00,40.333333333333336,631.0,91.35,25.0,5
2026-04-08 21:10:00+00:00,34.666666666666664,664.0,91.595,24.92,5
2026-04-08 21:15:00+00:00,39.333333333333336,678.0,91.88,24.84,5
2026-04-08 21:20:00+00:00,40.666666666666664,648.5,92.125,24.77,5
2026-04-08 21:25:00+00:00,48.333333333333336,648.0,92.36500000000001,24.689999999999998,5
2026-04-08 21:30:00+00:00,40.666666666666664,614.5,92.63,24.64,5
2026-04-08 21:35:00+00:00,43.666666666666664,640.0,92.805,24.585,5
2026-04-08 21:40:00+00:00,44.0,620.5,93.03,24.535,5
2026-04-08 21:45:00+00:00,44.333333333333336,634.0,93.255,24.494999999999997,5
2026-04-08 21:50:00+00:00,38.333333333333336,636.0,93.815,24.455,5
2026-04-08 21:55:00+00:00,37.0,634.0,94.08,24.42,5
2026-04-08 22:00:00+00:00,44.333333333333336,656.0,94.17500000000001,24.405,5
2026-04-08 22:05:00+00:00,39.0,666.0,94.155,24.375,5
2026-04-08 22:10:00+00:00,42.0,628.0,94.13499999999999,24.36,5
2026-04-08 22:15:00+00:00,46.0,653.5,94.185,24.33,5
2026-04-08 22:20:00+00:00,41.333333333333336,662.0,94.24000000000001,24.3,5
2026-04-08 22:25:00+00:00,38.666666666666664,662.5,94.305,24.285,5
2026-04-08 22:30:00+00:00,35.0,682.0,94.125,24.25,5
2026-04-08 22:35:00+00:00,40.666666666666664,671.0,94.035,24.23,5
2026-04-08 22:40:00+00:00,40.333333333333336,641.0,94.11500000000001,24.185000000000002,5
2026-04-08 22:45:00+00:00,40.0,664.5,94.215,24.155,5
2026-04-08 22:50:00+00:00,38.0,631.0,94.21000000000001,24.115000000000002,5
2026-04-08 22:55:00+00:00,42.333333333333336,629.0,94.34,24.12,5
2026-04-08 23:00:00+00:00,47.333333333333336,620.5,94.715,24.07,5
2026-04-08 23:05:00+00:00,37.0,644.0,94.97999999999999,24.06875,5
2026-04-08 23:10:00+00:00,38.0,687.0,95.145,24.0675,5
2026-04-08 23:15:00+00:00,45.0,674.0,95.43,24.06625,5
2026-04-08 23:20:00+00:00,67.0,697.0,95.80000000000001,24.064999999999998,5
2026-04-08 23:25:00+00:00,67.0,666.5,96.39,24.06375,5
2026-04-08 23:30:00+00:00,66.0,660.0,97.00999999999999,24.0625,5
2026-04-08 23:35:00+00:00,73.0,632.0,97.33500000000001,24.061249999999998,5
2026-04-08 23:40:00+00:00,70.0,609.0,97.475,24.06,5
2026-04-08 23:45:00+00:00,61.333333333333336,620.0,97.43,24.13,5
2026-04-08 23:50:00+00:00,63.666666666666664,612.5,97.61500000000001,24.175,5
2026-04-08 23:55:00+00:00,62.333333333333336,611.5,97.71000000000001,24.240000000000002,5
2026-04-09 00:00:00+00:00,71.66666666666667,639.5,97.86,24.3,5
2026-04-09 00:05:00+00:00,59.333333333333336,631.5,97.97999999999999,24.36,5
2026-04-09 00:10:00+00:00,68.66666666666667,606.0,98.25,24.435000000000002,5
2026-04-09 00:15:00+00:00,79.0,593.5,98.23571428571428,24.53,5
2026-04-09 00:20:00+00:00,90.66666666666667,615.5,98.22142857142858,24.62,5
2026-04-09 00:25:00+00:00,82.66666666666667,590.5,98.20714285714286,24.72,5
2026-04-09 00:30:00+00:00,86.0,594.0,98.19285714285715,24.814999999999998,5
2026-04-09 00:35:00+00:00,85.0,566.0,98.17857142857143,24.935000000000002,5
2026-04-09 00:40:00+00:00,98.0,626.5,98.16428571428573,25.04,5
2026-04-09 00:45:00+00:00,87.66666666666667,587.5,98.15,25.145,5
2026-04-09 00:50:00+00:00,94.33333333333333,590.5,98.005,25.265,5
2026-04-09 00:55:00+00:00,103.66666666666667,588.0,97.67,25.380000000000003,5
2026-04-09 01:00:00+00:00,116.66666666666667,598.5,97.41499999999999,25.490000000000002,5
2026-04-09 01:05:00+00:00,102.66666666666667,585.5,96.975,25.595,5
2026-04-09 01:10:00+00:00,104.66666666666667,570.0,96.66499999999999,25.689999999999998,5
2026-04-09 01:15:00+00:00,109.66666666666667,574.0,96.4,25.78,5
2026-04-09 01:20:00+00:00,129.66666666666666,589.5,96.125,25.865000000000002,5
2026-04-09 01:25:00+00:00,112.66666666666667,588.0,96.2,25.96,5
2026-04-09 01:30:00+00:00,114.66666666666667,558.5,96.035,26.07,5
2026-04-09 01:35:00+00:00,123.0,573.5,95.75,26.189999999999998,5
2026-04-09 01:40:00+00:00,125.66666666666667,531.5,95.13,26.325,5
2026-04-09 01:45:00+00:00,125.33333333333333,561.0,94.345,26.465000000000003,5
2026-04-09 01:50:00+00:00,122.0,561.5,93.92500000000001,26.585,5
2026-04-09 01:55:00+00:00,132.0,564.5,93.50999999999999,26.72,5
2026-04-09 02:00:00+00:00,136.66666666666666,552.0,93.11,26.845,5
2026-04-09 02:05:00+00:00,139.0,559.5,92.595,27.0,5
2026-04-09 02:10:00+00:00,137.0,542.5,91.785,27.125,5
2026-04-09 02:15:00+00:00,148.0,536.5,91.525,27.26,5
2026-04-09 02:20:00+00:00,150.66666666666666,555.5,91.015,27.375,5
2026-04-09 02:25:00+00:00,176.0,671.0,91.065,27.51,5
2026-04-09 02:30:00+00:00,175.33333333333334,688.0,90.50999999999999,27.73,5
2026-04-09 02:35:00+00:00,211.0,639.0,90.28999999999999,28.085,5
2026-04-09 02:40:00+00:00,256.5,630.125,89.37,28.6,5
2026-04-09 02:45:00+00:00,259.08333333333337,621.25,87.765,29.125,4
2026-04-09 02:50:00+00:00,261.6666666666667,612.375,86.44999999999999,29.625,5
2026-04-09 02:55:00+00:00,259.3333333333333,603.5,84.17,30.03,5
2026-04-09 03:00:00+00:00,263.6666666666667,624.5,82.75,30.395,5
2026-04-09 03:05:00+00:00,263.5,702.0,81.9,30.685000000000002,5
2026-04-09 03:10:00+00:00,263.3333333333333,570.5,80.35,30.975,5
2026-04-09 03:15:00+00:00,281.6666666666667,618.5,79.37,31.2,5
2026-04-09 03:20:00+00:00,272.0,556.5,77.75,31.415,5
2026-04-09 03:25:00+00:00,307.0,649.0,77.89,31.575000000000003,5
2026-04-09 03:30:00+00:00,269.6666666666667,573.5,77.195,31.759999999999998,5
2026-04-09 03:35:00+00:00,280.0,545.5,75.905,31.88,5
2026-04-09 03:40:00+00:00,283.6666666666667,554.0,75.47,31.965,5
2026-04-09 03:45:00+00:00,287.3333333333333,531.5,75.255,32.04,5
2026-04-09 03:50:00+00:00,273.6666666666667,530.5,75.245,32.1,5
2026-04-09 03:55:00+00:00,289.0,553.0,74.775,32.175,5
2026-04-09 04:00:00+00:00,287.3333333333333,538.0,74.01499999999999,32.254999999999995,5
2026-04-09 04:05:00+00:00,298.3333333333333,530.5,74.35499999999999,32.34,5
2026-04-09 04:10:00+00:00,281.6666666666667,521.5,73.99000000000001,32.44,5
2026-04-09 04:15:00+00:00,268.3333333333333,525.0,73.185,32.46333333333333,5
2026-04-09 04:20:00+00:00,266.6666666666667,508.5,72.38,32.486666666666665,5
2026-04-09 04:25:00+00:00,252.66666666666666,512.5,72.2375,32.51,5
2026-04-09 04:30:00+00:00,255.0,499.5,72.095,32.43,5
2026-04-09 04:35:00+00:00,256.6666666666667,507.5,73.035,32.370000000000005,5
2026-04-09 04:40:00+00:00,253.33333333333334,494.5,73.18,32.335,5
2026-04-09 04:45:00+00:00,256.3333333333333,506.5,74.20500000000001,32.32,5
2026-04-09 04:50:00+00:00,251.33333333333334,523.5,73.74000000000001,32.32,5
2026-04-09 04:55:00+00:00,247.33333333333334,518.0,73.21000000000001,32.33,5
2026-04-09 05:00:00+00:00,274.6666666666667,515.5,73.96000000000001,32.39,5
2026-04-09 05:05:00+00:00,259.6666666666667,481.0,73.57499999999999,32.459999999999994,5
2026-04-09 05:10:00+00:00,251.66666666666666,516.5,72.55,32.515,5
2026-04-09 05:15:00+00:00,252.33333333333334,517.0,71.67,32.540000000000006,5
2026-04-09 05:20:00+00:00,279.3333333333333,517.0,73.745,32.58,5
2026-04-09 05:25:00+00:00,273.0,491.5,74.525,32.644999999999996,5
2026-04-09 05:30:00+00:00,275.0,489.5,73.85,32.715,5
2026-04-09 05:35:00+00:00,286.6666666666667,514.5,74.32499999999999,32.82,5
2026-04-09 05:40:00+00:00,280.0,492.5,73.43,32.91,5
2026-04-09 05:45:00+00:00,284.3333333333333,504.5,74.11,32.99,5
2026-04-09 05:50:00+00:00,283.3333333333333,469.5,73.10499999999999,33.08,5
2026-04-09 05:55:00+00:00,279.3333333333333,495.5,72.9,33.185,5
2026-04-09 06:00:00+00:00,290.6666666666667,498.0,72.78,33.24,5
2026-04-09 06:05:00+00:00,297.6666666666667,495.0,71.975,33.216,5
2026-04-09 06:10:00+00:00,300.6666666666667,491.5,72.15,33.192,5
2026-04-09 06:15:00+00:00,299.0,495.0,71.72,33.168,4
2026-04-09 06:20:00+00:00,302.0,488.0,72.735,33.144,5
2026-04-09 06:25:00+00:00,312.0,486.5,73.73,33.120000000000005,4
2026-04-09 06:30:00+00:00,322.0,476.0,74.355,33.096000000000004,5
2026-04-09 06:35:00+00:00,308.0,500.0,74.98,33.072,5
2026-04-09 06:40:00+00:00,294.0,495.0,75.76,33.048,5
2026-04-09 06:45:00+00:00,287.6666666666667,496.0,77.08500000000001,33.024,5
2026-04-09 06:50:00+00:00,285.3333333333333,490.0,79.36500000000001,33.0,5
2026-04-09 06:55:00+00:00,279.0,479.5,80.015,32.78,5
2026-04-09 07:00:00+00:00,265.0,481.0,81.6,32.480000000000004,5
2026-04-09 07:05:00+00:00,266.6666666666667,474.0,82.72999999999999,32.225,5
2026-04-09 07:10:00+00:00,251.33333333333334,473.5,82.91,32.0,5
2026-04-09 07:15:00+00:00,252.0,486.5,83.88499999999999,31.815,5
2026-04-09 07:20:00+00:00,256.0,479.0,84.81,31.605,5
2026-04-09 07:25:00+00:00,243.66666666666666,485.5,84.91,31.439999999999998,5
2026-04-09 07:30:00+00:00,243.66666666666666,495.0,85.4,31.29,5
2026-04-09 07:35:00+00:00,240.66666666666666,482.0,85.88,31.155,5
2026-04-09 07:40:00+00:00,230.0,497.5,86.1,31.02,5
2026-04-09 07:45:00+00:00,225.66666666666666,493.5,86.765,30.915,5
2026-04-09 07:50:00+00:00,215.66666666666666,492.0,86.345,30.795,5
2026-04-09 07:55:00+00:00,210.0,486.0,87.015,30.685000000000002,5
2026-04-09 08:00:00+00:00,208.33333333333334,468.5,87.67,30.585,5
2026-04-09 08:05:00+00:00,195.33333333333334,488.5,87.32499999999999,30.485,5
2026-04-09 08:10:00+00:00,207.33333333333334,491.5,87.455,30.38,5
2026-04-09 08:15:00+00:00,197.33333333333334,483.5,88.465,30.27,5
2026-04-09 08:20:00+00:00,198.33333333333334,499.0,88.08,30.16,5
2026-04-09 08:25:00+00:00,190.33333333333334,478.5,88.44,30.075,5
2026-04-09 08:30:00+00:00,186.33333333333334,513.0,88.03,29.975,5
2026-04-09 08:35:00+00:00,187.33333333333334,496.5,88.27000000000001,29.875,5
2026-04-09 08:40:00+00:00,183.0,470.5,89.00999999999999,29.75,5
2026-04-09 08:45:00+00:00,180.66666666666666,469.5,89.22999999999999,29.61,5
2026-04-09 08:50:00+00:00,175.33333333333334,481.0,89.37,29.465,5
2026-04-09 08:55:00+00:00,165.33333333333334,483.0,89.38,29.32,5
2026-04-09 09:00:00+00:00,161.0,497.5,89.84,29.155,5
2026-04-09 09:05:00+00:00,177.0,486.0,89.97,28.985,5
2026-04-09 09:10:00+00:00,154.33333333333334,472.0,89.85499999999999,28.825000000000003,5
2026-04-09 09:15:00+00:00,151.66666666666666,491.0,89.935,28.665,5
2026-04-09 09:20:00+00:00,149.66666666666666,483.5,90.72999999999999,28.490000000000002,5
2026-04-09 09:25:00+00:00,142.33333333333334,503.5,90.63,28.335,5
2026-04-09 09:30:00+00:00,139.66666666666666,494.0,90.645,28.185,5
2026-04-09 09:35:00+00:00,136.33333333333334,493.5,91.265,28.035,5
2026-04-09 09:40:00+00:00,132.33333333333334,496.0,91.485,27.77,5
2026-04-09 09:45:00+00:00,131.33333333333334,512.0,92.72,27.71875,5
2026-04-09 09:50:00+00:00,124.0,513.0,92.77714285714286,27.6675,5
2026-04-09 09:55:00+00:00,115.33333333333333,525.5,92.83428571428571,27.61625,5
2026-04-09 10:00:00+00:00,138.33333333333334,538.75,92.89142857142858,27.564999999999998,5
2026-04-09 10:05:00+00:00,134.33333333333334,552.0,92.94857142857143,27.513749999999998,5
2026-04-09 10:10:00+00:00,134.66666666666666,539.5,93.00571428571429,27.4625,5
2026-04-09 10:15:00+00:00,163.66666666666666,582.0,93.06285714285714,27.41125,5
2026-04-09 10:20:00+00:00,150.33333333333334,576.5,93.12,27.36,5
2026-04-09 10:25:00+00:00,145.33333333333334,545.0,92.82,27.38,5
2026-04-09 10:30:00+00:00,167.0,512.0,92.955,27.445,5
2026-04-09 10:35:00+00:00,162.66666666666666,615.5,92.86,27.490000000000002,5
2026-04-09 10:40:00+00:00,146.33333333333334,565.5,92.345,27.505,5
2026-04-09 10:45:00+00:00,151.0,638.5,92.47,27.520000000000003,4
2026-04-09 10:50:00+00:00,160.0,571.0,92.41499999999999,27.54,5
2026-04-09 10:55:00+00:00,148.66666666666666,545.0,92.33500000000001,27.53,5
2026-04-09 11:00:00+00:00,158.33333333333334,642.5,92.525,27.53,5
2026-04-09 11:05:00+00:00,146.66666666666666,600.0,92.37,27.54,5
2026-04-09 11:10:00+00:00,147.0,574.0,92.055,27.509999999999998,5
2026-04-09 11:15:00+00:00,167.66666666666666,634.0,92.19,27.485,5
2026-04-09 11:20:00+00:00,155.33333333333334,607.5,92.13,27.47,5
2026-04-09 11:25:00+00:00,143.33333333333334,545.0,92.105,27.435,5
2026-04-09 11:30:00+00:00,158.33333333333334,630.0,92.275,27.41,5
2026-04-09 11:35:00+00:00,147.33333333333334,629.0,92.245,27.384999999999998,5
2026-04-09 11:40:00+00:00,138.0,582.5,92.07,27.355,5
2026-04-09 11:45:00+00:00,156.0,651.5,92.295,27.325000000000003,5
2026-04-09 11:50:00+00:00,153.0,600.5,92.33500000000001,27.3,5
2026-04-09 11:55:00+00:00,140.66666666666666,560.0,92.185,27.270000000000003,5
2026-04-09 12:00:00+00:00,152.66666666666666,627.5,92.39,27.225,5
2026-04-09 12:05:00+00:00,151.66666666666666,663.5,92.435,27.200000000000003,5
2026-04-09 12:10:00+00:00,136.66666666666666,541.0,92.225,27.185,5
2026-04-09 12:15:00+00:00,153.33333333333334,647.0,92.49000000000001,27.165,5
2026-04-09 12:20:00+00:00,151.0,601.5,92.565,27.145000000000003,5
2026-04-09 12:25:00+00:00,138.66666666666666,590.5,92.36500000000001,27.13,5
2026-04-09 12:30:00+00:00,142.33333333333334,625.5,92.4,27.115000000000002,5
2026-04-09 12:35:00+00:00,145.0,633.0,92.555,27.085,5
2026-04-09 12:40:00+00:00,127.33333333333333,565.5,92.28,27.060000000000002,5
2026-04-09 12:45:00+00:00,153.66666666666666,611.5,92.5,27.025,5
2026-04-09 12:50:00+00:00,136.33333333333334,620.0,92.53999999999999,27.015,5
2026-04-09 12:55:00+00:00,137.66666666666666,559.5,92.465,26.985,5
2026-04-09 13:00:00+00:00,121.5,620.0,92.685,26.955,5
2026-04-09 13:05:00+00:00,143.66666666666666,649.0,92.81,26.939999999999998,5
2026-04-09 13:10:00+00:00,138.33333333333334,584.0,92.71000000000001,26.91,5
2026-04-09 13:15:00+00:00,148.33333333333334,623.5,92.83500000000001,26.91,5
2026-04-09 13:20:00+00:00,148.0,649.0,92.91,26.905,5
2026-04-09 13:25:00+00:00,136.0,587.0,92.785,26.88,5
2026-04-09 13:30:00+00:00,134.66666666666666,637.5,92.69,26.88,5
2026-04-09 13:35:00+00:00,144.66666666666666,654.5,92.88499999999999,26.86,5
2026-04-09 13:40:00+00:00,127.33333333333333,590.0,92.61500000000001,26.835,5
2026-04-09 13:45:00+00:00,136.0,626.0,92.80000000000001,26.810000000000002,5
2026-04-09 13:50:00+00:00,135.33333333333334,604.5,92.93,26.78,5
2026-04-09 13:55:00+00:00,129.66666666666666,579.5,92.845,26.75,5
2026-04-09 14:00:00+00:00,127.0,591.5,92.945,26.725,5
2026-04-09 14:05:00+00:00,134.0,652.0,93.155,26.689999999999998,5
2026-04-09 14:10:00+00:00,125.0,579.5,92.96000000000001,26.65,5
2026-04-09 14:15:00+00:00,121.33333333333333,587.5,92.97,26.61,5
2026-04-09 14:20:00+00:00,132.66666666666666,655.5,93.22,26.57,5
2026-04-09 14:25:00+00:00,112.0,601.5,93.01,26.54,5
2026-04-09 14:30:00+00:00,113.0,594.0,93.03999999999999,26.52,5
2026-04-09 14:35:00+00:00,120.0,619.5,93.055,26.490000000000002,5
2026-04-09 14:40:00+00:00,115.33333333333333,606.5,93.155,26.47,5
2026-04-09 14:45:00+00:00,118.66666666666667,597.5,93.2,26.445,5
2026-04-09 14:50:00+00:00,96.0,644.5,93.315,26.415,4
2026-04-09 14:55:00+00:00,117.66666666666667,626.5,93.35,26.384999999999998,5
2026-04-09 15:00:00+00:00,107.33333333333333,591.5,93.32,26.354999999999997,5
2026-04-09 15:05:00+00:00,125.33333333333333,674.0,93.59,26.325,5
2026-04-09 15:10:00+00:00,103.33333333333333,612.0,93.35499999999999,26.305,5
2026-04-09 15:15:00+00:00,104.0,601.5,93.265,26.29,5
2026-04-09 15:20:00+00:00,118.0,659.5,93.495,26.255000000000003,5
2026-04-09 15:25:00+00:00,107.0,609.5,93.43,26.244999999999997,5
2026-04-09 15:30:00+00:00,103.33333333333333,619.0,93.35,26.195,5
2026-04-09 15:35:00+00:00,109.66666666666667,645.5,93.455,26.165,5
2026-04-09 15:40:00+00:00,102.66666666666667,610.5,93.51,26.14,5
2026-04-09 15:45:00+00:00,99.66666666666667,616.0,93.565,26.095,5
2026-04-09 15:50:00+00:00,106.33333333333333,737.0,93.71000000000001,26.055,5
2026-04-09 15:55:00+00:00,98.0,599.0,93.53999999999999,26.025,5
2026-04-09 16:00:00+00:00,95.66666666666667,582.0,93.55000000000001,25.985,5
2026-04-09 16:05:00+00:00,108.33333333333333,663.5,93.905,25.945,5
2026-04-09 16:10:00+00:00,96.66666666666667,621.0,93.83,25.915,5
2026-04-09 16:15:00+00:00,87.66666666666667,586.0,93.66999999999999,25.875,5
2026-04-09 16:20:00+00:00,103.33333333333333,651.0,93.805,25.84,5
2026-04-09 16:25:00+00:00,88.0,616.5,93.575,25.795,5
2026-04-09 16:30:00+00:00,82.0,602.5,93.375,25.735,5
2026-04-09 16:35:00+00:00,95.0,650.5,93.66999999999999,25.685000000000002,5
2026-04-09 16:40:00+00:00,90.33333333333333,611.5,94.03999999999999,25.634999999999998,5
2026-04-09 16:45:00+00:00,73.66666666666667,600.0,94.245,25.585,5
2026-04-09 16:50:00+00:00,95.33333333333333,677.0,94.60499999999999,25.54,5
2026-04-09 16:55:00+00:00,77.66666666666667,612.0,94.315,25.490000000000002,5
2026-04-09 17:00:00+00:00,70.66666666666667,601.0,94.305,25.445,5
2026-04-09 17:05:00+00:00,93.66666666666667,675.0,94.88499999999999,25.415,5
2026-04-09 17:10:00+00:00,79.0,605.5,95.06,25.365000000000002,5
2026-04-09 17:15:00+00:00,72.33333333333333,605.0,94.62,25.345,5
2026-04-09 17:20:00+00:00,86.0,671.0,94.92500000000001,25.295,5
2026-04-09 17:25:00+00:00,75.66666666666667,621.0,94.89,25.240000000000002,5
2026-04-09 17:30:00+00:00,67.66666666666667,608.0,95.075,25.215,5
2026-04-09 17:35:00+00:00,83.66666666666667,667.0,95.75999999999999,25.175,5
2026-04-09 17:40:00+00:00,78.0,676.5,95.815,25.14,5
2026-04-09 17:45:00+00:00,68.33333333333333,601.0,95.675,25.119999999999997,5
2026-04-09 17:50:00+00:00,73.0,658.0,95.52,25.095,5
2026-04-09 17:55:00+00:00,73.33333333333333,629.5,95.5,25.064999999999998,5
2026-04-09 18:00:00+00:00,62.333333333333336,595.5,95.495,25.02,5
2026-04-09 18:05:00+00:00,73.66666666666667,641.5,95.75999999999999,24.985,5
2026-04-09 18:10:00+00:00,70.0,630.5,95.85,24.95,5
2026-04-09 18:15:00+00:00,55.0,586.0,95.83,24.91,5
2026-04-09 18:20:00+00:00,71.33333333333333,637.5,96.215,24.875,5
2026-04-09 18:25:00+00:00,66.0,600.0,96.2,24.85,5
2026-04-09 18:30:00+00:00,60.666666666666664,585.5,96.195,24.825,5
2026-04-09 18:35:00+00:00,77.0,676.0,96.485,24.8,5
2026-04-09 18:40:00+00:00,59.666666666666664,647.5,96.13,24.744999999999997,5
2026-04-09 18:45:00+00:00,49.666666666666664,621.5,95.565,24.71,5
2026-04-09 18:50:00+00:00,65.0,704.5,95.83,24.65,5
2026-04-09 18:55:00+00:00,56.333333333333336,666.5,95.78999999999999,24.595,5
2026-04-09 19:00:00+00:00,45.666666666666664,675.5,95.64500000000001,24.54,5
2026-04-09 19:05:00+00:00,62.666666666666664,729.5,96.18,24.490000000000002,5
2026-04-09 19:10:00+00:00,48.0,678.0,96.09,24.43,5
2026-04-09 19:15:00+00:00,42.666666666666664,637.5,95.965,24.384999999999998,5
2026-04-09 19:20:00+00:00,63.666666666666664,695.0,96.47999999999999,24.335,5
2026-04-09 19:25:00+00:00,53.666666666666664,649.5,96.30000000000001,24.315,5
2026-04-09 19:30:00+00:00,51.666666666666664,608.5,96.495,24.265,5
2026-04-09 19:35:00+00:00,69.66666666666667,674.5,96.84,24.225,5
2026-04-09 19:40:00+00:00,53.333333333333336,655.0,97.03999999999999,24.2,5
2026-04-09 19:45:00+00:00,45.333333333333336,598.0,97.0,24.175,5
2026-04-09 19:50:00+00:00,66.0,685.0,97.465,24.16,5
2026-04-09 19:55:00+00:00,66.0,623.0,98.00999999999999,24.33,5
2026-04-09 20:00:00+00:00,60.333333333333336,628.5,98.065,24.34,5
2026-04-09 20:05:00+00:00,60.666666666666664,684.5,98.01,24.35,5
2026-04-09 20:10:00+00:00,53.0,688.0,97.925,24.34,5
2026-04-09 20:15:00+00:00,61.666666666666664,631.5,98.035,24.33,5
2026-04-09 20:20:00+00:00,77.66666666666667,668.5,98.6,24.34,5
2026-04-09 20:25:00+00:00,65.66666666666667,658.5,99.08,24.16,5
2026-04-09 20:30:00+00:00,62.0,617.5,99.145,24.185,5
2026-04-09 20:35:00+00:00,66.33333333333333,644.5,99.4,24.215,5
2026-04-09 20:40:00+00:00,61.666666666666664,644.5,99.36,24.255000000000003,5
2026-04-09 20:45:00+00:00,52.0,599.5,99.33000000000001,24.28,5
2026-04-09 20:50:00+00:00,61.333333333333336,609.0,99.50999999999999,24.33,5
2026-04-09 20:55:00+00:00,65.33333333333333,604.0,99.55,24.369999999999997,5
2026-04-09 21:00:00+00:00,62.0,575.0,99.455,24.4,5
2026-04-09 21:05:00+00:00,62.0,580.5,99.515,24.435000000000002,5
2026-04-09 21:10:00+00:00,65.0,596.0,99.63499999999999,24.47,5
2026-04-09 21:15:00+00:00,61.0,572.0,99.295,24.495,5
2026-04-09 21:20:00+00:00,65.0,591.0,99.28,24.505,5
2026-04-09 21:25:00+00:00,73.0,617.0,99.44,24.52,5
2026-04-09 21:30:00+00:00,63.333333333333336,552.0,99.31,24.54,5
2026-04-09 21:35:00+00:00,67.66666666666667,588.5,99.39,24.545,5
2026-04-09 21:40:00+00:00,73.66666666666667,589.5,99.57,24.57,5
2026-04-09 21:45:00+00:00,59.666666666666664,556.5,99.39500000000001,24.57,5
2026-04-09 21:50:00+00:00,65.0,562.5,99.45,24.585,5
2026-04-09 21:55:00+00:00,75.0,585.0,99.545,24.605,5
2026-04-09 22:00:00+00:00,61.0,566.0,99.375,24.61,5
2026-04-09 22:05:00+00:00,90.0,559.5,99.345,24.615000000000002,5
2026-04-09 22:10:00+00:00,81.0,604.0,99.45,24.615000000000002,5
2026-04-09 22:15:00+00:00,64.66666666666667,558.0,99.305,24.61,5
2026-04-09 22:20:00+00:00,68.33333333333333,565.0,99.35,24.615000000000002,5
2026-04-09 22:25:00+00:00,73.33333333333333,615.0,99.485,24.625,5
2026-04-09 22:30:00+00:00,63.666666666666664,576.5,99.445,24.615000000000002,5
2026-04-09 22:35:00+00:00,65.0,571.5,99.475,24.615000000000002,5
2026-04-09 22:40:00+00:00,70.66666666666667,599.5,99.555,24.61,5
2026-04-09 22:45:00+00:00,57.666666666666664,567.0,99.515,24.604999999999997,5
2026-04-09 22:50:00+00:00,64.66666666666667,588.5,99.58000000000001,24.605,5
2026-04-09 22:55:00+00:00,66.0,604.0,100.0,24.47,5
2026-04-09 23:00:00+00:00,54.5,588.5,99.9,24.47,5
2026-04-09 23:05:00+00:00,60.333333333333336,545.0,99.9,24.45,5
2026-04-09 23:10:00+00:00,71.33333333333333,570.5,99.95,24.45,5
2026-04-09 23:15:00+00:00,57.666666666666664,583.5,99.97,24.46333333333333,5
2026-04-09 23:20:00+00:00,57.666666666666664,590.5,100.0,24.476666666666667,5
2026-04-09 23:25:00+00:00,66.0,568.0,99.96,24.49,5
2026-04-09 23:30:00+00:00,64.33333333333333,534.5,99.91,24.53,5
2026-04-09 23:35:00+00:00,70.66666666666667,559.5,99.89,24.73,5
2026-04-09 23:40:00+00:00,94.33333333333333,583.0,98.96000000000001,24.91,5
2026-04-09 23:45:00+00:00,82.0,552.0,98.35,25.075,5
2026-04-09 23:50:00+00:00,83.66666666666667,539.0,97.91499999999999,25.240000000000002,5
2026-04-09 23:55:00+00:00,101.66666666666667,522.0,97.815,25.395,5
2026-04-10 00:00:00+00:00,93.66666666666667,552.0,97.365,25.52,5
2026-04-10 00:05:00+00:00,88.66666666666667,555.5,96.865,25.634999999999998,5
2026-04-10 00:10:00+00:00,95.33333333333333,576.0,96.545,25.735,5
2026-04-10 00:15:00+00:00,91.33333333333333,535.5,96.055,25.83,5
2026-04-10 00:20:00+00:00,95.0,544.0,95.83500000000001,25.935000000000002,5
2026-04-10 00:25:00+00:00,109.33333333333333,539.0,95.715,26.02,5
2026-04-10 00:30:00+00:00,102.33333333333333,568.5,95.285,26.11,5
2026-04-10 00:35:00+00:00,95.33333333333333,547.5,94.87,26.189999999999998,5
2026-04-10 00:40:00+00:00,109.66666666666667,559.0,94.65,26.255,5
2026-04-10 00:45:00+00:00,105.0,542.0,94.36,26.299999999999997,5
2026-04-10 00:50:00+00:00,106.0,544.0,94.37,26.35,5
2026-04-10 00:55:00+00:00,132.5,559.25,94.81,26.4,5
2026-04-10 01:00:00+00:00,123.66666666666667,574.5,94.375,26.47,5
2026-04-10 01:05:00+00:00,107.33333333333333,547.5,94.01499999999999,26.53,5
2026-04-10 01:10:00+00:00,122.33333333333333,576.0,93.89,26.590000000000003,5
2026-04-10 01:15:00+00:00,113.33333333333333,545.5,93.565,26.619999999999997,5
2026-04-10 01:20:00+00:00,112.66666666666667,551.5,93.06,26.66,5
2026-04-10 01:25:00+00:00,116.0,567.5,93.465,26.68,5
2026-04-10 01:30:00+00:00,119.66666666666667,543.0,93.89,26.685000000000002,5
2026-04-10 01:35:00+00:00,106.66666666666667,538.0,93.175,26.705,5
2026-04-10 01:40:00+00:00,133.0,588.0,93.37,26.715,5
2026-04-10 01:45:00+00:00,118.0,565.0,93.48,26.744999999999997,5
2026-04-10 01:50:00+00:00,122.66666666666667,524.0,91.41,26.775,5
2026-04-10 01:55:00+00:00,131.0,548.0,93.685,26.82,5
2026-04-10 02:00:00+00:00,115.66666666666667,521.5,93.41,26.845,5
2026-04-10 02:05:00+00:00,128.0,510.0,93.005,26.905,5
2026-04-10 02:10:00+00:00,146.0,523.5,93.015,26.995,5
2026-04-10 02:15:00+00:00,134.0,552.5,93.025,27.11,5
2026-04-10 02:20:00+00:00,135.66666666666666,522.0,91.655,27.285,5
2026-04-10 02:25:00+00:00,159.33333333333334,539.5,91.78,27.445,5
2026-04-10 02:30:00+00:00,143.33333333333334,516.5,91.87,27.555,5
2026-04-10 02:35:00+00:00,135.66666666666666,521.5,91.82,27.67,5
2026-04-10 02:40:00+00:00,155.66666666666666,520.0,90.905,27.77,5
2026-04-10 02:45:00+00:00,150.33333333333334,535.0,90.86,27.880000000000003,5
2026-04-10 02:50:00+00:00,146.33333333333334,527.0,90.08,27.975,5
2026-04-10 02:55:00+00:00,165.0,523.5,90.36500000000001,28.08,5
2026-04-10 03:00:00+00:00,152.0,497.5,88.47,28.18,5
2026-04-10 03:05:00+00:00,150.33333333333334,490.0,89.5,28.23,5
2026-04-10 03:10:00+00:00,144.33333333333334,511.5,87.85,28.244999999999997,5
2026-04-10 03:15:00+00:00,144.0,502.5,89.36,28.255000000000003,5
2026-04-10 03:20:00+00:00,139.33333333333334,504.5,89.66499999999999,28.29,5
2026-04-10 03:25:00+00:00,150.0,510.5,88.82,28.27,5
2026-04-10 03:30:00+00:00,145.66666666666666,515.0,87.33,28.39,5
2026-04-10 03:35:00+00:00,146.66666666666666,494.0,88.09,28.5,5
2026-04-10 03:40:00+00:00,158.66666666666666,507.0,87.49,28.62,5
2026-04-10 03:45:00+00:00,161.66666666666666,508.5,87.245,28.78,5
2026-04-10 03:50:00+00:00,171.0,490.0,86.56,28.93,5
2026-04-10 03:55:00+00:00,157.66666666666666,499.0,85.655,29.095,5
2026-04-10 04:00:00+00:00,180.33333333333334,501.0,85.965,29.23,5
2026-04-10 04:05:00+00:00,174.66666666666666,501.5,84.11,29.365000000000002,5
2026-04-10 04:10:00+00:00,171.0,491.0,83.525,29.495,5
2026-04-10 04:15:00+00:00,181.33333333333334,522.0,82.475,29.615000000000002,5
2026-04-10 04:20:00+00:00,178.66666666666666,497.0,81.18,29.715,5
2026-04-10 04:25:00+00:00,201.0,497.5,81.505,29.84,5
2026-04-10 04:30:00+00:00,189.0,483.5,81.27,29.97,5
2026-04-10 04:35:00+00:00,191.0,493.5,80.775,30.12,5
2026-04-10 04:40:00+00:00,188.66666666666666,484.5,79.22,30.27,5
2026-04-10 04:45:00+00:00,218.5,516.5,78.91,30.4,4
2026-04-10 04:50:00+00:00,206.0,496.5,79.03,30.525,5
2026-04-10 04:55:00+00:00,212.33333333333334,479.0,79.57,30.665,5
2026-04-10 05:00:00+00:00,211.66666666666666,492.0,79.06,30.82,5
2026-04-10 05:05:00+00:00,227.66666666666666,499.0,78.555,30.979999999999997,5
2026-04-10 05:10:00+00:00,227.0,484.0,77.6,31.134999999999998,5
2026-04-10 05:15:00+00:00,248.0,478.0,77.16,31.314999999999998,5
2026-04-10 05:20:00+00:00,229.66666666666666,494.5,76.72,31.475,5
2026-04-10 05:25:00+00:00,239.33333333333334,488.5,75.88499999999999,31.625,5
2026-04-10 05:30:00+00:00,239.33333333333334,507.5,75.39333333333333,31.759999999999998,5
2026-04-10 05:35:00+00:00,255.0,488.0,74.90166666666666,31.884999999999998,5
2026-04-10 05:40:00+00:00,248.0,471.0,74.41,32.015,5
2026-04-10 05:45:00+00:00,250.66666666666666,492.0,74.6,32.129999999999995,5
2026-04-10 05:50:00+00:00,254.0,473.0,73.91499999999999,32.230000000000004,5
2026-04-10 05:55:00+00:00,264.0,487.0,73.995,32.36,5
2026-04-10 06:00:00+00:00,266.3333333333333,484.0,73.395,32.465,5
2026-04-10 06:05:00+00:00,266.6666666666667,488.5,73.065,32.58,5
2026-04-10 06:10:00+00:00,274.3333333333333,470.0,73.145,32.7,5
2026-04-10 06:15:00+00:00,292.0,465.5,73.77,32.845,5
2026-04-10 06:20:00+00:00,299.0,475.5,72.91,32.985,5
2026-04-10 06:25:00+00:00,287.0,464.5,72.825,33.1,5
2026-04-10 06:30:00+00:00,297.6666666666667,470.0,72.88,33.21,5
2026-04-10 06:35:00+00:00,305.6666666666667,457.5,72.95,33.345,5
2026-04-10 06:40:00+00:00,300.0,455.5,71.86,33.474999999999994,5
2026-04-10 06:45:00+00:00,307.3333333333333,469.0,71.4,33.61,5
2026-04-10 06:50:00+00:00,322.6666666666667,446.5,71.72999999999999,33.72,5
2026-04-10 06:55:00+00:00,317.6666666666667,463.0,72.28,33.83,5
2026-04-10 07:00:00+00:00,323.3333333333333,473.5,72.11000000000001,33.945,5
2026-04-10 07:05:00+00:00,318.3333333333333,467.5,70.18,34.015,5
2026-04-10 07:10:00+00:00,320.3333333333333,457.0,71.35,34.09,5
2026-04-10 07:15:00+00:00,320.0,463.5,70.555,34.14,5
2026-04-10 07:20:00+00:00,341.0,442.5,71.05000000000001,34.13,5
2026-04-10 07:25:00+00:00,323.0,480.0,69.13,34.12,5
2026-04-10 07:30:00+00:00,312.0,459.0,69.725,34.11,5
2026-04-10 07:35:00+00:00,310.5,447.0,70.86,34.1,5
2026-04-10 07:40:00+00:00,309.5,455.5,69.525,34.09,5
2026-04-10 07:45:00+00:00,312.75,458.5,70.18,34.08,5
2026-04-10 07:50:00+00:00,316.0,466.0,70.32000000000001,34.07,5
2026-04-10 07:55:00+00:00,310.3333333333333,480.0,70.46,34.06,5
2026-04-10 08:00:00+00:00,301.91666666666663,495.5,70.6,34.050000000000004,5
2026-04-10 08:05:00+00:00,293.5,490.5,71.61,34.04,5
2026-04-10 08:10:00+00:00,293.0,481.5,72.88,34.03,5
2026-04-10 08:15:00+00:00,283.3333333333333,470.0,73.945,33.504999999999995,5
2026-04-10 08:20:00+00:00,256.0,465.5,76.225,32.965,5
2026-04-10 08:25:00+00:00,244.66666666666666,476.5,78.625,32.455,5
2026-04-10 08:30:00+00:00,231.0,465.5,81.75999999999999,32.010000000000005,5
2026-04-10 08:35:00+00:00,223.0,495.0,83.82499999999999,31.65,5
2026-04-10 08:40:00+00:00,210.33333333333334,461.0,84.695,31.335,5
2026-04-10 08:45:00+00:00,207.0,483.0,85.47999999999999,31.06,5
2026-04-10 08:50:00+00:00,200.33333333333334,484.0,86.545,30.795,5
2026-04-10 08:55:00+00:00,190.33333333333334,485.0,86.15,30.54,5
2026-04-10 09:00:00+00:00,179.66666666666666,473.5,86.44999999999999,30.295,5
2026-04-10 09:05:00+00:00,176.0,481.5,86.92999999999999,30.064999999999998,5
2026-04-10 09:10:00+00:00,165.0,485.0,87.41,29.835,5
2026-04-10 09:15:00+00:00,159.33333333333334,487.0,87.7,29.595,5
2026-04-10 09:20:00+00:00,153.0,486.0,87.99000000000001,29.345,5
2026-04-10 09:25:00+00:00,147.33333333333334,491.0,88.41499999999999,29.115000000000002,5
2026-04-10 09:30:00+00:00,144.0,486.0,89.605,28.9,5
2026-04-10 09:35:00+00:00,143.0,488.5,89.74000000000001,28.729999999999997,5
2026-04-10 09:40:00+00:00,143.66666666666666,489.5,90.4,28.555,5
2026-04-10 09:45:00+00:00,134.66666666666666,502.5,89.72,28.4,5
2026-04-10 09:50:00+00:00,129.0,498.0,89.545,28.235,5
2026-04-10 09:55:00+00:00,128.66666666666666,483.5,89.725,28.05,5
2026-04-10 10:00:00+00:00,127.33333333333333,505.5,90.00999999999999,27.85,5
2026-04-10 10:05:00+00:00,112.0,463.5,90.61500000000001,27.65,5
2026-04-10 10:10:00+00:00,128.33333333333334,493.0,91.87,27.45,5
2026-04-10 10:15:00+00:00,123.0,482.5,92.42,27.32,5
2026-04-10 10:20:00+00:00,111.0,500.5,92.96,27.22,5
2026-04-10 10:25:00+00:00,126.0,505.0,93.39,27.16,5
2026-04-10 10:30:00+00:00,132.0,496.0,93.72,27.09,5
2026-04-10 10:35:00+00:00,115.0,509.5,93.63,27.02,5
2026-04-10 10:40:00+00:00,128.0,518.5,93.245,26.97,5
2026-04-10 10:45:00+00:00,123.0,518.5,93.285,26.88,5
2026-04-10 10:50:00+00:00,111.33333333333333,511.5,93.285,26.92,5
2026-04-10 10:55:00+00:00,133.0,561.0,93.61,26.865000000000002,5
2026-04-10 11:00:00+00:00,127.66666666666667,512.5,93.465,26.805,5
2026-04-10 11:05:00+00:00,120.66666666666667,500.5,93.47,26.74,5
2026-04-10 11:10:00+00:00,133.0,567.5,93.72,26.68,4
2026-04-10 11:15:00+00:00,123.66666666666667,518.0,93.655,26.615,5
2026-04-10 11:20:00+00:00,117.33333333333333,509.0,93.59,26.56,5
2026-04-10 11:25:00+00:00,132.0,528.5,93.755,26.490000000000002,5
2026-04-10 11:30:00+00:00,128.33333333333334,541.0,93.845,26.43,5
2026-04-10 11:35:00+00:00,128.0,531.0,94.02,26.369999999999997,5
2026-04-10 11:40:00+00:00,142.0,567.0,93.89500000000001,26.32,5
2026-04-10 11:45:00+00:00,130.0,531.5,93.845,26.265,5
2026-04-10 11:50:00+00:00,123.33333333333333,529.5,93.84,26.225,5
2026-04-10 11:55:00+00:00,134.0,549.0,93.695,26.185000000000002,5
2026-04-10 12:00:00+00:00,124.0,561.5,93.865,26.15,5
2026-04-10 12:05:00+00:00,123.33333333333333,554.5,93.735,26.11,5
2026-04-10 12:10:00+00:00,122.66666666666667,559.5,93.65,26.07,5
2026-04-10 12:15:00+00:00,119.66666666666667,569.5,93.545,26.005000000000003,5
2026-04-10 12:20:00+00:00,115.0,543.5,93.25999999999999,25.97,5
2026-04-10 12:25:00+00:00,126.0,535.5,93.16499999999999,25.925,5
2026-04-10 12:30:00+00:00,126.33333333333333,523.0,93.1,25.884999999999998,5
2026-04-10 12:35:00+00:00,114.0,549.5,93.12,25.845,5
2026-04-10 12:40:00+00:00,118.66666666666667,558.5,93.125,25.810000000000002,5
2026-04-10 12:45:00+00:00,122.33333333333333,525.0,93.58000000000001,25.785,5
2026-04-10 12:50:00+00:00,110.0,550.0,93.25,25.765,5
2026-04-10 12:55:00+00:00,118.0,544.5,93.04,25.740000000000002,5
2026-04-10 13:00:00+00:00,115.0,595.5,93.33,25.695,5
2026-04-10 13:05:00+00:00,109.66666666666667,549.0,93.67,25.67,5
2026-04-10 13:10:00+00:00,115.33333333333333,546.0,93.995,25.674999999999997,5
2026-04-10 13:15:00+00:00,116.0,641.5,94.59,25.655,5
2026-04-10 13:20:00+00:00,109.0,612.0,94.25,25.68,5
2026-04-10 13:25:00+00:00,150.33333333333334,596.0,94.215,25.685000000000002,5
2026-04-10 13:30:00+00:00,152.91666666666669,656.0,94.50999999999999,25.685000000000002,5
2026-04-10 13:35:00+00:00,155.5,629.5,94.36500000000001,25.665,5
2026-04-10 13:40:00+00:00,149.66666666666666,600.5,94.065,25.645,5
2026-04-10 13:45:00+00:00,143.33333333333334,606.0,93.86,25.625,5
2026-04-10 13:50:00+00:00,132.33333333333334,572.5,94.25,25.59,5
2026-04-10 13:55:00+00:00,126.66666666666667,567.5,95.03,25.564999999999998,5
2026-04-10 14:00:00+00:00,130.66666666666666,632.0,95.405,25.549999999999997,5
2026-04-10 14:05:00+00:00,130.83333333333331,602.5,95.355,25.5475,0
2026-04-10 14:10:00+00:00,131.0,573.0,95.305,25.545,5
2026-04-10 14:15:00+00:00,140.0,588.0,95.25,25.525,5
2026-04-10 14:20:00+00:00,138.0,661.0,95.44,25.505000000000003,5
2026-04-10 14:25:00+00:00,127.33333333333333,605.0,95.17,25.495,5
2026-04-10 14:30:00+00:00,128.66666666666666,588.0,95.05,25.5,5
2026-04-10 14:35:00+00:00,133.66666666666666,636.0,94.83500000000001,25.475,5
2026-04-10 14:40:00+00:00,113.66666666666667,584.5,94.73,25.435,5
2026-04-10 14:45:00+00:00,117.0,589.5,95.1,25.41,5
2026-04-10 14:50:00+00:00,137.0,684.5,95.045,25.405,5
2026-04-10 14:55:00+00:00,125.66666666666667,651.5,94.38,25.384999999999998,5
2026-04-10 15:00:00+00:00,126.66666666666667,668.0,94.025,25.345,5
2026-04-10 15:05:00+00:00,131.0,640.0,94.78999999999999,25.305,4
2026-04-10 15:10:00+00:00,114.0,588.0,94.91,25.265,5
2026-04-10 15:15:00+00:00,110.66666666666667,623.0,94.72,25.235,5
2026-04-10 15:20:00+00:00,113.0,680.0,94.70500000000001,25.19,5
2026-04-10 15:25:00+00:00,105.0,651.5,94.57,25.134999999999998,5
2026-04-10 15:30:00+00:00,101.0,615.5,94.705,25.085,5
2026-04-10 15:35:00+00:00,124.0,680.0,95.15,25.049999999999997,5
2026-04-10 15:40:00+00:00,107.33333333333333,604.5,95.125,25.01,5
2026-04-10 15:45:00+00:00,102.0,595.5,95.26,24.98,5
2026-04-10 15:50:00+00:00,115.0,671.0,95.735,24.96,5
2026-04-10 15:55:00+00:00,93.33333333333333,625.0,95.30000000000001,24.94,5
2026-04-10 16:00:00+00:00,92.33333333333333,671.0,95.41499999999999,24.9,5
2026-04-10 16:05:00+00:00,109.33333333333333,719.5,95.485,24.869999999999997,5
2026-04-10 16:10:00+00:00,98.33333333333333,627.0,95.71000000000001,24.835,5
2026-04-10 16:15:00+00:00,103.0,607.0,95.595,24.795,5
2026-04-10 16:20:00+00:00,101.33333333333333,639.5,95.975,24.759999999999998,5
2026-04-10 16:25:00+00:00,94.0,615.0,96.25,24.745,5
2026-04-10 16:30:00+00:00,96.0,616.0,96.35499999999999,24.73,5
2026-04-10 16:35:00+00:00,103.0,689.0,96.33,24.72,5
2026-04-10 16:40:00+00:00,88.66666666666667,641.0,96.325,24.715,5
2026-04-10 16:45:00+00:00,93.0,658.0,95.985,24.7,5
2026-04-10 16:50:00+00:00,105.66666666666667,692.0,96.035,24.68,5
2026-04-10 16:55:00+00:00,97.66666666666667,670.5,95.96000000000001,24.655,5
2026-04-10 17:00:00+00:00,92.33333333333333,654.5,96.06,24.625,5
2026-04-10 17:05:00+00:00,106.33333333333333,684.5,96.395,24.605,5
2026-04-10 17:10:00+00:00,91.0,644.0,96.26499999999999,24.575,5
2026-04-10 17:15:00+00:00,86.33333333333333,640.0,95.935,24.560000000000002,5
2026-04-10 17:20:00+00:00,99.66666666666667,698.0,96.16,24.535,5
2026-04-10 17:25:00+00:00,92.33333333333333,613.0,95.995,24.495,5
2026-04-10 17:30:00+00:00,96.33333333333333,627.5,96.02,24.445,5
2026-04-10 17:35:00+00:00,112.66666666666667,677.5,96.43,24.409999999999997,5
2026-04-10 17:40:00+00:00,90.33333333333333,636.5,96.205,24.375,5
2026-04-10 17:45:00+00:00,94.33333333333333,635.0,96.305,24.335,5
2026-04-10 17:50:00+00:00,107.66666666666667,674.5,96.575,24.32,5
2026-04-10 17:55:00+00:00,83.0,622.5,96.52000000000001,24.285,5
2026-04-10 18:00:00+00:00,78.33333333333333,600.0,96.69999999999999,24.27,5
2026-04-10 18:05:00+00:00,93.0,672.0,96.5175,24.25,5
2026-04-10 18:10:00+00:00,68.0,701.0,96.33500000000001,24.25,5
2026-04-10 18:15:00+00:00,71.66666666666667,684.5,95.95,24.23,5
2026-04-10 18:20:00+00:00,84.66666666666667,709.0,96.38,24.2,5
2026-04-10 18:25:00+00:00,65.66666666666667,648.5,96.305,24.155,5
2026-04-10 18:30:00+00:00,61.333333333333336,617.5,97.66,24.115,5
2026-04-10 18:35:00+00:00,88.66666666666667,678.5,96.825,24.08,5
2026-04-10 18:40:00+00:00,65.33333333333333,618.5,97.13499999999999,24.049999999999997,5
2026-04-10 18:45:00+00:00,59.333333333333336,605.5,97.21000000000001,24.035,5
2026-04-10 18:50:00+00:00,80.0,670.5,97.68,24.025,5
2026-04-10 18:55:00+00:00,64.66666666666667,615.5,97.67,24.009999999999998,5
2026-04-10 19:00:00+00:00,58.333333333333336,641.5,97.34,24.0,5
2026-04-10 19:05:00+00:00,72.33333333333333,681.0,97.14500000000001,23.98,5
2026-04-10 19:10:00+00:00,59.333333333333336,664.0,96.88,23.955,5
2026-04-10 19:15:00+00:00,56.333333333333336,622.0,96.775,23.915,5
2026-04-10 19:20:00+00:00,78.66666666666667,668.5,97.295,23.88,5
2026-04-10 19:25:00+00:00,64.66666666666667,635.0,97.515,23.85,5
2026-04-10 19:30:00+00:00,49.0,615.0,97.625,23.835,5
2026-04-10 19:35:00+00:00,68.0,643.5,99.02,23.805,5
2026-04-10 19:40:00+00:00,60.0,643.5,98.015,23.795,5
2026-04-10 19:45:00+00:00,45.333333333333336,597.0,98.08,23.78,5
2026-04-10 19:50:00+00:00,46.0,694.5,97.32,23.765,5
2026-04-10 19:55:00+00:00,36.0,686.0,96.875,23.72,5
2026-04-10 20:00:00+00:00,37.333333333333336,723.0,97.47,23.665,5
2026-04-10 20:05:00+00:00,57.333333333333336,695.0,96.80000000000001,23.6,5
2026-04-10 20:10:00+00:00,67.66666666666667,679.0,97.28,23.57,5
2026-04-10 20:15:00+00:00,50.333333333333336,667.5,97.505,23.54,5
2026-04-10 20:20:00+00:00,70.0,639.5,98.01,23.52,5
2026-04-10 20:25:00+00:00,63.666666666666664,662.0,98.33500000000001,23.509999999999998,5
2026-04-10 20:30:00+00:00,50.666666666666664,609.5,98.425,23.5,5
2026-04-10 20:35:00+00:00,62.5,638.5,98.725,23.48,4
2026-04-10 20:40:00+00:00,55.0,660.5,98.86,23.490000000000002,5
2026-04-10 20:45:00+00:00,40.666666666666664,623.5,98.65,23.485,5
2026-04-10 20:50:00+00:00,54.333333333333336,610.5,98.62,23.490000000000002,5
2026-04-10 20:55:00+00:00,56.666666666666664,656.5,98.73,23.485,5
2026-04-10 21:00:00+00:00,45.333333333333336,622.0,98.66,23.475,5
2026-04-10 21:05:00+00:00,51.333333333333336,596.5,98.845,23.479999999999997,5
2026-04-10 21:10:00+00:00,51.666666666666664,721.5,98.14,23.465,5
2026-04-10 21:15:00+00:00,40.333333333333336,689.0,97.33500000000001,23.43,5
2026-04-10 21:20:00+00:00,49.666666666666664,678.5,97.30000000000001,23.395,5
2026-04-10 21:25:00+00:00,56.666666666666664,715.5,97.715,23.34,5
2026-04-10 21:30:00+00:00,41.0,631.5,97.83000000000001,23.29,5
2026-04-10 21:35:00+00:00,41.0,624.5,98.1,23.245,5
2026-04-10 21:40:00+00:00,48.666666666666664,695.0,98.11,23.22,5
2026-04-10 21:45:00+00:00,35.0,677.5,97.66499999999999,23.18,5
2026-04-10 21:50:00+00:00,43.0,679.5,97.685,23.135,5
2026-04-10 21:55:00+00:00,55.0,723.5,98.10499999999999,23.085,5
2026-04-10 22:00:00+00:00,33.666666666666664,629.0,98.19999999999999,23.055,5
2026-04-10 22:05:00+00:00,44.333333333333336,704.5,97.95500000000001,23.015,5
2026-04-10 22:10:00+00:00,49.666666666666664,733.5,97.94999999999999,22.985,5
2026-04-10 22:15:00+00:00,38.0,651.0,98.3,22.95,5
2026-04-10 22:20:00+00:00,46.0,645.5,98.7,22.93,5
2026-04-10 22:25:00+00:00,47.0,688.0,98.98,22.91,5
2026-04-10 22:30:00+00:00,35.666666666666664,634.0,98.71000000000001,22.9,5
2026-04-10 22:35:00+00:00,42.666666666666664,653.5,98.82,22.875,5
2026-04-10 22:40:00+00:00,61.666666666666664,675.0,99.01,22.86,5
2026-04-10 22:45:00+00:00,48.0,619.0,98.80000000000001,22.85,5
2026-04-10 22:50:00+00:00,56.333333333333336,659.0,98.97,22.83,5
2026-04-10 22:55:00+00:00,74.33333333333333,690.0,99.28,22.835,5
2026-04-10 23:00:00+00:00,50.0,645.0,99.095,22.83,5
2026-04-10 23:05:00+00:00,55.0,629.0,99.1,22.82,5
2026-04-10 23:10:00+00:00,67.0,674.0,99.235,22.814999999999998,5
2026-04-10 23:15:00+00:00,53.0,622.0,98.91499999999999,22.814999999999998,5
2026-04-10 23:20:00+00:00,57.333333333333336,652.0,98.975,22.805,5
2026-04-10 23:25:00+00:00,71.66666666666667,686.0,99.22999999999999,22.795,5
2026-04-10 23:30:00+00:00,65.0,613.0,99.13499999999999,22.785,5
2026-04-10 23:35:00+00:00,71.33333333333333,629.0,99.29,22.78,5
2026-04-10 23:40:00+00:00,91.33333333333333,644.5,99.625,22.74,5
2026-04-10 23:45:00+00:00,69.33333333333333,615.5,99.58,22.74,5
2026-04-10 23:50:00+00:00,77.66666666666667,612.5,99.815,22.76,5
2026-04-10 23:55:00+00:00,89.0,658.5,99.955,22.85,5
2026-04-11 00:00:00+00:00,72.33333333333333,616.5,99.92,22.89,5
2026-04-11 00:05:00+00:00,83.0,606.5,99.955,22.945,5
2026-04-11 00:10:00+00:00,93.0,677.5,100.0,22.99,5
2026-04-11 00:15:00+00:00,64.0,616.5,99.975,23.03,5
2026-04-11 00:20:00+00:00,66.66666666666667,617.0,99.97,23.1,5
2026-04-11 00:25:00+00:00,95.33333333333333,646.5,100.0,23.14,5
2026-04-11 00:30:00+00:00,64.0,602.0,99.93,23.215,5
2026-04-11 00:35:00+00:00,73.33333333333333,614.5,99.9,23.265,5
2026-04-11 00:40:00+00:00,100.0,634.5,99.99000000000001,23.345,5
2026-04-11 00:45:00+00:00,75.33333333333333,588.0,99.97,23.4,5
2026-04-11 00:50:00+00:00,71.0,607.0,99.96000000000001,23.485,5
2026-04-11 00:55:00+00:00,101.33333333333333,582.0,100.0,23.585,5
2026-04-11 01:00:00+00:00,68.33333333333333,600.0,99.945,23.689999999999998,5
2026-04-11 01:05:00+00:00,67.66666666666667,590.0,99.405,23.785,5
2026-04-11 01:10:00+00:00,86.33333333333333,627.0,99.35,23.875,5
2026-04-11 01:15:00+00:00,79.0,609.5,99.03,23.97,5
2026-04-11 01:20:00+00:00,84.66666666666667,578.0,98.435,24.075,5
2026-04-11 01:25:00+00:00,125.33333333333333,571.25,98.25999999999999,24.200000000000003,5
2026-04-11 01:30:00+00:00,94.66666666666667,564.5,97.91,24.335,5
2026-04-11 01:35:00+00:00,94.33333333333333,578.5,97.5,24.490000000000002,5
2026-04-11 01:40:00+00:00,106.5,565.5,96.33,24.645,4
2026-04-11 01:45:00+00:00,100.66666666666667,576.5,95.97999999999999,24.814999999999998,5
2026-04-11 01:50:00+00:00,105.0,548.0,94.65,24.965,5
2026-04-11 01:55:00+00:00,109.66666666666667,568.5,94.095,25.119999999999997,5
2026-04-11 02:00:00+00:00,112.66666666666667,560.0,93.245,25.27,5
2026-04-11 02:05:00+00:00,106.33333333333333,541.5,91.64,25.415,5
2026-04-11 02:10:00+00:00,127.66666666666667,543.5,90.16,25.565,5
2026-04-11 02:15:00+00:00,131.33333333333334,544.0,89.27,25.7,5
2026-04-11 02:20:00+00:00,138.0,567.5,89.55,25.884999999999998,4
2026-04-11 02:25:00+00:00,149.33333333333334,542.5,89.43,26.1,5
2026-04-11 02:30:00+00:00,151.33333333333334,524.5,88.86875,26.35,5
2026-04-11 02:35:00+00:00,164.0,569.5,88.3075,26.605,5
2026-04-11 02:40:00+00:00,169.33333333333334,556.5,87.74625,26.865000000000002,5
2026-04-11 02:45:00+00:00,161.0,536.0,87.185,27.09,5
2026-04-11 02:50:00+00:00,181.33333333333334,521.0,85.30000000000001,27.284999999999997,5
2026-04-11 02:55:00+00:00,188.0,547.5,83.985,27.465,5
2026-04-11 03:00:00+00:00,190.33333333333334,514.5,82.30000000000001,27.64,5
2026-04-11 03:05:00+00:00,191.33333333333334,489.0,81.27,27.845,5
2026-04-11 03:10:00+00:00,206.0,525.0,81.325,28.075,5
2026-04-11 03:15:00+00:00,207.66666666666666,525.5,78.24000000000001,28.29,5
2026-04-11 03:20:00+00:00,208.0,515.0,76.235,28.48,5
2026-04-11 03:25:00+00:00,220.66666666666666,492.0,75.515,28.67,5
2026-04-11 03:30:00+00:00,207.66666666666666,503.0,74.475,28.835,5
2026-04-11 03:35:00+00:00,213.33333333333334,503.5,73.42,28.990000000000002,5
2026-04-11 03:40:00+00:00,225.0,490.0,72.64500000000001,29.165,5
2026-04-11 03:45:00+00:00,228.5,494.0,72.5425,29.325,5
2026-04-11 03:50:00+00:00,244.5,479.5,72.44,29.505000000000003,5
2026-04-11 03:55:00+00:00,239.0,491.5,72.16499999999999,29.69,5
2026-04-11 04:00:00+00:00,232.33333333333334,484.5,69.6,29.875,5
2026-04-11 04:05:00+00:00,235.33333333333334,491.0,67.98,30.045,5
2026-04-11 04:10:00+00:00,253.0,495.0,68.2,30.22,5
2026-04-11 04:15:00+00:00,266.3333333333333,475.0,69.87,30.405,5
2026-04-11 04:20:00+00:00,261.0,509.0,69.09,30.585,5
2026-04-11 04:25:00+00:00,265.3333333333333,464.0,68.58,30.73,5
2026-04-11 04:30:00+00:00,265.6666666666667,460.0,69.195,30.8525,5
2026-04-11 04:35:00+00:00,265.6666666666667,480.5,67.535,30.975,5
2026-04-11 04:40:00+00:00,292.0,470.0,69.21000000000001,31.0975,5
2026-04-11 04:45:00+00:00,267.0,470.0,68.56,31.22,5
2026-04-11 04:50:00+00:00,290.6666666666667,491.0,67.91,31.33,5
2026-04-11 04:55:00+00:00,293.0,449.0,68.985,31.455,5
2026-04-11 05:00:00+00:00,304.6666666666667,451.0,70.715,31.585,5
2026-04-11 05:05:00+00:00,281.6666666666667,467.5,69.23500000000001,31.700000000000003,5
2026-04-11 05:10:00+00:00,299.6666666666667,479.0,72.14500000000001,31.79,5
2026-04-11 05:15:00+00:00,286.3333333333333,476.5,74.12,31.625,5
2026-04-11 05:20:00+00:00,252.66666666666666,454.5,74.675,31.189999999999998,5
2026-04-11 05:25:00+00:00,247.0,454.0,77.97,30.69,5
2026-04-11 05:30:00+00:00,227.66666666666666,480.5,79.82,30.25,5
2026-04-11 05:35:00+00:00,224.66666666666666,448.0,81.865,29.869999999999997,5
2026-04-11 05:40:00+00:00,216.0,453.5,83.83,29.57,5
2026-04-11 05:45:00+00:00,209.33333333333334,442.0,84.69999999999999,29.335,5
2026-04-11 05:50:00+00:00,210.0,467.0,84.68,29.16,5
2026-04-11 05:55:00+00:00,217.0,447.5,87.05000000000001,29.03,5
2026-04-11 06:00:00+00:00,210.66666666666666,468.5,87.02000000000001,28.955,5
2026-04-11 06:05:00+00:00,208.66666666666666,470.5,86.99000000000001,28.92,5
2026-04-11 06:10:00+00:00,219.0,465.0,87.045,28.915,5
2026-04-11 06:15:00+00:00,217.0,442.5,87.1,28.93,5
2026-04-11 06:20:00+00:00,218.66666666666666,460.5,86.4,28.98,5
2026-04-11 06:25:00+00:00,233.33333333333334,441.0,87.93,29.060000000000002,5
2026-04-11 06:30:00+00:00,247.33333333333334,466.0,88.24000000000001,29.22,5
2026-04-11 06:35:00+00:00,261.3333333333333,447.5,87.755,29.515,5
2026-04-11 06:40:00+00:00,280.3333333333333,479.0,87.82,29.895,5
2026-04-11 06:45:00+00:00,270.6666666666667,457.0,86.645,30.145,5
2026-04-11 06:50:00+00:00,281.3333333333333,455.0,87.47,30.15,5
2026-04-11 06:55:00+00:00,262.6666666666667,444.5,88.645,30.035,5
2026-04-11 07:00:00+00:00,269.6666666666667,436.0,89.725,29.93,5
2026-04-11 07:05:00+00:00,243.66666666666666,468.5,87.465,29.82,5
2026-04-11 07:10:00+00:00,248.33333333333334,472.5,86.08500000000001,29.705,5
2026-04-11 07:15:00+00:00,253.0,477.0,85.73,29.535,5
2026-04-11 07:20:00+00:00,242.33333333333334,460.0,88.105,29.380000000000003,5
2026-04-11 07:25:00+00:00,230.33333333333334,438.5,87.43,29.25,5
2026-04-11 07:30:00+00:00,249.0,469.0,90.75999999999999,29.16,5
2026-04-11 07:35:00+00:00,232.0,456.5,89.32499999999999,29.11,5
2026-04-11 07:40:00+00:00,245.33333333333334,463.5,89.215,29.075000000000003,5
2026-04-11 07:45:00+00:00,229.33333333333334,488.0,87.765,29.06,5
2026-04-11 07:50:00+00:00,249.66666666666666,437.5,87.695,29.05,5
2026-04-11 07:55:00+00:00,248.33333333333334,445.5,87.875,29.1,5
2026-04-11 08:00:00+00:00,280.6666666666667,455.5,89.715,29.28,5
2026-04-11 08:05:00+00:00,268.3333333333333,450.0,87.16499999999999,29.5,5
2026-04-11 08:10:00+00:00,306.0,484.0,85.91,29.740000000000002,4
2026-04-11 08:15:00+00:00,309.0,451.5,86.285,29.905,5
2026-04-11 08:20:00+00:00,284.0,455.5,85.72999999999999,29.84,5
2026-04-11 08:25:00+00:00,265.0,466.5,86.435,29.66,5
2026-04-11 08:30:00+00:00,262.3333333333333,467.0,88.225,29.455,5
2026-04-11 08:35:00+00:00,252.0,450.0,88.62,29.275,5
2026-04-11 08:40:00+00:00,243.0,457.0,88.17500000000001,29.09,5
2026-04-11 08:45:00+00:00,232.66666666666666,463.0,88.575,28.884999999999998,5
2026-04-11 08:50:00+00:00,231.66666666666666,473.0,88.34,28.7,5
2026-04-11 08:55:00+00:00,220.33333333333334,465.0,87.405,28.525,5
2026-04-11 09:00:00+00:00,224.66666666666666,484.5,88.03,28.365000000000002,5
2026-04-11 09:05:00+00:00,208.0,475.0,87.175,28.235,5
2026-04-11 09:10:00+00:00,209.0,473.5,87.33,28.13,5
2026-04-11 09:15:00+00:00,212.33333333333334,482.0,87.475,28.064999999999998,5
2026-04-11 09:20:00+00:00,218.0,462.0,87.42999999999999,28.064999999999998,5
2026-04-11 09:25:00+00:00,215.33333333333334,474.0,87.38499999999999,28.119999999999997,5
2026-04-11 09:30:00+00:00,235.33333333333334,499.5,85.84,28.22,5
2026-04-11 09:35:00+00:00,237.33333333333334,484.5,84.76,28.39,5
2026-04-11 09:40:00+00:00,282.3333333333333,479.0,85.25,28.634999999999998,5
2026-04-11 09:45:00+00:00,284.3333333333333,469.5,84.745,28.880000000000003,5
2026-04-11 09:50:00+00:00,286.6666666666667,487.5,83.53999999999999,29.1,5
2026-04-11 09:55:00+00:00,283.3333333333333,465.0,81.08,29.29,5
2026-04-11 10:00:00+00:00,318.6666666666667,480.5,81.59,29.439999999999998,5
2026-04-11 10:05:00+00:00,303.3333333333333,496.0,81.365,29.53,5
2026-04-11 10:10:00+00:00,296.6666666666667,495.0,81.265,29.59,5
2026-04-11 10:15:00+00:00,301.6666666666667,489.5,80.96000000000001,29.615000000000002,5
2026-04-11 10:20:00+00:00,305.0,520.0,80.965,29.615,5
2026-04-11 10:25:00+00:00,292.0,511.0,80.93,29.605,5
2026-04-11 10:30:00+00:00,284.6666666666667,505.5,79.97,29.545,5
2026-04-11 10:35:00+00:00,270.6666666666667,509.5,79.17,29.485,5
2026-04-11 10:40:00+00:00,275.3333333333333,484.5,78.92,29.415,5
2026-04-11 10:45:00+00:00,271.3333333333333,514.5,78.85499999999999,29.26,5
2026-04-11 10:50:00+00:00,259.0,505.5,79.055,29.175,5
2026-04-11 10:55:00+00:00,243.33333333333334,497.0,78.525,29.09,5
2026-04-11 11:00:00+00:00,236.66666666666666,494.0,77.65,29.07,5
2026-04-11 11:05:00+00:00,235.33333333333334,492.5,76.375,28.96,5
2026-04-11 11:10:00+00:00,242.5,519.5,76.85,28.884999999999998,5
2026-04-11 11:15:00+00:00,227.66666666666666,513.5,77.20500000000001,28.795,5
2026-04-11 11:20:00+00:00,205.0,488.0,77.14833333333334,28.7,5
2026-04-11 11:25:00+00:00,206.33333333333334,502.0,77.09166666666667,28.6,5
2026-04-11 11:30:00+00:00,220.0,540.0,77.03500000000001,28.494999999999997,5
2026-04-11 11:35:00+00:00,202.33333333333334,541.5,76.97833333333334,28.4,5
2026-04-11 11:40:00+00:00,195.0,524.0,76.92166666666667,28.27,5
2026-04-11 11:45:00+00:00,172.66666666666666,499.5,76.865,28.145000000000003,5
2026-04-11 11:50:00+00:00,176.33333333333334,514.0,76.80833333333334,28.04,5
2026-04-11 11:55:00+00:00,181.66666666666666,519.5,76.75166666666667,27.935,5
2026-04-11 12:00:00+00:00,169.0,512.0,76.695,27.835,5
2026-04-11 12:05:00+00:00,165.66666666666666,531.5,76.85499999999999,27.75,5
2026-04-11 12:10:00+00:00,174.66666666666666,519.0,77.435,27.68,5
2026-04-11 12:15:00+00:00,166.0,500.0,77.875,27.605,5
2026-04-11 12:20:00+00:00,165.0,522.5,78.19,27.53,5
2026-04-11 12:25:00+00:00,169.0,541.0,79.03999999999999,27.48,5
2026-04-11 12:30:00+00:00,153.66666666666666,528.0,79.61500000000001,27.425,5
2026-04-11 12:35:00+00:00,167.5,503.5,80.325,27.35,5
2026-04-11 12:40:00+00:00,164.33333333333334,527.5,80.845,27.3,5
2026-04-11 12:45:00+00:00,161.5,545.0,81.25,27.225,5
2026-04-11 12:50:00+00:00,153.0,535.5,81.465,27.17,5
2026-04-11 12:55:00+00:00,168.33333333333334,550.5,81.99000000000001,27.095,5
2026-04-11 13:00:00+00:00,143.33333333333334,533.0,82.03999999999999,27.009999999999998,5
2026-04-11 13:05:00+00:00,138.66666666666666,534.0,82.47,26.93,5
2026-04-11 13:10:00+00:00,143.33333333333334,530.5,82.57,26.8,5
2026-04-11 13:15:00+00:00,135.0,530.5,82.53,26.74,5
2026-04-11 13:20:00+00:00,131.33333333333334,534.0,82.725,26.67,5
2026-04-11 13:25:00+00:00,134.33333333333334,529.0,82.98,26.63,5
2026-04-11 13:30:00+00:00,124.33333333333333,519.0,83.06,26.6,5
2026-04-11 13:35:00+00:00,130.66666666666666,525.5,83.28,26.58,5
2026-04-11 13:40:00+00:00,139.0,554.0,83.64500000000001,26.57,4
2026-04-11 13:45:00+00:00,127.33333333333333,527.0,83.97,26.560000000000002,5
2026-04-11 13:50:00+00:00,123.33333333333333,520.0,83.93,26.5,5
2026-04-11 13:55:00+00:00,130.0,545.5,84.36500000000001,26.490000000000002,5
2026-04-11 14:00:00+00:00,121.66666666666667,532.5,84.375,26.465,5
2026-04-11 14:05:00+00:00,121.33333333333333,526.0,84.905,26.42,5
2026-04-11 14:10:00+00:00,127.66666666666667,548.5,85.16499999999999,26.4,5
2026-04-11 14:15:00+00:00,117.0,544.0,85.06,26.365000000000002,5
2026-04-11 14:20:00+00:00,120.33333333333333,531.5,85.41499999999999,26.34,5
2026-04-11 14:25:00+00:00,125.66666666666667,536.0,85.765,26.33,5
2026-04-11 14:30:00+00:00,116.0,523.0,85.85,26.3,5
2026-04-11 14:35:00+00:00,114.66666666666667,540.5,85.855,26.28,5
2026-04-11 14:40:00+00:00,132.33333333333334,589.5,86.235,26.27,5
2026-04-11 14:45:00+00:00,115.0,526.5,86.16499999999999,26.244999999999997,5
2026-04-11 14:50:00+00:00,120.0,553.5,86.47999999999999,26.21,5
2026-04-11 14:55:00+00:00,128.33333333333334,569.5,86.61500000000001,26.19,5
2026-04-11 15:00:00+00:00,121.0,534.5,86.615,26.17,5
2026-04-11 15:05:00+00:00,124.0,587.5,86.91,26.155,5
2026-04-11 15:10:00+00:00,131.66666666666666,545.0,86.695,26.119999999999997,5
2026-04-11 15:15:00+00:00,113.33333333333333,555.0,86.405,26.07,5
2026-04-11 15:20:00+00:00,121.33333333333333,592.5,86.56,26.009999999999998,5
2026-04-11 15:25:00+00:00,126.33333333333333,579.5,86.81,25.96,5
2026-04-11 15:30:00+00:00,116.66666666666667,574.0,87.28999999999999,25.79,5
2026-04-11 15:35:00+00:00,110.66666666666667,564.5,87.525,25.73,5
2026-04-11 15:40:00+00:00,121.5,573.0,87.985,25.69,5
2026-04-11 15:45:00+00:00,118.66666666666667,581.0,87.79499999999999,25.63,5
2026-04-11 15:50:00+00:00,106.0,566.0,88.16999999999999,25.57,5
2026-04-11 15:55:00+00:00,121.5,573.0,88.685,25.51,5
2026-04-11 16:00:00+00:00,109.66666666666667,609.5,89.015,25.46,5
2026-04-11 16:05:00+00:00,118.0,594.5,89.34,25.555,5
2026-04-11 16:10:00+00:00,103.0,573.0,89.905,25.509999999999998,4
2026-04-11 16:15:00+00:00,111.0,615.5,90.055,25.455,5
2026-04-11 16:20:00+00:00,105.66666666666667,623.5,90.33500000000001,25.395000000000003,5
2026-04-11 16:25:00+00:00,123.0,590.0,91.03999999999999,25.33,5
2026-04-11 16:30:00+00:00,111.33333333333333,608.5,91.25,25.285,5
2026-04-11 16:35:00+00:00,93.33333333333333,574.5,91.285,25.23,5
2026-04-11 16:40:00+00:00,109.0,609.0,91.44,25.17,5
2026-04-11 16:45:00+00:00,97.66666666666667,582.0,91.72,25.11,5
2026-04-11 16:50:00+00:00,93.66666666666667,597.0,91.69,25.05,5
2026-04-11 16:55:00+00:00,97.66666666666667,586.5,91.78999999999999,25.0,5
2026-04-11 17:00:00+00:00,89.33333333333333,578.0,91.925,24.94,5
2026-04-11 17:05:00+00:00,77.66666666666667,606.0,92.08,24.880000000000003,5
2026-04-11 17:10:00+00:00,96.33333333333333,639.0,92.16999999999999,24.835,5
2026-04-11 17:15:00+00:00,98.5,620.5,92.765,24.785,4
2026-04-11 17:20:00+00:00,82.0,613.5,92.93,24.725,5
2026-04-11 17:25:00+00:00,85.66666666666667,603.5,93.305,24.68,5
2026-04-11 17:30:00+00:00,81.5,613.0,93.79499999999999,24.655,5
2026-04-11 17:35:00+00:00,75.66666666666667,590.0,93.84,24.61,5
2026-04-11 17:40:00+00:00,80.0,618.5,93.955,24.575,5
2026-04-11 17:45:00+00:00,79.5,716.0,93.76499999999999,24.560000000000002,5
2026-04-11 17:50:00+00:00,80.0,595.0,94.08,24.525,5
2026-04-11 17:55:00+00:00,82.33333333333333,591.0,94.645,24.495,5
2026-04-11 18:00:00+00:00,75.5,601.0,94.68,24.485,5
2026-04-11 18:05:00+00:00,72.33333333333333,630.5,94.545,24.46,5
2026-04-11 18:10:00+00:00,80.33333333333333,617.0,94.4,24.435,5
2026-04-11 18:15:00+00:00,80.33333333333333,603.0,93.955,24.4,5
2026-04-11 18:20:00+00:00,75.5,593.5,94.23,24.354999999999997,5
2026-04-11 18:25:00+00:00,73.33333333333333,595.0,94.47999999999999,24.32,5
2026-04-11 18:30:00+00:00,67.66666666666667,599.5,94.25,24.299999999999997,5
2026-04-11 18:35:00+00:00,62.666666666666664,587.5,94.63,24.245,5
2026-04-11 18:40:00+00:00,72.66666666666667,593.0,94.75,24.215,5
2026-04-11 18:45:00+00:00,75.66666666666667,633.5,94.68,24.18,5
2026-04-11 18:50:00+00:00,59.333333333333336,594.0,95.005,24.15,5
2026-04-11 18:55:00+00:00,71.0,620.5,94.71000000000001,24.115000000000002,5
2026-04-11 19:00:00+00:00,62.333333333333336,604.5,94.88,24.07,5
2026-04-11 19:05:00+00:00,53.0,591.0,94.765,24.03,5
2026-04-11 19:10:00+00:00,59.333333333333336,616.5,94.54499999999999,23.990000000000002,5
2026-04-11 19:15:00+00:00,66.5,586.0,94.88499999999999,23.93,5
2026-04-11 19:20:00+00:00,57.333333333333336,632.5,94.945,23.88,5
2026-04-11 19:25:00+00:00,62.333333333333336,608.0,95.225,23.855,5
2026-04-11 19:30:00+00:00,63.0,599.0,95.465,23.82,4
2026-04-11 19:35:00+00:00,50.333333333333336,619.5,95.505,23.78,5
2026-04-11 19:40:00+00:00,52.333333333333336,583.5,95.305,23.765,5
2026-04-11 19:45:00+00:00,56.333333333333336,652.0,95.36,23.73,5
2026-04-11 19:50:00+00:00,47.666666666666664,624.5,95.25999999999999,23.695,5
2026-04-11 19:55:00+00:00,50.0,611.0,95.255,23.65,5
2026-04-11 20:00:00+00:00,50.333333333333336,632.5,95.38499999999999,23.634999999999998,5
2026-04-11 20:05:00+00:00,35.333333333333336,626.5,95.185,23.59,5
2026-04-11 20:10:00+00:00,49.666666666666664,619.0,95.315,23.545,5
2026-04-11 20:15:00+00:00,53.0,613.0,96.035,23.515,5
2026-04-11 20:20:00+00:00,39.666666666666664,638.5,95.5,23.490000000000002,5
2026-04-11 20:25:00+00:00,52.666666666666664,601.5,95.6,23.455,5
2026-04-11 20:30:00+00:00,52.0,636.5,95.77,23.43,5
2026-04-11 20:35:00+00:00,50.666666666666664,606.5,96.21,23.395,5
2026-04-11 20:40:00+00:00,53.333333333333336,604.5,96.195,23.375,5
2026-04-11 20:45:00+00:00,56.0,628.5,96.35,23.35,4
2026-04-11 20:50:00+00:00,51.0,639.0,96.12,23.33,5
2026-04-11 20:55:00+00:00,49.0,640.5,96.02,23.325,5
2026-04-11 21:00:00+00:00,54.333333333333336,636.5,95.97,23.3,5
2026-04-11 21:05:00+00:00,51.333333333333336,640.5,95.93,23.27,5
2026-04-11 21:10:00+00:00,50.666666666666664,621.0,96.035,23.235,5
2026-04-11 21:15:00+00:00,57.0,633.5,96.315,23.21,5
2026-04-11 21:20:00+00:00,44.666666666666664,618.0,96.35,23.185000000000002,5
2026-04-11 21:25:00+00:00,43.666666666666664,638.0,96.5,23.17,5
2026-04-11 21:30:00+00:00,51.0,610.5,96.705,23.155,5
2026-04-11 21:35:00+00:00,41.0,645.0,96.59,23.14,5
2026-04-11 21:40:00+00:00,36.666666666666664,636.0,96.33,23.115,5
2026-04-11 21:45:00+00:00,35.0,644.0,96.365,23.1,4
2026-04-11 21:50:00+00:00,39.0,675.0,95.68,23.064999999999998,5
2026-04-11 21:55:00+00:00,44.666666666666664,655.0,95.805,23.03,5
2026-04-11 22:00:00+00:00,48.0,666.0,96.215,22.990000000000002,5
2026-04-11 22:05:00+00:00,48.333333333333336,640.0,96.04499999999999,22.955,5
2026-04-11 22:10:00+00:00,47.0,617.5,96.07,22.925,5
2026-04-11 22:15:00+00:00,60.0,632.0,96.305,22.895000000000003,4
2026-04-11 22:20:00+00:00,59.0,650.5,96.21000000000001,22.87,5
2026-04-11 22:25:00+00:00,47.666666666666664,688.0,96.0,22.85,5
2026-04-11 22:30:00+00:00,56.0,678.5,95.89,22.82,5
2026-04-11 22:35:00+00:00,38.666666666666664,684.5,95.26,22.775,5
2026-04-11 22:40:00+00:00,43.0,699.0,95.67,22.725,5
2026-04-11 22:45:00+00:00,61.0,687.0,96.075,22.67,5
2026-04-11 22:50:00+00:00,55.666666666666664,718.0,96.065,22.62,5
2026-04-11 22:55:00+00:00,53.0,683.0,95.94,22.59,5
2026-04-11 23:00:00+00:00,68.0,697.5,96.14,22.55,5
2026-04-11 23:05:00+00:00,48.666666666666664,690.5,96.065,22.509999999999998,5
2026-04-11 23:10:00+00:00,51.333333333333336,673.5,96.08,22.479999999999997,5
2026-04-11 23:15:00+00:00,66.33333333333333,678.5,96.285,22.39,5
2026-04-11 23:20:00+00:00,69.33333333333333,645.0,96.305,22.388333333333335,5
2026-04-11 23:25:00+00:00,69.66666666666667,651.0,96.46000000000001,22.386666666666667,5
2026-04-11 23:30:00+00:00,82.0,632.5,96.705,22.384999999999998,5
2026-04-11 23:35:00+00:00,68.33333333333333,635.0,96.995,22.383333333333333,5
2026-04-11 23:40:00+00:00,80.0,614.0,97.375,22.381666666666668,5
2026-04-11 23:45:00+00:00,101.5,633.25,97.370625,22.38,5
2026-04-11 23:50:00+00:00,77.0,652.5,97.36625000000001,22.41,5
2026-04-11 23:55:00+00:00,82.66666666666667,624.5,97.361875,22.515,5
2026-04-12 00:00:00+00:00,83.5,637.5,97.3575,22.55,4
2026-04-12 00:05:00+00:00,74.33333333333333,622.5,97.353125,22.61,5
2026-04-12 00:10:00+00:00,89.33333333333333,641.0,97.34875,22.65,5
2026-04-12 00:15:00+00:00,92.33333333333333,620.0,97.344375,22.715000000000003,5
2026-04-12 00:20:00+00:00,88.0,617.0,97.34,22.78,5
2026-04-12 00:25:00+00:00,102.33333333333333,604.5,97.13,22.84,5
2026-04-12 00:30:00+00:00,110.33333333333333,635.5,96.88499999999999,22.91,5
2026-04-12 00:35:00+00:00,99.0,605.5,96.41,22.985,5
2026-04-12 00:40:00+00:00,107.0,579.5,96.05000000000001,23.07,5
2026-04-12 00:45:00+00:00,114.0,618.0,95.995,23.185000000000002,5
2026-04-12 00:50:00+00:00,114.0,597.5,96.005,23.315,5
2026-04-12 00:55:00+00:00,110.66666666666667,580.5,94.84,23.465,5
2026-04-12 01:00:00+00:00,137.33333333333334,598.0,94.495,23.615000000000002,5
2026-04-12 01:05:00+00:00,112.0,580.5,94.18,23.78,4
2026-04-12 01:10:00+00:00,123.0,575.5,94.245,23.96,5
2026-04-12 01:15:00+00:00,117.33333333333333,582.0,94.655,24.165,5
2026-04-12 01:20:00+00:00,119.0,598.0,94.27,24.384999999999998,5
2026-04-12 01:25:00+00:00,122.33333333333333,580.5,93.88499999999999,24.61,5
2026-04-12 01:30:00+00:00,150.33333333333334,563.5,93.89500000000001,24.88,5
2026-04-12 01:35:00+00:00,133.0,568.5,92.715,25.145,5
2026-04-12 01:40:00+00:00,139.33333333333334,575.0,92.255,25.415,5
2026-04-12 01:45:00+00:00,137.0,556.5,90.77,25.645,5
2026-04-12 01:50:00+00:00,144.33333333333334,536.0,90.255,25.86,5
2026-04-12 01:55:00+00:00,148.0,560.5,89.63,26.060000000000002,5
2026-04-12 02:00:00+00:00,157.66666666666666,545.5,89.195,26.295,5
2026-04-12 02:05:00+00:00,155.0,533.5,88.64,26.52,5
2026-04-12 02:10:00+00:00,171.33333333333334,545.0,88.305,26.73,5
2026-04-12 02:15:00+00:00,171.0,543.0,86.895,26.945,5
2026-04-12 02:20:00+00:00,160.66666666666666,517.0,85.865,27.15,5
2026-04-12 02:25:00+00:00,166.33333333333334,527.5,85.06,27.34,5
2026-04-12 02:30:00+00:00,171.5,519.5,83.185,27.509999999999998,4
2026-04-12 02:35:00+00:00,177.33333333333334,539.0,82.6,27.689999999999998,5
2026-04-12 02:40:00+00:00,185.33333333333334,542.0,82.13,27.87,5
2026-04-12 02:45:00+00:00,187.0,525.0,81.32,28.04,5
2026-04-12 02:50:00+00:00,200.5,532.0,81.06,28.225,5
2026-04-12 02:55:00+00:00,197.33333333333334,520.0,80.65,28.405,5
2026-04-12 03:00:00+00:00,206.66666666666666,502.5,80.595,28.61,5
2026-04-12 03:05:00+00:00,208.0,519.5,80.53999999999999,28.785,5
2026-04-12 03:10:00+00:00,219.66666666666666,505.5,79.78999999999999,28.955,5
2026-04-12 03:15:00+00:00,207.66666666666666,518.0,76.81,29.11,5
2026-04-12 03:20:00+00:00,228.66666666666666,521.0,76.59,29.28,5
2026-04-12 03:25:00+00:00,217.0,501.0,74.41,29.425,5
2026-04-12 03:30:00+00:00,230.66666666666666,498.0,73.205,29.575,5
2026-04-12 03:35:00+00:00,244.66666666666666,517.0,71.98,29.73,5
2026-04-12 03:40:00+00:00,240.66666666666666,526.5,71.80250000000001,29.875,5
2026-04-12 03:45:00+00:00,248.66666666666666,512.5,71.625,30.03,5
2026-04-12 03:50:00+00:00,257.0,517.5,71.4475,30.21,5
2026-04-12 03:55:00+00:00,258.6666666666667,496.5,71.27,30.39,5
2026-04-12 04:00:00+00:00,267.3333333333333,496.0,71.0925,30.57,5
2026-04-12 04:05:00+00:00,278.0,497.0,70.915,30.75,5
2026-04-12 04:10:00+00:00,279.0,504.5,70.7375,30.9,5
2026-04-12 04:15:00+00:00,297.0,481.5,70.56,31.075000000000003,5
2026-04-12 04:20:00+00:00,303.5,507.5,70.3825,31.255000000000003,5
2026-04-12 04:25:00+00:00,312.0,491.5,70.205,31.405,5
2026-04-12 04:30:00+00:00,305.0,488.0,73.91499999999999,31.415,5
2026-04-12 04:35:00+00:00,298.0,496.5,76.53,31.09,5
2026-04-12 04:40:00+00:00,250.66666666666666,493.5,77.11,30.645,5
2026-04-12 04:45:00+00:00,256.6666666666667,485.0,79.19,30.175,5
2026-04-12 04:50:00+00:00,236.33333333333334,498.5,81.52,29.755000000000003,5
2026-04-12 04:55:00+00:00,228.66666666666666,495.5,82.53999999999999,29.405,5
2026-04-12 05:00:00+00:00,224.0,488.5,83.82,29.125,5
2026-04-12 05:05:00+00:00,221.0,484.5,84.78999999999999,28.89,5
2026-04-12 05:10:00+00:00,227.33333333333334,471.0,86.815,28.725,5
2026-04-12 05:15:00+00:00,238.0,472.5,88.55,28.595,5
2026-04-12 05:20:00+00:00,229.33333333333334,481.0,89.11500000000001,28.509999999999998,5
2026-04-12 05:25:00+00:00,232.66666666666666,480.0,89.325,28.490000000000002,5
2026-04-12 05:30:00+00:00,231.0,481.5,89.53500000000001,28.490000000000002,5
2026-04-12 05:35:00+00:00,221.66666666666666,508.0,89.745,28.515,5
2026-04-12 05:40:00+00:00,232.33333333333334,496.0,91.0,28.585,5
2026-04-12 05:45:00+00:00,227.66666666666666,498.0,89.42,28.66,5
2026-04-12 05:50:00+00:00,273.6666666666667,494.5,90.475,28.810000000000002,5
2026-04-12 05:55:00+00:00,251.66666666666666,495.5,88.24,29.07,5
2026-04-12 06:00:00+00:00,290.6666666666667,515.5,89.45,29.439999999999998,5
2026-04-12 06:05:00+00:00,284.3333333333333,482.5,89.81,29.665,5
2026-04-12 06:10:00+00:00,265.5,497.5,88.94,29.68,5
2026-04-12 06:15:00+00:00,271.6666666666667,472.0,89.255,29.61,5
2026-04-12 06:20:00+00:00,256.0,488.5,89.52,29.509999999999998,5
2026-04-12 06:25:00+00:00,252.33333333333334,503.5,89.92,29.425,5
2026-04-12 06:30:00+00:00,252.0,496.5,91.06,29.32,5
2026-04-12 06:35:00+00:00,249.66666666666666,476.0,91.70500000000001,29.259999999999998,5
2026-04-12 06:40:00+00:00,256.6666666666667,463.5,91.945,29.225,5
2026-04-12 06:45:00+00:00,259.6666666666667,466.0,92.375,29.22,5
2026-04-12 06:50:00+00:00,253.66666666666666,486.0,91.34,29.205,5
2026-04-12 06:55:00+00:00,266.0,482.5,91.305,29.165,5
2026-04-12 07:00:00+00:00,252.33333333333334,477.0,90.67,29.104999999999997,5
2026-04-12 07:05:00+00:00,273.6666666666667,469.0,92.13,29.06,5
2026-04-12 07:10:00+00:00,271.0,475.5,92.32499999999999,29.02,5
2026-04-12 07:15:00+00:00,258.3333333333333,501.0,91.29499999999999,29.009999999999998,5
2026-04-12 07:20:00+00:00,258.6666666666667,484.5,90.655,29.035,5
2026-04-12 07:25:00+00:00,273.5,449.0,90.38499999999999,29.155,5
2026-04-12 07:30:00+00:00,285.5,472.5,89.99000000000001,29.384999999999998,5
2026-04-12 07:35:00+00:00,305.0,475.0,90.80000000000001,29.423333333333332,5
2026-04-12 07:40:00+00:00,268.0,469.5,90.33000000000001,29.461666666666666,5
2026-04-12 07:45:00+00:00,258.0,482.0,90.41,29.5,5
2026-04-12 07:50:00+00:00,244.66666666666666,486.0,91.24000000000001,29.34,5
2026-04-12 07:55:00+00:00,226.33333333333334,494.0,92.53,29.23,5
2026-04-12 08:00:00+00:00,226.0,487.5,92.86,29.13,5
2026-04-12 08:05:00+00:00,219.0,486.0,93.43,29.02,5
2026-04-12 08:10:00+00:00,219.33333333333334,471.0,93.64,28.945,5
2026-04-12 08:15:00+00:00,215.0,491.5,92.875,28.884999999999998,5
2026-04-12 08:20:00+00:00,206.0,501.0,92.815,28.795,5
2026-04-12 08:25:00+00:00,206.66666666666666,503.0,92.69,28.689999999999998,5
2026-04-12 08:30:00+00:00,196.0,483.0,92.775,28.58,5
2026-04-12 08:35:00+00:00,196.33333333333334,502.0,93.17,28.485,5
2026-04-12 08:40:00+00:00,195.0,487.5,93.41,28.41,5
2026-04-12 08:45:00+00:00,185.0,507.5,93.27,28.345,5
2026-04-12 08:50:00+00:00,184.0,495.0,93.13000000000001,28.285,5
2026-04-12 08:55:00+00:00,180.0,502.0,92.99000000000001,28.229999999999997,5
2026-04-12 09:00:00+00:00,180.66666666666666,522.5,92.405,28.175,5
2026-04-12 09:05:00+00:00,178.33333333333334,505.5,91.965,28.13,5
2026-04-12 09:10:00+00:00,180.33333333333334,490.0,91.07499999999999,28.11,5
2026-04-12 09:15:00+00:00,186.0,507.5,90.63,28.12,5
2026-04-12 09:20:00+00:00,201.33333333333334,503.5,90.19,28.165,5
2026-04-12 09:25:00+00:00,218.33333333333334,509.0,88.95,28.255000000000003,5
2026-04-12 09:30:00+00:00,219.33333333333334,521.5,87.78999999999999,28.384999999999998,5
2026-04-12 09:35:00+00:00,220.33333333333334,502.0,87.095,28.52,5
2026-04-12 09:40:00+00:00,218.33333333333334,513.5,86.11500000000001,28.645,5
2026-04-12 09:45:00+00:00,221.33333333333334,499.0,85.44999999999999,28.765,5
2026-04-12 09:50:00+00:00,237.0,513.5,85.025,28.865000000000002,5
2026-04-12 09:55:00+00:00,244.66666666666666,530.5,84.41,28.935000000000002,5
2026-04-12 10:00:00+00:00,236.16666666666666,520.5,83.95,28.9675,0
2026-04-12 10:05:00+00:00,227.66666666666666,510.5,83.49000000000001,29.0,5
2026-04-12 10:10:00+00:00,232.33333333333334,488.0,82.96000000000001,29.035,5
2026-04-12 10:15:00+00:00,243.0,533.5,82.46000000000001,29.060000000000002,5
2026-04-12 10:20:00+00:00,214.0,521.5,82.42500000000001,29.060000000000002,5
2026-04-12 10:25:00+00:00,217.33333333333334,509.0,81.81,29.045,5
2026-04-12 10:30:00+00:00,230.66666666666666,510.5,81.83,29.009999999999998,5
2026-04-12 10:35:00+00:00,221.66666666666666,505.5,81.36,28.993333333333332,5
2026-04-12 10:40:00+00:00,235.33333333333334,528.0,80.965,28.976666666666667,5
2026-04-12 10:45:00+00:00,193.0,511.5,80.875,28.96,5
2026-04-12 10:50:00+00:00,195.0,547.0,79.68,28.785,5
2026-04-12 10:55:00+00:00,212.33333333333334,500.0,79.83500000000001,28.705,5
2026-04-12 11:00:00+00:00,228.33333333333334,527.0,79.99000000000001,28.61,5
2026-04-12 11:05:00+00:00,214.33333333333334,510.5,80.14500000000001,28.53,5
2026-04-12 11:10:00+00:00,192.66666666666666,513.0,80.3,28.445,5
2026-04-12 11:15:00+00:00,204.33333333333334,512.5,80.455,28.345,5
2026-04-12 11:20:00+00:00,217.0,543.0,80.61,28.259999999999998,5
2026-04-12 11:25:00+00:00,194.0,512.0,80.58,28.175,5
2026-04-12 11:30:00+00:00,181.66666666666666,535.5,80.435,28.07,5
2026-04-12 11:35:00+00:00,188.0,506.0,80.07,27.979999999999997,5
2026-04-12 11:40:00+00:00,197.0,529.5,80.58500000000001,27.89,5
2026-04-12 11:45:00+00:00,169.0,489.0,80.395,27.795,5
2026-04-12 11:50:00+00:00,173.33333333333334,513.0,80.65,27.675,5
2026-04-12 11:55:00+00:00,188.66666666666666,507.0,81.24000000000001,27.6,5
2026-04-12 12:00:00+00:00,195.66666666666666,530.5,81.25999999999999,27.509999999999998,5
2026-04-12 12:05:00+00:00,171.0,499.0,81.265,27.43,5
2026-04-12 12:10:00+00:00,156.66666666666666,509.0,81.14500000000001,27.35,5
2026-04-12 12:15:00+00:00,160.5,522.5,81.395,27.275,5
2026-04-12 12:20:00+00:00,170.0,555.0,81.805,27.189999999999998,5
2026-04-12 12:25:00+00:00,152.33333333333334,518.5,81.33500000000001,27.125,5
2026-04-12 12:30:00+00:00,142.33333333333334,516.5,81.125,27.055,5
2026-04-12 12:35:00+00:00,171.66666666666666,593.0,81.81,27.0,5
2026-04-12 12:40:00+00:00,149.66666666666666,552.0,81.71000000000001,26.945,5
2026-04-12 12:45:00+00:00,139.33333333333334,526.0,81.65,26.89,5
2026-04-12 12:50:00+00:00,138.33333333333334,537.0,81.465,26.82,5
2026-04-12 12:55:00+00:00,176.33333333333334,553.5,81.69,26.74,5
2026-04-12 13:00:00+00:00,141.66666666666666,517.5,81.545,26.735,5
2026-04-12 13:05:00+00:00,133.0,525.5,81.945,26.689999999999998,5
2026-04-12 13:10:00+00:00,131.66666666666666,525.5,82.15,26.65,5
2026-04-12 13:15:00+00:00,147.5,549.0,82.795,26.625,5
2026-04-12 13:20:00+00:00,140.0,552.5,82.625,26.595,5
2026-04-12 13:25:00+00:00,141.0,552.0,82.79,26.54,5
2026-04-12 13:30:00+00:00,143.33333333333334,537.0,83.14,26.509999999999998,5
2026-04-12 13:35:00+00:00,158.0,571.5,83.1,26.455,5
2026-04-12 13:40:00+00:00,161.0,560.5,83.435,26.41,5
2026-04-12 13:45:00+00:00,155.0,549.0,83.58500000000001,26.355,5
2026-04-12 13:50:00+00:00,152.0,535.5,83.97,26.28,5
2026-04-12 13:55:00+00:00,155.33333333333334,591.0,84.685,26.225,5
2026-04-12 14:00:00+00:00,168.0,600.5,85.245,26.18,5
2026-04-12 14:05:00+00:00,145.66666666666666,573.5,84.89,26.11,5
2026-04-12 14:10:00+00:00,147.33333333333334,544.5,85.66,26.05,5
2026-04-12 14:15:00+00:00,152.66666666666666,569.0,85.78999999999999,26.005000000000003,5
2026-04-12 14:20:00+00:00,117.0,584.5,85.86,25.95,4
2026-04-12 14:25:00+00:00,136.33333333333334,534.5,85.915,25.895000000000003,5
2026-04-12 14:30:00+00:00,136.66666666666666,548.5,86.255,25.84,5
2026-04-12 14:35:00+00:00,150.33333333333334,559.0,86.475,25.799999999999997,5
2026-04-12 14:40:00+00:00,146.33333333333334,583.0,86.75999999999999,25.64,5
2026-04-12 14:45:00+00:00,137.0,554.5,87.35499999999999,25.59,5
2026-04-12 14:50:00+00:00,136.0,539.5,87.88499999999999,25.55,5
2026-04-12 14:55:00+00:00,107.0,558.0,88.515,25.619999999999997,4
2026-04-12 15:00:00+00:00,147.66666666666666,596.0,88.66,25.585,5
2026-04-12 15:05:00+00:00,122.0,568.5,88.78999999999999,25.55,5
2026-04-12 15:10:00+00:00,125.0,572.0,88.80000000000001,25.485,5
2026-04-12 15:15:00+00:00,128.33333333333334,571.0,88.93,25.435000000000002,5
2026-04-12 15:20:00+00:00,131.66666666666666,564.5,88.945,25.385,5
2026-04-12 15:25:00+00:00,118.0,576.0,89.045,25.335,5
2026-04-12 15:30:00+00:00,118.0,562.5,89.15,25.285,5
2026-04-12 15:35:00+00:00,120.0,590.0,89.65,25.235,5
2026-04-12 15:40:00+00:00,111.66666666666667,552.5,89.72,25.185000000000002,5
2026-04-12 15:45:00+00:00,107.0,580.0,89.66499999999999,25.145,5
2026-04-12 15:50:00+00:00,101.0,533.5,89.78,25.095,5
2026-04-12 15:55:00+00:00,111.0,562.0,90.32,25.055,5
2026-04-12 16:00:00+00:00,116.0,556.5,90.2,25.005000000000003,5
2026-04-12 16:05:00+00:00,104.33333333333333,579.5,90.195,24.98,5
2026-04-12 16:10:00+00:00,102.33333333333333,580.0,90.315,24.935,5
2026-04-12 16:15:00+00:00,104.33333333333333,592.5,90.535,24.91,5
2026-04-12 16:20:00+00:00,101.33333333333333,573.0,91.105,24.89,5
2026-04-12 16:25:00+00:00,112.0,589.0,91.435,24.869999999999997,5
2026-04-12 16:30:00+00:00,92.33333333333333,567.0,92.095,24.869999999999997,5
2026-04-12 16:35:00+00:00,99.5,598.0,92.905,24.875,5
2026-04-12 16:40:00+00:00,92.33333333333333,611.5,93.065,24.89,5
2026-04-12 16:45:00+00:00,98.0,600.0,92.945,24.895,5
2026-04-12 16:50:00+00:00,87.33333333333333,591.5,93.01,24.88,5
2026-04-12 16:55:00+00:00,113.33333333333333,600.0,93.19,24.865000000000002,5
2026-04-12 17:00:00+00:00,119.5,587.5,93.35499999999999,24.85,5
2026-04-12 17:05:00+00:00,97.0,561.0,93.705,24.835,5
2026-04-12 17:10:00+00:00,86.0,566.0,93.84,24.814999999999998,5
2026-04-12 17:15:00+00:00,83.0,598.0,93.885,24.82,4
2026-04-12 17:20:00+00:00,94.66666666666667,565.0,93.805,24.8,5
2026-04-12 17:25:00+00:00,91.0,557.5,93.815,24.775,5
2026-04-12 17:30:00+00:00,108.0,568.0,93.975,24.759999999999998,5
2026-04-12 17:35:00+00:00,94.5,592.0,94.355,24.735,5
2026-04-12 17:40:00+00:00,79.33333333333333,588.5,94.32,24.72,5
2026-04-12 17:45:00+00:00,77.0,566.5,94.7,24.695,5
2026-04-12 17:50:00+00:00,78.33333333333333,576.5,94.94999999999999,24.685,5
2026-04-12 17:55:00+00:00,81.5,584.0,95.015,24.675,4
2026-04-12 18:00:00+00:00,86.66666666666667,591.5,94.985,24.66,5
2026-04-12 18:05:00+00:00,84.66666666666667,561.0,94.905,24.655,5
2026-04-12 18:10:00+00:00,84.0,554.0,94.875,24.615,5
2026-04-12 18:15:00+00:00,100.0,590.5,94.9,24.595,5
2026-04-12 18:20:00+00:00,86.0,575.0,94.975,24.57,5
2026-04-12 18:25:00+00:00,83.0,576.5,95.10499999999999,24.54,5
2026-04-12 18:30:00+00:00,79.33333333333333,577.5,95.13,24.505,5
2026-04-12 18:35:00+00:00,98.0,610.5,95.245,24.465,5
2026-04-12 18:40:00+00:00,78.33333333333333,568.0,95.345,24.439999999999998,5
2026-04-12 18:45:00+00:00,65.66666666666667,564.0,95.72,24.43,5
2026-04-12 18:50:00+00:00,73.0,585.0,95.475,24.41,5
2026-04-12 18:55:00+00:00,69.66666666666667,607.25,95.24000000000001,24.375,5
2026-04-12 19:00:00+00:00,64.33333333333333,629.5,95.02,24.34,5
2026-04-12 19:05:00+00:00,58.666666666666664,617.0,95.08000000000001,24.295,4
2026-04-12 19:10:00+00:00,53.0,608.5,95.25999999999999,24.23,4
2026-04-12 19:15:00+00:00,73.33333333333333,598.5,95.555,24.18,5
2026-04-12 19:20:00+00:00,91.0,574.0,95.65,24.13,5
2026-04-12 19:25:00+00:00,68.33333333333333,607.0,95.67,24.095,5
2026-04-12 19:30:00+00:00,58.333333333333336,579.0,96.255,24.060000000000002,5
2026-04-12 19:35:00+00:00,60.666666666666664,592.0,96.69,24.035,5
2026-04-12 19:40:00+00:00,57.666666666666664,573.5,97.075,24.015,5
2026-04-12 19:45:00+00:00,54.333333333333336,580.5,97.35,24.015,5
2026-04-12 19:50:00+00:00,52.5,570.5,97.3,24.0,4
2026-04-12 19:55:00+00:00,52.5,591.0,97.85,24.005,4
2026-04-12 20:00:00+00:00,59.0,573.5,97.065,23.994999999999997,5
2026-04-12 20:05:00+00:00,61.0,578.5,96.94,23.975,5
2026-04-12 20:10:00+00:00,66.0,565.0,96.8,23.965,5
2026-04-12 20:15:00+00:00,68.66666666666667,597.5,96.67,23.950000000000003,5
2026-04-12 20:20:00+00:00,60.0,563.0,96.655,23.93,5
2026-04-12 20:25:00+00:00,64.66666666666667,556.0,96.595,23.915,5
2026-04-12 20:30:00+00:00,82.5,613.0,96.515,23.89,5
2026-04-12 20:35:00+00:00,69.0,579.5,96.57,23.865000000000002,5
2026-04-12 20:40:00+00:00,53.333333333333336,578.5,96.49,23.86,5
2026-04-12 20:45:00+00:00,57.666666666666664,565.0,96.32499999999999,23.85,5
2026-04-12 20:50:00+00:00,66.0,591.0,96.33500000000001,23.82,5
2026-04-12 20:55:00+00:00,63.0,593.0,96.505,23.799999999999997,5
2026-04-12 21:00:00+00:00,52.666666666666664,561.0,96.54499999999999,23.785,5
2026-04-12 21:05:00+00:00,60.0,569.5,96.305,23.765,5
2026-04-12 21:10:00+00:00,57.333333333333336,562.5,96.345,23.744999999999997,5
2026-04-12 21:15:00+00:00,62.333333333333336,593.5,96.505,23.740000000000002,5
2026-04-12 21:20:00+00:00,57.0,573.5,96.555,23.725,5
2026-04-12 21:25:00+00:00,38.0,566.0,96.92,23.715,4
2026-04-12 21:30:00+00:00,87.5,606.0,96.66499999999999,23.705,5
2026-04-12 21:35:00+00:00,47.5,580.5,96.665,23.7,4
2026-04-12 21:40:00+00:00,70.33333333333333,588.5,96.625,23.685,5
2026-04-12 21:45:00+00:00,57.666666666666664,587.5,96.625,23.685,5
2026-04-12 21:50:00+00:00,62.5,579.0,96.71000000000001,23.655,5
2026-04-12 21:55:00+00:00,65.33333333333333,582.0,96.685,23.625,5
2026-04-12 22:00:00+00:00,55.333333333333336,584.0,96.705,23.59,5
2026-04-12 22:05:00+00:00,51.0,579.5,96.58500000000001,23.59,5
2026-04-12 22:10:00+00:00,72.0,561.0,96.72,23.560000000000002,5
2026-04-12 22:15:00+00:00,61.0,596.5,96.595,23.535,5
2026-04-12 22:20:00+00:00,60.333333333333336,598.5,96.60499999999999,23.515,5
2026-04-12 22:25:00+00:00,70.66666666666667,594.5,96.515,23.490000000000002,5
2026-04-12 22:30:00+00:00,92.5,586.0,96.55000000000001,23.465000000000003,5
2026-04-12 22:35:00+00:00,58.666666666666664,635.0,96.725,23.45,5
2026-04-12 22:40:00+00:00,58.0,606.5,96.60499999999999,23.415,5
2026-04-12 22:45:00+00:00,39.0,574.0,96.575,23.4,4
2026-04-12 22:50:00+00:00,73.0,626.5,96.76499999999999,23.384999999999998,5
2026-04-12 22:55:00+00:00,67.0,617.0,96.7,23.38,5
2026-04-12 23:00:00+00:00,69.33333333333333,612.0,96.38,23.35,5
2026-04-12 23:05:00+00:00,67.33333333333333,609.0,96.33,23.325000000000003,5
2026-04-12 23:10:00+00:00,78.5,648.5,96.65,23.28,5
2026-04-12 23:15:00+00:00,61.666666666666664,594.0,96.745,23.25,5
2026-04-12 23:20:00+00:00,65.66666666666667,630.5,96.85,23.235,5
2026-04-12 23:25:00+00:00,62.0,590.0,97.07,23.17,5
2026-04-12 23:30:00+00:00,97.33333333333333,631.0,97.405,23.185000000000002,5
2026-04-12 23:35:00+00:00,75.33333333333333,607.0,97.6,23.200000000000003,5
2026-04-12 23:40:00+00:00,147.0,617.0,97.785,23.215,5
2026-04-12 23:45:00+00:00,113.0,585.0,97.895,23.23,5
2026-04-12 23:50:00+00:00,115.5,666.0,98.35499999999999,23.25,5
2026-04-12 23:55:00+00:00,124.0,627.0,98.515,23.284999999999997,5
2026-04-13 00:00:00+00:00,115.33333333333333,618.0,98.505,23.325,5
2026-04-13 00:05:00+00:00,110.33333333333333,622.0,98.65,23.385,5
2026-04-13 00:10:00+00:00,121.0,611.0,98.67714285714287,23.445,5
2026-04-13 00:15:00+00:00,102.66666666666667,610.0,98.70428571428572,23.495,5
2026-04-13 00:20:00+00:00,113.33333333333333,646.0,98.73142857142858,23.564999999999998,5
2026-04-13 00:25:00+00:00,104.0,602.5,98.75857142857143,23.64,5
2026-04-13 00:30:00+00:00,113.5,655.0,98.78571428571429,23.73,5
2026-04-13 00:35:00+00:00,102.0,618.0,98.81285714285714,23.825000000000003,5
2026-04-13 00:40:00+00:00,118.33333333333333,605.5,98.84,23.935000000000002,5
2026-04-13 00:45:00+00:00,115.66666666666667,599.5,98.465,24.025,5
2026-04-13 00:50:00+00:00,139.33333333333334,615.5,97.94999999999999,24.125,5
2026-04-13 00:55:00+00:00,123.0,597.0,97.66,24.244999999999997,5
2026-04-13 01:00:00+00:00,117.33333333333333,600.0,97.01,24.365,5
2026-04-13 01:05:00+00:00,157.33333333333334,589.0,97.22,24.475,5
2026-04-13 01:10:00+00:00,113.5,595.0,96.715,24.61,4
2026-04-13 01:15:00+00:00,130.33333333333334,580.5,96.21000000000001,24.755000000000003,5
2026-04-13 01:20:00+00:00,115.66666666666667,585.0,95.79,24.925,5
2026-04-13 01:25:00+00:00,126.66666666666667,589.0,95.32499999999999,25.085,5
2026-04-13 01:30:00+00:00,145.5,599.5,94.515,25.235,5
2026-04-13 01:35:00+00:00,144.33333333333334,599.5,94.065,25.395000000000003,5
2026-04-13 01:40:00+00:00,138.33333333333334,559.5,93.97999999999999,25.564999999999998,5
2026-04-13 01:45:00+00:00,143.33333333333334,550.5,93.84,25.765,5
2026-04-13 01:50:00+00:00,154.0,583.5,93.36500000000001,25.98,5
2026-04-13 01:55:00+00:00,136.5,562.0,93.42,26.189999999999998,5
2026-04-13 02:00:00+00:00,160.66666666666666,574.5,91.84,26.384999999999998,5
2026-04-13 02:05:00+00:00,162.33333333333334,561.0,91.795,26.585,5
2026-04-13 02:10:00+00:00,163.0,557.0,90.47,26.785,5
2026-04-13 02:15:00+00:00,159.0,562.5,90.055,26.955,5
2026-04-13 02:20:00+00:00,149.66666666666666,530.5,88.92,27.12,5
2026-04-13 02:25:00+00:00,160.0,563.0,88.735,27.275,5
2026-04-13 02:30:00+00:00,162.0,518.0,88.17,27.435000000000002,5
2026-04-13 02:35:00+00:00,166.0,541.0,87.86500000000001,27.58,5
2026-04-13 02:40:00+00:00,193.33333333333334,553.0,87.38,27.740000000000002,5
2026-04-13 02:45:00+00:00,198.66666666666666,545.5,87.02,27.89,5
2026-04-13 02:50:00+00:00,198.66666666666666,554.0,86.565,28.049999999999997,5
2026-04-13 02:55:00+00:00,190.66666666666666,555.0,86.07499999999999,28.205,5
2026-04-13 03:00:00+00:00,202.33333333333334,531.5,85.21000000000001,28.355,5
2026-04-13 03:05:00+00:00,169.0,533.5,85.68,28.505000000000003,4
2026-04-13 03:10:00+00:00,204.33333333333334,509.0,83.57,28.655,5
2026-04-13 03:15:00+00:00,208.0,525.0,84.58500000000001,28.770000000000003,5
2026-04-13 03:20:00+00:00,189.66666666666666,496.0,83.94999999999999,28.884999999999998,5
2026-04-13 03:25:00+00:00,179.33333333333334,512.5,82.28999999999999,28.990000000000002,5
2026-04-13 03:30:00+00:00,176.33333333333334,515.0,81.57,29.11,5
2026-04-13 03:35:00+00:00,187.0,511.5,81.45,29.255000000000003,5
2026-04-13 03:40:00+00:00,184.33333333333334,513.0,81.16499999999999,29.42,5
2026-04-13 03:45:00+00:00,187.33333333333334,514.5,80.86500000000001,29.59,5
2026-04-13 03:50:00+00:00,186.66666666666666,490.5,79.60499999999999,29.73,5
2026-04-13 03:55:00+00:00,192.66666666666666,500.5,80.01,29.8,5
2026-04-13 04:00:00+00:00,195.33333333333334,496.5,79.83666666666667,29.850625,5
2026-04-13 04:05:00+00:00,213.5,507.5,79.66333333333333,29.90125,5
2026-04-13 04:10:00+00:00,203.66666666666666,521.5,79.49,29.951875,5
2026-04-13 04:15:00+00:00,225.0,509.0,79.985,30.002499999999998,4
2026-04-13 04:20:00+00:00,222.66666666666666,504.0,80.47999999999999,30.053124999999998,5
2026-04-13 04:25:00+00:00,244.33333333333334,522.5,80.975,30.103749999999998,5
2026-04-13 04:30:00+00:00,233.33333333333334,536.0,83.28,30.154374999999998,5
2026-04-13 04:35:00+00:00,218.66666666666666,495.5,84.16,30.205,5
2026-04-13 04:40:00+00:00,212.66666666666666,503.5,85.99000000000001,30.025,5
2026-04-13 04:45:00+00:00,206.66666666666666,529.0,85.69,29.869999999999997,5
2026-04-13 04:50:00+00:00,225.66666666666666,507.0,87.53,29.735,5
2026-04-13 04:55:00+00:00,206.0,523.0,87.67500000000001,29.625,5
2026-04-13 05:00:00+00:00,209.0,522.0,87.845,29.515,5
2026-04-13 05:05:00+00:00,211.33333333333334,502.0,86.605,29.415,5
2026-04-13 05:10:00+00:00,199.5,496.0,87.94,29.314999999999998,5
2026-04-13 05:15:00+00:00,211.66666666666666,504.0,89.65,29.235,5
2026-04-13 05:20:00+00:00,207.0,483.0,90.03999999999999,29.185000000000002,5
2026-04-13 05:25:00+00:00,186.0,505.5,89.975,29.134999999999998,4
2026-04-13 05:30:00+00:00,235.33333333333334,504.0,90.75,29.11,5
2026-04-13 05:35:00+00:00,229.33333333333334,502.5,90.785,29.09,5
2026-04-13 05:40:00+00:00,220.0,502.0,90.32,29.085,5
2026-04-13 05:45:00+00:00,249.66666666666666,557.0,91.02,29.09,5
2026-04-13 05:50:00+00:00,220.33333333333334,521.5,91.77000000000001,29.105,5
2026-04-13 05:55:00+00:00,229.33333333333334,500.0,92.45,29.11,5
2026-04-13 06:00:00+00:00,231.0,494.5,93.31,29.15,5
2026-04-13 06:05:00+00:00,251.66666666666666,526.0,93.21000000000001,29.21,5
2026-04-13 06:10:00+00:00,229.66666666666666,494.5,93.86500000000001,29.275,5
2026-04-13 06:15:00+00:00,217.0,498.0,93.545,29.325,4
2026-04-13 06:20:00+00:00,247.66666666666666,507.0,93.27000000000001,29.375,5
2026-04-13 06:25:00+00:00,249.66666666666666,518.0,93.42,29.415,5
2026-04-13 06:30:00+00:00,262.0,501.5,93.675,29.465,5
2026-04-13 06:35:00+00:00,232.66666666666666,505.0,93.425,29.485,5
2026-04-13 06:40:00+00:00,218.5,534.0,94.185,29.545,5
2026-04-13 06:45:00+00:00,249.0,526.0,93.275,29.58,5
2026-04-13 06:50:00+00:00,221.0,489.0,93.58500000000001,29.6,5
2026-04-13 06:55:00+00:00,209.66666666666666,526.0,91.655,29.58,5
2026-04-13 07:00:00+00:00,195.5,518.5,91.535,29.53,4
2026-04-13 07:05:00+00:00,203.0,531.5,91.08500000000001,29.47,5
2026-04-13 07:10:00+00:00,195.33333333333334,516.0,91.465,29.405,5
2026-04-13 07:15:00+00:00,194.33333333333334,505.0,91.935,29.34,5
2026-04-13 07:20:00+00:00,197.33333333333334,495.5,92.94,29.29,5
2026-04-13 07:25:00+00:00,185.0,492.5,92.755,29.27,5
2026-04-13 07:30:00+00:00,173.0,508.0,92.225,29.240000000000002,5
2026-04-13 07:35:00+00:00,175.33333333333334,497.0,93.13499999999999,29.2,5
2026-04-13 07:40:00+00:00,172.33333333333334,479.5,93.33500000000001,29.185000000000002,5
2026-04-13 07:45:00+00:00,168.66666666666666,490.0,93.295,29.165,5
2026-04-13 07:50:00+00:00,158.5,504.5,93.05,29.14,5
2026-04-13 07:55:00+00:00,162.66666666666666,487.5,92.815,29.104999999999997,5
2026-04-13 08:00:00+00:00,166.33333333333334,495.5,92.52,29.064999999999998,5
2026-04-13 08:05:00+00:00,159.0,484.0,92.63999999999999,29.02,5
2026-04-13 08:10:00+00:00,145.0,487.0,92.73500000000001,28.955,5
2026-04-13 08:15:00+00:00,146.0,468.0,93.0,28.89,5
2026-04-13 08:20:00+00:00,137.0,493.0,93.24000000000001,28.78,5
2026-04-13 08:25:00+00:00,130.66666666666666,471.0,93.935,28.64,5
2026-04-13 08:30:00+00:00,126.0,480.5,94.14,28.505,5
2026-04-13 08:35:00+00:00,131.66666666666666,484.0,94.955,28.39,5
2026-04-13 08:40:00+00:00,113.66666666666667,475.0,95.395,28.27,5
2026-04-13 08:45:00+00:00,114.33333333333333,490.0,95.855,28.18,5
2026-04-13 08:50:00+00:00,118.0,475.5,96.315,28.095,5
2026-04-13 08:55:00+00:00,112.33333333333333,473.0,96.495,28.009999999999998,5
2026-04-13 09:00:00+00:00,108.66666666666667,492.5,97.4,27.96,5
2026-04-13 09:05:00+00:00,105.66666666666667,472.5,97.41499999999999,27.9,5
2026-04-13 09:10:00+00:00,102.33333333333333,470.5,96.875,27.845,5
2026-04-13 09:15:00+00:00,101.0,474.0,96.81,27.765,5
2026-04-13 09:20:00+00:00,100.66666666666667,472.5,96.39500000000001,27.67,5
2026-04-13 09:25:00+00:00,94.0,493.0,96.39,27.585,5
2026-04-13 09:30:00+00:00,97.0,483.0,96.42,27.485,5
2026-04-13 09:35:00+00:00,95.0,488.0,96.595,27.405,5
2026-04-13 09:40:00+00:00,90.66666666666667,493.0,96.245,27.325,5
2026-04-13 09:45:00+00:00,89.33333333333333,502.5,96.38,27.26,5
2026-04-13 09:50:00+00:00,87.33333333333333,496.5,95.69999999999999,27.185000000000002,5
2026-04-13 09:55:00+00:00,87.33333333333333,513.0,95.245,27.134999999999998,5
2026-04-13 10:00:00+00:00,87.33333333333333,498.5,95.08,27.060000000000002,5
2026-04-13 10:05:00+00:00,85.66666666666667,460.5,94.75,26.995,5
2026-04-13 10:10:00+00:00,89.66666666666667,510.5,94.48,26.955,5
2026-04-13 10:15:00+00:00,93.0,491.5,94.16,26.93,5
2026-04-13 10:20:00+00:00,92.0,505.0,93.955,26.92,5
2026-04-13 10:25:00+00:00,100.66666666666667,518.5,94.035,26.92,5
2026-04-13 10:30:00+00:00,105.0,517.0,94.075,26.965,5
2026-04-13 10:35:00+00:00,108.66666666666667,529.5,94.08500000000001,27.04,5
2026-04-13 10:40:00+00:00,123.5,493.0,93.895,27.130000000000003,5
2026-04-13 10:45:00+00:00,144.33333333333334,555.5,93.69,27.195,5
2026-04-13 10:50:00+00:00,134.66666666666666,505.5,93.255,27.229999999999997,5
2026-04-13 10:55:00+00:00,123.0,514.0,93.205,27.25,4
2026-04-13 11:00:00+00:00,126.0,506.0,92.97,27.265,5
2026-04-13 11:05:00+00:00,118.5,514.5,92.95,27.235,4
2026-04-13 11:10:00+00:00,127.0,510.5,92.93,27.21,5
2026-04-13 11:15:00+00:00,122.5,514.5,92.91,27.17,5
2026-04-13 11:20:00+00:00,154.5,547.5,92.89,27.125,5
2026-04-13 11:25:00+00:00,130.0,540.0,92.87,27.08,5
2026-04-13 11:30:00+00:00,116.33333333333333,516.0,92.91499999999999,27.04,5
2026-04-13 11:35:00+00:00,124.33333333333333,501.0,93.05,26.990000000000002,5
2026-04-13 11:40:00+00:00,124.66666666666667,530.5,93.28999999999999,26.955,5
2026-04-13 11:45:00+00:00,128.33333333333334,537.5,93.57,26.915,5
2026-04-13 11:50:00+00:00,121.66666666666667,522.5,93.64,26.869999999999997,5
2026-04-13 11:55:00+00:00,110.5,526.5,93.86500000000001,26.83,5
2026-04-13 12:00:00+00:00,125.66666666666667,514.0,93.88,26.805,5
2026-04-13 12:05:00+00:00,121.0,522.0,93.9,26.775,5
2026-04-13 12:10:00+00:00,113.66666666666667,527.0,93.91499999999999,26.759999999999998,5
2026-04-13 12:15:00+00:00,126.66666666666667,540.5,94.22,26.725,5
2026-04-13 12:20:00+00:00,119.33333333333333,551.0,94.235,26.715,5
2026-04-13 12:25:00+00:00,140.66666666666666,558.5,94.42,26.695,5
2026-04-13 12:30:00+00:00,117.0,527.0,94.475,26.675,5
2026-04-13 12:35:00+00:00,114.33333333333333,540.0,94.605,26.645,5
2026-04-13 12:40:00+00:00,118.0,527.5,94.68,26.619999999999997,5
2026-04-13 12:45:00+00:00,106.33333333333333,534.0,94.85,26.595,5
2026-04-13 12:50:00+00:00,97.33333333333333,524.5,94.91,26.564999999999998,5
2026-04-13 12:55:00+00:00,102.66666666666667,533.5,95.035,26.545,5
2026-04-13 13:00:00+00:00,115.5,517.0,95.265,26.509999999999998,5
2026-04-13 13:05:00+00:00,96.66666666666667,545.5,95.235,26.490000000000002,5
2026-04-13 13:10:00+00:00,113.33333333333333,556.5,95.10499999999999,26.46,5
2026-04-13 13:15:00+00:00,87.0,532.0,95.115,26.445,4
2026-04-13 13:20:00+00:00,100.0,516.5,95.4,26.41,5
2026-04-13 13:25:00+00:00,99.0,546.0,95.47999999999999,26.375,5
2026-04-13 13:30:00+00:00,84.0,526.5,95.58500000000001,26.355,5
2026-04-13 13:35:00+00:00,97.0,531.0,95.655,26.325,5
2026-04-13 13:40:00+00:00,94.33333333333333,520.0,95.715,26.3,5
2026-04-13 13:45:00+00:00,95.66666666666667,557.0,95.9,26.275,5
2026-04-13 13:50:00+00:00,90.0,504.0,95.91499999999999,26.244999999999997,5
2026-04-13 13:55:00+00:00,100.5,525.0,96.06,26.215000000000003,5
2026-04-13 14:00:00+00:00,101.0,537.5,96.055,26.189999999999998,5
2026-04-13 14:05:00+00:00,86.0,524.5,95.875,26.155,5
2026-04-13 14:10:00+00:00,80.0,538.5,95.72999999999999,26.130000000000003,5
2026-04-13 14:15:00+00:00,77.5,548.0,95.83,26.095,5
2026-04-13 14:20:00+00:00,83.66666666666667,551.5,95.765,26.045,5
2026-04-13 14:25:00+00:00,78.33333333333333,556.5,95.885,26.015,5
2026-04-13 14:30:00+00:00,81.0,534.0,95.915,25.98,5
2026-04-13 14:35:00+00:00,72.0,563.5,95.78,25.939999999999998,5
2026-04-13 14:40:00+00:00,76.66666666666667,520.5,95.75,25.89,5
2026-04-13 14:45:00+00:00,79.0,522.5,95.88,25.845,5
2026-04-13 14:50:00+00:00,75.0,538.0,96.08500000000001,25.799999999999997,5
2026-04-13 14:55:00+00:00,73.5,566.5,96.485,25.765,5
2026-04-13 15:00:00+00:00,61.0,556.0,96.43,25.725,5
2026-04-13 15:05:00+00:00,68.0,544.5,96.745,25.7,5
2026-04-13 15:10:00+00:00,72.0,587.5,96.63,25.65,5
2026-04-13 15:15:00+00:00,73.0,559.0,96.53999999999999,25.63,4
2026-04-13 15:20:00+00:00,80.33333333333333,556.5,96.805,25.61,5
2026-04-13 15:25:00+00:00,71.66666666666667,546.5,96.955,25.59,5
2026-04-13 15:30:00+00:00,68.66666666666667,600.5,96.96000000000001,25.560000000000002,5
2026-04-13 15:35:00+00:00,63.0,566.0,97.095,25.54,5
2026-04-13 15:40:00+00:00,71.0,586.5,97.22999999999999,25.52,5
2026-04-13 15:45:00+00:00,71.33333333333333,576.5,97.255,25.509999999999998,5
2026-04-13 15:50:00+00:00,68.66666666666667,560.0,97.4,25.485,5
2026-04-13 15:55:00+00:00,53.666666666666664,565.5,97.62,25.475,5
2026-04-13 16:00:00+00:00,61.333333333333336,587.5,97.9,25.455,5
2026-04-13 16:05:00+00:00,51.666666666666664,606.0,97.96000000000001,25.435,5
2026-04-13 16:10:00+00:00,72.5,574.5,98.11,25.439999999999998,5
2026-04-13 16:15:00+00:00,60.333333333333336,565.5,97.91,25.415,5
2026-04-13 16:20:00+00:00,60.666666666666664,586.0,98.01,25.415,5
2026-04-13 16:25:00+00:00,73.0,555.5,97.86,25.405,5
2026-04-13 16:30:00+00:00,71.0,552.0,97.92,25.375,5
2026-04-13 16:35:00+00:00,62.0,569.5,98.005,25.37,5
2026-04-13 16:40:00+00:00,57.0,538.0,97.875,25.365000000000002,5
2026-04-13 16:45:00+00:00,59.0,531.5,97.97999999999999,25.36,4
2026-04-13 16:50:00+00:00,59.333333333333336,510.5,97.955,25.365000000000002,5
2026-04-13 16:55:00+00:00,59.333333333333336,528.5,97.865,25.345,5
2026-04-13 17:00:00+00:00,55.0,534.5,97.945,25.345,4
2026-04-13 17:05:00+00:00,56.666666666666664,526.5,97.955,25.345,5
2026-04-13 17:10:00+00:00,57.0,545.0,97.82,25.35,5
2026-04-13 17:15:00+00:00,57.333333333333336,529.5,97.78999999999999,25.355,5
2026-04-13 17:20:00+00:00,52.666666666666664,502.0,97.805,25.365000000000002,5
2026-04-13 17:25:00+00:00,62.0,513.5,97.91,25.38,5
2026-04-13 17:30:00+00:00,53.0,539.5,97.84,25.380000000000003,5
2026-04-13 17:35:00+00:00,53.0,543.0,97.755,25.39,5
2026-04-13 17:40:00+00:00,55.333333333333336,529.5,97.505,25.395,5
2026-04-13 17:45:00+00:00,59.0,531.0,97.185,25.384999999999998,5
2026-04-13 17:50:00+00:00,62.0,533.0,97.11500000000001,25.365000000000002,4
2026-04-13 17:55:00+00:00,66.5,530.5,97.25750000000001,25.355,4
2026-04-13 18:00:00+00:00,71.0,548.5,97.4,25.325,4
2026-04-13 18:05:00+00:00,71.0,542.0,97.13499999999999,25.299999999999997,5
2026-04-13 18:10:00+00:00,61.333333333333336,537.5,97.34,25.275,5
2026-04-13 18:15:00+00:00,50.666666666666664,521.0,97.355,25.244999999999997,5
2026-04-13 18:20:00+00:00,56.0,531.5,97.335,25.215,5
2026-04-13 18:25:00+00:00,65.0,540.0,97.39500000000001,25.195,5
2026-04-13 18:30:00+00:00,47.0,533.5,97.42500000000001,25.16,5
2026-04-13 18:35:00+00:00,53.666666666666664,526.0,97.575,25.134999999999998,5
2026-04-13 18:40:00+00:00,46.666666666666664,535.5,97.715,25.105,5
2026-04-13 18:45:00+00:00,47.0,523.0,97.70500000000001,25.085,5
2026-04-13 18:50:00+00:00,44.666666666666664,540.5,97.715,25.060000000000002,5
2026-04-13 18:55:00+00:00,52.333333333333336,563.0,97.88,25.045,5
2026-04-13 19:00:00+00:00,50.0,560.5,97.92,25.015,5
2026-04-13 19:05:00+00:00,50.0,561.5,98.12,25.0,5
2026-04-13 19:10:00+00:00,49.666666666666664,546.0,98.025,24.975,5
2026-04-13 19:15:00+00:00,51.666666666666664,559.0,98.14,24.950000000000003,5
2026-04-13 19:20:00+00:00,49.666666666666664,566.0,98.225,24.939999999999998,5
2026-04-13 19:25:00+00:00,47.0,553.0,98.215,24.924999999999997,5
2026-04-13 19:30:00+00:00,45.666666666666664,579.5,98.255,24.905,5
2026-04-13 19:35:00+00:00,51.0,566.5,98.32499999999999,24.9,5
2026-04-13 19:40:00+00:00,46.0,569.5,98.38,24.895000000000003,5
2026-04-13 19:45:00+00:00,49.0,571.5,98.505,24.89,5
2026-04-13 19:50:00+00:00,42.666666666666664,579.0,98.61000000000001,24.88,5
2026-04-13 19:55:00+00:00,41.0,552.5,98.58500000000001,24.87,5
2026-04-13 20:00:00+00:00,50.0,549.5,98.50999999999999,24.854999999999997,5
2026-04-13 20:05:00+00:00,43.666666666666664,571.0,98.525,24.85,5
2026-04-13 20:10:00+00:00,48.333333333333336,553.5,98.47,24.845,5
2026-04-13 20:15:00+00:00,46.0,526.0,98.625,24.835,5
2026-04-13 20:20:00+00:00,38.0,562.0,98.475,24.825000000000003,5
2026-04-13 20:25:00+00:00,43.333333333333336,553.0,98.515,24.815,5
2026-04-13 20:30:00+00:00,44.666666666666664,551.5,98.55,24.805,5
2026-04-13 20:35:00+00:00,48.333333333333336,556.5,98.535,24.8,5
2026-04-13 20:40:00+00:00,36.333333333333336,569.5,98.45,24.78,5
2026-04-13 20:45:00+00:00,40.666666666666664,545.0,98.46000000000001,24.759999999999998,5
2026-04-13 20:50:00+00:00,42.0,569.0,98.43,24.745,5
2026-04-13 20:55:00+00:00,37.666666666666664,551.0,98.45,24.73,5
2026-04-13 21:00:00+00:00,42.0,558.0,98.60499999999999,24.71,5
2026-04-13 21:05:00+00:00,42.0,575.0,98.7,24.685000000000002,5
2026-04-13 21:10:00+00:00,39.666666666666664,556.0,98.815,24.675,5
2026-04-13 21:15:00+00:00,37.666666666666664,552.5,98.66999999999999,24.66,5
2026-04-13 21:20:00+00:00,38.0,574.5,98.74000000000001,24.645000000000003,5
2026-04-13 21:25:00+00:00,39.666666666666664,576.0,98.83,24.645,5
2026-04-13 21:30:00+00:00,44.0,568.0,98.94,24.630000000000003,5
2026-04-13 21:35:00+00:00,45.5,585.5,99.02,24.625,5
2026-04-13 21:40:00+00:00,47.333333333333336,574.5,99.125,24.61,5
2026-04-13 21:45:00+00:00,45.666666666666664,576.5,99.14,24.605,5
2026-04-13 21:50:00+00:00,49.333333333333336,577.5,99.21000000000001,24.6,5
2026-04-13 21:55:00+00:00,50.666666666666664,585.5,99.44,24.71,5
2026-04-13 22:00:00+00:00,45.666666666666664,583.0,99.485,24.634999999999998,5
2026-04-13 22:05:00+00:00,50.333333333333336,597.5,99.62,24.665,5
2026-04-13 22:10:00+00:00,56.5,568.5,99.715,24.685,4
2026-04-13 22:15:00+00:00,55.666666666666664,568.0,99.78,24.715,5
2026-04-13 22:20:00+00:00,56.333333333333336,573.5,99.81,24.74,5
2026-04-13 22:25:00+00:00,57.666666666666664,562.5,99.85,24.770000000000003,5
2026-04-13 22:30:00+00:00,66.33333333333333,570.5,99.83500000000001,24.805,5
2026-04-13 22:35:00+00:00,67.0,580.0,99.85499999999999,24.835,5
2026-04-13 22:40:00+00:00,59.5,596.0,99.845,24.854999999999997,5
2026-04-13 22:45:00+00:00,65.0,576.5,99.86,24.875,5
2026-04-13 22:50:00+00:00,69.33333333333333,590.0,99.86,24.89,5
2026-04-13 22:55:00+00:00,63.333333333333336,580.0,99.875,24.9,5
2026-04-13 23:00:00+00:00,73.66666666666667,582.5,99.92,24.905,5
2026-04-13 23:05:00+00:00,65.0,567.5,99.94,24.915,5
2026-04-13 23:10:00+00:00,64.33333333333333,549.0,99.93,24.93,5
2026-04-13 23:15:00+00:00,77.33333333333333,540.0,99.94,24.950000000000003,5
2026-04-13 23:20:00+00:00,72.66666666666667,562.0,99.965,24.975,5
2026-04-13 23:25:00+00:00,73.66666666666667,561.0,99.95,25.009999999999998,5
2026-04-13 23:30:00+00:00,68.66666666666667,581.0,99.97,25.055,5
2026-04-13 23:35:00+00:00,82.66666666666667,542.0,99.99000000000001,25.095,5
2026-04-13 23:40:00+00:00,88.0,567.5,99.975,25.134999999999998,5
2026-04-13 23:45:00+00:00,93.0,554.5,99.86,25.175,5
2026-04-13 23:50:00+00:00,100.33333333333333,537.0,99.89,25.22,5
2026-04-13 23:55:00+00:00,103.66666666666667,565.5,99.91,25.259999999999998,5
2026-04-14 00:00:00+00:00,99.0,545.5,99.78,25.305,5
2026-04-14 00:05:00+00:00,102.33333333333333,550.0,99.73,25.35,5
2026-04-14 00:10:00+00:00,115.33333333333333,543.0,99.675,25.395,5
2026-04-14 00:15:00+00:00,94.0,555.0,99.56,25.46,5
2026-04-14 00:20:00+00:00,120.33333333333333,569.5,99.595,25.53,5
2026-04-14 00:25:00+00:00,125.33333333333333,554.0,99.46000000000001,25.59,5
2026-04-14 00:30:00+00:00,133.66666666666666,528.5,99.275,25.67,5
2026-04-14 00:35:00+00:00,129.33333333333334,553.5,99.20500000000001,25.71,5
2026-04-14 00:40:00+00:00,131.33333333333334,551.0,98.96,25.785,5
2026-04-14 00:45:00+00:00,134.33333333333334,544.0,98.89500000000001,25.845,5
2026-04-14 00:50:00+00:00,149.0,554.5,98.63,25.905,5
2026-04-14 00:55:00+00:00,127.33333333333333,552.5,98.60499999999999,25.975,5
2026-04-14 01:00:00+00:00,153.33333333333334,597.0,98.64,26.035,5
2026-04-14 01:05:00+00:00,155.66666666666666,549.0,98.34,26.11,5
2026-04-14 01:10:00+00:00,150.33333333333334,570.0,98.425,26.185,5
2026-04-14 01:15:00+00:00,139.66666666666666,538.0,98.225,26.265,5
2026-04-14 01:20:00+00:00,151.0,542.0,98.08000000000001,26.369999999999997,5
2026-04-14 01:25:00+00:00,148.0,540.5,97.25,26.450000000000003,5
2026-04-14 01:30:00+00:00,156.66666666666666,568.0,96.85,26.535,5
2026-04-14 01:35:00+00:00,163.66666666666666,548.0,96.815,26.625,5
2026-04-14 01:40:00+00:00,169.33333333333334,552.0,96.08500000000001,26.700000000000003,5
2026-04-14 01:45:00+00:00,148.66666666666666,560.0,95.56,26.770000000000003,5
2026-04-14 01:50:00+00:00,174.66666666666666,545.5,95.285,26.845,5
2026-04-14 01:55:00+00:00,181.0,533.5,94.355,26.91,5
2026-04-14 02:00:00+00:00,144.0,530.0,93.25,27.0,5
2026-04-14 02:05:00+00:00,159.0,536.5,93.195,27.060000000000002,5
2026-04-14 02:10:00+00:00,204.5,536.0,92.97999999999999,27.13,5
2026-04-14 02:15:00+00:00,161.0,550.0,91.81,27.22,5
2026-04-14 02:20:00+00:00,258.5,586.5,92.36,27.295,5
2026-04-14 02:25:00+00:00,174.66666666666666,518.5,91.58500000000001,27.38,5
2026-04-14 02:30:00+00:00,165.66666666666666,552.5,91.65,27.47,5
2026-04-14 02:35:00+00:00,166.66666666666666,504.5,91.005,27.564999999999998,5
2026-04-14 02:40:00+00:00,183.0,553.0,90.245,27.67,5
2026-04-14 02:45:00+00:00,187.66666666666666,541.5,89.55000000000001,27.759999999999998,5
2026-04-14 02:50:00+00:00,169.33333333333334,513.5,89.13499999999999,27.869999999999997,5
2026-04-14 02:55:00+00:00,172.33333333333334,548.0,88.465,27.98,5
2026-04-14 03:00:00+00:00,191.0,571.0,88.67500000000001,28.1,5
2026-04-14 03:05:00+00:00,195.33333333333334,544.0,88.38499999999999,28.189999999999998,5
2026-04-14 03:10:00+00:00,183.0,516.5,87.845,28.27,5
2026-04-14 03:15:00+00:00,244.5,570.0,87.83,28.34,5
2026-04-14 03:20:00+00:00,196.66666666666666,526.0,86.91499999999999,28.43,5
2026-04-14 03:25:00+00:00,223.0,593.0,87.18,28.535,5
2026-04-14 03:30:00+00:00,211.0,535.0,86.27000000000001,28.595,5
2026-04-14 03:35:00+00:00,191.66666666666666,536.0,85.74000000000001,28.625,5
2026-04-14 03:40:00+00:00,178.33333333333334,560.5,85.75,28.634999999999998,5
2026-04-14 03:45:00+00:00,175.66666666666666,524.5,85.82,28.645,5
2026-04-14 03:50:00+00:00,170.0,535.5,85.59,28.665,5
2026-04-14 03:55:00+00:00,187.0,534.0,86.07,28.685,5
2026-04-14 04:00:00+00:00,181.33333333333334,522.0,85.63499999999999,28.705,5
2026-04-14 04:05:00+00:00,172.0,493.5,86.405,28.75,5
2026-04-14 04:10:00+00:00,193.66666666666666,531.0,86.595,28.810000000000002,5
2026-04-14 04:15:00+00:00,184.0,514.0,86.525,28.885,5
2026-04-14 04:20:00+00:00,178.0,490.5,86.35,28.985,5
2026-04-14 04:25:00+00:00,194.33333333333334,499.0,85.97,29.095,5
2026-04-14 04:30:00+00:00,199.33333333333334,503.5,85.61500000000001,29.2,5
2026-04-14 04:35:00+00:00,204.33333333333334,486.0,85.535,29.335,5
2026-04-14 04:40:00+00:00,204.66666666666666,496.0,84.6,29.5,5
2026-04-14 04:45:00+00:00,226.0,500.0,85.485,29.64,5
2026-04-14 04:50:00+00:00,224.33333333333334,526.5,84.25,29.8,5
2026-04-14 04:55:00+00:00,227.66666666666666,493.5,84.505,29.92,5
2026-04-14 05:00:00+00:00,224.0,484.5,83.04499999999999,30.064999999999998,5
2026-04-14 05:05:00+00:00,232.33333333333334,504.5,83.245,30.18,5
2026-04-14 05:10:00+00:00,224.33333333333334,496.0,81.995,30.285,5
2026-04-14 05:15:00+00:00,241.66666666666666,516.0,81.84,30.4,5
2026-04-14 05:20:00+00:00,243.66666666666666,523.0,81.41,30.5,5
2026-04-14 05:25:00+00:00,244.33333333333334,492.5,80.565,30.575,5
2026-04-14 05:30:00+00:00,233.33333333333334,509.5,80.36,30.65,5
2026-04-14 05:35:00+00:00,229.0,509.0,80.55000000000001,30.72,5
2026-04-14 05:40:00+00:00,244.33333333333334,489.0,79.995,30.795,5
2026-04-14 05:45:00+00:00,241.33333333333334,517.5,79.63499999999999,30.855,5
2026-04-14 05:50:00+00:00,239.0,502.5,80.16,30.92,5
2026-04-14 05:55:00+00:00,251.66666666666666,487.5,80.885,30.994999999999997,5
2026-04-14 06:00:00+00:00,248.33333333333331,488.25,81.1525,31.034999999999997,0
2026-04-14 06:05:00+00:00,245.0,489.0,81.42,31.075,5
2026-04-14 06:10:00+00:00,241.33333333333334,489.5,79.655,31.14,5
2026-04-14 06:15:00+00:00,255.0,496.0,79.805,31.185000000000002,5
2026-04-14 06:20:00+00:00,245.33333333333334,491.0,77.95,31.225,5
2026-04-14 06:25:00+00:00,268.0,490.0,78.66499999999999,31.265,5
2026-04-14 06:30:00+00:00,272.0,491.0,79.35,31.325,5
2026-04-14 06:35:00+00:00,270.3333333333333,483.0,80.61500000000001,31.41,5
2026-04-14 06:40:00+00:00,281.6666666666667,485.5,80.345,31.485,5
2026-04-14 06:45:00+00:00,262.6666666666667,497.5,78.105,31.520000000000003,5
2026-04-14 06:50:00+00:00,286.0,484.0,79.285,31.564999999999998,5
2026-04-14 06:55:00+00:00,268.6666666666667,459.0,78.87,31.61,5
2026-04-14 07:00:00+00:00,257.0,483.0,79.765,31.66,5
2026-04-14 07:05:00+00:00,267.3333333333333,482.0,79.795,31.705,5
2026-04-14 07:10:00+00:00,266.3333333333333,476.5,79.41499999999999,31.759999999999998,5
2026-04-14 07:15:00+00:00,277.0,481.5,79.82499999999999,31.805,5
2026-04-14 07:20:00+00:00,269.3333333333333,479.0,78.83500000000001,31.814999999999998,5
2026-04-14 07:25:00+00:00,258.6666666666667,486.5,78.675,31.810000000000002,5
2026-04-14 07:30:00+00:00,258.3333333333333,474.5,79.045,31.8,5
2026-04-14 07:35:00+00:00,254.66666666666666,477.5,79.2,31.770000000000003,5
2026-04-14 07:40:00+00:00,251.0,472.5,78.81,31.735,5
2026-04-14 07:45:00+00:00,264.0,480.0,78.25,31.67,5
2026-04-14 07:50:00+00:00,254.66666666666666,489.5,79.375,31.605,5
2026-04-14 07:55:00+00:00,266.6666666666667,473.0,79.89,31.545,5
2026-04-14 08:00:00+00:00,241.0,485.0,79.86,31.47,4
2026-04-14 08:05:00+00:00,242.5,498.0,79.94,31.39,4
2026-04-14 08:10:00+00:00,235.5,502.0,80.21,31.26,4
2026-04-14 08:15:00+00:00,244.0,466.0,80.38,31.15,4
2026-04-14 08:20:00+00:00,224.5,463.5,80.35499999999999,31.045,4
2026-04-14 08:25:00+00:00,219.0,489.0,81.1,30.9,3
2026-04-14 08:30:00+00:00,217.0,498.0,81.19,30.8,3
2026-04-14 08:35:00+00:00,217.0,498.0,81.19,30.8,2
2026-04-14 08:40:00+00:00,217.0,498.0,81.19,30.8,2
2026-04-14 08:45:00+00:00,217.0,498.0,81.19,30.8,2
2026-04-14 08:50:00+00:00,217.0,498.0,81.19,30.8,2
2026-04-14 08:55:00+00:00,217.0,498.0,81.19,30.8,1
2026-04-14 09:00:00+00:00,217.0,498.0,81.19,30.8,1
2026-04-14 09:05:00+00:00,217.0,498.0,81.19,30.8,1
2026-04-14 09:10:00+00:00,217.0,498.0,81.19,30.8,1
2026-04-14 09:15:00+00:00,217.0,498.0,81.19,30.8,1
2026-04-14 09:20:00+00:00,217.0,498.0,81.19,30.8,1
2026-04-14 09:25:00+00:00,217.0,498.0,81.19,30.8,1
